image,timestamp_start_fixation,timestamp_end_fixation,x_position,y_position,angular_resolution_x_pixels_per_degree,angular_resolution_y_pixels_per_degree,window_width,window_level,xmin_shown_from_image,ymin_shown_from_image,xmax_shown_from_image,ymax_shown_from_image,xmin_in_screen_coordinates,ymin_in_screen_coordinates,xmax_in_screen_coordinates,ymax_in_screen_coordinates
53ba5a31-2d6bda0a-abb7ad77-065a0f20-b4fa6b44,0.275,0.486,1404,1081,27,27,1.0,0.5,0,0,3000,2498,623,0,3217,2160
53ba5a31-2d6bda0a-abb7ad77-065a0f20-b4fa6b44,0.528,0.64,1489,1260,27,27,1.0,0.5,0,0,3000,2498,623,0,3217,2160
53ba5a31-2d6bda0a-abb7ad77-065a0f20-b4fa6b44,1.239,1.364,2351,1006,27,27,1.0,0.5,0,0,3000,2498,623,0,3217,2160
53ba5a31-2d6bda0a-abb7ad77-065a0f20-b4fa6b44,1.532,1.671,1921,881,27,27,1.0,0.5,0,0,3000,2498,623,0,3217,2160
53ba5a31-2d6bda0a-abb7ad77-065a0f20-b4fa6b44,1.781,1.963,2102,1057,27,27,1.0,0.5,0,0,3000,2498,623,0,3217,2160
53ba5a31-2d6bda0a-abb7ad77-065a0f20-b4fa6b44,2.895,3.02,1197,1788,27,27,1.0,0.5,0,0,3000,2498,623,0,3217,2160
53ba5a31-2d6bda0a-abb7ad77-065a0f20-b4fa6b44,3.035,3.174,1146,1818,27,27,1.0,0.5,0,0,3000,2498,623,0,3217,2160
53ba5a31-2d6bda0a-abb7ad77-065a0f20-b4fa6b44,3.411,3.513,890,1411,27,27,1.0,0.5,0,0,3000,2498,623,0,3217,2160
53ba5a31-2d6bda0a-abb7ad77-065a0f20-b4fa6b44,3.634,3.926,545,1923,27,27,1.0,0.5,0,0,3000,2498,623,0,3217,2160
53ba5a31-2d6bda0a-abb7ad77-065a0f20-b4fa6b44,4.274,4.427,525,1632,27,27,1.0,0.5,0,0,3000,2498,623,0,3217,2160
53ba5a31-2d6bda0a-abb7ad77-065a0f20-b4fa6b44,4.441,4.552,483,1612,27,27,1.0,0.5,0,0,3000,2498,623,0,3217,2160
53ba5a31-2d6bda0a-abb7ad77-065a0f20-b4fa6b44,4.622,4.733,548,1628,27,27,1.0,0.5,0,0,3000,2498,623,0,3217,2160
53ba5a31-2d6bda0a-abb7ad77-065a0f20-b4fa6b44,4.878,5.011,570,1370,27,27,1.0,0.5,0,0,3000,2498,623,0,3217,2160
53ba5a31-2d6bda0a-abb7ad77-065a0f20-b4fa6b44,5.347,5.46,2137,1407,27,27,1.0,0.5,0,0,3000,2498,623,0,3217,2160
53ba5a31-2d6bda0a-abb7ad77-065a0f20-b4fa6b44,5.637,5.849,2324,1446,27,27,1.0,0.5,0,0,3000,2498,623,0,3217,2160
53ba5a31-2d6bda0a-abb7ad77-065a0f20-b4fa6b44,6.071,6.18,1125,1450,27,27,1.0,0.5,0,0,3000,2498,623,0,3217,2160
53ba5a31-2d6bda0a-abb7ad77-065a0f20-b4fa6b44,6.556,6.668,553,1427,27,27,1.0,0.5,0,0,3000,2498,623,0,3217,2160
53ba5a31-2d6bda0a-abb7ad77-065a0f20-b4fa6b44,6.683,6.793,571,1386,27,27,1.0,0.5,0,0,3000,2498,623,0,3217,2160
53ba5a31-2d6bda0a-abb7ad77-065a0f20-b4fa6b44,7.324,7.571,464,1412,27,27,1.0,0.5,0,0,3000,2498,623,0,3217,2160
53ba5a31-2d6bda0a-abb7ad77-065a0f20-b4fa6b44,8.017,8.129,1443,1498,27,27,1.0,0.5,0,0,3000,2498,623,0,3217,2160
53ba5a31-2d6bda0a-abb7ad77-065a0f20-b4fa6b44,8.226,8.337,738,1635,27,27,1.0,0.5,0,0,3000,2498,623,0,3217,2160
53ba5a31-2d6bda0a-abb7ad77-065a0f20-b4fa6b44,8.406,8.573,715,1539,27,27,1.0,0.5,0,0,3000,2498,623,0,3217,2160
53ba5a31-2d6bda0a-abb7ad77-065a0f20-b4fa6b44,8.644,8.754,1132,1174,27,27,1.0,0.5,0,0,3000,2498,623,0,3217,2160
53ba5a31-2d6bda0a-abb7ad77-065a0f20-b4fa6b44,8.769,8.894,1154,1171,27,27,1.0,0.5,0,0,3000,2498,623,0,3217,2160
53ba5a31-2d6bda0a-abb7ad77-065a0f20-b4fa6b44,8.936,9.159,994,1469,27,27,1.0,0.5,0,0,3000,2498,623,0,3217,2160
53ba5a31-2d6bda0a-abb7ad77-065a0f20-b4fa6b44,9.176,9.302,1001,1487,27,27,1.0,0.5,0,0,3000,2498,623,0,3217,2160
53ba5a31-2d6bda0a-abb7ad77-065a0f20-b4fa6b44,9.353,9.465,446,1668,27,27,1.0,0.5,0,0,3000,2498,623,0,3217,2160
53ba5a31-2d6bda0a-abb7ad77-065a0f20-b4fa6b44,9.69,9.799,518,1564,27,27,1.0,0.5,0,0,3000,2498,623,0,3217,2160
53ba5a31-2d6bda0a-abb7ad77-065a0f20-b4fa6b44,9.994,10.146,943,1372,27,27,1.0,0.5,0,0,3000,2498,623,0,3217,2160
53ba5a31-2d6bda0a-abb7ad77-065a0f20-b4fa6b44,10.48,10.594,657,1123,27,27,1.0,0.5,0,0,3000,2498,623,0,3217,2160
53ba5a31-2d6bda0a-abb7ad77-065a0f20-b4fa6b44,10.718,11.513,390,1281,27,27,1.0,0.5,0,0,3000,2498,623,0,3217,2160
53ba5a31-2d6bda0a-abb7ad77-065a0f20-b4fa6b44,11.556,11.806,432,1585,27,27,1.0,0.5,0,0,3000,2498,623,0,3217,2160
53ba5a31-2d6bda0a-abb7ad77-065a0f20-b4fa6b44,11.874,12.113,629,1605,27,27,1.0,0.5,0,0,3000,2498,623,0,3217,2160
53ba5a31-2d6bda0a-abb7ad77-065a0f20-b4fa6b44,13.0,13.196,449,1586,27,27,1.0,0.5,0,0,3000,2498,623,0,3217,2160
53ba5a31-2d6bda0a-abb7ad77-065a0f20-b4fa6b44,13.308,13.432,539,1583,27,27,1.0,0.5,0,0,3000,2498,623,0,3217,2160
53ba5a31-2d6bda0a-abb7ad77-065a0f20-b4fa6b44,13.529,13.696,1128,1360,27,27,1.0,0.5,0,0,3000,2498,623,0,3217,2160
53ba5a31-2d6bda0a-abb7ad77-065a0f20-b4fa6b44,13.766,14.517,434,1498,27,27,1.0,0.5,0,0,3000,2498,623,0,3217,2160
53ba5a31-2d6bda0a-abb7ad77-065a0f20-b4fa6b44,14.532,14.865,428,1586,27,27,1.0,0.5,0,0,3000,2498,623,0,3217,2160
53ba5a31-2d6bda0a-abb7ad77-065a0f20-b4fa6b44,15.047,15.227,495,1602,27,27,1.0,0.5,0,0,3000,2498,623,0,3217,2160
53ba5a31-2d6bda0a-abb7ad77-065a0f20-b4fa6b44,15.241,15.354,508,1632,27,27,1.0,0.5,0,0,3000,2498,623,0,3217,2160
53ba5a31-2d6bda0a-abb7ad77-065a0f20-b4fa6b44,15.367,15.508,469,1636,27,27,1.0,0.5,0,0,3000,2498,623,0,3217,2160
53ba5a31-2d6bda0a-abb7ad77-065a0f20-b4fa6b44,15.519,16.035,433,1629,27,27,1.0,0.5,0,0,3000,2498,623,0,3217,2160
53ba5a31-2d6bda0a-abb7ad77-065a0f20-b4fa6b44,16.047,16.173,516,1621,27,27,1.0,0.5,0,0,3000,2498,623,0,3217,2160
53ba5a31-2d6bda0a-abb7ad77-065a0f20-b4fa6b44,16.312,16.535,671,1899,27,27,1.0,0.5,0,0,3000,2498,623,0,3217,2160
53ba5a31-2d6bda0a-abb7ad77-065a0f20-b4fa6b44,16.549,16.687,671,1863,27,27,1.0,0.5,0,0,3000,2498,623,0,3217,2160
53ba5a31-2d6bda0a-abb7ad77-065a0f20-b4fa6b44,16.816,17.021,683,1694,27,27,1.0,0.5,0,0,3000,2498,623,0,3217,2160
53ba5a31-2d6bda0a-abb7ad77-065a0f20-b4fa6b44,17.077,17.287,529,1899,27,27,1.0,0.5,0,0,3000,2498,623,0,3217,2160
53ba5a31-2d6bda0a-abb7ad77-065a0f20-b4fa6b44,17.301,17.469,565,1898,27,27,1.0,0.5,0,0,3000,2498,623,0,3217,2160
53ba5a31-2d6bda0a-abb7ad77-065a0f20-b4fa6b44,17.482,17.623,522,1879,27,27,1.0,0.5,0,0,3000,2498,623,0,3217,2160
53ba5a31-2d6bda0a-abb7ad77-065a0f20-b4fa6b44,17.636,17.87,450,1648,27,27,1.0,0.5,0,0,3000,2498,623,0,3217,2160
53ba5a31-2d6bda0a-abb7ad77-065a0f20-b4fa6b44,17.912,18.177,621,1778,27,27,1.0,0.5,0,0,3000,2498,623,0,3217,2160
53ba5a31-2d6bda0a-abb7ad77-065a0f20-b4fa6b44,18.204,18.456,694,1804,27,27,1.0,0.5,0,0,3000,2498,623,0,3217,2160
53ba5a31-2d6bda0a-abb7ad77-065a0f20-b4fa6b44,18.472,18.694,654,1930,27,27,1.0,0.5,0,0,3000,2498,623,0,3217,2160
53ba5a31-2d6bda0a-abb7ad77-065a0f20-b4fa6b44,18.707,18.831,668,1929,27,27,1.0,0.5,0,0,3000,2498,623,0,3217,2160
53ba5a31-2d6bda0a-abb7ad77-065a0f20-b4fa6b44,18.9,19.277,496,1970,27,27,1.0,0.5,0,0,3000,2498,623,0,3217,2160
53ba5a31-2d6bda0a-abb7ad77-065a0f20-b4fa6b44,19.32,19.654,635,1754,27,27,1.0,0.5,0,0,3000,2498,623,0,3217,2160
53ba5a31-2d6bda0a-abb7ad77-065a0f20-b4fa6b44,19.708,19.889,671,1961,27,27,1.0,0.5,0,0,3000,2498,623,0,3217,2160
53ba5a31-2d6bda0a-abb7ad77-065a0f20-b4fa6b44,19.917,20.057,939,1925,27,27,1.0,0.5,0,0,3000,2498,623,0,3217,2160
53ba5a31-2d6bda0a-abb7ad77-065a0f20-b4fa6b44,20.21,20.349,1344,1811,27,27,1.0,0.5,0,0,3000,2498,623,0,3217,2160
53ba5a31-2d6bda0a-abb7ad77-065a0f20-b4fa6b44,20.376,20.501,1449,1739,27,27,1.0,0.5,0,0,3000,2498,623,0,3217,2160
53ba5a31-2d6bda0a-abb7ad77-065a0f20-b4fa6b44,20.71,20.961,1748,1735,27,27,1.0,0.5,0,0,3000,2498,623,0,3217,2160
53ba5a31-2d6bda0a-abb7ad77-065a0f20-b4fa6b44,21.086,21.197,2014,1812,27,27,1.0,0.5,0,0,3000,2498,623,0,3217,2160
53ba5a31-2d6bda0a-abb7ad77-065a0f20-b4fa6b44,21.421,21.532,2303,1986,27,27,1.0,0.5,0,0,3000,2498,623,0,3217,2160
53ba5a31-2d6bda0a-abb7ad77-065a0f20-b4fa6b44,21.629,21.784,2619,2003,27,27,1.0,0.5,0,0,3000,2498,623,0,3217,2160
53ba5a31-2d6bda0a-abb7ad77-065a0f20-b4fa6b44,21.826,21.95,2513,1933,27,27,1.0,0.5,0,0,3000,2498,623,0,3217,2160
53ba5a31-2d6bda0a-abb7ad77-065a0f20-b4fa6b44,21.963,22.228,2467,1932,27,27,1.0,0.5,0,0,3000,2498,623,0,3217,2160
53ba5a31-2d6bda0a-abb7ad77-065a0f20-b4fa6b44,22.311,22.548,2469,1890,27,27,1.0,0.5,0,0,3000,2498,623,0,3217,2160
53ba5a31-2d6bda0a-abb7ad77-065a0f20-b4fa6b44,22.563,22.743,2528,1928,27,27,1.0,0.5,0,0,3000,2498,623,0,3217,2160
53ba5a31-2d6bda0a-abb7ad77-065a0f20-b4fa6b44,22.756,22.896,2561,1923,27,27,1.0,0.5,0,0,3000,2498,623,0,3217,2160
53ba5a31-2d6bda0a-abb7ad77-065a0f20-b4fa6b44,22.924,23.05,2540,1901,27,27,1.0,0.5,0,0,3000,2498,623,0,3217,2160
53ba5a31-2d6bda0a-abb7ad77-065a0f20-b4fa6b44,23.16,23.746,2708,2015,27,27,1.0,0.5,0,0,3000,2498,623,0,3217,2160
53ba5a31-2d6bda0a-abb7ad77-065a0f20-b4fa6b44,23.759,23.928,2672,1759,27,27,1.0,0.5,0,0,3000,2498,623,0,3217,2160
53ba5a31-2d6bda0a-abb7ad77-065a0f20-b4fa6b44,23.954,24.079,2355,1563,27,27,1.0,0.5,0,0,3000,2498,623,0,3217,2160
53ba5a31-2d6bda0a-abb7ad77-065a0f20-b4fa6b44,24.093,24.22,2333,1556,27,27,1.0,0.5,0,0,3000,2498,623,0,3217,2160
53ba5a31-2d6bda0a-abb7ad77-065a0f20-b4fa6b44,24.469,24.58,1468,1998,27,27,1.0,0.5,0,0,3000,2498,623,0,3217,2160
53ba5a31-2d6bda0a-abb7ad77-065a0f20-b4fa6b44,24.761,24.886,1123,2067,27,27,1.0,0.5,0,0,3000,2498,623,0,3217,2160
53ba5a31-2d6bda0a-abb7ad77-065a0f20-b4fa6b44,24.93,25.083,1133,2095,27,27,1.0,0.5,0,0,3000,2498,623,0,3217,2160
53ba5a31-2d6bda0a-abb7ad77-065a0f20-b4fa6b44,25.415,25.529,848,1590,27,27,1.0,0.5,0,0,3000,2498,623,0,3217,2160
53ba5a31-2d6bda0a-abb7ad77-065a0f20-b4fa6b44,25.805,25.932,1353,2197,27,27,1.0,0.5,0,0,3000,2498,623,0,3217,2160
53ba5a31-2d6bda0a-abb7ad77-065a0f20-b4fa6b44,26.142,26.738,1189,1958,27,27,1.0,0.5,0,0,3000,2498,623,0,3217,2160
53ba5a31-2d6bda0a-abb7ad77-065a0f20-b4fa6b44,26.752,26.947,1232,1964,27,27,1.0,0.5,0,0,3000,2498,623,0,3217,2160
53ba5a31-2d6bda0a-abb7ad77-065a0f20-b4fa6b44,26.989,27.198,1034,1703,27,27,1.0,0.5,0,0,3000,2498,623,0,3217,2160
53ba5a31-2d6bda0a-abb7ad77-065a0f20-b4fa6b44,27.268,27.546,1186,1820,27,27,1.0,0.5,0,0,3000,2498,623,0,3217,2160
53ba5a31-2d6bda0a-abb7ad77-065a0f20-b4fa6b44,27.559,27.7,1209,1855,27,27,1.0,0.5,0,0,3000,2498,623,0,3217,2160
53ba5a31-2d6bda0a-abb7ad77-065a0f20-b4fa6b44,27.714,28.034,1212,1917,27,27,1.0,0.5,0,0,3000,2498,623,0,3217,2160
53ba5a31-2d6bda0a-abb7ad77-065a0f20-b4fa6b44,28.061,28.2,1005,1732,27,27,1.0,0.5,0,0,3000,2498,623,0,3217,2160
53ba5a31-2d6bda0a-abb7ad77-065a0f20-b4fa6b44,28.213,28.353,1000,1709,27,27,1.0,0.5,0,0,3000,2498,623,0,3217,2160
53ba5a31-2d6bda0a-abb7ad77-065a0f20-b4fa6b44,28.437,28.548,974,1553,27,27,1.0,0.5,0,0,3000,2498,623,0,3217,2160
53ba5a31-2d6bda0a-abb7ad77-065a0f20-b4fa6b44,28.562,28.717,967,1586,27,27,1.0,0.5,0,0,3000,2498,623,0,3217,2160
53ba5a31-2d6bda0a-abb7ad77-065a0f20-b4fa6b44,28.745,28.953,945,1321,27,27,1.0,0.5,0,0,3000,2498,623,0,3217,2160
53ba5a31-2d6bda0a-abb7ad77-065a0f20-b4fa6b44,28.966,29.091,942,1288,27,27,1.0,0.5,0,0,3000,2498,623,0,3217,2160
53ba5a31-2d6bda0a-abb7ad77-065a0f20-b4fa6b44,29.118,29.551,877,1161,27,27,1.0,0.5,0,0,3000,2498,623,0,3217,2160
53ba5a31-2d6bda0a-abb7ad77-065a0f20-b4fa6b44,29.746,29.884,779,941,27,27,1.0,0.5,0,0,3000,2498,623,0,3217,2160
53ba5a31-2d6bda0a-abb7ad77-065a0f20-b4fa6b44,29.898,30.066,761,938,27,27,1.0,0.5,0,0,3000,2498,623,0,3217,2160
53ba5a31-2d6bda0a-abb7ad77-065a0f20-b4fa6b44,30.107,30.33,644,827,27,27,1.0,0.5,0,0,3000,2498,623,0,3217,2160
53ba5a31-2d6bda0a-abb7ad77-065a0f20-b4fa6b44,30.442,30.652,706,736,27,27,1.0,0.5,0,0,3000,2498,623,0,3217,2160
53ba5a31-2d6bda0a-abb7ad77-065a0f20-b4fa6b44,30.789,30.903,1093,1962,27,27,1.0,0.5,0,0,3000,2498,623,0,3217,2160
53ba5a31-2d6bda0a-abb7ad77-065a0f20-b4fa6b44,30.916,31.04,1138,2086,27,27,1.0,0.5,0,0,3000,2498,623,0,3217,2160
53ba5a31-2d6bda0a-abb7ad77-065a0f20-b4fa6b44,31.444,31.694,1258,2047,27,27,1.0,0.5,0,0,3000,2498,623,0,3217,2160
53ba5a31-2d6bda0a-abb7ad77-065a0f20-b4fa6b44,31.778,31.917,1234,1914,27,27,1.0,0.5,0,0,3000,2498,623,0,3217,2160
53ba5a31-2d6bda0a-abb7ad77-065a0f20-b4fa6b44,32.043,32.154,1184,1953,27,27,1.0,0.5,0,0,3000,2498,623,0,3217,2160
53ba5a31-2d6bda0a-abb7ad77-065a0f20-b4fa6b44,32.237,32.391,1235,2061,27,27,1.0,0.5,0,0,3000,2498,623,0,3217,2160
53ba5a31-2d6bda0a-abb7ad77-065a0f20-b4fa6b44,32.488,32.641,1329,2146,27,27,1.0,0.5,0,0,3000,2498,623,0,3217,2160
53ba5a31-2d6bda0a-abb7ad77-065a0f20-b4fa6b44,32.683,32.795,1318,2075,27,27,1.0,0.5,0,0,3000,2498,623,0,3217,2160
53ba5a31-2d6bda0a-abb7ad77-065a0f20-b4fa6b44,32.906,33.018,1192,1973,27,27,1.0,0.5,0,0,3000,2498,623,0,3217,2160
53ba5a31-2d6bda0a-abb7ad77-065a0f20-b4fa6b44,33.06,33.227,1066,1886,27,27,1.0,0.5,0,0,3000,2498,623,0,3217,2160
53ba5a31-2d6bda0a-abb7ad77-065a0f20-b4fa6b44,33.241,33.366,1059,1878,27,27,1.0,0.5,0,0,3000,2498,623,0,3217,2160
53ba5a31-2d6bda0a-abb7ad77-065a0f20-b4fa6b44,33.379,33.63,1139,1721,27,27,1.0,0.5,0,0,3000,2498,623,0,3217,2160
53ba5a31-2d6bda0a-abb7ad77-065a0f20-b4fa6b44,33.713,33.936,1090,1465,27,27,1.0,0.5,0,0,3000,2498,623,0,3217,2160
53ba5a31-2d6bda0a-abb7ad77-065a0f20-b4fa6b44,33.951,34.132,1069,1481,27,27,1.0,0.5,0,0,3000,2498,623,0,3217,2160
53ba5a31-2d6bda0a-abb7ad77-065a0f20-b4fa6b44,34.173,34.409,1022,1310,27,27,1.0,0.5,0,0,3000,2498,623,0,3217,2160
53ba5a31-2d6bda0a-abb7ad77-065a0f20-b4fa6b44,34.465,34.688,908,933,27,27,1.0,0.5,0,0,3000,2498,623,0,3217,2160
53ba5a31-2d6bda0a-abb7ad77-065a0f20-b4fa6b44,34.785,34.938,849,1001,27,27,1.0,0.5,0,0,3000,2498,623,0,3217,2160
53ba5a31-2d6bda0a-abb7ad77-065a0f20-b4fa6b44,34.952,35.175,842,977,27,27,1.0,0.5,0,0,3000,2498,623,0,3217,2160
53ba5a31-2d6bda0a-abb7ad77-065a0f20-b4fa6b44,35.203,35.328,991,835,27,27,1.0,0.5,0,0,3000,2498,623,0,3217,2160
53ba5a31-2d6bda0a-abb7ad77-065a0f20-b4fa6b44,35.439,35.607,1405,1191,27,27,1.0,0.5,0,0,3000,2498,623,0,3217,2160
53ba5a31-2d6bda0a-abb7ad77-065a0f20-b4fa6b44,35.968,36.094,1948,2162,27,27,1.0,0.5,0,0,3000,2498,623,0,3217,2160
53ba5a31-2d6bda0a-abb7ad77-065a0f20-b4fa6b44,36.358,36.469,2189,2145,27,27,1.0,0.5,0,0,3000,2498,623,0,3217,2160
53ba5a31-2d6bda0a-abb7ad77-065a0f20-b4fa6b44,36.528,36.678,2136,2077,27,27,1.0,0.5,0,0,3000,2498,623,0,3217,2160
53ba5a31-2d6bda0a-abb7ad77-065a0f20-b4fa6b44,36.734,36.887,2045,2134,27,27,1.0,0.5,0,0,3000,2498,623,0,3217,2160
53ba5a31-2d6bda0a-abb7ad77-065a0f20-b4fa6b44,37.04,37.222,2173,1480,27,27,1.0,0.5,0,0,3000,2498,623,0,3217,2160
53ba5a31-2d6bda0a-abb7ad77-065a0f20-b4fa6b44,37.319,37.57,2181,1184,27,27,1.0,0.5,0,0,3000,2498,623,0,3217,2160
53ba5a31-2d6bda0a-abb7ad77-065a0f20-b4fa6b44,37.736,37.932,2060,2008,27,27,1.0,0.5,0,0,3000,2498,623,0,3217,2160
53ba5a31-2d6bda0a-abb7ad77-065a0f20-b4fa6b44,37.973,38.112,1987,2037,27,27,1.0,0.5,0,0,3000,2498,623,0,3217,2160
53ba5a31-2d6bda0a-abb7ad77-065a0f20-b4fa6b44,38.265,38.516,2121,1986,27,27,1.0,0.5,0,0,3000,2498,623,0,3217,2160
53ba5a31-2d6bda0a-abb7ad77-065a0f20-b4fa6b44,38.544,38.85,2177,1872,27,27,1.0,0.5,0,0,3000,2498,623,0,3217,2160
53ba5a31-2d6bda0a-abb7ad77-065a0f20-b4fa6b44,38.878,39.088,2089,1871,27,27,1.0,0.5,0,0,3000,2498,623,0,3217,2160
53ba5a31-2d6bda0a-abb7ad77-065a0f20-b4fa6b44,39.101,39.311,2018,1926,27,27,1.0,0.5,0,0,3000,2498,623,0,3217,2160
53ba5a31-2d6bda0a-abb7ad77-065a0f20-b4fa6b44,39.324,39.435,2104,1877,27,27,1.0,0.5,0,0,3000,2498,623,0,3217,2160
53ba5a31-2d6bda0a-abb7ad77-065a0f20-b4fa6b44,39.532,39.686,2232,1703,27,27,1.0,0.5,0,0,3000,2498,623,0,3217,2160
53ba5a31-2d6bda0a-abb7ad77-065a0f20-b4fa6b44,39.992,40.173,2176,1918,27,27,1.0,0.5,0,0,3000,2498,623,0,3217,2160
53ba5a31-2d6bda0a-abb7ad77-065a0f20-b4fa6b44,40.187,40.535,2188,1891,27,27,1.0,0.5,0,0,3000,2498,623,0,3217,2160
53ba5a31-2d6bda0a-abb7ad77-065a0f20-b4fa6b44,40.563,40.869,2221,1676,27,27,1.0,0.5,0,0,3000,2498,623,0,3217,2160
53ba5a31-2d6bda0a-abb7ad77-065a0f20-b4fa6b44,40.939,41.064,2259,1688,27,27,1.0,0.5,0,0,3000,2498,623,0,3217,2160
53ba5a31-2d6bda0a-abb7ad77-065a0f20-b4fa6b44,41.078,41.259,2268,1685,27,27,1.0,0.5,0,0,3000,2498,623,0,3217,2160
53ba5a31-2d6bda0a-abb7ad77-065a0f20-b4fa6b44,41.273,41.468,2219,1618,27,27,1.0,0.5,0,0,3000,2498,623,0,3217,2160
53ba5a31-2d6bda0a-abb7ad77-065a0f20-b4fa6b44,41.594,41.704,2201,1440,27,27,1.0,0.5,0,0,3000,2498,623,0,3217,2160
53ba5a31-2d6bda0a-abb7ad77-065a0f20-b4fa6b44,41.732,42.122,2221,1288,27,27,1.0,0.5,0,0,3000,2498,623,0,3217,2160
53ba5a31-2d6bda0a-abb7ad77-065a0f20-b4fa6b44,42.443,42.61,2103,2119,27,27,1.0,0.5,0,0,3000,2498,623,0,3217,2160
53ba5a31-2d6bda0a-abb7ad77-065a0f20-b4fa6b44,42.735,42.902,2216,2054,27,27,1.0,0.5,0,0,3000,2498,623,0,3217,2160
53ba5a31-2d6bda0a-abb7ad77-065a0f20-b4fa6b44,42.943,43.194,2305,1803,27,27,1.0,0.5,0,0,3000,2498,623,0,3217,2160
53ba5a31-2d6bda0a-abb7ad77-065a0f20-b4fa6b44,43.221,43.472,2353,1496,27,27,1.0,0.5,0,0,3000,2498,623,0,3217,2160
53ba5a31-2d6bda0a-abb7ad77-065a0f20-b4fa6b44,43.486,43.615,2240,1451,27,27,1.0,0.5,0,0,3000,2498,623,0,3217,2160
53ba5a31-2d6bda0a-abb7ad77-065a0f20-b4fa6b44,43.629,43.736,2187,1517,27,27,1.0,0.5,0,0,3000,2498,623,0,3217,2160
53ba5a31-2d6bda0a-abb7ad77-065a0f20-b4fa6b44,43.751,43.89,2207,1719,27,27,1.0,0.5,0,0,3000,2498,623,0,3217,2160
53ba5a31-2d6bda0a-abb7ad77-065a0f20-b4fa6b44,43.987,44.099,2212,1835,27,27,1.0,0.5,0,0,3000,2498,623,0,3217,2160
53ba5a31-2d6bda0a-abb7ad77-065a0f20-b4fa6b44,44.307,44.529,2067,1801,27,27,1.0,0.5,0,0,3000,2498,623,0,3217,2160
53ba5a31-2d6bda0a-abb7ad77-065a0f20-b4fa6b44,44.544,44.697,2055,1810,27,27,1.0,0.5,0,0,3000,2498,623,0,3217,2160
53ba5a31-2d6bda0a-abb7ad77-065a0f20-b4fa6b44,44.781,44.92,2206,1502,27,27,1.0,0.5,0,0,3000,2498,623,0,3217,2160
53ba5a31-2d6bda0a-abb7ad77-065a0f20-b4fa6b44,45.2,45.325,2088,1682,27,27,1.0,0.5,0,0,3000,2498,623,0,3217,2160
53ba5a31-2d6bda0a-abb7ad77-065a0f20-b4fa6b44,45.337,45.532,2103,1636,27,27,1.0,0.5,0,0,3000,2498,623,0,3217,2160
53ba5a31-2d6bda0a-abb7ad77-065a0f20-b4fa6b44,45.616,45.782,1926,1789,27,27,1.0,0.5,0,0,3000,2498,623,0,3217,2160
53ba5a31-2d6bda0a-abb7ad77-065a0f20-b4fa6b44,47.244,47.371,1935,1770,27,27,1.0,0.5,0,0,3000,2498,623,0,3217,2160
53ba5a31-2d6bda0a-abb7ad77-065a0f20-b4fa6b44,47.816,47.93,1811,1890,27,27,1.0,0.5,0,0,3000,2498,623,0,3217,2160
53ba5a31-2d6bda0a-abb7ad77-065a0f20-b4fa6b44,47.996,48.109,2128,1671,27,27,1.0,0.5,0,0,3000,2498,623,0,3217,2160
53ba5a31-2d6bda0a-abb7ad77-065a0f20-b4fa6b44,48.123,48.307,2135,1711,27,27,1.0,0.5,0,0,3000,2498,623,0,3217,2160
53ba5a31-2d6bda0a-abb7ad77-065a0f20-b4fa6b44,48.321,48.436,2142,1666,27,27,1.0,0.5,0,0,3000,2498,623,0,3217,2160
53ba5a31-2d6bda0a-abb7ad77-065a0f20-b4fa6b44,48.502,48.7,2059,1646,27,27,1.0,0.5,0,0,3000,2498,623,0,3217,2160
53ba5a31-2d6bda0a-abb7ad77-065a0f20-b4fa6b44,49.051,49.161,2034,1966,27,27,1.0,0.5,0,0,3000,2498,623,0,3217,2160
53ba5a31-2d6bda0a-abb7ad77-065a0f20-b4fa6b44,49.174,49.323,2074,2037,27,27,1.0,0.5,0,0,3000,2498,623,0,3217,2160
53ba5a31-2d6bda0a-abb7ad77-065a0f20-b4fa6b44,49.364,49.699,2121,2150,27,27,1.0,0.5,0,0,3000,2498,623,0,3217,2160
53ba5a31-2d6bda0a-abb7ad77-065a0f20-b4fa6b44,49.75,49.911,2129,1651,27,27,1.0,0.5,0,0,3000,2498,623,0,3217,2160
53ba5a31-2d6bda0a-abb7ad77-065a0f20-b4fa6b44,49.927,50.087,2161,1729,27,27,1.0,0.5,0,0,3000,2498,623,0,3217,2160
53ba5a31-2d6bda0a-abb7ad77-065a0f20-b4fa6b44,50.113,50.233,2148,1760,27,27,1.0,0.5,0,0,3000,2498,623,0,3217,2160
53ba5a31-2d6bda0a-abb7ad77-065a0f20-b4fa6b44,50.395,50.544,2269,1737,27,27,1.0,0.5,0,0,3000,2498,623,0,3217,2160
53ba5a31-2d6bda0a-abb7ad77-065a0f20-b4fa6b44,50.627,50.753,2179,1629,27,27,1.0,0.5,0,0,3000,2498,623,0,3217,2160
53ba5a31-2d6bda0a-abb7ad77-065a0f20-b4fa6b44,50.782,50.998,2277,1417,27,27,1.0,0.5,0,0,3000,2498,623,0,3217,2160
53ba5a31-2d6bda0a-abb7ad77-065a0f20-b4fa6b44,51.011,51.161,2253,1388,27,27,1.0,0.5,0,0,3000,2498,623,0,3217,2160
53ba5a31-2d6bda0a-abb7ad77-065a0f20-b4fa6b44,51.214,51.347,2231,1509,27,27,1.0,0.5,0,0,3000,2498,623,0,3217,2160
53ba5a31-2d6bda0a-abb7ad77-065a0f20-b4fa6b44,51.386,51.544,2197,1632,27,27,1.0,0.5,0,0,3000,2498,623,0,3217,2160
53ba5a31-2d6bda0a-abb7ad77-065a0f20-b4fa6b44,51.807,51.948,1907,1715,27,27,1.0,0.5,0,0,3000,2498,623,0,3217,2160
53ba5a31-2d6bda0a-abb7ad77-065a0f20-b4fa6b44,51.961,52.165,1890,1734,27,27,1.0,0.5,0,0,3000,2498,623,0,3217,2160
53ba5a31-2d6bda0a-abb7ad77-065a0f20-b4fa6b44,52.539,52.644,2037,1634,27,27,1.0,0.5,0,0,3000,2498,623,0,3217,2160
53ba5a31-2d6bda0a-abb7ad77-065a0f20-b4fa6b44,54.416,54.529,2171,1740,27,27,1.0,0.5,0,0,3000,2498,623,0,3217,2160
53ba5a31-2d6bda0a-abb7ad77-065a0f20-b4fa6b44,54.848,54.96,1801,1724,27,27,1.0,0.5,0,0,3000,2498,623,0,3217,2160
53ba5a31-2d6bda0a-abb7ad77-065a0f20-b4fa6b44,55.715,55.838,2194,1679,27,27,1.0,0.5,0,0,3000,2498,623,0,3217,2160
53ba5a31-2d6bda0a-abb7ad77-065a0f20-b4fa6b44,56.284,56.385,2179,1773,27,27,1.0,0.5,0,0,3000,2498,623,0,3217,2160
53ba5a31-2d6bda0a-abb7ad77-065a0f20-b4fa6b44,56.397,56.607,2226,1750,27,27,1.0,0.5,0,0,3000,2498,623,0,3217,2160
53ba5a31-2d6bda0a-abb7ad77-065a0f20-b4fa6b44,56.705,56.886,2351,1552,27,27,1.0,0.5,0,0,3000,2498,623,0,3217,2160
53ba5a31-2d6bda0a-abb7ad77-065a0f20-b4fa6b44,56.913,57.079,2065,1418,27,27,1.0,0.5,0,0,3000,2498,623,0,3217,2160
53ba5a31-2d6bda0a-abb7ad77-065a0f20-b4fa6b44,57.163,57.288,2102,1280,27,27,1.0,0.5,0,0,3000,2498,623,0,3217,2160
53ba5a31-2d6bda0a-abb7ad77-065a0f20-b4fa6b44,57.303,57.457,2103,1241,27,27,1.0,0.5,0,0,3000,2498,623,0,3217,2160
53ba5a31-2d6bda0a-abb7ad77-065a0f20-b4fa6b44,57.497,57.64,2314,1462,27,27,1.0,0.5,0,0,3000,2498,623,0,3217,2160
53ba5a31-2d6bda0a-abb7ad77-065a0f20-b4fa6b44,57.748,57.943,2209,1743,27,27,1.0,0.5,0,0,3000,2498,623,0,3217,2160
53ba5a31-2d6bda0a-abb7ad77-065a0f20-b4fa6b44,57.959,58.208,2181,1765,27,27,1.0,0.5,0,0,3000,2498,623,0,3217,2160
53ba5a31-2d6bda0a-abb7ad77-065a0f20-b4fa6b44,58.263,58.365,2005,1958,27,27,1.0,0.5,0,0,3000,2498,623,0,3217,2160
53ba5a31-2d6bda0a-abb7ad77-065a0f20-b4fa6b44,58.475,58.652,2099,1983,27,27,1.0,0.5,0,0,3000,2498,623,0,3217,2160
53ba5a31-2d6bda0a-abb7ad77-065a0f20-b4fa6b44,58.863,59.182,2190,1680,27,27,1.0,0.5,0,0,3000,2498,623,0,3217,2160
53ba5a31-2d6bda0a-abb7ad77-065a0f20-b4fa6b44,59.196,59.518,2164,1709,27,27,1.0,0.5,0,0,3000,2498,623,0,3217,2160
53ba5a31-2d6bda0a-abb7ad77-065a0f20-b4fa6b44,59.811,59.934,2137,1190,27,27,1.0,0.5,0,0,3000,2498,623,0,3217,2160
53ba5a31-2d6bda0a-abb7ad77-065a0f20-b4fa6b44,59.948,60.103,2221,1248,27,27,1.0,0.5,0,0,3000,2498,623,0,3217,2160
53ba5a31-2d6bda0a-abb7ad77-065a0f20-b4fa6b44,60.353,60.508,2288,1643,27,27,1.0,0.5,0,0,3000,2498,623,0,3217,2160
53ba5a31-2d6bda0a-abb7ad77-065a0f20-b4fa6b44,60.52,60.631,2253,1631,27,27,1.0,0.5,0,0,3000,2498,623,0,3217,2160
53ba5a31-2d6bda0a-abb7ad77-065a0f20-b4fa6b44,60.7,60.853,2095,1250,27,27,1.0,0.5,0,0,3000,2498,623,0,3217,2160
53ba5a31-2d6bda0a-abb7ad77-065a0f20-b4fa6b44,60.881,61.035,2143,1252,27,27,1.0,0.5,0,0,3000,2498,623,0,3217,2160
53ba5a31-2d6bda0a-abb7ad77-065a0f20-b4fa6b44,61.163,61.327,2088,1084,27,27,1.0,0.5,0,0,3000,2498,623,0,3217,2160
53ba5a31-2d6bda0a-abb7ad77-065a0f20-b4fa6b44,61.371,61.634,2319,1087,27,27,1.0,0.5,0,0,3000,2498,623,0,3217,2160
53ba5a31-2d6bda0a-abb7ad77-065a0f20-b4fa6b44,61.65,61.802,2313,1058,27,27,1.0,0.5,0,0,3000,2498,623,0,3217,2160
53ba5a31-2d6bda0a-abb7ad77-065a0f20-b4fa6b44,61.829,62.052,2128,1047,27,27,1.0,0.5,0,0,3000,2498,623,0,3217,2160
53ba5a31-2d6bda0a-abb7ad77-065a0f20-b4fa6b44,62.191,62.332,2036,774,27,27,1.0,0.5,0,0,3000,2498,623,0,3217,2160
53ba5a31-2d6bda0a-abb7ad77-065a0f20-b4fa6b44,62.344,62.468,2021,806,27,27,1.0,0.5,0,0,3000,2498,623,0,3217,2160
53ba5a31-2d6bda0a-abb7ad77-065a0f20-b4fa6b44,62.559,62.762,1948,1291,27,27,1.0,0.5,0,0,3000,2498,623,0,3217,2160
53ba5a31-2d6bda0a-abb7ad77-065a0f20-b4fa6b44,62.872,63.012,1565,1647,27,27,1.0,0.5,0,0,3000,2498,623,0,3217,2160
53ba5a31-2d6bda0a-abb7ad77-065a0f20-b4fa6b44,63.18,63.293,1062,1347,27,27,1.0,0.5,0,0,3000,2498,623,0,3217,2160
53ba5a31-2d6bda0a-abb7ad77-065a0f20-b4fa6b44,63.304,63.431,1076,1404,27,27,1.0,0.5,0,0,3000,2498,623,0,3217,2160
53ba5a31-2d6bda0a-abb7ad77-065a0f20-b4fa6b44,63.459,63.57,1044,1333,27,27,1.0,0.5,0,0,3000,2498,623,0,3217,2160
53ba5a31-2d6bda0a-abb7ad77-065a0f20-b4fa6b44,63.625,63.736,1242,1288,27,27,1.0,0.5,0,0,3000,2498,623,0,3217,2160
53ba5a31-2d6bda0a-abb7ad77-065a0f20-b4fa6b44,64.098,64.21,1802,1945,27,27,1.0,0.5,0,0,3000,2498,623,0,3217,2160
53ba5a31-2d6bda0a-abb7ad77-065a0f20-b4fa6b44,64.223,64.348,1853,1944,27,27,1.0,0.5,0,0,3000,2498,623,0,3217,2160
53ba5a31-2d6bda0a-abb7ad77-065a0f20-b4fa6b44,64.461,64.613,1839,2086,27,27,1.0,0.5,0,0,3000,2498,623,0,3217,2160
53ba5a31-2d6bda0a-abb7ad77-065a0f20-b4fa6b44,64.628,64.795,1840,2109,27,27,1.0,0.5,0,0,3000,2498,623,0,3217,2160
53ba5a31-2d6bda0a-abb7ad77-065a0f20-b4fa6b44,64.863,65.129,1850,1517,27,27,1.0,0.5,0,0,3000,2498,623,0,3217,2160
53ba5a31-2d6bda0a-abb7ad77-065a0f20-b4fa6b44,65.17,65.295,1785,1780,27,27,1.0,0.5,0,0,3000,2498,623,0,3217,2160
53ba5a31-2d6bda0a-abb7ad77-065a0f20-b4fa6b44,65.38,65.491,1866,2168,27,27,1.0,0.5,0,0,3000,2498,623,0,3217,2160
53ba5a31-2d6bda0a-abb7ad77-065a0f20-b4fa6b44,65.504,65.852,1856,2165,27,27,1.0,0.5,0,0,3000,2498,623,0,3217,2160
53ba5a31-2d6bda0a-abb7ad77-065a0f20-b4fa6b44,65.866,66.011,1797,1803,27,27,1.0,0.5,0,0,3000,2498,623,0,3217,2160
53ba5a31-2d6bda0a-abb7ad77-065a0f20-b4fa6b44,66.021,66.13,1782,1802,27,27,1.0,0.5,0,0,3000,2498,623,0,3217,2160
53ba5a31-2d6bda0a-abb7ad77-065a0f20-b4fa6b44,66.16,66.434,1753,1625,27,27,1.0,0.5,0,0,3000,2498,623,0,3217,2160
53ba5a31-2d6bda0a-abb7ad77-065a0f20-b4fa6b44,66.448,66.878,1617,1598,27,27,1.0,0.5,0,0,3000,2498,623,0,3217,2160
53ba5a31-2d6bda0a-abb7ad77-065a0f20-b4fa6b44,66.962,67.198,1531,1535,27,27,1.0,0.5,0,0,3000,2498,623,0,3217,2160
53ba5a31-2d6bda0a-abb7ad77-065a0f20-b4fa6b44,67.213,67.462,1552,1558,27,27,1.0,0.5,0,0,3000,2498,623,0,3217,2160
53ba5a31-2d6bda0a-abb7ad77-065a0f20-b4fa6b44,67.475,67.701,1647,1562,27,27,1.0,0.5,0,0,3000,2498,623,0,3217,2160
53ba5a31-2d6bda0a-abb7ad77-065a0f20-b4fa6b44,67.763,67.984,1757,1556,27,27,1.0,0.5,0,0,3000,2498,623,0,3217,2160
53ba5a31-2d6bda0a-abb7ad77-065a0f20-b4fa6b44,68.575,68.766,1747,1607,27,27,1.0,0.5,0,0,3000,2498,623,0,3217,2160
53ba5a31-2d6bda0a-abb7ad77-065a0f20-b4fa6b44,68.784,68.983,1698,1621,27,27,1.0,0.5,0,0,3000,2498,623,0,3217,2160
53ba5a31-2d6bda0a-abb7ad77-065a0f20-b4fa6b44,68.997,69.109,1710,1644,27,27,1.0,0.5,0,0,3000,2498,623,0,3217,2160
53ba5a31-2d6bda0a-abb7ad77-065a0f20-b4fa6b44,69.133,69.288,1728,1647,27,27,1.0,0.5,0,0,3000,2498,623,0,3217,2160
53ba5a31-2d6bda0a-abb7ad77-065a0f20-b4fa6b44,69.317,69.533,1813,1828,27,27,1.0,0.5,0,0,3000,2498,623,0,3217,2160
53ba5a31-2d6bda0a-abb7ad77-065a0f20-b4fa6b44,69.56,69.713,1469,1666,27,27,1.0,0.5,0,0,3000,2498,623,0,3217,2160
53ba5a31-2d6bda0a-abb7ad77-065a0f20-b4fa6b44,69.742,69.895,1705,1634,27,27,1.0,0.5,0,0,3000,2498,623,0,3217,2160
53ba5a31-2d6bda0a-abb7ad77-065a0f20-b4fa6b44,69.963,70.117,1837,2113,27,27,1.0,0.5,0,0,3000,2498,623,0,3217,2160
53ba5a31-2d6bda0a-abb7ad77-065a0f20-b4fa6b44,70.13,70.284,1887,2091,27,27,1.0,0.5,0,0,3000,2498,623,0,3217,2160
53ba5a31-2d6bda0a-abb7ad77-065a0f20-b4fa6b44,70.312,70.425,1801,1812,27,27,1.0,0.5,0,0,3000,2498,623,0,3217,2160
53ba5a31-2d6bda0a-abb7ad77-065a0f20-b4fa6b44,70.564,70.774,1818,1433,27,27,1.0,0.5,0,0,3000,2498,623,0,3217,2160
53ba5a31-2d6bda0a-abb7ad77-065a0f20-b4fa6b44,70.788,70.94,1810,1423,27,27,1.0,0.5,0,0,3000,2498,623,0,3217,2160
53ba5a31-2d6bda0a-abb7ad77-065a0f20-b4fa6b44,71.053,71.208,1820,1382,27,27,1.0,0.5,0,0,3000,2498,623,0,3217,2160
53ba5a31-2d6bda0a-abb7ad77-065a0f20-b4fa6b44,71.233,71.469,1520,1443,27,27,1.0,0.5,0,0,3000,2498,623,0,3217,2160
53ba5a31-2d6bda0a-abb7ad77-065a0f20-b4fa6b44,71.556,71.693,2115,1110,27,27,1.0,0.5,0,0,3000,2498,623,0,3217,2160
53ba5a31-2d6bda0a-abb7ad77-065a0f20-b4fa6b44,71.707,71.93,2083,1136,27,27,1.0,0.5,0,0,3000,2498,623,0,3217,2160
53ba5a31-2d6bda0a-abb7ad77-065a0f20-b4fa6b44,71.958,72.069,1613,1214,27,27,1.0,0.5,0,0,3000,2498,623,0,3217,2160
53ba5a31-2d6bda0a-abb7ad77-065a0f20-b4fa6b44,72.082,72.236,1594,1195,27,27,1.0,0.5,0,0,3000,2498,623,0,3217,2160
53ba5a31-2d6bda0a-abb7ad77-065a0f20-b4fa6b44,72.404,72.543,2080,1172,27,27,1.0,0.5,0,0,3000,2498,623,0,3217,2160
53ba5a31-2d6bda0a-abb7ad77-065a0f20-b4fa6b44,72.571,72.696,1741,1263,27,27,1.0,0.5,0,0,3000,2498,623,0,3217,2160
53ba5a31-2d6bda0a-abb7ad77-065a0f20-b4fa6b44,72.71,72.863,1733,1249,27,27,1.0,0.5,0,0,3000,2498,623,0,3217,2160
53ba5a31-2d6bda0a-abb7ad77-065a0f20-b4fa6b44,72.905,73.017,1864,1334,27,27,1.0,0.5,0,0,3000,2498,623,0,3217,2160
53ba5a31-2d6bda0a-abb7ad77-065a0f20-b4fa6b44,73.144,73.394,2119,1171,27,27,1.0,0.5,0,0,3000,2498,623,0,3217,2160
53ba5a31-2d6bda0a-abb7ad77-065a0f20-b4fa6b44,73.407,73.532,2087,1129,27,27,1.0,0.5,0,0,3000,2498,623,0,3217,2160
53ba5a31-2d6bda0a-abb7ad77-065a0f20-b4fa6b44,73.561,73.783,1752,1157,27,27,1.0,0.5,0,0,3000,2498,623,0,3217,2160
53ba5a31-2d6bda0a-abb7ad77-065a0f20-b4fa6b44,73.825,73.992,1260,1126,27,27,1.0,0.5,0,0,3000,2498,623,0,3217,2160
53ba5a31-2d6bda0a-abb7ad77-065a0f20-b4fa6b44,74.008,74.326,1290,1205,27,27,1.0,0.5,0,0,3000,2498,623,0,3217,2160
53ba5a31-2d6bda0a-abb7ad77-065a0f20-b4fa6b44,74.342,74.871,1316,1218,27,27,1.0,0.5,0,0,3000,2498,623,0,3217,2160
53ba5a31-2d6bda0a-abb7ad77-065a0f20-b4fa6b44,74.983,75.134,1297,1108,27,27,1.0,0.5,0,0,3000,2498,623,0,3217,2160
53ba5a31-2d6bda0a-abb7ad77-065a0f20-b4fa6b44,75.231,75.412,1761,1126,27,27,1.0,0.5,0,0,3000,2498,623,0,3217,2160
53ba5a31-2d6bda0a-abb7ad77-065a0f20-b4fa6b44,75.427,75.72,1762,1121,27,27,1.0,0.5,0,0,3000,2498,623,0,3217,2160
53ba5a31-2d6bda0a-abb7ad77-065a0f20-b4fa6b44,75.761,75.944,2271,1130,27,27,1.0,0.5,0,0,3000,2498,623,0,3217,2160
53ba5a31-2d6bda0a-abb7ad77-065a0f20-b4fa6b44,76.29,76.666,636,963,27,27,1.0,0.5,0,0,3000,2498,623,0,3217,2160
53ba5a31-2d6bda0a-abb7ad77-065a0f20-b4fa6b44,76.68,76.876,649,966,27,27,1.0,0.5,0,0,3000,2498,623,0,3217,2160
53ba5a31-2d6bda0a-abb7ad77-065a0f20-b4fa6b44,76.889,77.014,682,958,27,27,1.0,0.5,0,0,3000,2498,623,0,3217,2160
53ba5a31-2d6bda0a-abb7ad77-065a0f20-b4fa6b44,77.196,77.32,648,926,27,27,1.0,0.5,0,0,3000,2498,623,0,3217,2160
53ba5a31-2d6bda0a-abb7ad77-065a0f20-b4fa6b44,77.447,77.586,586,919,27,27,1.0,0.5,0,0,3000,2498,623,0,3217,2160
53ba5a31-2d6bda0a-abb7ad77-065a0f20-b4fa6b44,77.696,77.851,1578,1048,27,27,1.0,0.5,0,0,3000,2498,623,0,3217,2160
53ba5a31-2d6bda0a-abb7ad77-065a0f20-b4fa6b44,77.865,78.114,1531,1039,27,27,1.0,0.5,0,0,3000,2498,623,0,3217,2160
53ba5a31-2d6bda0a-abb7ad77-065a0f20-b4fa6b44,78.128,78.295,1515,1054,27,27,1.0,0.5,0,0,3000,2498,623,0,3217,2160
53ba5a31-2d6bda0a-abb7ad77-065a0f20-b4fa6b44,78.337,78.519,1700,1010,27,27,1.0,0.5,0,0,3000,2498,623,0,3217,2160
53ba5a31-2d6bda0a-abb7ad77-065a0f20-b4fa6b44,78.726,78.867,2177,957,27,27,1.0,0.5,0,0,3000,2498,623,0,3217,2160
53ba5a31-2d6bda0a-abb7ad77-065a0f20-b4fa6b44,79.007,79.2,1828,996,27,27,1.0,0.5,0,0,3000,2498,623,0,3217,2160
53ba5a31-2d6bda0a-abb7ad77-065a0f20-b4fa6b44,79.285,79.534,1484,984,27,27,1.0,0.5,0,0,3000,2498,623,0,3217,2160
53ba5a31-2d6bda0a-abb7ad77-065a0f20-b4fa6b44,79.562,79.715,890,951,27,27,1.0,0.5,0,0,3000,2498,623,0,3217,2160
53ba5a31-2d6bda0a-abb7ad77-065a0f20-b4fa6b44,79.785,79.91,1602,1003,27,27,1.0,0.5,0,0,3000,2498,623,0,3217,2160
53ba5a31-2d6bda0a-abb7ad77-065a0f20-b4fa6b44,79.924,80.189,1620,1023,27,27,1.0,0.5,0,0,3000,2498,623,0,3217,2160
53ba5a31-2d6bda0a-abb7ad77-065a0f20-b4fa6b44,80.328,80.439,1006,851,27,27,1.0,0.5,0,0,3000,2498,623,0,3217,2160
53ba5a31-2d6bda0a-abb7ad77-065a0f20-b4fa6b44,80.663,80.787,1431,1073,27,27,1.0,0.5,0,0,3000,2498,623,0,3217,2160
53ba5a31-2d6bda0a-abb7ad77-065a0f20-b4fa6b44,81.15,81.303,1906,1112,27,27,1.0,0.5,0,0,3000,2498,623,0,3217,2160
53ba5a31-2d6bda0a-abb7ad77-065a0f20-b4fa6b44,81.317,81.581,1866,1119,27,27,1.0,0.5,0,0,3000,2498,623,0,3217,2160
53ba5a31-2d6bda0a-abb7ad77-065a0f20-b4fa6b44,81.804,82.027,1256,1016,27,27,1.0,0.5,0,0,3000,2498,623,0,3217,2160
53ba5a31-2d6bda0a-abb7ad77-065a0f20-b4fa6b44,82.073,82.197,1515,1157,27,27,1.0,0.5,0,0,3000,2498,623,0,3217,2160
53ba5a31-2d6bda0a-abb7ad77-065a0f20-b4fa6b44,82.211,82.417,1525,1170,27,27,1.0,0.5,0,0,3000,2498,623,0,3217,2160
53ba5a31-2d6bda0a-abb7ad77-065a0f20-b4fa6b44,82.501,82.613,1845,1163,27,27,1.0,0.5,0,0,3000,2498,623,0,3217,2160
53ba5a31-2d6bda0a-abb7ad77-065a0f20-b4fa6b44,82.724,82.848,1865,1151,27,27,1.0,0.5,0,0,3000,2498,623,0,3217,2160
53ba5a31-2d6bda0a-abb7ad77-065a0f20-b4fa6b44,82.975,83.099,1647,1327,27,27,1.0,0.5,0,0,3000,2498,623,0,3217,2160
53ba5a31-2d6bda0a-abb7ad77-065a0f20-b4fa6b44,83.127,83.252,1771,1416,27,27,1.0,0.5,0,0,3000,2498,623,0,3217,2160
53ba5a31-2d6bda0a-abb7ad77-065a0f20-b4fa6b44,83.364,83.517,1802,1461,27,27,1.0,0.5,0,0,3000,2498,623,0,3217,2160
53ba5a31-2d6bda0a-abb7ad77-065a0f20-b4fa6b44,83.587,83.698,1835,1692,27,27,1.0,0.5,0,0,3000,2498,623,0,3217,2160
53ba5a31-2d6bda0a-abb7ad77-065a0f20-b4fa6b44,83.713,83.879,1775,1712,27,27,1.0,0.5,0,0,3000,2498,623,0,3217,2160
53ba5a31-2d6bda0a-abb7ad77-065a0f20-b4fa6b44,83.894,84.102,1741,1698,27,27,1.0,0.5,0,0,3000,2498,623,0,3217,2160
53ba5a31-2d6bda0a-abb7ad77-065a0f20-b4fa6b44,84.158,84.311,1704,1279,27,27,1.0,0.5,0,0,3000,2498,623,0,3217,2160
53ba5a31-2d6bda0a-abb7ad77-065a0f20-b4fa6b44,84.465,84.62,1568,1713,27,27,1.0,0.5,0,0,3000,2498,623,0,3217,2160
53ba5a31-2d6bda0a-abb7ad77-065a0f20-b4fa6b44,84.73,84.869,1145,1406,27,27,1.0,0.5,0,0,3000,2498,623,0,3217,2160
53ba5a31-2d6bda0a-abb7ad77-065a0f20-b4fa6b44,84.993,85.118,928,1441,27,27,1.0,0.5,0,0,3000,2498,623,0,3217,2160
53ba5a31-2d6bda0a-abb7ad77-065a0f20-b4fa6b44,85.132,85.355,857,1471,27,27,1.0,0.5,0,0,3000,2498,623,0,3217,2160
53ba5a31-2d6bda0a-abb7ad77-065a0f20-b4fa6b44,85.368,85.48,854,1444,27,27,1.0,0.5,0,0,3000,2498,623,0,3217,2160
53ba5a31-2d6bda0a-abb7ad77-065a0f20-b4fa6b44,85.703,85.828,1963,1712,27,27,1.0,0.5,0,0,3000,2498,623,0,3217,2160
53ba5a31-2d6bda0a-abb7ad77-065a0f20-b4fa6b44,86.261,86.371,2120,1710,27,27,1.0,0.5,0,0,3000,2498,623,0,3217,2160
53ba5a31-2d6bda0a-abb7ad77-065a0f20-b4fa6b44,86.482,86.664,1148,1997,27,27,1.0,0.5,0,0,3000,2498,623,0,3217,2160
53ba5a31-2d6bda0a-abb7ad77-065a0f20-b4fa6b44,86.678,86.79,1161,2015,27,27,1.0,0.5,0,0,3000,2498,623,0,3217,2160
53ba5a31-2d6bda0a-abb7ad77-065a0f20-b4fa6b44,86.803,86.943,1237,1992,27,27,1.0,0.5,0,0,3000,2498,623,0,3217,2160
53ba5a31-2d6bda0a-abb7ad77-065a0f20-b4fa6b44,87.081,87.249,1274,2042,27,27,1.0,0.5,0,0,3000,2498,623,0,3217,2160
53ba5a31-2d6bda0a-abb7ad77-065a0f20-b4fa6b44,87.264,87.402,1286,2076,27,27,1.0,0.5,0,0,3000,2498,623,0,3217,2160
53ba5a31-2d6bda0a-abb7ad77-065a0f20-b4fa6b44,87.582,87.708,1199,2039,27,27,1.0,0.5,0,0,3000,2498,623,0,3217,2160
53ba5a31-2d6bda0a-abb7ad77-065a0f20-b4fa6b44,87.722,87.975,1225,1969,27,27,1.0,0.5,0,0,3000,2498,623,0,3217,2160
53ba5a31-2d6bda0a-abb7ad77-065a0f20-b4fa6b44,88.03,88.199,1144,1514,27,27,1.0,0.5,0,0,3000,2498,623,0,3217,2160
53ba5a31-2d6bda0a-abb7ad77-065a0f20-b4fa6b44,88.74,88.879,1300,1921,27,27,1.0,0.5,0,0,3000,2498,623,0,3217,2160
53ba5a31-2d6bda0a-abb7ad77-065a0f20-b4fa6b44,88.892,89.017,1259,1922,27,27,1.0,0.5,0,0,3000,2498,623,0,3217,2160
53ba5a31-2d6bda0a-abb7ad77-065a0f20-b4fa6b44,89.073,89.184,1251,2001,27,27,1.0,0.5,0,0,3000,2498,623,0,3217,2160
53ba5a31-2d6bda0a-abb7ad77-065a0f20-b4fa6b44,89.198,89.34,1262,1996,27,27,1.0,0.5,0,0,3000,2498,623,0,3217,2160
53ba5a31-2d6bda0a-abb7ad77-065a0f20-b4fa6b44,89.408,89.546,1245,1940,27,27,1.0,0.5,0,0,3000,2498,623,0,3217,2160
53ba5a31-2d6bda0a-abb7ad77-065a0f20-b4fa6b44,89.561,89.728,1235,1908,27,27,1.0,0.5,0,0,3000,2498,623,0,3217,2160
53ba5a31-2d6bda0a-abb7ad77-065a0f20-b4fa6b44,89.854,89.992,1103,1973,27,27,1.0,0.5,0,0,3000,2498,623,0,3217,2160
53ba5a31-2d6bda0a-abb7ad77-065a0f20-b4fa6b44,90.133,90.284,1217,1968,27,27,1.0,0.5,0,0,3000,2498,623,0,3217,2160
53ba5a31-2d6bda0a-abb7ad77-065a0f20-b4fa6b44,90.298,90.437,1242,1970,27,27,1.0,0.5,0,0,3000,2498,623,0,3217,2160
53ba5a31-2d6bda0a-abb7ad77-065a0f20-b4fa6b44,90.632,90.785,1315,1954,27,27,1.0,0.5,0,0,3000,2498,623,0,3217,2160
53ba5a31-2d6bda0a-abb7ad77-065a0f20-b4fa6b44,90.832,90.966,1327,1924,27,27,1.0,0.5,0,0,3000,2498,623,0,3217,2160
53ba5a31-2d6bda0a-abb7ad77-065a0f20-b4fa6b44,90.994,91.105,1273,1886,27,27,1.0,0.5,0,0,3000,2498,623,0,3217,2160
53ba5a31-2d6bda0a-abb7ad77-065a0f20-b4fa6b44,91.119,91.315,1281,1869,27,27,1.0,0.5,0,0,3000,2498,623,0,3217,2160
53ba5a31-2d6bda0a-abb7ad77-065a0f20-b4fa6b44,91.342,91.454,1276,1885,27,27,1.0,0.5,0,0,3000,2498,623,0,3217,2160
53ba5a31-2d6bda0a-abb7ad77-065a0f20-b4fa6b44,91.468,91.596,1226,1883,27,27,1.0,0.5,0,0,3000,2498,623,0,3217,2160
53ba5a31-2d6bda0a-abb7ad77-065a0f20-b4fa6b44,91.676,91.79,1222,1868,27,27,1.0,0.5,0,0,3000,2498,623,0,3217,2160
53ba5a31-2d6bda0a-abb7ad77-065a0f20-b4fa6b44,91.888,91.996,1261,1895,27,27,1.0,0.5,0,0,3000,2498,623,0,3217,2160
53ba5a31-2d6bda0a-abb7ad77-065a0f20-b4fa6b44,92.01,92.122,1252,1930,27,27,1.0,0.5,0,0,3000,2498,623,0,3217,2160
53ba5a31-2d6bda0a-abb7ad77-065a0f20-b4fa6b44,92.163,92.29,1197,2036,27,27,1.0,0.5,0,0,3000,2498,623,0,3217,2160
53ba5a31-2d6bda0a-abb7ad77-065a0f20-b4fa6b44,92.317,92.443,1304,2093,27,27,1.0,0.5,0,0,3000,2498,623,0,3217,2160
53ba5a31-2d6bda0a-abb7ad77-065a0f20-b4fa6b44,92.527,92.694,1308,1972,27,27,1.0,0.5,0,0,3000,2498,623,0,3217,2160
53ba5a31-2d6bda0a-abb7ad77-065a0f20-b4fa6b44,92.707,92.832,1108,1821,27,27,1.0,0.5,0,0,3000,2498,623,0,3217,2160
53ba5a31-2d6bda0a-abb7ad77-065a0f20-b4fa6b44,92.876,93.012,1043,1878,27,27,1.0,0.5,0,0,3000,2498,623,0,3217,2160
53ba5a31-2d6bda0a-abb7ad77-065a0f20-b4fa6b44,93.027,93.208,1042,1896,27,27,1.0,0.5,0,0,3000,2498,623,0,3217,2160
53ba5a31-2d6bda0a-abb7ad77-065a0f20-b4fa6b44,93.319,93.528,1218,1875,27,27,1.0,0.5,0,0,3000,2498,623,0,3217,2160
53ba5a31-2d6bda0a-abb7ad77-065a0f20-b4fa6b44,93.542,93.667,1253,1860,27,27,1.0,0.5,0,0,3000,2498,623,0,3217,2160
53ba5a31-2d6bda0a-abb7ad77-065a0f20-b4fa6b44,93.712,93.835,1042,1714,27,27,1.0,0.5,0,0,3000,2498,623,0,3217,2160
53ba5a31-2d6bda0a-abb7ad77-065a0f20-b4fa6b44,93.932,94.128,939,1566,27,27,1.0,0.5,0,0,3000,2498,623,0,3217,2160
53ba5a31-2d6bda0a-abb7ad77-065a0f20-b4fa6b44,94.141,94.279,952,1556,27,27,1.0,0.5,0,0,3000,2498,623,0,3217,2160
53ba5a31-2d6bda0a-abb7ad77-065a0f20-b4fa6b44,94.309,94.446,1063,1576,27,27,1.0,0.5,0,0,3000,2498,623,0,3217,2160
53ba5a31-2d6bda0a-abb7ad77-065a0f20-b4fa6b44,94.558,94.698,975,1331,27,27,1.0,0.5,0,0,3000,2498,623,0,3217,2160
53ba5a31-2d6bda0a-abb7ad77-065a0f20-b4fa6b44,94.837,95.13,803,1223,27,27,1.0,0.5,0,0,3000,2498,623,0,3217,2160
53ba5a31-2d6bda0a-abb7ad77-065a0f20-b4fa6b44,95.144,95.297,823,1224,27,27,1.0,0.5,0,0,3000,2498,623,0,3217,2160
53ba5a31-2d6bda0a-abb7ad77-065a0f20-b4fa6b44,95.325,95.436,935,1079,27,27,1.0,0.5,0,0,3000,2498,623,0,3217,2160
53ba5a31-2d6bda0a-abb7ad77-065a0f20-b4fa6b44,95.45,95.824,944,1105,27,27,1.0,0.5,0,0,3000,2498,623,0,3217,2160
53ba5a31-2d6bda0a-abb7ad77-065a0f20-b4fa6b44,95.894,96.033,1993,1823,27,27,1.0,0.5,0,0,3000,2498,623,0,3217,2160
53ba5a31-2d6bda0a-abb7ad77-065a0f20-b4fa6b44,96.882,97.035,1937,2061,27,27,1.0,0.5,0,0,3000,2498,623,0,3217,2160
53ba5a31-2d6bda0a-abb7ad77-065a0f20-b4fa6b44,97.077,97.189,1948,1999,27,27,1.0,0.5,0,0,3000,2498,623,0,3217,2160
53ba5a31-2d6bda0a-abb7ad77-065a0f20-b4fa6b44,97.315,97.425,1991,1899,27,27,1.0,0.5,0,0,3000,2498,623,0,3217,2160
53ba5a31-2d6bda0a-abb7ad77-065a0f20-b4fa6b44,97.438,97.607,1991,1932,27,27,1.0,0.5,0,0,3000,2498,623,0,3217,2160
53ba5a31-2d6bda0a-abb7ad77-065a0f20-b4fa6b44,97.746,97.953,2100,1818,27,27,1.0,0.5,0,0,3000,2498,623,0,3217,2160
53ba5a31-2d6bda0a-abb7ad77-065a0f20-b4fa6b44,97.982,98.134,2001,1792,27,27,1.0,0.5,0,0,3000,2498,623,0,3217,2160
53ba5a31-2d6bda0a-abb7ad77-065a0f20-b4fa6b44,98.162,98.398,1982,1792,27,27,1.0,0.5,0,0,3000,2498,623,0,3217,2160
53ba5a31-2d6bda0a-abb7ad77-065a0f20-b4fa6b44,98.412,98.524,2001,1767,27,27,1.0,0.5,0,0,3000,2498,623,0,3217,2160
53ba5a31-2d6bda0a-abb7ad77-065a0f20-b4fa6b44,98.538,98.694,2043,1746,27,27,1.0,0.5,0,0,3000,2498,623,0,3217,2160
53ba5a31-2d6bda0a-abb7ad77-065a0f20-b4fa6b44,98.705,98.886,1941,1516,27,27,1.0,0.5,0,0,3000,2498,623,0,3217,2160
53ba5a31-2d6bda0a-abb7ad77-065a0f20-b4fa6b44,98.902,99.04,1957,1512,27,27,1.0,0.5,0,0,3000,2498,623,0,3217,2160
53ba5a31-2d6bda0a-abb7ad77-065a0f20-b4fa6b44,99.123,99.304,2105,1444,27,27,1.0,0.5,0,0,3000,2498,623,0,3217,2160
53ba5a31-2d6bda0a-abb7ad77-065a0f20-b4fa6b44,99.652,99.763,2084,1296,27,27,1.0,0.5,0,0,3000,2498,623,0,3217,2160
53ba5a31-2d6bda0a-abb7ad77-065a0f20-b4fa6b44,99.861,99.986,2225,1211,27,27,1.0,0.5,0,0,3000,2498,623,0,3217,2160
53ba5a31-2d6bda0a-abb7ad77-065a0f20-b4fa6b44,100.0,100.181,2199,1221,27,27,1.0,0.5,0,0,3000,2498,623,0,3217,2160
53ba5a31-2d6bda0a-abb7ad77-065a0f20-b4fa6b44,100.264,100.391,2220,1309,27,27,1.0,0.5,0,0,3000,2498,623,0,3217,2160
53ba5a31-2d6bda0a-abb7ad77-065a0f20-b4fa6b44,100.445,100.612,2231,1255,27,27,1.0,0.5,0,0,3000,2498,623,0,3217,2160
53ba5a31-2d6bda0a-abb7ad77-065a0f20-b4fa6b44,100.627,100.74,2266,1280,27,27,1.0,0.5,0,0,3000,2498,623,0,3217,2160
53ba5a31-2d6bda0a-abb7ad77-065a0f20-b4fa6b44,100.835,101.032,2314,1757,27,27,1.0,0.5,0,0,3000,2498,623,0,3217,2160
53ba5a31-2d6bda0a-abb7ad77-065a0f20-b4fa6b44,101.16,101.294,2299,1347,27,27,1.0,0.5,0,0,3000,2498,623,0,3217,2160
53ba5a31-2d6bda0a-abb7ad77-065a0f20-b4fa6b44,102.06,102.213,2344,1476,27,27,1.0,0.5,0,0,3000,2498,623,0,3217,2160
53ba5a31-2d6bda0a-abb7ad77-065a0f20-b4fa6b44,102.324,102.477,2276,1775,27,27,1.0,0.5,0,0,3000,2498,623,0,3217,2160
53ba5a31-2d6bda0a-abb7ad77-065a0f20-b4fa6b44,102.492,102.63,2274,1748,27,27,1.0,0.5,0,0,3000,2498,623,0,3217,2160
53ba5a31-2d6bda0a-abb7ad77-065a0f20-b4fa6b44,102.756,103.034,2215,1841,27,27,1.0,0.5,0,0,3000,2498,623,0,3217,2160
53ba5a31-2d6bda0a-abb7ad77-065a0f20-b4fa6b44,103.132,103.299,2407,1774,27,27,1.0,0.5,0,0,3000,2498,623,0,3217,2160
53ba5a31-2d6bda0a-abb7ad77-065a0f20-b4fa6b44,103.452,103.649,2248,1327,27,27,1.0,0.5,0,0,3000,2498,623,0,3217,2160
53ba5a31-2d6bda0a-abb7ad77-065a0f20-b4fa6b44,103.731,103.842,1863,1242,27,27,1.0,0.5,0,0,3000,2498,623,0,3217,2160
53ba5a31-2d6bda0a-abb7ad77-065a0f20-b4fa6b44,103.856,103.967,1869,1241,27,27,1.0,0.5,0,0,3000,2498,623,0,3217,2160
53ba5a31-2d6bda0a-abb7ad77-065a0f20-b4fa6b44,104.385,104.497,2013,1432,27,27,1.0,0.5,0,0,3000,2498,623,0,3217,2160
53ba5a31-2d6bda0a-abb7ad77-065a0f20-b4fa6b44,104.566,104.677,2077,1538,27,27,1.0,0.5,0,0,3000,2498,623,0,3217,2160
53ba5a31-2d6bda0a-abb7ad77-065a0f20-b4fa6b44,104.706,104.816,2118,1567,27,27,1.0,0.5,0,0,3000,2498,623,0,3217,2160
53ba5a31-2d6bda0a-abb7ad77-065a0f20-b4fa6b44,104.83,104.998,2132,1532,27,27,1.0,0.5,0,0,3000,2498,623,0,3217,2160
53ba5a31-2d6bda0a-abb7ad77-065a0f20-b4fa6b44,105.094,105.234,2265,1473,27,27,1.0,0.5,0,0,3000,2498,623,0,3217,2160
53ba5a31-2d6bda0a-abb7ad77-065a0f20-b4fa6b44,106.279,106.403,1798,1964,27,27,1.0,0.5,0,0,3000,2498,623,0,3217,2160
53ba5a31-2d6bda0a-abb7ad77-065a0f20-b4fa6b44,106.473,106.626,1864,2028,27,27,1.0,0.5,0,0,3000,2498,623,0,3217,2160
53ba5a31-2d6bda0a-abb7ad77-065a0f20-b4fa6b44,106.64,106.765,1921,2049,27,27,1.0,0.5,0,0,3000,2498,623,0,3217,2160
53ba5a31-2d6bda0a-abb7ad77-065a0f20-b4fa6b44,106.822,106.963,2125,1737,27,27,1.0,0.5,0,0,3000,2498,623,0,3217,2160
53ba5a31-2d6bda0a-abb7ad77-065a0f20-b4fa6b44,107.127,107.335,2171,1494,27,27,1.0,0.5,0,0,3000,2498,623,0,3217,2160
53ba5a31-2d6bda0a-abb7ad77-065a0f20-b4fa6b44,107.419,107.532,2167,1439,27,27,1.0,0.5,0,0,3000,2498,623,0,3217,2160
53ba5a31-2d6bda0a-abb7ad77-065a0f20-b4fa6b44,107.572,107.74,2162,1319,27,27,1.0,0.5,0,0,3000,2498,623,0,3217,2160
53ba5a31-2d6bda0a-abb7ad77-065a0f20-b4fa6b44,107.756,107.893,2173,1279,27,27,1.0,0.5,0,0,3000,2498,623,0,3217,2160
53ba5a31-2d6bda0a-abb7ad77-065a0f20-b4fa6b44,107.962,108.216,2194,1437,27,27,1.0,0.5,0,0,3000,2498,623,0,3217,2160
53ba5a31-2d6bda0a-abb7ad77-065a0f20-b4fa6b44,108.242,108.367,2230,1643,27,27,1.0,0.5,0,0,3000,2498,623,0,3217,2160
53ba5a31-2d6bda0a-abb7ad77-065a0f20-b4fa6b44,108.91,109.034,726,1346,27,27,1.0,0.5,0,0,3000,2498,623,0,3217,2160
53ba5a31-2d6bda0a-abb7ad77-065a0f20-b4fa6b44,109.382,109.494,2339,1435,27,27,1.0,0.5,0,0,3000,2498,623,0,3217,2160
53ba5a31-2d6bda0a-abb7ad77-065a0f20-b4fa6b44,109.507,109.674,2300,1463,27,27,1.0,0.5,0,0,3000,2498,623,0,3217,2160
53ba5a31-2d6bda0a-abb7ad77-065a0f20-b4fa6b44,109.691,109.858,2255,1450,27,27,1.0,0.5,0,0,3000,2498,623,0,3217,2160
53ba5a31-2d6bda0a-abb7ad77-065a0f20-b4fa6b44,109.897,110.163,2298,1769,27,27,1.0,0.5,0,0,3000,2498,623,0,3217,2160
53ba5a31-2d6bda0a-abb7ad77-065a0f20-b4fa6b44,110.203,110.454,2301,1398,27,27,1.0,0.5,0,0,3000,2498,623,0,3217,2160
53ba5a31-2d6bda0a-abb7ad77-065a0f20-b4fa6b44,110.579,110.746,2252,1195,27,27,1.0,0.5,0,0,3000,2498,623,0,3217,2160
53ba5a31-2d6bda0a-abb7ad77-065a0f20-b4fa6b44,110.831,111.024,2232,1319,27,27,1.0,0.5,0,0,3000,2498,623,0,3217,2160
53ba5a31-2d6bda0a-abb7ad77-065a0f20-b4fa6b44,111.039,111.221,2214,1337,27,27,1.0,0.5,0,0,3000,2498,623,0,3217,2160
53ba5a31-2d6bda0a-abb7ad77-065a0f20-b4fa6b44,111.235,111.387,2179,1327,27,27,1.0,0.5,0,0,3000,2498,623,0,3217,2160
53ba5a31-2d6bda0a-abb7ad77-065a0f20-b4fa6b44,111.4,111.555,2139,1314,27,27,1.0,0.5,0,0,3000,2498,623,0,3217,2160
53ba5a31-2d6bda0a-abb7ad77-065a0f20-b4fa6b44,112.124,112.235,2115,1558,27,27,1.0,0.5,0,0,3000,2498,623,0,3217,2160
53ba5a31-2d6bda0a-abb7ad77-065a0f20-b4fa6b44,112.319,112.444,2087,1438,27,27,1.0,0.5,0,0,3000,2498,623,0,3217,2160
53ba5a31-2d6bda0a-abb7ad77-065a0f20-b4fa6b44,112.515,112.667,2131,1418,27,27,1.0,0.5,0,0,3000,2498,623,0,3217,2160
53ba5a31-2d6bda0a-abb7ad77-065a0f20-b4fa6b44,112.709,112.848,2135,1439,27,27,1.0,0.5,0,0,3000,2498,623,0,3217,2160
53ba5a31-2d6bda0a-abb7ad77-065a0f20-b4fa6b44,112.947,113.056,2226,1307,27,27,1.0,0.5,0,0,3000,2498,623,0,3217,2160
53ba5a31-2d6bda0a-abb7ad77-065a0f20-b4fa6b44,113.796,113.92,2014,1863,27,27,1.0,0.5,0,0,3000,2498,623,0,3217,2160
53ba5a31-2d6bda0a-abb7ad77-065a0f20-b4fa6b44,113.961,114.075,1818,1917,27,27,1.0,0.5,0,0,3000,2498,623,0,3217,2160
53ba5a31-2d6bda0a-abb7ad77-065a0f20-b4fa6b44,114.088,114.228,1865,1887,27,27,1.0,0.5,0,0,3000,2498,623,0,3217,2160
53ba5a31-2d6bda0a-abb7ad77-065a0f20-b4fa6b44,114.393,114.52,2103,1311,27,27,1.0,0.5,0,0,3000,2498,623,0,3217,2160
53ba5a31-2d6bda0a-abb7ad77-065a0f20-b4fa6b44,114.533,114.646,2114,1270,27,27,1.0,0.5,0,0,3000,2498,623,0,3217,2160
53ba5a31-2d6bda0a-abb7ad77-065a0f20-b4fa6b44,114.659,114.772,2133,1244,27,27,1.0,0.5,0,0,3000,2498,623,0,3217,2160
53ba5a31-2d6bda0a-abb7ad77-065a0f20-b4fa6b44,114.884,115.063,2225,1256,27,27,1.0,0.5,0,0,3000,2498,623,0,3217,2160
53ba5a31-2d6bda0a-abb7ad77-065a0f20-b4fa6b44,115.078,115.214,2256,1254,27,27,1.0,0.5,0,0,3000,2498,623,0,3217,2160
53ba5a31-2d6bda0a-abb7ad77-065a0f20-b4fa6b44,115.382,115.521,2028,1313,27,27,1.0,0.5,0,0,3000,2498,623,0,3217,2160
53ba5a31-2d6bda0a-abb7ad77-065a0f20-b4fa6b44,115.634,115.776,2187,1310,27,27,1.0,0.5,0,0,3000,2498,623,0,3217,2160
53ba5a31-2d6bda0a-abb7ad77-065a0f20-b4fa6b44,115.842,116.024,2220,1324,27,27,1.0,0.5,0,0,3000,2498,623,0,3217,2160
53ba5a31-2d6bda0a-abb7ad77-065a0f20-b4fa6b44,116.038,116.163,2222,1319,27,27,1.0,0.5,0,0,3000,2498,623,0,3217,2160
53ba5a31-2d6bda0a-abb7ad77-065a0f20-b4fa6b44,116.247,116.371,2225,1273,27,27,1.0,0.5,0,0,3000,2498,623,0,3217,2160
53ba5a31-2d6bda0a-abb7ad77-065a0f20-b4fa6b44,116.385,116.522,2216,1269,27,27,1.0,0.5,0,0,3000,2498,623,0,3217,2160
53ba5a31-2d6bda0a-abb7ad77-065a0f20-b4fa6b44,116.537,116.857,2229,1226,27,27,1.0,0.5,0,0,3000,2498,623,0,3217,2160
53ba5a31-2d6bda0a-abb7ad77-065a0f20-b4fa6b44,117.12,117.302,1458,1319,27,27,1.0,0.5,0,0,3000,2498,623,0,3217,2160
53ba5a31-2d6bda0a-abb7ad77-065a0f20-b4fa6b44,117.833,118.053,2273,954,27,27,1.0,0.5,0,0,3000,2498,623,0,3217,2160
53ba5a31-2d6bda0a-abb7ad77-065a0f20-b4fa6b44,118.081,118.194,2336,959,27,27,1.0,0.5,0,0,3000,2498,623,0,3217,2160
53ba5a31-2d6bda0a-abb7ad77-065a0f20-b4fa6b44,118.346,118.542,2196,1113,27,27,1.0,0.5,0,0,3000,2498,623,0,3217,2160
53ba5a31-2d6bda0a-abb7ad77-065a0f20-b4fa6b44,118.668,118.778,1504,1100,27,27,1.0,0.5,0,0,3000,2498,623,0,3217,2160
53ba5a31-2d6bda0a-abb7ad77-065a0f20-b4fa6b44,118.792,119.112,1522,1133,27,27,1.0,0.5,0,0,3000,2498,623,0,3217,2160
53ba5a31-2d6bda0a-abb7ad77-065a0f20-b4fa6b44,119.167,119.32,2303,900,27,27,1.0,0.5,0,0,3000,2498,623,0,3217,2160
53ba5a31-2d6bda0a-abb7ad77-065a0f20-b4fa6b44,119.338,119.46,2316,903,27,27,1.0,0.5,0,0,3000,2498,623,0,3217,2160
53ba5a31-2d6bda0a-abb7ad77-065a0f20-b4fa6b44,119.474,119.808,2351,900,27,27,1.0,0.5,0,0,3000,2498,623,0,3217,2160
53ba5a31-2d6bda0a-abb7ad77-065a0f20-b4fa6b44,119.863,120.295,2122,1095,27,27,1.0,0.5,0,0,3000,2498,623,0,3217,2160
53ba5a31-2d6bda0a-abb7ad77-065a0f20-b4fa6b44,120.408,120.532,2294,947,27,27,1.0,0.5,0,0,3000,2498,623,0,3217,2160
53ba5a31-2d6bda0a-abb7ad77-065a0f20-b4fa6b44,120.574,120.713,2308,935,27,27,1.0,0.5,0,0,3000,2498,623,0,3217,2160
53ba5a31-2d6bda0a-abb7ad77-065a0f20-b4fa6b44,120.728,120.88,2271,948,27,27,1.0,0.5,0,0,3000,2498,623,0,3217,2160
53ba5a31-2d6bda0a-abb7ad77-065a0f20-b4fa6b44,120.894,121.005,2244,919,27,27,1.0,0.5,0,0,3000,2498,623,0,3217,2160
53ba5a31-2d6bda0a-abb7ad77-065a0f20-b4fa6b44,121.061,121.215,2264,929,27,27,1.0,0.5,0,0,3000,2498,623,0,3217,2160
53ba5a31-2d6bda0a-abb7ad77-065a0f20-b4fa6b44,121.339,121.631,2043,963,27,27,1.0,0.5,0,0,3000,2498,623,0,3217,2160
53ba5a31-2d6bda0a-abb7ad77-065a0f20-b4fa6b44,121.646,121.815,2039,955,27,27,1.0,0.5,0,0,3000,2498,623,0,3217,2160
53ba5a31-2d6bda0a-abb7ad77-065a0f20-b4fa6b44,121.841,122.301,2214,937,27,27,1.0,0.5,0,0,3000,2498,623,0,3217,2160
53ba5a31-2d6bda0a-abb7ad77-065a0f20-b4fa6b44,122.342,122.466,2199,938,27,27,1.0,0.5,0,0,3000,2498,623,0,3217,2160
53ba5a31-2d6bda0a-abb7ad77-065a0f20-b4fa6b44,122.495,122.605,2169,878,27,27,1.0,0.5,0,0,3000,2498,623,0,3217,2160
53ba5a31-2d6bda0a-abb7ad77-065a0f20-b4fa6b44,122.871,123.037,2180,983,27,27,1.0,0.5,0,0,3000,2498,623,0,3217,2160
53ba5a31-2d6bda0a-abb7ad77-065a0f20-b4fa6b44,123.051,123.151,2175,980,27,27,1.0,0.5,0,0,3000,2498,623,0,3217,2160
53ba5a31-2d6bda0a-abb7ad77-065a0f20-b4fa6b44,123.25,123.357,2263,981,27,27,1.0,0.5,0,0,3000,2498,623,0,3217,2160
53ba5a31-2d6bda0a-abb7ad77-065a0f20-b4fa6b44,123.375,123.482,2298,1000,27,27,1.0,0.5,0,0,3000,2498,623,0,3217,2160
53ba5a31-2d6bda0a-abb7ad77-065a0f20-b4fa6b44,123.498,123.68,2302,958,27,27,1.0,0.5,0,0,3000,2498,623,0,3217,2160
53ba5a31-2d6bda0a-abb7ad77-065a0f20-b4fa6b44,123.734,124.026,2043,1086,27,27,1.0,0.5,0,0,3000,2498,623,0,3217,2160
53ba5a31-2d6bda0a-abb7ad77-065a0f20-b4fa6b44,124.165,124.289,2301,1085,27,27,1.0,0.5,0,0,3000,2498,623,0,3217,2160
53ba5a31-2d6bda0a-abb7ad77-065a0f20-b4fa6b44,124.665,124.766,2221,1059,27,27,1.0,0.5,0,0,3000,2498,623,0,3217,2160
53ba5a31-2d6bda0a-abb7ad77-065a0f20-b4fa6b44,124.809,124.945,2160,1147,27,27,1.0,0.5,0,0,3000,2498,623,0,3217,2160
53ba5a31-2d6bda0a-abb7ad77-065a0f20-b4fa6b44,125.336,125.516,2235,1017,27,27,1.0,0.5,0,0,3000,2498,623,0,3217,2160
53ba5a31-2d6bda0a-abb7ad77-065a0f20-b4fa6b44,125.612,125.779,2206,1045,27,27,1.0,0.5,0,0,3000,2498,623,0,3217,2160
53ba5a31-2d6bda0a-abb7ad77-065a0f20-b4fa6b44,125.933,126.046,2092,1498,27,27,1.0,0.5,0,0,3000,2498,623,0,3217,2160
53ba5a31-2d6bda0a-abb7ad77-065a0f20-b4fa6b44,126.075,126.24,2113,1437,27,27,1.0,0.5,0,0,3000,2498,623,0,3217,2160
53ba5a31-2d6bda0a-abb7ad77-065a0f20-b4fa6b44,126.323,126.461,2003,1322,27,27,1.0,0.5,0,0,3000,2498,623,0,3217,2160
53ba5a31-2d6bda0a-abb7ad77-065a0f20-b4fa6b44,126.503,126.645,1925,884,27,27,1.0,0.5,0,0,3000,2498,623,0,3217,2160
53ba5a31-2d6bda0a-abb7ad77-065a0f20-b4fa6b44,126.88,127.018,1431,1257,27,27,1.0,0.5,0,0,3000,2498,623,0,3217,2160
53ba5a31-2d6bda0a-abb7ad77-065a0f20-b4fa6b44,127.145,127.255,1651,1246,27,27,1.0,0.5,0,0,3000,2498,623,0,3217,2160
53ba5a31-2d6bda0a-abb7ad77-065a0f20-b4fa6b44,127.464,127.645,1701,1148,27,27,1.0,0.5,0,0,3000,2498,623,0,3217,2160
53ba5a31-2d6bda0a-abb7ad77-065a0f20-b4fa6b44,127.731,127.839,1260,1209,27,27,1.0,0.5,0,0,3000,2498,623,0,3217,2160
53ba5a31-2d6bda0a-abb7ad77-065a0f20-b4fa6b44,127.856,127.976,1246,1172,27,27,1.0,0.5,0,0,3000,2498,623,0,3217,2160
53ba5a31-2d6bda0a-abb7ad77-065a0f20-b4fa6b44,128.275,128.443,1128,1091,27,27,1.0,0.5,0,0,3000,2498,623,0,3217,2160
53ba5a31-2d6bda0a-abb7ad77-065a0f20-b4fa6b44,129.012,129.148,1521,1532,27,27,1.0,0.5,0,0,3000,2498,623,0,3217,2160
53ba5a31-2d6bda0a-abb7ad77-065a0f20-b4fa6b44,129.161,129.286,1503,1524,27,27,1.0,0.5,0,0,3000,2498,623,0,3217,2160
53ba5a31-2d6bda0a-abb7ad77-065a0f20-b4fa6b44,129.316,129.534,1518,1374,27,27,1.0,0.5,0,0,3000,2498,623,0,3217,2160
53ba5a31-2d6bda0a-abb7ad77-065a0f20-b4fa6b44,129.549,129.75,1514,1333,27,27,1.0,0.5,0,0,3000,2498,623,0,3217,2160
53ba5a31-2d6bda0a-abb7ad77-065a0f20-b4fa6b44,129.762,129.887,1504,1354,27,27,1.0,0.5,0,0,3000,2498,623,0,3217,2160
53ba5a31-2d6bda0a-abb7ad77-065a0f20-b4fa6b44,129.901,130.171,1512,1325,27,27,1.0,0.5,0,0,3000,2498,623,0,3217,2160
53ba5a31-2d6bda0a-abb7ad77-065a0f20-b4fa6b44,130.198,130.566,1456,1368,27,27,1.0,0.5,0,0,3000,2498,623,0,3217,2160
53ba5a31-2d6bda0a-abb7ad77-065a0f20-b4fa6b44,130.583,130.814,1433,1374,27,27,1.14,0.31,0,0,3000,2498,623,0,3217,2160
53ba5a31-2d6bda0a-abb7ad77-065a0f20-b4fa6b44,130.828,131.013,1445,1366,27,27,1.12,0.49,0,0,3000,2498,623,0,3217,2160
53ba5a31-2d6bda0a-abb7ad77-065a0f20-b4fa6b44,131.027,131.139,1523,1322,27,27,1.1,0.55,0,0,3000,2498,623,0,3217,2160
53ba5a31-2d6bda0a-abb7ad77-065a0f20-b4fa6b44,131.153,131.358,1538,1319,27,27,1.1,0.55,0,0,3000,2498,623,0,3217,2160
53ba5a31-2d6bda0a-abb7ad77-065a0f20-b4fa6b44,131.386,131.594,1551,1280,27,27,1.1,0.54,0,0,3000,2498,623,0,3217,2160
53ba5a31-2d6bda0a-abb7ad77-065a0f20-b4fa6b44,131.608,131.787,1570,1284,27,27,1.12,0.45,0,0,3000,2498,623,0,3217,2160
060cf092-fe76bdf7-19fee515-26cbef2c-5c16ba6f,0.068,0.272,1252,1551,24,24,1.07,0.42,0,0,2663,3000,961,0,2879,2160
060cf092-fe76bdf7-19fee515-26cbef2c-5c16ba6f,0.288,0.52,1270,1584,24,24,1.07,0.42,0,0,2663,3000,961,0,2879,2160
060cf092-fe76bdf7-19fee515-26cbef2c-5c16ba6f,0.534,0.741,1275,1451,24,24,1.07,0.42,0,0,2663,3000,961,0,2879,2160
060cf092-fe76bdf7-19fee515-26cbef2c-5c16ba6f,0.879,0.995,970,1315,24,24,1.07,0.42,0,0,2663,3000,961,0,2879,2160
060cf092-fe76bdf7-19fee515-26cbef2c-5c16ba6f,1.209,1.511,1355,1372,24,24,1.07,0.42,0,0,2663,3000,961,0,2879,2160
060cf092-fe76bdf7-19fee515-26cbef2c-5c16ba6f,1.525,1.76,1325,1356,24,24,1.07,0.42,0,0,2663,3000,961,0,2879,2160
060cf092-fe76bdf7-19fee515-26cbef2c-5c16ba6f,1.778,1.921,1446,1292,24,24,1.07,0.42,0,0,2663,3000,961,0,2879,2160
060cf092-fe76bdf7-19fee515-26cbef2c-5c16ba6f,1.947,2.072,1448,1276,24,24,1.07,0.42,0,0,2663,3000,961,0,2879,2160
060cf092-fe76bdf7-19fee515-26cbef2c-5c16ba6f,2.101,2.328,1284,1429,24,24,1.07,0.42,0,0,2663,3000,961,0,2879,2160
060cf092-fe76bdf7-19fee515-26cbef2c-5c16ba6f,2.655,2.762,870,945,24,24,1.07,0.42,0,0,2663,3000,961,0,2879,2160
060cf092-fe76bdf7-19fee515-26cbef2c-5c16ba6f,2.943,3.069,869,1095,24,24,1.07,0.42,0,0,2663,3000,961,0,2879,2160
060cf092-fe76bdf7-19fee515-26cbef2c-5c16ba6f,3.092,3.228,881,1105,24,24,1.07,0.42,0,0,2663,3000,961,0,2879,2160
060cf092-fe76bdf7-19fee515-26cbef2c-5c16ba6f,3.246,3.408,872,1139,24,24,1.07,0.42,0,0,2663,3000,961,0,2879,2160
060cf092-fe76bdf7-19fee515-26cbef2c-5c16ba6f,3.426,3.568,858,1143,24,24,1.07,0.42,0,0,2663,3000,961,0,2879,2160
060cf092-fe76bdf7-19fee515-26cbef2c-5c16ba6f,3.809,3.918,1636,1007,24,24,1.07,0.42,0,0,2663,3000,961,0,2879,2160
060cf092-fe76bdf7-19fee515-26cbef2c-5c16ba6f,4.78,4.921,1338,1284,24,24,1.07,0.42,0,0,2663,3000,961,0,2879,2160
060cf092-fe76bdf7-19fee515-26cbef2c-5c16ba6f,5.438,5.561,1077,1424,24,24,1.07,0.42,0,0,2663,3000,961,0,2879,2160
060cf092-fe76bdf7-19fee515-26cbef2c-5c16ba6f,5.784,5.909,1625,1281,24,24,1.07,0.42,0,0,2663,3000,961,0,2879,2160
060cf092-fe76bdf7-19fee515-26cbef2c-5c16ba6f,6.691,6.829,624,1788,24,24,1.07,0.42,0,0,2663,3000,961,0,2879,2160
060cf092-fe76bdf7-19fee515-26cbef2c-5c16ba6f,6.871,7.025,563,1973,24,24,1.07,0.42,0,0,2663,3000,961,0,2879,2160
060cf092-fe76bdf7-19fee515-26cbef2c-5c16ba6f,7.276,7.415,620,2323,24,24,1.07,0.42,0,0,2663,3000,961,0,2879,2160
060cf092-fe76bdf7-19fee515-26cbef2c-5c16ba6f,7.656,7.824,1244,2428,24,24,1.07,0.42,0,0,2663,3000,961,0,2879,2160
060cf092-fe76bdf7-19fee515-26cbef2c-5c16ba6f,7.849,8.042,1233,2399,24,24,1.07,0.42,0,0,2663,3000,961,0,2879,2160
060cf092-fe76bdf7-19fee515-26cbef2c-5c16ba6f,8.071,8.195,966,2502,24,24,1.07,0.42,0,0,2663,3000,961,0,2879,2160
060cf092-fe76bdf7-19fee515-26cbef2c-5c16ba6f,8.32,8.459,579,2492,24,24,1.07,0.42,0,0,2663,3000,961,0,2879,2160
060cf092-fe76bdf7-19fee515-26cbef2c-5c16ba6f,8.515,8.642,279,2471,24,24,1.07,0.42,0,0,2663,3000,961,0,2879,2160
060cf092-fe76bdf7-19fee515-26cbef2c-5c16ba6f,8.724,9.008,321,2401,24,24,1.07,0.42,0,0,2663,3000,961,0,2879,2160
060cf092-fe76bdf7-19fee515-26cbef2c-5c16ba6f,9.197,9.337,393,2294,24,24,1.07,0.42,0,0,2663,3000,961,0,2879,2160
060cf092-fe76bdf7-19fee515-26cbef2c-5c16ba6f,9.351,9.546,427,2305,24,24,1.07,0.42,0,0,2663,3000,961,0,2879,2160
060cf092-fe76bdf7-19fee515-26cbef2c-5c16ba6f,9.56,9.713,438,2372,24,24,1.07,0.42,0,0,2663,3000,961,0,2879,2160
060cf092-fe76bdf7-19fee515-26cbef2c-5c16ba6f,9.852,10.076,808,2321,24,24,1.07,0.42,0,0,2663,3000,961,0,2879,2160
060cf092-fe76bdf7-19fee515-26cbef2c-5c16ba6f,10.117,10.327,983,2267,24,24,1.07,0.42,0,0,2663,3000,961,0,2879,2160
060cf092-fe76bdf7-19fee515-26cbef2c-5c16ba6f,10.354,10.507,776,2401,24,24,1.07,0.42,0,0,2663,3000,961,0,2879,2160
060cf092-fe76bdf7-19fee515-26cbef2c-5c16ba6f,10.618,10.729,1009,2309,24,24,1.07,0.42,0,0,2663,3000,961,0,2879,2160
060cf092-fe76bdf7-19fee515-26cbef2c-5c16ba6f,10.746,10.856,1022,2324,24,24,1.07,0.42,0,0,2663,3000,961,0,2879,2160
060cf092-fe76bdf7-19fee515-26cbef2c-5c16ba6f,10.951,11.175,1664,2309,24,24,1.07,0.42,0,0,2663,3000,961,0,2879,2160
060cf092-fe76bdf7-19fee515-26cbef2c-5c16ba6f,11.455,11.579,2356,2454,24,24,1.07,0.42,0,0,2663,3000,961,0,2879,2160
060cf092-fe76bdf7-19fee515-26cbef2c-5c16ba6f,11.596,11.718,2384,2435,24,24,1.07,0.42,0,0,2663,3000,961,0,2879,2160
060cf092-fe76bdf7-19fee515-26cbef2c-5c16ba6f,11.733,11.927,2365,2405,24,24,1.07,0.42,0,0,2663,3000,961,0,2879,2160
060cf092-fe76bdf7-19fee515-26cbef2c-5c16ba6f,12.011,12.177,2387,2705,24,24,1.07,0.42,0,0,2663,3000,961,0,2879,2160
060cf092-fe76bdf7-19fee515-26cbef2c-5c16ba6f,12.192,12.317,2390,2705,24,24,1.07,0.42,0,0,2663,3000,961,0,2879,2160
060cf092-fe76bdf7-19fee515-26cbef2c-5c16ba6f,12.415,12.582,833,2461,24,24,1.07,0.42,0,0,2663,3000,961,0,2879,2160
060cf092-fe76bdf7-19fee515-26cbef2c-5c16ba6f,12.612,12.735,853,2571,24,24,1.07,0.42,0,0,2663,3000,961,0,2879,2160
060cf092-fe76bdf7-19fee515-26cbef2c-5c16ba6f,12.791,12.93,819,2563,24,24,1.07,0.42,0,0,2663,3000,961,0,2879,2160
060cf092-fe76bdf7-19fee515-26cbef2c-5c16ba6f,12.944,13.068,841,2546,24,24,1.07,0.42,0,0,2663,3000,961,0,2879,2160
060cf092-fe76bdf7-19fee515-26cbef2c-5c16ba6f,13.096,13.25,752,2345,24,24,1.07,0.42,0,0,2663,3000,961,0,2879,2160
060cf092-fe76bdf7-19fee515-26cbef2c-5c16ba6f,13.264,13.612,754,2333,24,24,1.07,0.42,0,0,2663,3000,961,0,2879,2160
060cf092-fe76bdf7-19fee515-26cbef2c-5c16ba6f,13.626,13.765,756,2293,24,24,1.07,0.42,0,0,2663,3000,961,0,2879,2160
060cf092-fe76bdf7-19fee515-26cbef2c-5c16ba6f,13.932,14.072,715,2205,24,24,1.07,0.42,0,0,2663,3000,961,0,2879,2160
060cf092-fe76bdf7-19fee515-26cbef2c-5c16ba6f,14.09,14.364,724,2264,24,24,1.07,0.42,0,0,2663,3000,961,0,2879,2160
060cf092-fe76bdf7-19fee515-26cbef2c-5c16ba6f,14.433,14.893,551,2146,24,24,1.07,0.42,0,0,2663,3000,961,0,2879,2160
060cf092-fe76bdf7-19fee515-26cbef2c-5c16ba6f,14.949,15.186,547,1847,24,24,1.07,0.42,0,0,2663,3000,961,0,2879,2160
060cf092-fe76bdf7-19fee515-26cbef2c-5c16ba6f,15.199,15.311,575,1853,24,24,1.07,0.42,0,0,2663,3000,961,0,2879,2160
060cf092-fe76bdf7-19fee515-26cbef2c-5c16ba6f,15.366,15.575,542,2158,24,24,1.07,0.42,0,0,2663,3000,961,0,2879,2160
060cf092-fe76bdf7-19fee515-26cbef2c-5c16ba6f,15.603,15.756,593,2390,24,24,1.07,0.42,0,0,2663,3000,961,0,2879,2160
060cf092-fe76bdf7-19fee515-26cbef2c-5c16ba6f,15.784,15.897,755,2231,24,24,1.07,0.42,0,0,2663,3000,961,0,2879,2160
060cf092-fe76bdf7-19fee515-26cbef2c-5c16ba6f,16.035,16.23,931,2464,24,24,1.07,0.42,0,0,2663,3000,961,0,2879,2160
060cf092-fe76bdf7-19fee515-26cbef2c-5c16ba6f,16.314,16.481,888,2446,24,24,1.07,0.42,0,0,2663,3000,961,0,2879,2160
060cf092-fe76bdf7-19fee515-26cbef2c-5c16ba6f,16.592,16.773,782,2341,24,24,1.07,0.42,0,0,2663,3000,961,0,2879,2160
060cf092-fe76bdf7-19fee515-26cbef2c-5c16ba6f,16.787,16.912,802,2375,24,24,1.07,0.42,0,0,2663,3000,961,0,2879,2160
060cf092-fe76bdf7-19fee515-26cbef2c-5c16ba6f,16.982,17.135,797,2354,24,24,1.07,0.42,0,0,2663,3000,961,0,2879,2160
060cf092-fe76bdf7-19fee515-26cbef2c-5c16ba6f,17.149,17.33,792,2304,24,24,1.07,0.42,0,0,2663,3000,961,0,2879,2160
060cf092-fe76bdf7-19fee515-26cbef2c-5c16ba6f,17.344,17.525,791,2219,24,24,1.07,0.42,0,0,2663,3000,961,0,2879,2160
060cf092-fe76bdf7-19fee515-26cbef2c-5c16ba6f,17.567,17.734,783,2069,24,24,1.07,0.42,0,0,2663,3000,961,0,2879,2160
060cf092-fe76bdf7-19fee515-26cbef2c-5c16ba6f,17.748,17.9,722,2055,24,24,1.07,0.42,0,0,2663,3000,961,0,2879,2160
060cf092-fe76bdf7-19fee515-26cbef2c-5c16ba6f,17.984,18.346,751,1901,24,24,1.07,0.42,0,0,2663,3000,961,0,2879,2160
060cf092-fe76bdf7-19fee515-26cbef2c-5c16ba6f,18.416,18.598,694,1553,24,24,1.07,0.42,0,0,2663,3000,961,0,2879,2160
060cf092-fe76bdf7-19fee515-26cbef2c-5c16ba6f,18.612,19.001,649,1365,24,24,1.07,0.42,0,0,2663,3000,961,0,2879,2160
060cf092-fe76bdf7-19fee515-26cbef2c-5c16ba6f,19.044,19.32,640,1225,24,24,1.07,0.42,0,0,2663,3000,961,0,2879,2160
060cf092-fe76bdf7-19fee515-26cbef2c-5c16ba6f,19.348,19.598,759,1130,24,24,1.07,0.42,0,0,2663,3000,961,0,2879,2160
060cf092-fe76bdf7-19fee515-26cbef2c-5c16ba6f,19.682,20.003,561,977,24,24,1.07,0.42,0,0,2663,3000,961,0,2879,2160
060cf092-fe76bdf7-19fee515-26cbef2c-5c16ba6f,20.072,20.267,670,875,24,24,1.07,0.42,0,0,2663,3000,961,0,2879,2160
060cf092-fe76bdf7-19fee515-26cbef2c-5c16ba6f,20.323,20.659,907,873,24,24,1.07,0.42,0,0,2663,3000,961,0,2879,2160
060cf092-fe76bdf7-19fee515-26cbef2c-5c16ba6f,20.922,21.116,818,2305,24,24,1.07,0.42,0,0,2663,3000,961,0,2879,2160
060cf092-fe76bdf7-19fee515-26cbef2c-5c16ba6f,21.133,21.242,802,2295,24,24,1.07,0.42,0,0,2663,3000,961,0,2879,2160
060cf092-fe76bdf7-19fee515-26cbef2c-5c16ba6f,21.34,21.478,846,2413,24,24,1.07,0.42,0,0,2663,3000,961,0,2879,2160
060cf092-fe76bdf7-19fee515-26cbef2c-5c16ba6f,21.604,22.077,868,2403,24,24,1.07,0.42,0,0,2663,3000,961,0,2879,2160
060cf092-fe76bdf7-19fee515-26cbef2c-5c16ba6f,22.091,22.259,861,2423,24,24,1.07,0.42,0,0,2663,3000,961,0,2879,2160
060cf092-fe76bdf7-19fee515-26cbef2c-5c16ba6f,22.274,22.467,885,2490,24,24,1.07,0.42,0,0,2663,3000,961,0,2879,2160
060cf092-fe76bdf7-19fee515-26cbef2c-5c16ba6f,22.495,22.648,781,2197,24,24,1.07,0.42,0,0,2663,3000,961,0,2879,2160
060cf092-fe76bdf7-19fee515-26cbef2c-5c16ba6f,22.663,22.858,804,2265,24,24,1.07,0.42,0,0,2663,3000,961,0,2879,2160
060cf092-fe76bdf7-19fee515-26cbef2c-5c16ba6f,22.913,23.163,742,1774,24,24,1.07,0.42,0,0,2663,3000,961,0,2879,2160
060cf092-fe76bdf7-19fee515-26cbef2c-5c16ba6f,23.178,23.303,583,1651,24,24,1.07,0.42,0,0,2663,3000,961,0,2879,2160
060cf092-fe76bdf7-19fee515-26cbef2c-5c16ba6f,23.373,23.581,838,2383,24,24,1.07,0.42,0,0,2663,3000,961,0,2879,2160
060cf092-fe76bdf7-19fee515-26cbef2c-5c16ba6f,23.65,23.888,727,2254,24,24,1.07,0.42,0,0,2663,3000,961,0,2879,2160
060cf092-fe76bdf7-19fee515-26cbef2c-5c16ba6f,23.93,24.083,613,2112,24,24,1.07,0.42,0,0,2663,3000,961,0,2879,2160
060cf092-fe76bdf7-19fee515-26cbef2c-5c16ba6f,24.096,24.236,618,2063,24,24,1.07,0.42,0,0,2663,3000,961,0,2879,2160
060cf092-fe76bdf7-19fee515-26cbef2c-5c16ba6f,24.264,24.404,575,1756,24,24,1.07,0.42,0,0,2663,3000,961,0,2879,2160
060cf092-fe76bdf7-19fee515-26cbef2c-5c16ba6f,24.416,24.556,579,1725,24,24,1.07,0.42,0,0,2663,3000,961,0,2879,2160
060cf092-fe76bdf7-19fee515-26cbef2c-5c16ba6f,24.57,24.737,563,1631,24,24,1.07,0.42,0,0,2663,3000,961,0,2879,2160
060cf092-fe76bdf7-19fee515-26cbef2c-5c16ba6f,24.779,25.084,464,1351,24,24,1.07,0.42,0,0,2663,3000,961,0,2879,2160
060cf092-fe76bdf7-19fee515-26cbef2c-5c16ba6f,25.099,25.294,540,1600,24,24,1.07,0.42,0,0,2663,3000,961,0,2879,2160
060cf092-fe76bdf7-19fee515-26cbef2c-5c16ba6f,25.307,25.489,548,1578,24,24,1.07,0.42,0,0,2663,3000,961,0,2879,2160
060cf092-fe76bdf7-19fee515-26cbef2c-5c16ba6f,25.53,25.725,424,1172,24,24,1.07,0.42,0,0,2663,3000,961,0,2879,2160
060cf092-fe76bdf7-19fee515-26cbef2c-5c16ba6f,25.781,25.92,364,889,24,24,1.07,0.42,0,0,2663,3000,961,0,2879,2160
060cf092-fe76bdf7-19fee515-26cbef2c-5c16ba6f,25.948,26.212,339,1039,24,24,1.07,0.42,0,0,2663,3000,961,0,2879,2160
060cf092-fe76bdf7-19fee515-26cbef2c-5c16ba6f,26.254,26.435,545,812,24,24,1.07,0.42,0,0,2663,3000,961,0,2879,2160
060cf092-fe76bdf7-19fee515-26cbef2c-5c16ba6f,26.741,26.853,1858,2506,24,24,1.07,0.42,0,0,2663,3000,961,0,2879,2160
060cf092-fe76bdf7-19fee515-26cbef2c-5c16ba6f,26.923,27.077,1865,2509,24,24,1.07,0.42,0,0,2663,3000,961,0,2879,2160
060cf092-fe76bdf7-19fee515-26cbef2c-5c16ba6f,27.159,27.271,1970,2476,24,24,1.07,0.42,0,0,2663,3000,961,0,2879,2160
060cf092-fe76bdf7-19fee515-26cbef2c-5c16ba6f,27.284,27.396,1910,2439,24,24,1.07,0.42,0,0,2663,3000,961,0,2879,2160
060cf092-fe76bdf7-19fee515-26cbef2c-5c16ba6f,27.41,27.646,1882,2394,24,24,1.07,0.42,0,0,2663,3000,961,0,2879,2160
060cf092-fe76bdf7-19fee515-26cbef2c-5c16ba6f,27.661,27.855,1838,2350,24,24,1.07,0.42,0,0,2663,3000,961,0,2879,2160
060cf092-fe76bdf7-19fee515-26cbef2c-5c16ba6f,27.869,28.133,1816,2278,24,24,1.07,0.42,0,0,2663,3000,961,0,2879,2160
060cf092-fe76bdf7-19fee515-26cbef2c-5c16ba6f,28.147,28.328,1864,2270,24,24,1.07,0.42,0,0,2663,3000,961,0,2879,2160
060cf092-fe76bdf7-19fee515-26cbef2c-5c16ba6f,28.357,28.523,1818,2428,24,24,1.07,0.42,0,0,2663,3000,961,0,2879,2160
060cf092-fe76bdf7-19fee515-26cbef2c-5c16ba6f,28.566,28.829,1814,2559,24,24,1.07,0.42,0,0,2663,3000,961,0,2879,2160
060cf092-fe76bdf7-19fee515-26cbef2c-5c16ba6f,28.955,29.108,1877,2295,24,24,1.07,0.42,0,0,2663,3000,961,0,2879,2160
060cf092-fe76bdf7-19fee515-26cbef2c-5c16ba6f,29.122,29.261,1889,2287,24,24,1.07,0.42,0,0,2663,3000,961,0,2879,2160
060cf092-fe76bdf7-19fee515-26cbef2c-5c16ba6f,29.275,29.486,1876,2277,24,24,1.07,0.42,0,0,2663,3000,961,0,2879,2160
060cf092-fe76bdf7-19fee515-26cbef2c-5c16ba6f,29.498,29.723,1847,2162,24,24,1.07,0.42,0,0,2663,3000,961,0,2879,2160
060cf092-fe76bdf7-19fee515-26cbef2c-5c16ba6f,29.859,30.054,1955,2117,24,24,1.07,0.42,0,0,2663,3000,961,0,2879,2160
060cf092-fe76bdf7-19fee515-26cbef2c-5c16ba6f,30.124,30.264,1983,1900,24,24,1.07,0.42,0,0,2663,3000,961,0,2879,2160
060cf092-fe76bdf7-19fee515-26cbef2c-5c16ba6f,30.39,30.514,1971,1828,24,24,1.07,0.42,0,0,2663,3000,961,0,2879,2160
060cf092-fe76bdf7-19fee515-26cbef2c-5c16ba6f,30.569,30.82,2031,2057,24,24,1.07,0.42,0,0,2663,3000,961,0,2879,2160
060cf092-fe76bdf7-19fee515-26cbef2c-5c16ba6f,30.834,31.07,1923,2050,24,24,1.07,0.42,0,0,2663,3000,961,0,2879,2160
060cf092-fe76bdf7-19fee515-26cbef2c-5c16ba6f,31.112,31.251,1981,1917,24,24,1.07,0.42,0,0,2663,3000,961,0,2879,2160
060cf092-fe76bdf7-19fee515-26cbef2c-5c16ba6f,31.293,31.476,1981,1637,24,24,1.07,0.42,0,0,2663,3000,961,0,2879,2160
060cf092-fe76bdf7-19fee515-26cbef2c-5c16ba6f,31.516,31.672,1929,1117,24,24,1.07,0.42,0,0,2663,3000,961,0,2879,2160
060cf092-fe76bdf7-19fee515-26cbef2c-5c16ba6f,31.683,31.822,1902,1108,24,24,1.07,0.42,0,0,2663,3000,961,0,2879,2160
060cf092-fe76bdf7-19fee515-26cbef2c-5c16ba6f,31.976,32.105,1808,2456,24,24,1.07,0.42,0,0,2663,3000,961,0,2879,2160
060cf092-fe76bdf7-19fee515-26cbef2c-5c16ba6f,32.118,32.309,1822,2441,24,24,1.07,0.42,0,0,2663,3000,961,0,2879,2160
060cf092-fe76bdf7-19fee515-26cbef2c-5c16ba6f,32.435,32.56,1873,2432,24,24,1.07,0.42,0,0,2663,3000,961,0,2879,2160
060cf092-fe76bdf7-19fee515-26cbef2c-5c16ba6f,32.588,32.866,1971,2078,24,24,1.07,0.42,0,0,2663,3000,961,0,2879,2160
060cf092-fe76bdf7-19fee515-26cbef2c-5c16ba6f,32.978,33.187,2026,1866,24,24,1.07,0.42,0,0,2663,3000,961,0,2879,2160
060cf092-fe76bdf7-19fee515-26cbef2c-5c16ba6f,33.243,33.437,1984,1597,24,24,1.07,0.42,0,0,2663,3000,961,0,2879,2160
060cf092-fe76bdf7-19fee515-26cbef2c-5c16ba6f,33.493,33.771,1980,1234,24,24,1.07,0.42,0,0,2663,3000,961,0,2879,2160
060cf092-fe76bdf7-19fee515-26cbef2c-5c16ba6f,33.785,33.91,1839,1147,24,24,1.07,0.42,0,0,2663,3000,961,0,2879,2160
060cf092-fe76bdf7-19fee515-26cbef2c-5c16ba6f,33.952,34.216,2082,1457,24,24,1.07,0.42,0,0,2663,3000,961,0,2879,2160
060cf092-fe76bdf7-19fee515-26cbef2c-5c16ba6f,34.244,34.425,2044,1396,24,24,1.07,0.42,0,0,2663,3000,961,0,2879,2160
060cf092-fe76bdf7-19fee515-26cbef2c-5c16ba6f,34.508,34.676,1810,959,24,24,1.07,0.42,0,0,2663,3000,961,0,2879,2160
060cf092-fe76bdf7-19fee515-26cbef2c-5c16ba6f,34.731,35.051,1724,768,24,24,1.07,0.42,0,0,2663,3000,961,0,2879,2160
060cf092-fe76bdf7-19fee515-26cbef2c-5c16ba6f,35.065,35.178,1874,665,24,24,1.07,0.42,0,0,2663,3000,961,0,2879,2160
060cf092-fe76bdf7-19fee515-26cbef2c-5c16ba6f,35.288,35.401,2239,2164,24,24,1.07,0.42,0,0,2663,3000,961,0,2879,2160
060cf092-fe76bdf7-19fee515-26cbef2c-5c16ba6f,35.567,35.693,2333,2347,24,24,1.07,0.42,0,0,2663,3000,961,0,2879,2160
060cf092-fe76bdf7-19fee515-26cbef2c-5c16ba6f,35.706,35.831,2271,2325,24,24,1.07,0.42,0,0,2663,3000,961,0,2879,2160
060cf092-fe76bdf7-19fee515-26cbef2c-5c16ba6f,35.859,36.012,1807,2027,24,24,1.07,0.42,0,0,2663,3000,961,0,2879,2160
060cf092-fe76bdf7-19fee515-26cbef2c-5c16ba6f,36.068,36.179,1255,2105,24,24,1.07,0.42,0,0,2663,3000,961,0,2879,2160
060cf092-fe76bdf7-19fee515-26cbef2c-5c16ba6f,36.472,36.597,1280,2236,24,24,1.07,0.42,0,0,2663,3000,961,0,2879,2160
060cf092-fe76bdf7-19fee515-26cbef2c-5c16ba6f,36.61,36.739,1304,2233,24,24,1.07,0.42,0,0,2663,3000,961,0,2879,2160
060cf092-fe76bdf7-19fee515-26cbef2c-5c16ba6f,36.822,36.932,1178,1611,24,24,1.07,0.42,0,0,2663,3000,961,0,2879,2160
060cf092-fe76bdf7-19fee515-26cbef2c-5c16ba6f,36.946,37.073,1174,1639,24,24,1.07,0.42,0,0,2663,3000,961,0,2879,2160
060cf092-fe76bdf7-19fee515-26cbef2c-5c16ba6f,37.112,37.322,1204,1921,24,24,1.07,0.42,0,0,2663,3000,961,0,2879,2160
060cf092-fe76bdf7-19fee515-26cbef2c-5c16ba6f,37.379,37.614,1075,2306,24,24,1.07,0.42,0,0,2663,3000,961,0,2879,2160
060cf092-fe76bdf7-19fee515-26cbef2c-5c16ba6f,37.627,37.739,1094,2320,24,24,1.07,0.42,0,0,2663,3000,961,0,2879,2160
060cf092-fe76bdf7-19fee515-26cbef2c-5c16ba6f,37.752,37.921,1126,2346,24,24,1.07,0.42,0,0,2663,3000,961,0,2879,2160
060cf092-fe76bdf7-19fee515-26cbef2c-5c16ba6f,37.947,38.184,1311,2179,24,24,1.07,0.42,0,0,2663,3000,961,0,2879,2160
060cf092-fe76bdf7-19fee515-26cbef2c-5c16ba6f,38.283,38.491,1241,1865,24,24,1.07,0.42,0,0,2663,3000,961,0,2879,2160
060cf092-fe76bdf7-19fee515-26cbef2c-5c16ba6f,38.505,38.674,1231,1598,24,24,1.07,0.42,0,0,2663,3000,961,0,2879,2160
060cf092-fe76bdf7-19fee515-26cbef2c-5c16ba6f,38.688,38.84,1230,1562,24,24,1.07,0.42,0,0,2663,3000,961,0,2879,2160
060cf092-fe76bdf7-19fee515-26cbef2c-5c16ba6f,38.879,39.09,1157,1182,24,24,1.07,0.42,0,0,2663,3000,961,0,2879,2160
060cf092-fe76bdf7-19fee515-26cbef2c-5c16ba6f,39.145,39.355,797,1141,24,24,1.07,0.42,0,0,2663,3000,961,0,2879,2160
060cf092-fe76bdf7-19fee515-26cbef2c-5c16ba6f,39.427,39.771,1350,1167,24,24,1.07,0.42,0,0,2663,3000,961,0,2879,2160
060cf092-fe76bdf7-19fee515-26cbef2c-5c16ba6f,39.812,39.937,1324,1004,24,24,1.07,0.42,0,0,2663,3000,961,0,2879,2160
060cf092-fe76bdf7-19fee515-26cbef2c-5c16ba6f,40.023,40.161,958,1018,24,24,1.07,0.42,0,0,2663,3000,961,0,2879,2160
060cf092-fe76bdf7-19fee515-26cbef2c-5c16ba6f,40.634,40.76,355,709,24,24,1.07,0.42,0,0,2663,3000,961,0,2879,2160
060cf092-fe76bdf7-19fee515-26cbef2c-5c16ba6f,41.622,41.761,835,828,24,24,1.07,0.42,0,0,2663,3000,961,0,2879,2160
060cf092-fe76bdf7-19fee515-26cbef2c-5c16ba6f,41.874,42.054,1044,1229,24,24,1.07,0.42,0,0,2663,3000,961,0,2879,2160
060cf092-fe76bdf7-19fee515-26cbef2c-5c16ba6f,42.291,42.595,854,998,24,24,1.07,0.42,0,0,2663,3000,961,0,2879,2160
060cf092-fe76bdf7-19fee515-26cbef2c-5c16ba6f,42.669,43.055,1348,790,24,24,1.07,0.42,0,0,2663,3000,961,0,2879,2160
060cf092-fe76bdf7-19fee515-26cbef2c-5c16ba6f,43.082,43.237,1034,788,24,24,1.07,0.42,0,0,2663,3000,961,0,2879,2160
060cf092-fe76bdf7-19fee515-26cbef2c-5c16ba6f,43.266,43.391,728,927,24,24,1.07,0.42,0,0,2663,3000,961,0,2879,2160
060cf092-fe76bdf7-19fee515-26cbef2c-5c16ba6f,43.793,43.945,822,2135,24,24,1.07,0.42,0,0,2663,3000,961,0,2879,2160
060cf092-fe76bdf7-19fee515-26cbef2c-5c16ba6f,44.224,44.365,1658,1962,24,24,1.07,0.42,0,0,2663,3000,961,0,2879,2160
060cf092-fe76bdf7-19fee515-26cbef2c-5c16ba6f,44.572,44.683,489,1544,24,24,1.07,0.42,0,0,2663,3000,961,0,2879,2160
060cf092-fe76bdf7-19fee515-26cbef2c-5c16ba6f,44.851,45.031,861,2154,24,24,1.07,0.42,0,0,2663,3000,961,0,2879,2160
060cf092-fe76bdf7-19fee515-26cbef2c-5c16ba6f,45.045,45.157,840,2120,24,24,1.07,0.42,0,0,2663,3000,961,0,2879,2160
060cf092-fe76bdf7-19fee515-26cbef2c-5c16ba6f,45.435,45.59,1670,2086,24,24,1.07,0.42,0,0,2663,3000,961,0,2879,2160
060cf092-fe76bdf7-19fee515-26cbef2c-5c16ba6f,45.661,45.856,862,2258,24,24,1.07,0.42,0,0,2663,3000,961,0,2879,2160
060cf092-fe76bdf7-19fee515-26cbef2c-5c16ba6f,45.867,45.978,905,2331,24,24,1.07,0.42,0,0,2663,3000,961,0,2879,2160
060cf092-fe76bdf7-19fee515-26cbef2c-5c16ba6f,46.104,46.229,683,2106,24,24,1.07,0.42,0,0,2663,3000,961,0,2879,2160
060cf092-fe76bdf7-19fee515-26cbef2c-5c16ba6f,46.243,46.482,668,2103,24,24,1.07,0.42,0,0,2663,3000,961,0,2879,2160
060cf092-fe76bdf7-19fee515-26cbef2c-5c16ba6f,46.535,46.689,1673,2175,24,24,1.07,0.42,0,0,2663,3000,961,0,2879,2160
060cf092-fe76bdf7-19fee515-26cbef2c-5c16ba6f,46.702,47.023,1643,2154,24,24,1.07,0.42,0,0,2663,3000,961,0,2879,2160
060cf092-fe76bdf7-19fee515-26cbef2c-5c16ba6f,47.092,47.259,1128,1746,24,24,1.07,0.42,0,0,2663,3000,961,0,2879,2160
060cf092-fe76bdf7-19fee515-26cbef2c-5c16ba6f,47.273,47.441,1122,1755,24,24,1.07,0.42,0,0,2663,3000,961,0,2879,2160
060cf092-fe76bdf7-19fee515-26cbef2c-5c16ba6f,47.581,47.718,1668,1480,24,24,1.07,0.42,0,0,2663,3000,961,0,2879,2160
060cf092-fe76bdf7-19fee515-26cbef2c-5c16ba6f,47.746,47.899,1633,1488,24,24,1.07,0.42,0,0,2663,3000,961,0,2879,2160
060cf092-fe76bdf7-19fee515-26cbef2c-5c16ba6f,47.983,48.094,816,1393,24,24,1.07,0.42,0,0,2663,3000,961,0,2879,2160
060cf092-fe76bdf7-19fee515-26cbef2c-5c16ba6f,48.192,48.512,731,1922,24,24,1.07,0.42,0,0,2663,3000,961,0,2879,2160
060cf092-fe76bdf7-19fee515-26cbef2c-5c16ba6f,48.526,48.639,748,1901,24,24,1.07,0.42,0,0,2663,3000,961,0,2879,2160
060cf092-fe76bdf7-19fee515-26cbef2c-5c16ba6f,48.682,48.986,593,1253,24,24,1.07,0.42,0,0,2663,3000,961,0,2879,2160
060cf092-fe76bdf7-19fee515-26cbef2c-5c16ba6f,49.042,49.377,741,1088,24,24,1.07,0.42,0,0,2663,3000,961,0,2879,2160
060cf092-fe76bdf7-19fee515-26cbef2c-5c16ba6f,49.557,49.726,506,1037,24,24,1.07,0.42,0,0,2663,3000,961,0,2879,2160
060cf092-fe76bdf7-19fee515-26cbef2c-5c16ba6f,49.904,50.141,332,1040,24,24,1.07,0.42,0,0,2663,3000,961,0,2879,2160
060cf092-fe76bdf7-19fee515-26cbef2c-5c16ba6f,50.322,50.463,1387,1203,24,24,1.07,0.42,0,0,2663,3000,961,0,2879,2160
060cf092-fe76bdf7-19fee515-26cbef2c-5c16ba6f,50.783,50.936,648,682,24,24,1.07,0.42,0,0,2663,3000,961,0,2879,2160
060cf092-fe76bdf7-19fee515-26cbef2c-5c16ba6f,50.95,51.06,681,699,24,24,1.07,0.42,0,0,2663,3000,961,0,2879,2160
060cf092-fe76bdf7-19fee515-26cbef2c-5c16ba6f,51.129,51.268,1734,1284,24,24,1.07,0.42,0,0,2663,3000,961,0,2879,2160
060cf092-fe76bdf7-19fee515-26cbef2c-5c16ba6f,51.282,51.421,1722,1255,24,24,1.07,0.42,0,0,2663,3000,961,0,2879,2160
060cf092-fe76bdf7-19fee515-26cbef2c-5c16ba6f,51.505,51.63,1899,1890,24,24,1.07,0.42,0,0,2663,3000,961,0,2879,2160
060cf092-fe76bdf7-19fee515-26cbef2c-5c16ba6f,51.727,51.95,1900,2079,24,24,1.07,0.42,0,0,2663,3000,961,0,2879,2160
060cf092-fe76bdf7-19fee515-26cbef2c-5c16ba6f,52.034,52.257,1838,2145,24,24,1.07,0.42,0,0,2663,3000,961,0,2879,2160
060cf092-fe76bdf7-19fee515-26cbef2c-5c16ba6f,52.284,52.632,1999,1968,24,24,1.07,0.42,0,0,2663,3000,961,0,2879,2160
060cf092-fe76bdf7-19fee515-26cbef2c-5c16ba6f,52.744,52.926,1810,593,24,24,1.07,0.42,0,0,2663,3000,961,0,2879,2160
060cf092-fe76bdf7-19fee515-26cbef2c-5c16ba6f,53.036,53.343,1190,916,24,24,1.07,0.42,0,0,2663,3000,961,0,2879,2160
060cf092-fe76bdf7-19fee515-26cbef2c-5c16ba6f,53.44,53.592,1028,1136,24,24,1.07,0.42,0,0,2663,3000,961,0,2879,2160
060cf092-fe76bdf7-19fee515-26cbef2c-5c16ba6f,53.62,53.76,759,1081,24,24,1.07,0.42,0,0,2663,3000,961,0,2879,2160
060cf092-fe76bdf7-19fee515-26cbef2c-5c16ba6f,53.888,54.024,1262,1098,24,24,1.07,0.42,0,0,2663,3000,961,0,2879,2160
060cf092-fe76bdf7-19fee515-26cbef2c-5c16ba6f,54.038,54.205,1259,1117,24,24,1.07,0.42,0,0,2663,3000,961,0,2879,2160
060cf092-fe76bdf7-19fee515-26cbef2c-5c16ba6f,54.319,54.553,810,954,24,24,1.07,0.42,0,0,2663,3000,961,0,2879,2160
060cf092-fe76bdf7-19fee515-26cbef2c-5c16ba6f,54.665,54.834,703,715,24,24,1.07,0.42,0,0,2663,3000,961,0,2879,2160
060cf092-fe76bdf7-19fee515-26cbef2c-5c16ba6f,54.915,55.041,1768,406,24,24,1.07,0.42,0,0,2663,3000,961,0,2879,2160
060cf092-fe76bdf7-19fee515-26cbef2c-5c16ba6f,55.055,55.239,1770,417,24,24,1.07,0.42,0,0,2663,3000,961,0,2879,2160
060cf092-fe76bdf7-19fee515-26cbef2c-5c16ba6f,55.291,55.431,647,541,24,24,1.07,0.42,0,0,2663,3000,961,0,2879,2160
060cf092-fe76bdf7-19fee515-26cbef2c-5c16ba6f,55.499,55.613,706,562,24,24,1.07,0.42,0,0,2663,3000,961,0,2879,2160
060cf092-fe76bdf7-19fee515-26cbef2c-5c16ba6f,55.63,55.908,727,544,24,24,1.07,0.42,0,0,2663,3000,961,0,2879,2160
060cf092-fe76bdf7-19fee515-26cbef2c-5c16ba6f,55.922,56.172,744,572,24,24,1.07,0.42,0,0,2663,3000,961,0,2879,2160
060cf092-fe76bdf7-19fee515-26cbef2c-5c16ba6f,56.3,56.401,1803,422,24,24,1.07,0.42,0,0,2663,3000,961,0,2879,2160
060cf092-fe76bdf7-19fee515-26cbef2c-5c16ba6f,56.524,56.627,1745,498,24,24,1.07,0.42,0,0,2663,3000,961,0,2879,2160
060cf092-fe76bdf7-19fee515-26cbef2c-5c16ba6f,56.765,56.977,936,507,24,24,1.07,0.42,0,0,2663,3000,961,0,2879,2160
060cf092-fe76bdf7-19fee515-26cbef2c-5c16ba6f,56.991,57.157,940,494,24,24,1.07,0.42,0,0,2663,3000,961,0,2879,2160
060cf092-fe76bdf7-19fee515-26cbef2c-5c16ba6f,57.17,57.365,951,460,24,24,1.07,0.42,0,0,2663,3000,961,0,2879,2160
060cf092-fe76bdf7-19fee515-26cbef2c-5c16ba6f,57.422,57.592,641,664,24,24,1.07,0.42,0,0,2663,3000,961,0,2879,2160
060cf092-fe76bdf7-19fee515-26cbef2c-5c16ba6f,57.606,57.793,625,679,24,24,1.07,0.42,0,0,2663,3000,961,0,2879,2160
060cf092-fe76bdf7-19fee515-26cbef2c-5c16ba6f,57.813,58.031,448,697,24,24,1.07,0.42,0,0,2663,3000,961,0,2879,2160
060cf092-fe76bdf7-19fee515-26cbef2c-5c16ba6f,58.045,58.602,478,691,24,24,1.07,0.42,0,0,2663,3000,961,0,2879,2160
060cf092-fe76bdf7-19fee515-26cbef2c-5c16ba6f,58.625,58.775,426,695,24,24,1.07,0.42,0,0,2663,3000,961,0,2879,2160
060cf092-fe76bdf7-19fee515-26cbef2c-5c16ba6f,58.943,59.063,459,853,24,24,1.07,0.42,0,0,2663,3000,961,0,2879,2160
060cf092-fe76bdf7-19fee515-26cbef2c-5c16ba6f,59.241,59.415,1333,675,24,24,1.07,0.42,0,0,2663,3000,961,0,2879,2160
060cf092-fe76bdf7-19fee515-26cbef2c-5c16ba6f,59.535,59.672,1271,654,24,24,1.07,0.42,0,0,2663,3000,961,0,2879,2160
060cf092-fe76bdf7-19fee515-26cbef2c-5c16ba6f,59.755,59.901,833,657,24,24,1.07,0.42,0,0,2663,3000,961,0,2879,2160
060cf092-fe76bdf7-19fee515-26cbef2c-5c16ba6f,59.915,60.053,858,632,24,24,1.07,0.42,0,0,2663,3000,961,0,2879,2160
060cf092-fe76bdf7-19fee515-26cbef2c-5c16ba6f,60.162,60.33,1115,398,24,24,1.07,0.42,0,0,2663,3000,961,0,2879,2160
060cf092-fe76bdf7-19fee515-26cbef2c-5c16ba6f,60.543,60.667,699,514,24,24,1.07,0.42,0,0,2663,3000,961,0,2879,2160
060cf092-fe76bdf7-19fee515-26cbef2c-5c16ba6f,61.167,61.292,977,615,24,24,1.07,0.42,0,0,2663,3000,961,0,2879,2160
060cf092-fe76bdf7-19fee515-26cbef2c-5c16ba6f,61.307,61.532,985,647,24,24,1.07,0.42,0,0,2663,3000,961,0,2879,2160
060cf092-fe76bdf7-19fee515-26cbef2c-5c16ba6f,61.553,61.71,961,569,24,24,1.07,0.42,0,0,2663,3000,961,0,2879,2160
060cf092-fe76bdf7-19fee515-26cbef2c-5c16ba6f,61.831,61.94,796,455,24,24,1.07,0.42,0,0,2663,3000,961,0,2879,2160
060cf092-fe76bdf7-19fee515-26cbef2c-5c16ba6f,62.187,62.35,1516,442,24,24,1.07,0.42,0,0,2663,3000,961,0,2879,2160
060cf092-fe76bdf7-19fee515-26cbef2c-5c16ba6f,62.364,62.476,1492,469,24,24,1.07,0.42,0,0,2663,3000,961,0,2879,2160
060cf092-fe76bdf7-19fee515-26cbef2c-5c16ba6f,62.64,62.763,950,385,24,24,1.07,0.42,0,0,2663,3000,961,0,2879,2160
060cf092-fe76bdf7-19fee515-26cbef2c-5c16ba6f,62.891,63.026,781,465,24,24,1.07,0.42,0,0,2663,3000,961,0,2879,2160
060cf092-fe76bdf7-19fee515-26cbef2c-5c16ba6f,63.044,63.163,771,478,24,24,1.07,0.42,0,0,2663,3000,961,0,2879,2160
060cf092-fe76bdf7-19fee515-26cbef2c-5c16ba6f,63.176,63.323,800,455,24,24,1.07,0.42,0,0,2663,3000,961,0,2879,2160
060cf092-fe76bdf7-19fee515-26cbef2c-5c16ba6f,63.45,63.591,1585,504,24,24,1.07,0.42,0,0,2663,3000,961,0,2879,2160
060cf092-fe76bdf7-19fee515-26cbef2c-5c16ba6f,63.674,63.899,1130,487,24,24,1.07,0.42,0,0,2663,3000,961,0,2879,2160
060cf092-fe76bdf7-19fee515-26cbef2c-5c16ba6f,63.911,64.053,1153,489,24,24,1.07,0.42,0,0,2663,3000,961,0,2879,2160
060cf092-fe76bdf7-19fee515-26cbef2c-5c16ba6f,64.065,64.246,1180,519,24,24,1.07,0.42,0,0,2663,3000,961,0,2879,2160
060cf092-fe76bdf7-19fee515-26cbef2c-5c16ba6f,64.288,64.413,1254,631,24,24,1.07,0.42,0,0,2663,3000,961,0,2879,2160
060cf092-fe76bdf7-19fee515-26cbef2c-5c16ba6f,64.455,64.61,1327,654,24,24,1.07,0.42,0,0,2663,3000,961,0,2879,2160
060cf092-fe76bdf7-19fee515-26cbef2c-5c16ba6f,64.706,64.862,934,602,24,24,1.07,0.42,0,0,2663,3000,961,0,2879,2160
060cf092-fe76bdf7-19fee515-26cbef2c-5c16ba6f,64.943,65.083,599,527,24,24,1.07,0.42,0,0,2663,3000,961,0,2879,2160
060cf092-fe76bdf7-19fee515-26cbef2c-5c16ba6f,65.111,65.25,643,845,24,24,1.07,0.42,0,0,2663,3000,961,0,2879,2160
060cf092-fe76bdf7-19fee515-26cbef2c-5c16ba6f,65.264,65.447,630,844,24,24,1.07,0.42,0,0,2663,3000,961,0,2879,2160
060cf092-fe76bdf7-19fee515-26cbef2c-5c16ba6f,65.489,65.612,392,839,24,24,1.07,0.42,0,0,2663,3000,961,0,2879,2160
060cf092-fe76bdf7-19fee515-26cbef2c-5c16ba6f,65.78,65.961,568,862,24,24,1.07,0.42,0,0,2663,3000,961,0,2879,2160
060cf092-fe76bdf7-19fee515-26cbef2c-5c16ba6f,65.976,66.102,578,857,24,24,1.07,0.42,0,0,2663,3000,961,0,2879,2160
060cf092-fe76bdf7-19fee515-26cbef2c-5c16ba6f,66.129,66.477,715,844,24,24,1.07,0.42,0,0,2663,3000,961,0,2879,2160
060cf092-fe76bdf7-19fee515-26cbef2c-5c16ba6f,66.524,66.84,973,727,24,24,1.07,0.42,0,0,2663,3000,961,0,2879,2160
060cf092-fe76bdf7-19fee515-26cbef2c-5c16ba6f,66.966,67.092,645,606,24,24,1.07,0.42,0,0,2663,3000,961,0,2879,2160
060cf092-fe76bdf7-19fee515-26cbef2c-5c16ba6f,67.133,67.327,724,956,24,24,1.07,0.42,0,0,2663,3000,961,0,2879,2160
060cf092-fe76bdf7-19fee515-26cbef2c-5c16ba6f,67.356,67.469,951,1038,24,24,1.07,0.42,0,0,2663,3000,961,0,2879,2160
060cf092-fe76bdf7-19fee515-26cbef2c-5c16ba6f,67.485,67.772,962,1038,24,24,1.07,0.42,0,0,2663,3000,961,0,2879,2160
060cf092-fe76bdf7-19fee515-26cbef2c-5c16ba6f,67.788,68.024,910,1082,24,24,1.07,0.42,0,0,2663,3000,961,0,2879,2160
060cf092-fe76bdf7-19fee515-26cbef2c-5c16ba6f,68.038,68.206,912,1081,24,24,1.07,0.42,0,0,2663,3000,961,0,2879,2160
060cf092-fe76bdf7-19fee515-26cbef2c-5c16ba6f,68.219,68.427,932,1067,24,24,1.07,0.42,0,0,2663,3000,961,0,2879,2160
060cf092-fe76bdf7-19fee515-26cbef2c-5c16ba6f,68.441,68.68,921,1094,24,24,1.07,0.42,0,0,2663,3000,961,0,2879,2160
060cf092-fe76bdf7-19fee515-26cbef2c-5c16ba6f,68.692,68.901,909,1061,24,24,1.07,0.42,0,0,2663,3000,961,0,2879,2160
060cf092-fe76bdf7-19fee515-26cbef2c-5c16ba6f,69.012,69.223,865,1043,24,24,1.07,0.42,0,0,2663,3000,961,0,2879,2160
060cf092-fe76bdf7-19fee515-26cbef2c-5c16ba6f,69.346,69.584,980,997,24,24,1.07,0.42,0,0,2663,3000,961,0,2879,2160
060cf092-fe76bdf7-19fee515-26cbef2c-5c16ba6f,69.625,69.739,899,992,24,24,1.07,0.42,0,0,2663,3000,961,0,2879,2160
060cf092-fe76bdf7-19fee515-26cbef2c-5c16ba6f,69.903,70.057,739,1082,24,24,1.07,0.42,0,0,2663,3000,961,0,2879,2160
060cf092-fe76bdf7-19fee515-26cbef2c-5c16ba6f,70.099,70.255,748,1078,24,24,1.07,0.42,0,0,2663,3000,961,0,2879,2160
060cf092-fe76bdf7-19fee515-26cbef2c-5c16ba6f,70.266,70.489,762,1091,24,24,1.07,0.42,0,0,2663,3000,961,0,2879,2160
060cf092-fe76bdf7-19fee515-26cbef2c-5c16ba6f,70.615,70.781,791,1105,24,24,1.07,0.42,0,0,2663,3000,961,0,2879,2160
060cf092-fe76bdf7-19fee515-26cbef2c-5c16ba6f,70.795,70.95,780,1073,24,24,1.07,0.42,0,0,2663,3000,961,0,2879,2160
060cf092-fe76bdf7-19fee515-26cbef2c-5c16ba6f,70.962,71.074,565,1248,24,24,1.07,0.42,0,0,2663,3000,961,0,2879,2160
060cf092-fe76bdf7-19fee515-26cbef2c-5c16ba6f,71.129,71.479,785,1673,24,24,1.07,0.42,0,0,2663,3000,961,0,2879,2160
060cf092-fe76bdf7-19fee515-26cbef2c-5c16ba6f,71.493,71.673,794,1622,24,24,1.07,0.42,0,0,2663,3000,961,0,2879,2160
060cf092-fe76bdf7-19fee515-26cbef2c-5c16ba6f,71.798,71.965,531,875,24,24,1.07,0.42,0,0,2663,3000,961,0,2879,2160
060cf092-fe76bdf7-19fee515-26cbef2c-5c16ba6f,71.978,72.147,507,894,24,24,1.07,0.42,0,0,2663,3000,961,0,2879,2160
060cf092-fe76bdf7-19fee515-26cbef2c-5c16ba6f,72.243,72.382,792,1002,24,24,1.07,0.42,0,0,2663,3000,961,0,2879,2160
060cf092-fe76bdf7-19fee515-26cbef2c-5c16ba6f,72.507,72.662,976,1024,24,24,1.07,0.42,0,0,2663,3000,961,0,2879,2160
060cf092-fe76bdf7-19fee515-26cbef2c-5c16ba6f,72.674,72.857,978,1035,24,24,1.07,0.42,0,0,2663,3000,961,0,2879,2160
060cf092-fe76bdf7-19fee515-26cbef2c-5c16ba6f,72.872,73.12,981,1066,24,24,1.07,0.42,0,0,2663,3000,961,0,2879,2160
060cf092-fe76bdf7-19fee515-26cbef2c-5c16ba6f,73.359,73.538,958,1071,24,24,1.07,0.42,0,0,2663,3000,961,0,2879,2160
060cf092-fe76bdf7-19fee515-26cbef2c-5c16ba6f,73.666,73.816,1104,1041,24,24,1.07,0.42,0,0,2663,3000,961,0,2879,2160
060cf092-fe76bdf7-19fee515-26cbef2c-5c16ba6f,74.011,74.195,985,1013,24,24,1.07,0.42,0,0,2663,3000,961,0,2879,2160
060cf092-fe76bdf7-19fee515-26cbef2c-5c16ba6f,74.211,74.321,979,977,24,24,1.07,0.42,0,0,2663,3000,961,0,2879,2160
060cf092-fe76bdf7-19fee515-26cbef2c-5c16ba6f,74.335,74.499,1007,1044,24,24,1.07,0.42,0,0,2663,3000,961,0,2879,2160
060cf092-fe76bdf7-19fee515-26cbef2c-5c16ba6f,74.513,74.654,1012,1073,24,24,1.07,0.42,0,0,2663,3000,961,0,2879,2160
060cf092-fe76bdf7-19fee515-26cbef2c-5c16ba6f,74.753,74.944,826,1017,24,24,1.07,0.42,0,0,2663,3000,961,0,2879,2160
060cf092-fe76bdf7-19fee515-26cbef2c-5c16ba6f,74.958,75.251,829,1095,24,24,1.07,0.42,0,0,2663,3000,961,0,2879,2160
060cf092-fe76bdf7-19fee515-26cbef2c-5c16ba6f,75.264,75.475,805,1080,24,24,1.07,0.42,0,0,2663,3000,961,0,2879,2160
060cf092-fe76bdf7-19fee515-26cbef2c-5c16ba6f,75.505,75.725,597,856,24,24,1.07,0.42,0,0,2663,3000,961,0,2879,2160
060cf092-fe76bdf7-19fee515-26cbef2c-5c16ba6f,75.863,76.184,836,968,24,24,1.07,0.42,0,0,2663,3000,961,0,2879,2160
060cf092-fe76bdf7-19fee515-26cbef2c-5c16ba6f,76.198,76.325,826,974,24,24,1.07,0.42,0,0,2663,3000,961,0,2879,2160
060cf092-fe76bdf7-19fee515-26cbef2c-5c16ba6f,76.339,76.449,916,954,24,24,1.07,0.42,0,0,2663,3000,961,0,2879,2160
060cf092-fe76bdf7-19fee515-26cbef2c-5c16ba6f,76.463,76.575,929,938,24,24,1.07,0.42,0,0,2663,3000,961,0,2879,2160
060cf092-fe76bdf7-19fee515-26cbef2c-5c16ba6f,76.588,76.727,916,960,24,24,1.07,0.42,0,0,2663,3000,961,0,2879,2160
060cf092-fe76bdf7-19fee515-26cbef2c-5c16ba6f,76.741,76.866,897,981,24,24,1.07,0.42,0,0,2663,3000,961,0,2879,2160
060cf092-fe76bdf7-19fee515-26cbef2c-5c16ba6f,76.88,77.102,928,939,24,24,1.07,0.42,0,0,2663,3000,961,0,2879,2160
060cf092-fe76bdf7-19fee515-26cbef2c-5c16ba6f,77.116,77.311,920,960,24,24,1.07,0.42,0,0,2663,3000,961,0,2879,2160
060cf092-fe76bdf7-19fee515-26cbef2c-5c16ba6f,77.618,77.896,881,1040,24,24,1.07,0.42,0,0,2663,3000,961,0,2879,2160
060cf092-fe76bdf7-19fee515-26cbef2c-5c16ba6f,77.966,78.077,851,1080,24,24,1.07,0.42,0,0,2663,3000,961,0,2879,2160
060cf092-fe76bdf7-19fee515-26cbef2c-5c16ba6f,78.189,78.37,340,820,24,24,1.07,0.42,0,0,2663,3000,961,0,2879,2160
060cf092-fe76bdf7-19fee515-26cbef2c-5c16ba6f,78.383,78.509,372,873,24,24,1.07,0.42,0,0,2663,3000,961,0,2879,2160
060cf092-fe76bdf7-19fee515-26cbef2c-5c16ba6f,78.607,78.76,273,949,24,24,1.07,0.42,0,0,2663,3000,961,0,2879,2160
060cf092-fe76bdf7-19fee515-26cbef2c-5c16ba6f,78.774,78.982,295,943,24,24,1.07,0.42,0,0,2663,3000,961,0,2879,2160
060cf092-fe76bdf7-19fee515-26cbef2c-5c16ba6f,79.177,79.304,2009,752,24,24,1.07,0.42,0,0,2663,3000,961,0,2879,2160
060cf092-fe76bdf7-19fee515-26cbef2c-5c16ba6f,79.556,79.707,740,1583,24,24,1.07,0.42,0,0,2663,3000,961,0,2879,2160
060cf092-fe76bdf7-19fee515-26cbef2c-5c16ba6f,80.18,80.374,1797,1657,24,24,1.07,0.42,0,0,2663,3000,961,0,2879,2160
060cf092-fe76bdf7-19fee515-26cbef2c-5c16ba6f,80.388,80.568,1756,1612,24,24,1.07,0.42,0,0,2663,3000,961,0,2879,2160
060cf092-fe76bdf7-19fee515-26cbef2c-5c16ba6f,80.74,80.875,675,1482,24,24,1.07,0.42,0,0,2663,3000,961,0,2879,2160
060cf092-fe76bdf7-19fee515-26cbef2c-5c16ba6f,80.987,81.112,804,1139,24,24,1.07,0.42,0,0,2663,3000,961,0,2879,2160
060cf092-fe76bdf7-19fee515-26cbef2c-5c16ba6f,81.157,81.333,846,1157,24,24,1.07,0.42,0,0,2663,3000,961,0,2879,2160
060cf092-fe76bdf7-19fee515-26cbef2c-5c16ba6f,81.739,81.877,1886,1336,24,24,1.07,0.42,0,0,2663,3000,961,0,2879,2160
060cf092-fe76bdf7-19fee515-26cbef2c-5c16ba6f,82.048,82.253,916,1474,24,24,1.07,0.42,0,0,2663,3000,961,0,2879,2160
060cf092-fe76bdf7-19fee515-26cbef2c-5c16ba6f,82.601,82.726,589,1652,24,24,1.07,0.42,0,0,2663,3000,961,0,2879,2160
060cf092-fe76bdf7-19fee515-26cbef2c-5c16ba6f,82.754,82.88,619,1626,24,24,1.07,0.42,0,0,2663,3000,961,0,2879,2160
060cf092-fe76bdf7-19fee515-26cbef2c-5c16ba6f,82.894,83.023,602,1610,24,24,1.07,0.42,0,0,2663,3000,961,0,2879,2160
060cf092-fe76bdf7-19fee515-26cbef2c-5c16ba6f,83.033,83.159,629,1579,24,24,1.07,0.42,0,0,2663,3000,961,0,2879,2160
060cf092-fe76bdf7-19fee515-26cbef2c-5c16ba6f,83.339,83.578,862,1631,24,24,1.07,0.42,0,0,2663,3000,961,0,2879,2160
060cf092-fe76bdf7-19fee515-26cbef2c-5c16ba6f,83.592,83.801,843,1667,24,24,1.07,0.42,0,0,2663,3000,961,0,2879,2160
060cf092-fe76bdf7-19fee515-26cbef2c-5c16ba6f,83.911,84.208,615,1602,24,24,1.07,0.42,0,0,2663,3000,961,0,2879,2160
060cf092-fe76bdf7-19fee515-26cbef2c-5c16ba6f,84.467,84.579,1868,1402,24,24,1.07,0.42,0,0,2663,3000,961,0,2879,2160
060cf092-fe76bdf7-19fee515-26cbef2c-5c16ba6f,84.718,84.886,2068,1307,24,24,1.07,0.42,0,0,2663,3000,961,0,2879,2160
060cf092-fe76bdf7-19fee515-26cbef2c-5c16ba6f,85.246,85.4,684,1500,24,24,1.07,0.42,0,0,2663,3000,961,0,2879,2160
060cf092-fe76bdf7-19fee515-26cbef2c-5c16ba6f,85.511,85.637,781,1507,24,24,1.07,0.42,0,0,2663,3000,961,0,2879,2160
060cf092-fe76bdf7-19fee515-26cbef2c-5c16ba6f,85.79,85.901,885,1906,24,24,1.07,0.42,0,0,2663,3000,961,0,2879,2160
060cf092-fe76bdf7-19fee515-26cbef2c-5c16ba6f,85.915,86.097,897,1940,24,24,1.07,0.42,0,0,2663,3000,961,0,2879,2160
060cf092-fe76bdf7-19fee515-26cbef2c-5c16ba6f,86.221,86.388,689,2162,24,24,1.07,0.42,0,0,2663,3000,961,0,2879,2160
060cf092-fe76bdf7-19fee515-26cbef2c-5c16ba6f,86.402,86.529,696,2156,24,24,1.07,0.42,0,0,2663,3000,961,0,2879,2160
060cf092-fe76bdf7-19fee515-26cbef2c-5c16ba6f,87.821,87.946,646,1662,24,24,1.07,0.42,0,0,2663,3000,961,0,2879,2160
060cf092-fe76bdf7-19fee515-26cbef2c-5c16ba6f,87.96,88.072,676,1678,24,24,1.07,0.42,0,0,2663,3000,961,0,2879,2160
060cf092-fe76bdf7-19fee515-26cbef2c-5c16ba6f,88.127,88.252,626,1706,24,24,1.07,0.42,0,0,2663,3000,961,0,2879,2160
060cf092-fe76bdf7-19fee515-26cbef2c-5c16ba6f,88.377,88.502,617,1870,24,24,1.07,0.42,0,0,2663,3000,961,0,2879,2160
060cf092-fe76bdf7-19fee515-26cbef2c-5c16ba6f,88.641,88.769,668,1570,24,24,1.07,0.42,0,0,2663,3000,961,0,2879,2160
060cf092-fe76bdf7-19fee515-26cbef2c-5c16ba6f,89.019,89.131,703,1382,24,24,1.07,0.42,0,0,2663,3000,961,0,2879,2160
060cf092-fe76bdf7-19fee515-26cbef2c-5c16ba6f,89.144,89.297,703,1364,24,24,1.07,0.42,0,0,2663,3000,961,0,2879,2160
060cf092-fe76bdf7-19fee515-26cbef2c-5c16ba6f,89.59,89.691,1754,1392,24,24,1.07,0.42,0,0,2663,3000,961,0,2879,2160
060cf092-fe76bdf7-19fee515-26cbef2c-5c16ba6f,90.019,90.145,614,1429,24,24,1.07,0.42,0,0,2663,3000,961,0,2879,2160
060cf092-fe76bdf7-19fee515-26cbef2c-5c16ba6f,90.297,90.411,719,1471,24,24,1.07,0.42,0,0,2663,3000,961,0,2879,2160
060cf092-fe76bdf7-19fee515-26cbef2c-5c16ba6f,90.423,90.534,695,1511,24,24,1.07,0.42,0,0,2663,3000,961,0,2879,2160
060cf092-fe76bdf7-19fee515-26cbef2c-5c16ba6f,90.577,90.688,733,1484,24,24,1.07,0.42,0,0,2663,3000,961,0,2879,2160
060cf092-fe76bdf7-19fee515-26cbef2c-5c16ba6f,90.702,90.885,702,1479,24,24,1.07,0.42,0,0,2663,3000,961,0,2879,2160
060cf092-fe76bdf7-19fee515-26cbef2c-5c16ba6f,91.194,91.347,1933,1443,24,24,1.07,0.42,0,0,2663,3000,961,0,2879,2160
060cf092-fe76bdf7-19fee515-26cbef2c-5c16ba6f,91.517,91.652,1795,1863,24,24,1.07,0.42,0,0,2663,3000,961,0,2879,2160
060cf092-fe76bdf7-19fee515-26cbef2c-5c16ba6f,91.668,91.865,1759,1853,24,24,1.07,0.42,0,0,2663,3000,961,0,2879,2160
060cf092-fe76bdf7-19fee515-26cbef2c-5c16ba6f,91.938,92.146,1286,1491,24,24,1.07,0.42,0,0,2663,3000,961,0,2879,2160
060cf092-fe76bdf7-19fee515-26cbef2c-5c16ba6f,92.429,92.665,690,1421,24,24,1.07,0.42,0,0,2663,3000,961,0,2879,2160
060cf092-fe76bdf7-19fee515-26cbef2c-5c16ba6f,93.013,93.226,752,2148,24,24,1.07,0.42,0,0,2663,3000,961,0,2879,2160
060cf092-fe76bdf7-19fee515-26cbef2c-5c16ba6f,93.323,93.433,1039,2368,24,24,1.07,0.42,0,0,2663,3000,961,0,2879,2160
060cf092-fe76bdf7-19fee515-26cbef2c-5c16ba6f,93.632,93.732,1618,2222,24,24,1.07,0.42,0,0,2663,3000,961,0,2879,2160
060cf092-fe76bdf7-19fee515-26cbef2c-5c16ba6f,93.75,93.901,1601,2211,24,24,1.07,0.42,0,0,2663,3000,961,0,2879,2160
060cf092-fe76bdf7-19fee515-26cbef2c-5c16ba6f,94.011,94.231,1764,2120,24,24,1.07,0.42,0,0,2663,3000,961,0,2879,2160
060cf092-fe76bdf7-19fee515-26cbef2c-5c16ba6f,94.3,94.478,2111,2199,24,24,1.07,0.42,0,0,2663,3000,961,0,2879,2160
060cf092-fe76bdf7-19fee515-26cbef2c-5c16ba6f,94.614,94.781,1946,1013,24,24,1.07,0.42,0,0,2663,3000,961,0,2879,2160
060cf092-fe76bdf7-19fee515-26cbef2c-5c16ba6f,94.877,95.116,1809,553,24,24,1.07,0.42,0,0,2663,3000,961,0,2879,2160
060cf092-fe76bdf7-19fee515-26cbef2c-5c16ba6f,95.193,95.313,1106,957,24,24,1.07,0.42,0,0,2663,3000,961,0,2879,2160
060cf092-fe76bdf7-19fee515-26cbef2c-5c16ba6f,95.327,95.437,1141,927,24,24,1.07,0.42,0,0,2663,3000,961,0,2879,2160
060cf092-fe76bdf7-19fee515-26cbef2c-5c16ba6f,95.493,95.785,1473,796,24,24,1.07,0.42,0,0,2663,3000,961,0,2879,2160
060cf092-fe76bdf7-19fee515-26cbef2c-5c16ba6f,95.846,96.101,1623,404,24,24,1.07,0.42,0,0,2663,3000,961,0,2879,2160
060cf092-fe76bdf7-19fee515-26cbef2c-5c16ba6f,96.207,96.397,770,808,24,24,1.07,0.42,0,0,2663,3000,961,0,2879,2160
060cf092-fe76bdf7-19fee515-26cbef2c-5c16ba6f,96.463,96.639,748,1087,24,24,1.07,0.42,0,0,2663,3000,961,0,2879,2160
060cf092-fe76bdf7-19fee515-26cbef2c-5c16ba6f,96.927,97.089,1294,1653,24,24,1.07,0.42,0,0,2663,3000,961,0,2879,2160
060cf092-fe76bdf7-19fee515-26cbef2c-5c16ba6f,97.143,97.278,1292,1809,24,24,1.07,0.42,0,0,2663,3000,961,0,2879,2160
060cf092-fe76bdf7-19fee515-26cbef2c-5c16ba6f,97.789,97.9,1765,2128,24,24,1.07,0.42,0,0,2663,3000,961,0,2879,2160
060cf092-fe76bdf7-19fee515-26cbef2c-5c16ba6f,98.042,98.164,476,1806,24,24,1.07,0.42,0,0,2663,3000,961,0,2879,2160
060cf092-fe76bdf7-19fee515-26cbef2c-5c16ba6f,98.314,98.424,336,1732,24,24,1.07,0.42,0,0,2663,3000,961,0,2879,2160
060cf092-fe76bdf7-19fee515-26cbef2c-5c16ba6f,98.765,98.871,544,2056,24,24,1.07,0.42,0,0,2663,3000,961,0,2879,2160
060cf092-fe76bdf7-19fee515-26cbef2c-5c16ba6f,98.885,99.075,566,2035,24,24,1.07,0.42,0,0,2663,3000,961,0,2879,2160
060cf092-fe76bdf7-19fee515-26cbef2c-5c16ba6f,99.58,99.692,164,1046,24,24,1.07,0.42,0,0,2663,3000,961,0,2879,2160
060cf092-fe76bdf7-19fee515-26cbef2c-5c16ba6f,99.704,99.81,181,1015,24,24,1.07,0.42,0,0,2663,3000,961,0,2879,2160
060cf092-fe76bdf7-19fee515-26cbef2c-5c16ba6f,99.836,100.014,422,1098,24,24,1.07,0.42,0,0,2663,3000,961,0,2879,2160
060cf092-fe76bdf7-19fee515-26cbef2c-5c16ba6f,100.029,100.19,445,1121,24,24,1.07,0.42,0,0,2663,3000,961,0,2879,2160
060cf092-fe76bdf7-19fee515-26cbef2c-5c16ba6f,100.204,100.477,398,1374,24,24,1.07,0.42,0,0,2663,3000,961,0,2879,2160
060cf092-fe76bdf7-19fee515-26cbef2c-5c16ba6f,100.504,100.627,391,1337,24,24,1.07,0.42,0,0,2663,3000,961,0,2879,2160
060cf092-fe76bdf7-19fee515-26cbef2c-5c16ba6f,100.64,100.762,402,1351,24,24,1.07,0.42,0,0,2663,3000,961,0,2879,2160
060cf092-fe76bdf7-19fee515-26cbef2c-5c16ba6f,100.791,100.96,334,1460,24,24,1.07,0.42,0,0,2663,3000,961,0,2879,2160
060cf092-fe76bdf7-19fee515-26cbef2c-5c16ba6f,101.002,101.147,333,1479,24,24,1.07,0.42,0,0,2663,3000,961,0,2879,2160
060cf092-fe76bdf7-19fee515-26cbef2c-5c16ba6f,101.179,101.286,371,1586,24,24,1.07,0.42,0,0,2663,3000,961,0,2879,2160
060cf092-fe76bdf7-19fee515-26cbef2c-5c16ba6f,101.453,101.591,712,1896,24,24,1.07,0.42,0,0,2663,3000,961,0,2879,2160
060cf092-fe76bdf7-19fee515-26cbef2c-5c16ba6f,101.606,101.76,732,1903,24,24,1.07,0.42,0,0,2663,3000,961,0,2879,2160
060cf092-fe76bdf7-19fee515-26cbef2c-5c16ba6f,102.206,102.316,730,2238,24,24,1.07,0.42,0,0,2663,3000,961,0,2879,2160
060cf092-fe76bdf7-19fee515-26cbef2c-5c16ba6f,102.331,102.483,751,2211,24,24,1.07,0.42,0,0,2663,3000,961,0,2879,2160
060cf092-fe76bdf7-19fee515-26cbef2c-5c16ba6f,102.825,103.015,641,1407,24,24,1.07,0.42,0,0,2663,3000,961,0,2879,2160
060cf092-fe76bdf7-19fee515-26cbef2c-5c16ba6f,103.028,103.14,504,1546,24,24,1.07,0.42,0,0,2663,3000,961,0,2879,2160
060cf092-fe76bdf7-19fee515-26cbef2c-5c16ba6f,103.168,103.323,478,1582,24,24,1.07,0.42,0,0,2663,3000,961,0,2879,2160
060cf092-fe76bdf7-19fee515-26cbef2c-5c16ba6f,103.531,103.669,285,1824,24,24,1.07,0.42,0,0,2663,3000,961,0,2879,2160
060cf092-fe76bdf7-19fee515-26cbef2c-5c16ba6f,103.683,103.799,251,1755,24,24,1.07,0.42,0,0,2663,3000,961,0,2879,2160
060cf092-fe76bdf7-19fee515-26cbef2c-5c16ba6f,103.963,104.101,153,1102,24,24,1.07,0.42,0,0,2663,3000,961,0,2879,2160
060cf092-fe76bdf7-19fee515-26cbef2c-5c16ba6f,104.19,104.325,212,1091,24,24,1.07,0.42,0,0,2663,3000,961,0,2879,2160
060cf092-fe76bdf7-19fee515-26cbef2c-5c16ba6f,104.352,104.477,132,1015,24,24,1.07,0.42,0,0,2663,3000,961,0,2879,2160
060cf092-fe76bdf7-19fee515-26cbef2c-5c16ba6f,104.631,104.771,956,1190,24,24,1.07,0.42,0,0,2663,3000,961,0,2879,2160
060cf092-fe76bdf7-19fee515-26cbef2c-5c16ba6f,104.826,104.993,884,1139,24,24,1.07,0.42,0,0,2663,3000,961,0,2879,2160
060cf092-fe76bdf7-19fee515-26cbef2c-5c16ba6f,105.133,105.274,862,989,24,24,1.07,0.42,0,0,2663,3000,961,0,2879,2160
060cf092-fe76bdf7-19fee515-26cbef2c-5c16ba6f,105.301,105.606,545,1080,24,24,1.07,0.42,0,0,2663,3000,961,0,2879,2160
060cf092-fe76bdf7-19fee515-26cbef2c-5c16ba6f,105.676,105.871,1207,1225,24,24,1.07,0.42,0,0,2663,3000,961,0,2879,2160
060cf092-fe76bdf7-19fee515-26cbef2c-5c16ba6f,105.941,106.235,671,916,24,24,1.07,0.42,0,0,2663,3000,961,0,2879,2160
060cf092-fe76bdf7-19fee515-26cbef2c-5c16ba6f,106.276,106.554,568,1136,24,24,1.07,0.42,0,0,2663,3000,961,0,2879,2160
060cf092-fe76bdf7-19fee515-26cbef2c-5c16ba6f,106.834,106.972,596,1047,24,24,1.07,0.42,0,0,2663,3000,961,0,2879,2160
060cf092-fe76bdf7-19fee515-26cbef2c-5c16ba6f,107.111,107.333,747,1030,24,24,1.07,0.42,0,0,2663,3000,961,0,2879,2160
060cf092-fe76bdf7-19fee515-26cbef2c-5c16ba6f,107.347,107.487,763,1011,24,24,1.07,0.42,0,0,2663,3000,961,0,2879,2160
060cf092-fe76bdf7-19fee515-26cbef2c-5c16ba6f,107.515,107.699,705,718,24,24,1.07,0.42,0,0,2663,3000,961,0,2879,2160
060cf092-fe76bdf7-19fee515-26cbef2c-5c16ba6f,107.779,107.905,1437,866,24,24,1.07,0.42,0,0,2663,3000,961,0,2879,2160
060cf092-fe76bdf7-19fee515-26cbef2c-5c16ba6f,107.99,108.099,1834,767,24,24,1.07,0.42,0,0,2663,3000,961,0,2879,2160
060cf092-fe76bdf7-19fee515-26cbef2c-5c16ba6f,108.115,108.225,1827,774,24,24,1.07,0.42,0,0,2663,3000,961,0,2879,2160
060cf092-fe76bdf7-19fee515-26cbef2c-5c16ba6f,108.269,108.38,1965,1059,24,24,1.07,0.42,0,0,2663,3000,961,0,2879,2160
060cf092-fe76bdf7-19fee515-26cbef2c-5c16ba6f,108.602,108.74,502,1393,24,24,1.07,0.42,0,0,2663,3000,961,0,2879,2160
060cf092-fe76bdf7-19fee515-26cbef2c-5c16ba6f,108.767,108.921,542,1434,24,24,1.07,0.42,0,0,2663,3000,961,0,2879,2160
060cf092-fe76bdf7-19fee515-26cbef2c-5c16ba6f,109.089,109.214,644,2241,24,24,1.07,0.42,0,0,2663,3000,961,0,2879,2160
060cf092-fe76bdf7-19fee515-26cbef2c-5c16ba6f,109.227,109.339,660,2207,24,24,1.07,0.42,0,0,2663,3000,961,0,2879,2160
060cf092-fe76bdf7-19fee515-26cbef2c-5c16ba6f,109.352,109.478,648,2233,24,24,1.07,0.42,0,0,2663,3000,961,0,2879,2160
060cf092-fe76bdf7-19fee515-26cbef2c-5c16ba6f,109.63,109.731,343,1654,24,24,1.07,0.42,0,0,2663,3000,961,0,2879,2160
060cf092-fe76bdf7-19fee515-26cbef2c-5c16ba6f,109.745,109.867,313,1639,24,24,1.07,0.42,0,0,2663,3000,961,0,2879,2160
060cf092-fe76bdf7-19fee515-26cbef2c-5c16ba6f,110.021,110.159,267,1730,24,24,1.07,0.42,0,0,2663,3000,961,0,2879,2160
060cf092-fe76bdf7-19fee515-26cbef2c-5c16ba6f,110.285,110.412,339,1660,24,24,1.07,0.42,0,0,2663,3000,961,0,2879,2160
060cf092-fe76bdf7-19fee515-26cbef2c-5c16ba6f,110.453,110.591,239,1414,24,24,1.07,0.42,0,0,2663,3000,961,0,2879,2160
060cf092-fe76bdf7-19fee515-26cbef2c-5c16ba6f,110.675,110.872,79,1251,24,24,1.07,0.42,0,0,2663,3000,961,0,2879,2160
060cf092-fe76bdf7-19fee515-26cbef2c-5c16ba6f,110.954,111.232,167,1256,24,24,1.07,0.42,0,0,2663,3000,961,0,2879,2160
060cf092-fe76bdf7-19fee515-26cbef2c-5c16ba6f,111.246,111.388,128,1203,24,24,1.07,0.42,0,0,2663,3000,961,0,2879,2160
060cf092-fe76bdf7-19fee515-26cbef2c-5c16ba6f,111.413,111.638,218,1312,24,24,1.07,0.42,0,0,2663,3000,961,0,2879,2160
060cf092-fe76bdf7-19fee515-26cbef2c-5c16ba6f,111.652,111.832,272,1307,24,24,1.07,0.42,0,0,2663,3000,961,0,2879,2160
060cf092-fe76bdf7-19fee515-26cbef2c-5c16ba6f,112.444,112.599,778,2422,24,24,1.07,0.42,0,0,2663,3000,961,0,2879,2160
060cf092-fe76bdf7-19fee515-26cbef2c-5c16ba6f,112.875,113.043,641,2270,24,24,1.07,0.42,0,0,2663,3000,961,0,2879,2160
060cf092-fe76bdf7-19fee515-26cbef2c-5c16ba6f,113.057,113.238,645,2261,24,24,1.07,0.42,0,0,2663,3000,961,0,2879,2160
060cf092-fe76bdf7-19fee515-26cbef2c-5c16ba6f,113.251,113.39,647,2286,24,24,1.07,0.42,0,0,2663,3000,961,0,2879,2160
060cf092-fe76bdf7-19fee515-26cbef2c-5c16ba6f,113.516,113.629,422,1780,24,24,1.07,0.42,0,0,2663,3000,961,0,2879,2160
060cf092-fe76bdf7-19fee515-26cbef2c-5c16ba6f,113.669,113.781,487,1761,24,24,1.07,0.42,0,0,2663,3000,961,0,2879,2160
060cf092-fe76bdf7-19fee515-26cbef2c-5c16ba6f,113.964,114.087,1780,1793,24,24,1.07,0.42,0,0,2663,3000,961,0,2879,2160
060cf092-fe76bdf7-19fee515-26cbef2c-5c16ba6f,114.282,114.407,1869,1663,24,24,1.07,0.42,0,0,2663,3000,961,0,2879,2160
060cf092-fe76bdf7-19fee515-26cbef2c-5c16ba6f,114.607,114.784,1893,1782,24,24,1.07,0.42,0,0,2663,3000,961,0,2879,2160
060cf092-fe76bdf7-19fee515-26cbef2c-5c16ba6f,114.868,114.98,1961,2143,24,24,1.07,0.42,0,0,2663,3000,961,0,2879,2160
060cf092-fe76bdf7-19fee515-26cbef2c-5c16ba6f,115.077,115.202,1887,2057,24,24,1.07,0.42,0,0,2663,3000,961,0,2879,2160
060cf092-fe76bdf7-19fee515-26cbef2c-5c16ba6f,115.273,115.479,1920,1143,24,24,1.07,0.42,0,0,2663,3000,961,0,2879,2160
060cf092-fe76bdf7-19fee515-26cbef2c-5c16ba6f,115.493,115.688,1898,1132,24,24,1.07,0.42,0,0,2663,3000,961,0,2879,2160
060cf092-fe76bdf7-19fee515-26cbef2c-5c16ba6f,115.793,115.911,1711,681,24,24,1.07,0.42,0,0,2663,3000,961,0,2879,2160
060cf092-fe76bdf7-19fee515-26cbef2c-5c16ba6f,115.952,116.091,1839,554,24,24,1.07,0.42,0,0,2663,3000,961,0,2879,2160
060cf092-fe76bdf7-19fee515-26cbef2c-5c16ba6f,116.356,116.509,1233,1626,24,24,1.07,0.42,0,0,2663,3000,961,0,2879,2160
060cf092-fe76bdf7-19fee515-26cbef2c-5c16ba6f,116.523,116.651,1267,1613,24,24,1.07,0.42,0,0,2663,3000,961,0,2879,2160
cb1f25ef-87f09c2a-0f656ffe-f63022ab-8b305520,0.0,0.301,1212,1605,23,23,1.07,0.42,0,0,2498,3000,1021,0,2819,2160
cb1f25ef-87f09c2a-0f656ffe-f63022ab-8b305520,0.37,0.526,1069,1775,23,23,1.07,0.42,0,0,2498,3000,1021,0,2819,2160
cb1f25ef-87f09c2a-0f656ffe-f63022ab-8b305520,0.607,0.76,1234,2374,23,23,1.07,0.42,0,0,2498,3000,1021,0,2819,2160
cb1f25ef-87f09c2a-0f656ffe-f63022ab-8b305520,0.788,0.94,1324,2367,23,23,1.07,0.42,0,0,2498,3000,1021,0,2819,2160
cb1f25ef-87f09c2a-0f656ffe-f63022ab-8b305520,1.025,1.137,2111,2641,23,23,1.07,0.42,0,0,2498,3000,1021,0,2819,2160
cb1f25ef-87f09c2a-0f656ffe-f63022ab-8b305520,1.235,1.442,1053,2177,23,23,1.07,0.42,0,0,2498,3000,1021,0,2819,2160
cb1f25ef-87f09c2a-0f656ffe-f63022ab-8b305520,1.47,1.637,1258,2266,23,23,1.07,0.42,0,0,2498,3000,1021,0,2819,2160
cb1f25ef-87f09c2a-0f656ffe-f63022ab-8b305520,1.655,1.901,1269,2215,23,23,1.07,0.42,0,0,2498,3000,1021,0,2819,2160
cb1f25ef-87f09c2a-0f656ffe-f63022ab-8b305520,1.928,2.194,1158,2511,23,23,1.07,0.42,0,0,2498,3000,1021,0,2819,2160
cb1f25ef-87f09c2a-0f656ffe-f63022ab-8b305520,2.597,2.777,371,2288,23,23,1.07,0.42,0,0,2498,3000,1021,0,2819,2160
cb1f25ef-87f09c2a-0f656ffe-f63022ab-8b305520,2.807,2.931,374,2155,23,23,1.07,0.42,0,0,2498,3000,1021,0,2819,2160
cb1f25ef-87f09c2a-0f656ffe-f63022ab-8b305520,2.945,3.056,372,2112,23,23,1.07,0.42,0,0,2498,3000,1021,0,2819,2160
cb1f25ef-87f09c2a-0f656ffe-f63022ab-8b305520,3.168,3.309,794,1668,23,23,1.07,0.42,0,0,2498,3000,1021,0,2819,2160
cb1f25ef-87f09c2a-0f656ffe-f63022ab-8b305520,3.451,3.557,426,2137,23,23,1.07,0.42,0,0,2498,3000,1021,0,2819,2160
cb1f25ef-87f09c2a-0f656ffe-f63022ab-8b305520,3.726,3.934,544,2222,23,23,1.07,0.42,0,0,2498,3000,1021,0,2819,2160
cb1f25ef-87f09c2a-0f656ffe-f63022ab-8b305520,3.962,4.142,459,2417,23,23,1.07,0.42,0,0,2498,3000,1021,0,2819,2160
cb1f25ef-87f09c2a-0f656ffe-f63022ab-8b305520,4.462,4.77,419,2233,23,23,1.07,0.42,0,0,2498,3000,1021,0,2819,2160
cb1f25ef-87f09c2a-0f656ffe-f63022ab-8b305520,4.8,4.963,469,2028,23,23,1.07,0.42,0,0,2498,3000,1021,0,2819,2160
cb1f25ef-87f09c2a-0f656ffe-f63022ab-8b305520,5.09,5.216,513,2480,23,23,1.07,0.42,0,0,2498,3000,1021,0,2819,2160
cb1f25ef-87f09c2a-0f656ffe-f63022ab-8b305520,5.325,5.465,763,2328,23,23,1.07,0.42,0,0,2498,3000,1021,0,2819,2160
cb1f25ef-87f09c2a-0f656ffe-f63022ab-8b305520,5.506,5.631,802,2303,23,23,1.07,0.42,0,0,2498,3000,1021,0,2819,2160
cb1f25ef-87f09c2a-0f656ffe-f63022ab-8b305520,5.717,5.817,1423,2041,23,23,1.07,0.42,0,0,2498,3000,1021,0,2819,2160
cb1f25ef-87f09c2a-0f656ffe-f63022ab-8b305520,6.134,6.383,2218,2140,23,23,1.07,0.42,0,0,2498,3000,1021,0,2819,2160
cb1f25ef-87f09c2a-0f656ffe-f63022ab-8b305520,6.648,6.758,1109,2281,23,23,1.07,0.42,0,0,2498,3000,1021,0,2819,2160
cb1f25ef-87f09c2a-0f656ffe-f63022ab-8b305520,6.856,6.984,888,2301,23,23,1.07,0.42,0,0,2498,3000,1021,0,2819,2160
cb1f25ef-87f09c2a-0f656ffe-f63022ab-8b305520,6.996,7.15,902,2252,23,23,1.07,0.42,0,0,2498,3000,1021,0,2819,2160
cb1f25ef-87f09c2a-0f656ffe-f63022ab-8b305520,7.218,7.455,958,1926,23,23,1.07,0.42,0,0,2498,3000,1021,0,2819,2160
cb1f25ef-87f09c2a-0f656ffe-f63022ab-8b305520,7.496,7.626,728,1954,23,23,1.07,0.42,0,0,2498,3000,1021,0,2819,2160
cb1f25ef-87f09c2a-0f656ffe-f63022ab-8b305520,7.64,7.789,773,1935,23,23,1.07,0.42,0,0,2498,3000,1021,0,2819,2160
cb1f25ef-87f09c2a-0f656ffe-f63022ab-8b305520,7.803,7.998,783,1980,23,23,1.07,0.42,0,0,2498,3000,1021,0,2819,2160
cb1f25ef-87f09c2a-0f656ffe-f63022ab-8b305520,8.013,8.221,804,1975,23,23,1.07,0.42,0,0,2498,3000,1021,0,2819,2160
cb1f25ef-87f09c2a-0f656ffe-f63022ab-8b305520,8.363,8.498,781,1852,23,23,1.07,0.42,0,0,2498,3000,1021,0,2819,2160
cb1f25ef-87f09c2a-0f656ffe-f63022ab-8b305520,8.512,8.721,756,1843,23,23,1.07,0.42,0,0,2498,3000,1021,0,2819,2160
cb1f25ef-87f09c2a-0f656ffe-f63022ab-8b305520,8.736,8.861,770,1812,23,23,1.07,0.42,0,0,2498,3000,1021,0,2819,2160
cb1f25ef-87f09c2a-0f656ffe-f63022ab-8b305520,9.072,9.253,757,1894,23,23,1.07,0.42,0,0,2498,3000,1021,0,2819,2160
cb1f25ef-87f09c2a-0f656ffe-f63022ab-8b305520,9.279,9.502,772,1861,23,23,1.07,0.42,0,0,2498,3000,1021,0,2819,2160
cb1f25ef-87f09c2a-0f656ffe-f63022ab-8b305520,9.516,9.668,713,1878,23,23,1.07,0.42,0,0,2498,3000,1021,0,2819,2160
cb1f25ef-87f09c2a-0f656ffe-f63022ab-8b305520,9.787,10.017,658,1745,23,23,1.07,0.42,0,0,2498,3000,1021,0,2819,2160
cb1f25ef-87f09c2a-0f656ffe-f63022ab-8b305520,10.034,10.198,634,1690,23,23,1.07,0.42,0,0,2498,3000,1021,0,2819,2160
cb1f25ef-87f09c2a-0f656ffe-f63022ab-8b305520,10.225,10.337,595,1713,23,23,1.07,0.42,0,0,2498,3000,1021,0,2819,2160
cb1f25ef-87f09c2a-0f656ffe-f63022ab-8b305520,10.573,10.745,795,1785,23,23,1.07,0.42,0,0,2498,3000,1021,0,2819,2160
cb1f25ef-87f09c2a-0f656ffe-f63022ab-8b305520,10.806,10.967,730,1850,23,23,1.07,0.42,0,0,2498,3000,1021,0,2819,2160
cb1f25ef-87f09c2a-0f656ffe-f63022ab-8b305520,10.99,11.131,721,1791,23,23,1.07,0.42,0,0,2498,3000,1021,0,2819,2160
cb1f25ef-87f09c2a-0f656ffe-f63022ab-8b305520,11.578,11.687,782,1791,23,23,1.07,0.42,0,0,2498,3000,1021,0,2819,2160
cb1f25ef-87f09c2a-0f656ffe-f63022ab-8b305520,11.77,11.88,765,1847,23,23,1.07,0.42,0,0,2498,3000,1021,0,2819,2160
cb1f25ef-87f09c2a-0f656ffe-f63022ab-8b305520,12.389,12.567,896,1903,23,23,1.07,0.42,0,0,2498,3000,1021,0,2819,2160
cb1f25ef-87f09c2a-0f656ffe-f63022ab-8b305520,12.581,12.753,889,1899,23,23,1.07,0.42,0,0,2498,3000,1021,0,2819,2160
cb1f25ef-87f09c2a-0f656ffe-f63022ab-8b305520,12.767,12.937,952,1923,23,23,1.07,0.42,0,0,2498,3000,1021,0,2819,2160
cb1f25ef-87f09c2a-0f656ffe-f63022ab-8b305520,12.949,13.063,968,1926,23,23,1.07,0.42,0,0,2498,3000,1021,0,2819,2160
cb1f25ef-87f09c2a-0f656ffe-f63022ab-8b305520,13.277,13.388,960,2070,23,23,1.07,0.42,0,0,2498,3000,1021,0,2819,2160
cb1f25ef-87f09c2a-0f656ffe-f63022ab-8b305520,13.61,13.734,680,1844,23,23,1.07,0.42,0,0,2498,3000,1021,0,2819,2160
cb1f25ef-87f09c2a-0f656ffe-f63022ab-8b305520,13.831,13.95,684,1698,23,23,1.07,0.42,0,0,2498,3000,1021,0,2819,2160
cb1f25ef-87f09c2a-0f656ffe-f63022ab-8b305520,14.1,14.231,709,1825,23,23,1.07,0.42,0,0,2498,3000,1021,0,2819,2160
cb1f25ef-87f09c2a-0f656ffe-f63022ab-8b305520,14.262,14.409,671,1821,23,23,1.07,0.42,0,0,2498,3000,1021,0,2819,2160
cb1f25ef-87f09c2a-0f656ffe-f63022ab-8b305520,14.428,14.618,651,1791,23,23,1.07,0.42,0,0,2498,3000,1021,0,2819,2160
cb1f25ef-87f09c2a-0f656ffe-f63022ab-8b305520,14.699,14.823,866,1692,23,23,1.07,0.42,0,0,2498,3000,1021,0,2819,2160
cb1f25ef-87f09c2a-0f656ffe-f63022ab-8b305520,14.834,14.942,817,1698,23,23,1.07,0.42,0,0,2498,3000,1021,0,2819,2160
cb1f25ef-87f09c2a-0f656ffe-f63022ab-8b305520,14.975,15.271,483,1719,23,23,1.07,0.42,0,0,2498,3000,1021,0,2819,2160
cb1f25ef-87f09c2a-0f656ffe-f63022ab-8b305520,15.299,15.435,496,1719,23,23,1.07,0.42,0,0,2498,3000,1021,0,2819,2160
cb1f25ef-87f09c2a-0f656ffe-f63022ab-8b305520,15.46,15.649,520,1571,23,23,1.07,0.42,0,0,2498,3000,1021,0,2819,2160
cb1f25ef-87f09c2a-0f656ffe-f63022ab-8b305520,15.674,15.822,526,1541,23,23,1.07,0.42,0,0,2498,3000,1021,0,2819,2160
cb1f25ef-87f09c2a-0f656ffe-f63022ab-8b305520,15.889,16.005,968,1852,23,23,1.07,0.42,0,0,2498,3000,1021,0,2819,2160
cb1f25ef-87f09c2a-0f656ffe-f63022ab-8b305520,16.055,16.172,1029,2177,23,23,1.07,0.42,0,0,2498,3000,1021,0,2819,2160
cb1f25ef-87f09c2a-0f656ffe-f63022ab-8b305520,16.226,16.38,1052,2297,23,23,1.07,0.42,0,0,2498,3000,1021,0,2819,2160
cb1f25ef-87f09c2a-0f656ffe-f63022ab-8b305520,16.395,16.507,995,2264,23,23,1.07,0.42,0,0,2498,3000,1021,0,2819,2160
cb1f25ef-87f09c2a-0f656ffe-f63022ab-8b305520,16.522,16.656,997,2210,23,23,1.07,0.42,0,0,2498,3000,1021,0,2819,2160
cb1f25ef-87f09c2a-0f656ffe-f63022ab-8b305520,16.672,16.893,945,2217,23,23,1.07,0.42,0,0,2498,3000,1021,0,2819,2160
cb1f25ef-87f09c2a-0f656ffe-f63022ab-8b305520,16.91,17.06,944,2182,23,23,1.07,0.42,0,0,2498,3000,1021,0,2819,2160
cb1f25ef-87f09c2a-0f656ffe-f63022ab-8b305520,17.183,17.401,931,2050,23,23,1.07,0.42,0,0,2498,3000,1021,0,2819,2160
cb1f25ef-87f09c2a-0f656ffe-f63022ab-8b305520,17.412,17.605,949,2056,23,23,1.07,0.42,0,0,2498,3000,1021,0,2819,2160
cb1f25ef-87f09c2a-0f656ffe-f63022ab-8b305520,17.621,17.867,939,2060,23,23,1.07,0.42,0,0,2498,3000,1021,0,2819,2160
cb1f25ef-87f09c2a-0f656ffe-f63022ab-8b305520,17.88,18.058,940,1989,23,23,1.07,0.42,0,0,2498,3000,1021,0,2819,2160
cb1f25ef-87f09c2a-0f656ffe-f63022ab-8b305520,18.074,18.175,970,1961,23,23,1.07,0.42,0,0,2498,3000,1021,0,2819,2160
cb1f25ef-87f09c2a-0f656ffe-f63022ab-8b305520,18.193,18.407,967,1849,23,23,1.07,0.42,0,0,2498,3000,1021,0,2819,2160
cb1f25ef-87f09c2a-0f656ffe-f63022ab-8b305520,18.478,18.667,985,1590,23,23,1.07,0.42,0,0,2498,3000,1021,0,2819,2160
cb1f25ef-87f09c2a-0f656ffe-f63022ab-8b305520,18.737,19.01,888,1324,23,23,1.07,0.42,0,0,2498,3000,1021,0,2819,2160
cb1f25ef-87f09c2a-0f656ffe-f63022ab-8b305520,19.055,19.205,757,1166,23,23,1.07,0.42,0,0,2498,3000,1021,0,2819,2160
cb1f25ef-87f09c2a-0f656ffe-f63022ab-8b305520,19.276,19.44,479,1123,23,23,1.07,0.42,0,0,2498,3000,1021,0,2819,2160
cb1f25ef-87f09c2a-0f656ffe-f63022ab-8b305520,19.454,19.59,475,1084,23,23,1.07,0.42,0,0,2498,3000,1021,0,2819,2160
cb1f25ef-87f09c2a-0f656ffe-f63022ab-8b305520,19.859,20.002,1802,1943,23,23,1.07,0.42,0,0,2498,3000,1021,0,2819,2160
cb1f25ef-87f09c2a-0f656ffe-f63022ab-8b305520,20.548,20.755,2019,2040,23,23,1.07,0.42,0,0,2498,3000,1021,0,2819,2160
cb1f25ef-87f09c2a-0f656ffe-f63022ab-8b305520,20.783,20.938,2072,1833,23,23,1.07,0.42,0,0,2498,3000,1021,0,2819,2160
cb1f25ef-87f09c2a-0f656ffe-f63022ab-8b305520,20.949,21.103,2071,1822,23,23,1.07,0.42,0,0,2498,3000,1021,0,2819,2160
cb1f25ef-87f09c2a-0f656ffe-f63022ab-8b305520,21.201,21.395,2106,1774,23,23,1.07,0.42,0,0,2498,3000,1021,0,2819,2160
cb1f25ef-87f09c2a-0f656ffe-f63022ab-8b305520,21.409,21.575,2150,1730,23,23,1.07,0.42,0,0,2498,3000,1021,0,2819,2160
cb1f25ef-87f09c2a-0f656ffe-f63022ab-8b305520,21.656,21.835,2050,1332,23,23,1.07,0.42,0,0,2498,3000,1021,0,2819,2160
cb1f25ef-87f09c2a-0f656ffe-f63022ab-8b305520,21.89,22.086,2066,1173,23,23,1.07,0.42,0,0,2498,3000,1021,0,2819,2160
cb1f25ef-87f09c2a-0f656ffe-f63022ab-8b305520,22.221,22.344,1910,2127,23,23,1.07,0.42,0,0,2498,3000,1021,0,2819,2160
cb1f25ef-87f09c2a-0f656ffe-f63022ab-8b305520,22.44,22.55,1912,2325,23,23,1.07,0.42,0,0,2498,3000,1021,0,2819,2160
cb1f25ef-87f09c2a-0f656ffe-f63022ab-8b305520,22.566,22.852,1933,2343,23,23,1.07,0.42,0,0,2498,3000,1021,0,2819,2160
cb1f25ef-87f09c2a-0f656ffe-f63022ab-8b305520,22.874,23.142,1933,2280,23,23,1.07,0.42,0,0,2498,3000,1021,0,2819,2160
cb1f25ef-87f09c2a-0f656ffe-f63022ab-8b305520,23.159,23.349,1882,2267,23,23,1.07,0.42,0,0,2498,3000,1021,0,2819,2160
cb1f25ef-87f09c2a-0f656ffe-f63022ab-8b305520,23.431,23.747,1946,2185,23,23,1.07,0.42,0,0,2498,3000,1021,0,2819,2160
cb1f25ef-87f09c2a-0f656ffe-f63022ab-8b305520,23.776,23.956,2026,2074,23,23,1.07,0.42,0,0,2498,3000,1021,0,2819,2160
cb1f25ef-87f09c2a-0f656ffe-f63022ab-8b305520,24.008,24.22,2103,1823,23,23,1.07,0.42,0,0,2498,3000,1021,0,2819,2160
cb1f25ef-87f09c2a-0f656ffe-f63022ab-8b305520,24.276,24.418,1952,1365,23,23,1.07,0.42,0,0,2498,3000,1021,0,2819,2160
cb1f25ef-87f09c2a-0f656ffe-f63022ab-8b305520,24.445,24.64,2008,1226,23,23,1.07,0.42,0,0,2498,3000,1021,0,2819,2160
cb1f25ef-87f09c2a-0f656ffe-f63022ab-8b305520,24.698,25.157,1592,1205,23,23,1.07,0.42,0,0,2498,3000,1021,0,2819,2160
cb1f25ef-87f09c2a-0f656ffe-f63022ab-8b305520,25.269,25.394,1546,1086,23,23,1.07,0.42,0,0,2498,3000,1021,0,2819,2160
cb1f25ef-87f09c2a-0f656ffe-f63022ab-8b305520,25.476,25.587,1595,1243,23,23,1.07,0.42,0,0,2498,3000,1021,0,2819,2160
cb1f25ef-87f09c2a-0f656ffe-f63022ab-8b305520,25.603,25.867,1574,1261,23,23,1.07,0.42,0,0,2498,3000,1021,0,2819,2160
cb1f25ef-87f09c2a-0f656ffe-f63022ab-8b305520,25.966,26.12,967,1230,23,23,1.07,0.42,0,0,2498,3000,1021,0,2819,2160
cb1f25ef-87f09c2a-0f656ffe-f63022ab-8b305520,26.312,26.426,1677,1341,23,23,1.07,0.42,0,0,2498,3000,1021,0,2819,2160
cb1f25ef-87f09c2a-0f656ffe-f63022ab-8b305520,26.437,26.549,1655,1285,23,23,1.07,0.42,0,0,2498,3000,1021,0,2819,2160
cb1f25ef-87f09c2a-0f656ffe-f63022ab-8b305520,26.563,26.774,1699,1291,23,23,1.07,0.42,0,0,2498,3000,1021,0,2819,2160
cb1f25ef-87f09c2a-0f656ffe-f63022ab-8b305520,26.788,27.134,1674,1238,23,23,1.07,0.42,0,0,2498,3000,1021,0,2819,2160
cb1f25ef-87f09c2a-0f656ffe-f63022ab-8b305520,27.399,27.501,1390,2360,23,23,1.07,0.42,0,0,2498,3000,1021,0,2819,2160
cb1f25ef-87f09c2a-0f656ffe-f63022ab-8b305520,27.554,27.803,1391,2637,23,23,1.07,0.42,0,0,2498,3000,1021,0,2819,2160
cb1f25ef-87f09c2a-0f656ffe-f63022ab-8b305520,27.886,28.054,1189,2779,23,23,1.07,0.42,0,0,2498,3000,1021,0,2819,2160
cb1f25ef-87f09c2a-0f656ffe-f63022ab-8b305520,28.068,28.222,1200,2791,23,23,1.07,0.42,0,0,2498,3000,1021,0,2819,2160
cb1f25ef-87f09c2a-0f656ffe-f63022ab-8b305520,28.345,28.543,1291,2181,23,23,1.07,0.42,0,0,2498,3000,1021,0,2819,2160
cb1f25ef-87f09c2a-0f656ffe-f63022ab-8b305520,28.613,28.724,999,2167,23,23,1.07,0.42,0,0,2498,3000,1021,0,2819,2160
cb1f25ef-87f09c2a-0f656ffe-f63022ab-8b305520,28.737,28.959,994,2171,23,23,1.07,0.42,0,0,2498,3000,1021,0,2819,2160
cb1f25ef-87f09c2a-0f656ffe-f63022ab-8b305520,28.973,29.183,1025,2236,23,23,1.07,0.42,0,0,2498,3000,1021,0,2819,2160
cb1f25ef-87f09c2a-0f656ffe-f63022ab-8b305520,29.294,29.432,1356,2620,23,23,1.07,0.42,0,0,2498,3000,1021,0,2819,2160
cb1f25ef-87f09c2a-0f656ffe-f63022ab-8b305520,29.587,29.699,1277,2790,23,23,1.07,0.42,0,0,2498,3000,1021,0,2819,2160
cb1f25ef-87f09c2a-0f656ffe-f63022ab-8b305520,29.712,29.893,1268,2774,23,23,1.07,0.42,0,0,2498,3000,1021,0,2819,2160
cb1f25ef-87f09c2a-0f656ffe-f63022ab-8b305520,29.949,30.058,1950,2666,23,23,1.07,0.42,0,0,2498,3000,1021,0,2819,2160
cb1f25ef-87f09c2a-0f656ffe-f63022ab-8b305520,30.073,30.226,2076,2698,23,23,1.07,0.42,0,0,2498,3000,1021,0,2819,2160
cb1f25ef-87f09c2a-0f656ffe-f63022ab-8b305520,30.298,30.504,1588,2077,23,23,1.07,0.42,0,0,2498,3000,1021,0,2819,2160
cb1f25ef-87f09c2a-0f656ffe-f63022ab-8b305520,30.574,30.783,1442,1939,23,23,1.07,0.42,0,0,2498,3000,1021,0,2819,2160
cb1f25ef-87f09c2a-0f656ffe-f63022ab-8b305520,30.799,30.951,1430,1909,23,23,1.07,0.42,0,0,2498,3000,1021,0,2819,2160
cb1f25ef-87f09c2a-0f656ffe-f63022ab-8b305520,30.98,31.173,1347,1840,23,23,1.07,0.42,0,0,2498,3000,1021,0,2819,2160
cb1f25ef-87f09c2a-0f656ffe-f63022ab-8b305520,31.215,31.424,1435,1555,23,23,1.07,0.42,0,0,2498,3000,1021,0,2819,2160
cb1f25ef-87f09c2a-0f656ffe-f63022ab-8b305520,31.453,31.649,1507,1266,23,23,1.07,0.42,0,0,2498,3000,1021,0,2819,2160
cb1f25ef-87f09c2a-0f656ffe-f63022ab-8b305520,31.676,31.872,1116,1208,23,23,1.07,0.42,0,0,2498,3000,1021,0,2819,2160
cb1f25ef-87f09c2a-0f656ffe-f63022ab-8b305520,32.176,32.691,1410,1474,23,23,1.07,0.42,0,0,2498,3000,1021,0,2819,2160
cb1f25ef-87f09c2a-0f656ffe-f63022ab-8b305520,32.802,33.053,1195,1531,23,23,1.0,0.46,0,0,2498,3000,1021,0,2819,2160
cb1f25ef-87f09c2a-0f656ffe-f63022ab-8b305520,33.067,33.192,1181,1539,23,23,1.0,0.46,0,0,2498,3000,1021,0,2819,2160
cb1f25ef-87f09c2a-0f656ffe-f63022ab-8b305520,33.22,33.434,1383,1531,23,23,1.0,0.46,0,0,2498,3000,1021,0,2819,2160
cb1f25ef-87f09c2a-0f656ffe-f63022ab-8b305520,33.568,33.722,1176,1418,23,23,1.0,0.46,0,0,2498,3000,1021,0,2819,2160
cb1f25ef-87f09c2a-0f656ffe-f63022ab-8b305520,33.776,33.929,1317,1409,23,23,1.0,0.46,0,0,2498,3000,1021,0,2819,2160
cb1f25ef-87f09c2a-0f656ffe-f63022ab-8b305520,33.944,34.394,1345,1442,23,23,1.0,0.44,0,0,2498,3000,1021,0,2819,2160
cb1f25ef-87f09c2a-0f656ffe-f63022ab-8b305520,34.408,34.628,1329,1448,23,23,0.94,0.45,0,0,2498,3000,1021,0,2819,2160
cb1f25ef-87f09c2a-0f656ffe-f63022ab-8b305520,34.64,34.807,1291,1417,23,23,0.87,0.59,0,0,2498,3000,1021,0,2819,2160
cb1f25ef-87f09c2a-0f656ffe-f63022ab-8b305520,34.851,35.337,1398,1809,23,23,0.87,0.61,0,0,2498,3000,1021,0,2819,2160
cb1f25ef-87f09c2a-0f656ffe-f63022ab-8b305520,35.448,35.587,1409,1641,23,23,0.88,0.43,0,0,2498,3000,1021,0,2819,2160
cb1f25ef-87f09c2a-0f656ffe-f63022ab-8b305520,35.657,35.923,1476,589,23,23,0.88,0.43,0,0,2498,3000,1021,0,2819,2160
cb1f25ef-87f09c2a-0f656ffe-f63022ab-8b305520,35.936,36.06,1457,584,23,23,0.88,0.43,0,0,2498,3000,1021,0,2819,2160
cb1f25ef-87f09c2a-0f656ffe-f63022ab-8b305520,36.13,36.285,1710,1314,23,23,0.88,0.43,0,0,2498,3000,1021,0,2819,2160
cb1f25ef-87f09c2a-0f656ffe-f63022ab-8b305520,36.325,36.535,1664,1248,23,23,0.88,0.43,0,0,2498,3000,1021,0,2819,2160
cb1f25ef-87f09c2a-0f656ffe-f63022ab-8b305520,36.562,36.687,1646,1272,23,23,0.88,0.43,0,0,2498,3000,1021,0,2819,2160
cb1f25ef-87f09c2a-0f656ffe-f63022ab-8b305520,36.702,36.84,1663,1265,23,23,0.88,0.43,0,0,2498,3000,1021,0,2819,2160
cb1f25ef-87f09c2a-0f656ffe-f63022ab-8b305520,36.854,36.994,1645,1233,23,23,0.88,0.43,0,0,2498,3000,1021,0,2819,2160
cb1f25ef-87f09c2a-0f656ffe-f63022ab-8b305520,37.009,37.357,1676,1220,23,23,0.88,0.43,0,0,2498,3000,1021,0,2819,2160
cb1f25ef-87f09c2a-0f656ffe-f63022ab-8b305520,37.37,37.509,1680,1204,23,23,0.88,0.43,0,0,2498,3000,1021,0,2819,2160
cb1f25ef-87f09c2a-0f656ffe-f63022ab-8b305520,37.523,37.707,1753,1191,23,23,0.88,0.43,0,0,2498,3000,1021,0,2819,2160
cb1f25ef-87f09c2a-0f656ffe-f63022ab-8b305520,37.788,37.928,1032,1095,23,23,0.88,0.43,0,0,2498,3000,1021,0,2819,2160
cb1f25ef-87f09c2a-0f656ffe-f63022ab-8b305520,38.054,38.219,710,974,23,23,0.88,0.43,0,0,2498,3000,1021,0,2819,2160
cb1f25ef-87f09c2a-0f656ffe-f63022ab-8b305520,38.233,38.386,774,993,23,23,0.88,0.43,0,0,2498,3000,1021,0,2819,2160
cb1f25ef-87f09c2a-0f656ffe-f63022ab-8b305520,38.4,38.554,813,1024,23,23,0.88,0.43,0,0,2498,3000,1021,0,2819,2160
cb1f25ef-87f09c2a-0f656ffe-f63022ab-8b305520,38.569,38.706,765,1021,23,23,0.88,0.43,0,0,2498,3000,1021,0,2819,2160
cb1f25ef-87f09c2a-0f656ffe-f63022ab-8b305520,38.792,39.055,1798,1154,23,23,0.88,0.43,0,0,2498,3000,1021,0,2819,2160
cb1f25ef-87f09c2a-0f656ffe-f63022ab-8b305520,39.458,39.625,409,2054,23,23,0.88,0.43,0,0,2498,3000,1021,0,2819,2160
cb1f25ef-87f09c2a-0f656ffe-f63022ab-8b305520,39.737,39.85,461,1927,23,23,0.88,0.43,0,0,2498,3000,1021,0,2819,2160
cb1f25ef-87f09c2a-0f656ffe-f63022ab-8b305520,39.89,40.057,333,2028,23,23,0.88,0.43,0,0,2498,3000,1021,0,2819,2160
cb1f25ef-87f09c2a-0f656ffe-f63022ab-8b305520,40.561,40.714,469,2070,23,23,0.88,0.43,0,0,2498,3000,1021,0,2819,2160
cb1f25ef-87f09c2a-0f656ffe-f63022ab-8b305520,41.23,41.379,2336,2078,23,23,0.88,0.43,0,0,2498,3000,1021,0,2819,2160
cb1f25ef-87f09c2a-0f656ffe-f63022ab-8b305520,41.617,41.787,359,2054,23,23,0.88,0.43,0,0,2498,3000,1021,0,2819,2160
cb1f25ef-87f09c2a-0f656ffe-f63022ab-8b305520,42.021,42.159,405,2241,23,23,0.88,0.43,0,0,2498,3000,1021,0,2819,2160
cb1f25ef-87f09c2a-0f656ffe-f63022ab-8b305520,42.368,42.483,359,2116,23,23,0.88,0.43,0,0,2498,3000,1021,0,2819,2160
cb1f25ef-87f09c2a-0f656ffe-f63022ab-8b305520,42.5,42.772,387,2123,23,23,0.88,0.43,0,0,2498,3000,1021,0,2819,2160
cb1f25ef-87f09c2a-0f656ffe-f63022ab-8b305520,42.786,42.981,418,2129,23,23,0.88,0.43,0,0,2498,3000,1021,0,2819,2160
cb1f25ef-87f09c2a-0f656ffe-f63022ab-8b305520,43.008,43.136,644,2100,23,23,0.88,0.43,0,0,2498,3000,1021,0,2819,2160
cb1f25ef-87f09c2a-0f656ffe-f63022ab-8b305520,43.774,43.942,1068,1973,23,23,0.88,0.43,0,0,2498,3000,1021,0,2819,2160
cb1f25ef-87f09c2a-0f656ffe-f63022ab-8b305520,43.996,44.109,1000,2269,23,23,0.88,0.43,0,0,2498,3000,1021,0,2819,2160
cb1f25ef-87f09c2a-0f656ffe-f63022ab-8b305520,44.137,44.264,977,2208,23,23,0.88,0.43,0,0,2498,3000,1021,0,2819,2160
cb1f25ef-87f09c2a-0f656ffe-f63022ab-8b305520,44.498,44.623,528,1460,23,23,0.88,0.43,0,0,2498,3000,1021,0,2819,2160
cb1f25ef-87f09c2a-0f656ffe-f63022ab-8b305520,44.637,44.819,534,1485,23,23,0.88,0.43,0,0,2498,3000,1021,0,2819,2160
cb1f25ef-87f09c2a-0f656ffe-f63022ab-8b305520,45.042,45.185,539,1222,23,23,0.88,0.43,0,0,2498,3000,1021,0,2819,2160
cb1f25ef-87f09c2a-0f656ffe-f63022ab-8b305520,45.235,45.389,539,1179,23,23,0.88,0.43,0,0,2498,3000,1021,0,2819,2160
cb1f25ef-87f09c2a-0f656ffe-f63022ab-8b305520,45.403,45.611,518,1169,23,23,0.88,0.43,0,0,2498,3000,1021,0,2819,2160
cb1f25ef-87f09c2a-0f656ffe-f63022ab-8b305520,45.867,46.028,1103,2181,23,23,0.88,0.43,0,0,2498,3000,1021,0,2819,2160
cb1f25ef-87f09c2a-0f656ffe-f63022ab-8b305520,46.071,46.307,1672,1926,23,23,0.88,0.43,0,0,2498,3000,1021,0,2819,2160
cb1f25ef-87f09c2a-0f656ffe-f63022ab-8b305520,46.419,46.545,1967,1567,23,23,0.88,0.43,0,0,2498,3000,1021,0,2819,2160
cb1f25ef-87f09c2a-0f656ffe-f63022ab-8b305520,46.628,46.753,2009,1656,23,23,0.88,0.43,0,0,2498,3000,1021,0,2819,2160
cb1f25ef-87f09c2a-0f656ffe-f63022ab-8b305520,46.879,47.089,1893,1662,23,23,0.88,0.43,0,0,2498,3000,1021,0,2819,2160
cb1f25ef-87f09c2a-0f656ffe-f63022ab-8b305520,47.156,47.298,1892,1808,23,23,0.88,0.43,0,0,2498,3000,1021,0,2819,2160
cb1f25ef-87f09c2a-0f656ffe-f63022ab-8b305520,47.477,47.591,768,1679,23,23,0.88,0.43,0,0,2498,3000,1021,0,2819,2160
cb1f25ef-87f09c2a-0f656ffe-f63022ab-8b305520,47.657,47.811,602,1653,23,23,0.88,0.43,0,0,2498,3000,1021,0,2819,2160
cb1f25ef-87f09c2a-0f656ffe-f63022ab-8b305520,47.853,48.021,789,1614,23,23,0.88,0.43,0,0,2498,3000,1021,0,2819,2160
cb1f25ef-87f09c2a-0f656ffe-f63022ab-8b305520,48.034,48.174,738,1601,23,23,0.88,0.43,0,0,2498,3000,1021,0,2819,2160
cb1f25ef-87f09c2a-0f656ffe-f63022ab-8b305520,48.356,48.465,957,2211,23,23,0.88,0.43,0,0,2498,3000,1021,0,2819,2160
cb1f25ef-87f09c2a-0f656ffe-f63022ab-8b305520,48.579,48.743,1267,2532,23,23,0.88,0.43,0,0,2498,3000,1021,0,2819,2160
cb1f25ef-87f09c2a-0f656ffe-f63022ab-8b305520,48.757,48.896,1261,2521,23,23,0.88,0.43,0,0,2498,3000,1021,0,2819,2160
cb1f25ef-87f09c2a-0f656ffe-f63022ab-8b305520,49.19,49.356,1016,2081,23,23,0.88,0.43,0,0,2498,3000,1021,0,2819,2160
cb1f25ef-87f09c2a-0f656ffe-f63022ab-8b305520,49.44,49.621,1254,1609,23,23,0.88,0.43,0,0,2498,3000,1021,0,2819,2160
cb1f25ef-87f09c2a-0f656ffe-f63022ab-8b305520,49.649,49.76,1202,1720,23,23,0.88,0.43,0,0,2498,3000,1021,0,2819,2160
cb1f25ef-87f09c2a-0f656ffe-f63022ab-8b305520,49.886,50.002,1298,1954,23,23,0.88,0.43,0,0,2498,3000,1021,0,2819,2160
cb1f25ef-87f09c2a-0f656ffe-f63022ab-8b305520,50.026,50.291,1304,1987,23,23,0.88,0.43,0,0,2498,3000,1021,0,2819,2160
cb1f25ef-87f09c2a-0f656ffe-f63022ab-8b305520,50.388,50.511,1180,1534,23,23,0.88,0.43,0,0,2498,3000,1021,0,2819,2160
cb1f25ef-87f09c2a-0f656ffe-f63022ab-8b305520,50.526,50.651,1197,1543,23,23,0.88,0.43,0,0,2498,3000,1021,0,2819,2160
cb1f25ef-87f09c2a-0f656ffe-f63022ab-8b305520,50.666,50.776,1196,1499,23,23,0.88,0.43,0,0,2498,3000,1021,0,2819,2160
cb1f25ef-87f09c2a-0f656ffe-f63022ab-8b305520,50.901,51.082,990,1306,23,23,0.88,0.43,0,0,2498,3000,1021,0,2819,2160
cb1f25ef-87f09c2a-0f656ffe-f63022ab-8b305520,51.095,51.223,1016,1275,23,23,0.88,0.43,0,0,2498,3000,1021,0,2819,2160
cb1f25ef-87f09c2a-0f656ffe-f63022ab-8b305520,51.263,51.527,1311,1416,23,23,0.88,0.43,0,0,2498,3000,1021,0,2819,2160
cb1f25ef-87f09c2a-0f656ffe-f63022ab-8b305520,51.556,51.709,1421,1329,23,23,0.88,0.43,0,0,2498,3000,1021,0,2819,2160
cb1f25ef-87f09c2a-0f656ffe-f63022ab-8b305520,51.722,51.877,1415,1306,23,23,0.88,0.43,0,0,2498,3000,1021,0,2819,2160
cb1f25ef-87f09c2a-0f656ffe-f63022ab-8b305520,52.056,52.182,1603,1193,23,23,0.88,0.43,0,0,2498,3000,1021,0,2819,2160
cb1f25ef-87f09c2a-0f656ffe-f63022ab-8b305520,52.308,52.572,1411,1593,23,23,0.88,0.43,0,0,2498,3000,1021,0,2819,2160
cb1f25ef-87f09c2a-0f656ffe-f63022ab-8b305520,52.671,52.961,1619,1222,23,23,0.88,0.43,0,0,2498,3000,1021,0,2819,2160
cb1f25ef-87f09c2a-0f656ffe-f63022ab-8b305520,53.211,53.463,1552,1190,23,23,0.88,0.43,0,0,2498,3000,1021,0,2819,2160
cb1f25ef-87f09c2a-0f656ffe-f63022ab-8b305520,53.532,53.894,1343,1571,23,23,0.88,0.43,0,0,2498,3000,1021,0,2819,2160
cb1f25ef-87f09c2a-0f656ffe-f63022ab-8b305520,54.033,54.144,1277,1674,23,23,0.88,0.43,0,0,2498,3000,1021,0,2819,2160
cb1f25ef-87f09c2a-0f656ffe-f63022ab-8b305520,54.215,54.423,1326,2066,23,23,0.88,0.43,0,0,2498,3000,1021,0,2819,2160
cb1f25ef-87f09c2a-0f656ffe-f63022ab-8b305520,54.437,54.661,1365,2015,23,23,0.88,0.43,0,0,2498,3000,1021,0,2819,2160
cb1f25ef-87f09c2a-0f656ffe-f63022ab-8b305520,54.73,54.923,1381,1908,23,23,0.88,0.43,0,0,2498,3000,1021,0,2819,2160
cb1f25ef-87f09c2a-0f656ffe-f63022ab-8b305520,54.994,55.153,1378,1501,23,23,0.88,0.43,0,0,2498,3000,1021,0,2819,2160
cb1f25ef-87f09c2a-0f656ffe-f63022ab-8b305520,55.3,55.425,1246,1924,23,23,0.88,0.43,0,0,2498,3000,1021,0,2819,2160
cb1f25ef-87f09c2a-0f656ffe-f63022ab-8b305520,55.536,55.637,1206,1891,23,23,0.88,0.43,0,0,2498,3000,1021,0,2819,2160
cb1f25ef-87f09c2a-0f656ffe-f63022ab-8b305520,55.759,55.926,1632,1167,23,23,0.88,0.43,0,0,2498,3000,1021,0,2819,2160
cb1f25ef-87f09c2a-0f656ffe-f63022ab-8b305520,55.941,56.205,1627,1135,23,23,0.88,0.43,0,0,2498,3000,1021,0,2819,2160
cb1f25ef-87f09c2a-0f656ffe-f63022ab-8b305520,56.232,56.372,1488,1073,23,23,0.88,0.43,0,0,2498,3000,1021,0,2819,2160
cb1f25ef-87f09c2a-0f656ffe-f63022ab-8b305520,56.386,56.538,1483,1054,23,23,0.88,0.43,0,0,2498,3000,1021,0,2819,2160
cb1f25ef-87f09c2a-0f656ffe-f63022ab-8b305520,56.554,56.664,1479,1065,23,23,0.88,0.43,0,0,2498,3000,1021,0,2819,2160
cb1f25ef-87f09c2a-0f656ffe-f63022ab-8b305520,56.707,56.873,1807,991,23,23,0.88,0.43,0,0,2498,3000,1021,0,2819,2160
cb1f25ef-87f09c2a-0f656ffe-f63022ab-8b305520,56.886,57.096,1797,971,23,23,0.88,0.43,0,0,2498,3000,1021,0,2819,2160
cb1f25ef-87f09c2a-0f656ffe-f63022ab-8b305520,57.124,57.305,1364,1104,23,23,0.88,0.43,0,0,2498,3000,1021,0,2819,2160
cb1f25ef-87f09c2a-0f656ffe-f63022ab-8b305520,57.471,57.707,1252,1305,23,23,0.88,0.43,0,0,2498,3000,1021,0,2819,2160
cb1f25ef-87f09c2a-0f656ffe-f63022ab-8b305520,57.944,58.07,1283,2242,23,23,0.88,0.43,0,0,2498,3000,1021,0,2819,2160
cb1f25ef-87f09c2a-0f656ffe-f63022ab-8b305520,58.534,58.725,1973,928,23,23,0.88,0.43,0,0,2498,3000,1021,0,2819,2160
cb1f25ef-87f09c2a-0f656ffe-f63022ab-8b305520,58.738,58.863,1986,952,23,23,0.88,0.43,0,0,2498,3000,1021,0,2819,2160
cb1f25ef-87f09c2a-0f656ffe-f63022ab-8b305520,58.877,59.044,1996,917,23,23,0.88,0.43,0,0,2498,3000,1021,0,2819,2160
cb1f25ef-87f09c2a-0f656ffe-f63022ab-8b305520,59.072,59.294,1382,1048,23,23,0.88,0.43,0,0,2498,3000,1021,0,2819,2160
cb1f25ef-87f09c2a-0f656ffe-f63022ab-8b305520,59.309,59.448,1359,1051,23,23,0.88,0.43,0,0,2498,3000,1021,0,2819,2160
cb1f25ef-87f09c2a-0f656ffe-f63022ab-8b305520,59.518,59.909,1585,991,23,23,0.88,0.43,0,0,2498,3000,1021,0,2819,2160
cb1f25ef-87f09c2a-0f656ffe-f63022ab-8b305520,60.157,60.268,826,1871,23,23,0.88,0.43,0,0,2498,3000,1021,0,2819,2160
cb1f25ef-87f09c2a-0f656ffe-f63022ab-8b305520,60.772,60.965,882,1402,23,23,0.88,0.43,0,0,2498,3000,1021,0,2819,2160
cb1f25ef-87f09c2a-0f656ffe-f63022ab-8b305520,61.037,61.312,1689,1469,23,23,0.88,0.43,0,0,2498,3000,1021,0,2819,2160
cb1f25ef-87f09c2a-0f656ffe-f63022ab-8b305520,61.634,61.772,1612,1181,23,23,0.88,0.43,0,0,2498,3000,1021,0,2819,2160
cb1f25ef-87f09c2a-0f656ffe-f63022ab-8b305520,61.801,62.037,1441,1314,23,23,0.88,0.43,0,0,2498,3000,1021,0,2819,2160
cb1f25ef-87f09c2a-0f656ffe-f63022ab-8b305520,62.051,62.317,1487,1342,23,23,0.88,0.43,0,0,2498,3000,1021,0,2819,2160
cb1f25ef-87f09c2a-0f656ffe-f63022ab-8b305520,62.33,62.524,1470,1328,23,23,0.88,0.43,0,0,2498,3000,1021,0,2819,2160
cb1f25ef-87f09c2a-0f656ffe-f63022ab-8b305520,62.553,62.667,856,1348,23,23,0.88,0.43,0,0,2498,3000,1021,0,2819,2160
cb1f25ef-87f09c2a-0f656ffe-f63022ab-8b305520,62.803,62.916,753,1587,23,23,0.88,0.43,0,0,2498,3000,1021,0,2819,2160
cb1f25ef-87f09c2a-0f656ffe-f63022ab-8b305520,62.956,63.067,724,1642,23,23,0.88,0.43,0,0,2498,3000,1021,0,2819,2160
cb1f25ef-87f09c2a-0f656ffe-f63022ab-8b305520,63.081,63.248,708,1680,23,23,0.88,0.43,0,0,2498,3000,1021,0,2819,2160
cb1f25ef-87f09c2a-0f656ffe-f63022ab-8b305520,63.61,63.749,1567,1237,23,23,0.88,0.43,0,0,2498,3000,1021,0,2819,2160
cb1f25ef-87f09c2a-0f656ffe-f63022ab-8b305520,63.763,63.875,1538,1202,23,23,0.88,0.43,0,0,2498,3000,1021,0,2819,2160
cb1f25ef-87f09c2a-0f656ffe-f63022ab-8b305520,63.891,64.027,1510,1246,23,23,0.88,0.43,0,0,2498,3000,1021,0,2819,2160
cb1f25ef-87f09c2a-0f656ffe-f63022ab-8b305520,64.389,64.528,1578,1234,23,23,0.88,0.43,0,0,2498,3000,1021,0,2819,2160
cb1f25ef-87f09c2a-0f656ffe-f63022ab-8b305520,64.542,64.7,1609,1196,23,23,0.88,0.43,0,0,2498,3000,1021,0,2819,2160
cb1f25ef-87f09c2a-0f656ffe-f63022ab-8b305520,64.988,65.141,1595,1138,23,23,0.88,0.43,0,0,2498,3000,1021,0,2819,2160
cb1f25ef-87f09c2a-0f656ffe-f63022ab-8b305520,65.17,65.531,1536,1279,23,23,0.88,0.43,0,0,2498,3000,1021,0,2819,2160
cb1f25ef-87f09c2a-0f656ffe-f63022ab-8b305520,65.547,66.074,1530,1306,23,23,0.88,0.43,0,0,2498,3000,1021,0,2819,2160
cb1f25ef-87f09c2a-0f656ffe-f63022ab-8b305520,66.088,66.617,1515,1292,23,23,0.88,0.43,0,0,2498,3000,1021,0,2819,2160
cb1f25ef-87f09c2a-0f656ffe-f63022ab-8b305520,66.714,66.853,1580,1184,23,23,0.88,0.43,0,0,2498,3000,1021,0,2819,2160
cb1f25ef-87f09c2a-0f656ffe-f63022ab-8b305520,66.868,67.034,1612,1177,23,23,0.88,0.43,0,0,2498,3000,1021,0,2819,2160
cb1f25ef-87f09c2a-0f656ffe-f63022ab-8b305520,67.049,67.215,1600,1124,23,23,0.88,0.43,0,0,2498,3000,1021,0,2819,2160
cb1f25ef-87f09c2a-0f656ffe-f63022ab-8b305520,67.326,67.452,1493,1262,23,23,0.88,0.43,0,0,2498,3000,1021,0,2819,2160
cb1f25ef-87f09c2a-0f656ffe-f63022ab-8b305520,67.466,67.633,1507,1262,23,23,0.88,0.43,0,0,2498,3000,1021,0,2819,2160
cb1f25ef-87f09c2a-0f656ffe-f63022ab-8b305520,67.647,67.813,1525,1271,23,23,0.88,0.43,0,0,2498,3000,1021,0,2819,2160
cb1f25ef-87f09c2a-0f656ffe-f63022ab-8b305520,67.827,68.122,1516,1283,23,23,0.88,0.43,0,0,2498,3000,1021,0,2819,2160
cb1f25ef-87f09c2a-0f656ffe-f63022ab-8b305520,68.149,68.69,1652,1203,23,23,0.88,0.43,0,0,2498,3000,1021,0,2819,2160
cb1f25ef-87f09c2a-0f656ffe-f63022ab-8b305520,68.704,68.927,1653,1169,23,23,0.88,0.43,0,0,2498,3000,1021,0,2819,2160
cb1f25ef-87f09c2a-0f656ffe-f63022ab-8b305520,68.955,69.123,1544,1264,23,23,0.88,0.43,0,0,2498,3000,1021,0,2819,2160
cb1f25ef-87f09c2a-0f656ffe-f63022ab-8b305520,69.331,69.443,1502,1309,23,23,0.88,0.43,0,0,2498,3000,1021,0,2819,2160
cb1f25ef-87f09c2a-0f656ffe-f63022ab-8b305520,69.457,69.583,1508,1353,23,23,0.88,0.43,0,0,2498,3000,1021,0,2819,2160
cb1f25ef-87f09c2a-0f656ffe-f63022ab-8b305520,69.721,69.832,1452,1761,23,23,0.88,0.43,0,0,2498,3000,1021,0,2819,2160
cb1f25ef-87f09c2a-0f656ffe-f63022ab-8b305520,69.943,70.083,1425,1821,23,23,0.88,0.43,0,0,2498,3000,1021,0,2819,2160
cb1f25ef-87f09c2a-0f656ffe-f63022ab-8b305520,70.152,70.293,1452,1408,23,23,0.88,0.43,0,0,2498,3000,1021,0,2819,2160
cb1f25ef-87f09c2a-0f656ffe-f63022ab-8b305520,70.306,70.445,1466,1394,23,23,0.88,0.43,0,0,2498,3000,1021,0,2819,2160
cb1f25ef-87f09c2a-0f656ffe-f63022ab-8b305520,70.557,70.695,1326,1481,23,23,0.88,0.43,0,0,2498,3000,1021,0,2819,2160
cb1f25ef-87f09c2a-0f656ffe-f63022ab-8b305520,70.737,70.848,1359,1473,23,23,0.88,0.43,0,0,2498,3000,1021,0,2819,2160
cb1f25ef-87f09c2a-0f656ffe-f63022ab-8b305520,70.861,71.099,1364,1488,23,23,0.88,0.43,0,0,2498,3000,1021,0,2819,2160
cb1f25ef-87f09c2a-0f656ffe-f63022ab-8b305520,71.119,71.238,1342,1529,23,23,0.88,0.43,0,0,2498,3000,1021,0,2819,2160
cb1f25ef-87f09c2a-0f656ffe-f63022ab-8b305520,71.683,71.809,1622,1234,23,23,0.88,0.43,0,0,2498,3000,1021,0,2819,2160
cb1f25ef-87f09c2a-0f656ffe-f63022ab-8b305520,71.92,72.032,1518,1306,23,23,0.88,0.43,0,0,2498,3000,1021,0,2819,2160
cb1f25ef-87f09c2a-0f656ffe-f63022ab-8b305520,72.048,72.199,1487,1314,23,23,0.88,0.43,0,0,2498,3000,1021,0,2819,2160
cb1f25ef-87f09c2a-0f656ffe-f63022ab-8b305520,72.49,72.636,1314,1436,23,23,0.88,0.43,0,0,2498,3000,1021,0,2819,2160
cb1f25ef-87f09c2a-0f656ffe-f63022ab-8b305520,72.717,72.838,1190,1439,23,23,0.88,0.43,0,0,2498,3000,1021,0,2819,2160
cb1f25ef-87f09c2a-0f656ffe-f63022ab-8b305520,72.88,73.063,1294,1389,23,23,0.88,0.43,0,0,2498,3000,1021,0,2819,2160
cb1f25ef-87f09c2a-0f656ffe-f63022ab-8b305520,73.159,73.312,1406,1412,23,23,0.88,0.43,0,0,2498,3000,1021,0,2819,2160
cb1f25ef-87f09c2a-0f656ffe-f63022ab-8b305520,73.325,73.467,1437,1443,23,23,0.88,0.43,0,0,2498,3000,1021,0,2819,2160
cb1f25ef-87f09c2a-0f656ffe-f63022ab-8b305520,74.147,74.258,1575,1195,23,23,0.88,0.43,0,0,2498,3000,1021,0,2819,2160
cb1f25ef-87f09c2a-0f656ffe-f63022ab-8b305520,74.286,74.425,1503,1271,23,23,0.88,0.43,0,0,2498,3000,1021,0,2819,2160
cb1f25ef-87f09c2a-0f656ffe-f63022ab-8b305520,74.453,74.565,1557,1222,23,23,0.88,0.43,0,0,2498,3000,1021,0,2819,2160
cb1f25ef-87f09c2a-0f656ffe-f63022ab-8b305520,74.62,74.732,1530,1315,23,23,0.88,0.43,0,0,2498,3000,1021,0,2819,2160
cb1f25ef-87f09c2a-0f656ffe-f63022ab-8b305520,74.745,75.01,1510,1295,23,23,0.88,0.43,0,0,2498,3000,1021,0,2819,2160
cb1f25ef-87f09c2a-0f656ffe-f63022ab-8b305520,75.024,75.274,1507,1295,23,23,0.88,0.43,0,0,2498,3000,1021,0,2819,2160
cb1f25ef-87f09c2a-0f656ffe-f63022ab-8b305520,75.289,75.609,1509,1247,23,23,0.88,0.43,0,0,2498,3000,1021,0,2819,2160
cb1f25ef-87f09c2a-0f656ffe-f63022ab-8b305520,75.817,75.928,1685,1142,23,23,0.88,0.43,0,0,2498,3000,1021,0,2819,2160
cb1f25ef-87f09c2a-0f656ffe-f63022ab-8b305520,76.137,76.249,1680,1142,23,23,0.88,0.43,0,0,2498,3000,1021,0,2819,2160
cb1f25ef-87f09c2a-0f656ffe-f63022ab-8b305520,76.388,76.54,1494,1229,23,23,0.88,0.43,0,0,2498,3000,1021,0,2819,2160
cb1f25ef-87f09c2a-0f656ffe-f63022ab-8b305520,76.875,77.056,1562,1139,23,23,0.88,0.43,0,0,2498,3000,1021,0,2819,2160
cb1f25ef-87f09c2a-0f656ffe-f63022ab-8b305520,77.07,77.223,1571,1152,23,23,0.88,0.43,0,0,2498,3000,1021,0,2819,2160
cb1f25ef-87f09c2a-0f656ffe-f63022ab-8b305520,77.237,77.445,1546,1119,23,23,0.88,0.43,0,0,2498,3000,1021,0,2819,2160
cb1f25ef-87f09c2a-0f656ffe-f63022ab-8b305520,77.501,77.669,1585,1177,23,23,0.88,0.43,0,0,2498,3000,1021,0,2819,2160
cb1f25ef-87f09c2a-0f656ffe-f63022ab-8b305520,77.683,77.947,1579,1158,23,23,0.88,0.43,0,0,2498,3000,1021,0,2819,2160
cb1f25ef-87f09c2a-0f656ffe-f63022ab-8b305520,77.974,78.128,1598,1121,23,23,0.88,0.43,0,0,2498,3000,1021,0,2819,2160
cb1f25ef-87f09c2a-0f656ffe-f63022ab-8b305520,78.142,78.295,1548,1148,23,23,0.88,0.43,0,0,2498,3000,1021,0,2819,2160
cb1f25ef-87f09c2a-0f656ffe-f63022ab-8b305520,78.308,78.531,1527,1195,23,23,0.88,0.43,0,0,2498,3000,1021,0,2819,2160
cb1f25ef-87f09c2a-0f656ffe-f63022ab-8b305520,78.726,78.852,846,1312,23,23,0.88,0.43,0,0,2498,3000,1021,0,2819,2160
cb1f25ef-87f09c2a-0f656ffe-f63022ab-8b305520,78.909,79.019,736,1558,23,23,0.88,0.43,0,0,2498,3000,1021,0,2819,2160
cb1f25ef-87f09c2a-0f656ffe-f63022ab-8b305520,79.047,79.245,753,1630,23,23,0.88,0.43,0,0,2498,3000,1021,0,2819,2160
cb1f25ef-87f09c2a-0f656ffe-f63022ab-8b305520,79.305,79.414,891,1970,23,23,0.88,0.43,0,0,2498,3000,1021,0,2819,2160
cb1f25ef-87f09c2a-0f656ffe-f63022ab-8b305520,79.676,79.788,948,2088,23,23,0.88,0.43,0,0,2498,3000,1021,0,2819,2160
cb1f25ef-87f09c2a-0f656ffe-f63022ab-8b305520,80.013,80.177,1726,1894,23,23,0.88,0.43,0,0,2498,3000,1021,0,2819,2160
cb1f25ef-87f09c2a-0f656ffe-f63022ab-8b305520,80.191,80.315,1709,1857,23,23,0.88,0.43,0,0,2498,3000,1021,0,2819,2160
cb1f25ef-87f09c2a-0f656ffe-f63022ab-8b305520,80.329,80.525,1724,1758,23,23,0.88,0.43,0,0,2498,3000,1021,0,2819,2160
cb1f25ef-87f09c2a-0f656ffe-f63022ab-8b305520,80.641,80.758,927,2050,23,23,0.88,0.43,0,0,2498,3000,1021,0,2819,2160
cb1f25ef-87f09c2a-0f656ffe-f63022ab-8b305520,80.772,80.898,926,2076,23,23,0.88,0.43,0,0,2498,3000,1021,0,2819,2160
cb1f25ef-87f09c2a-0f656ffe-f63022ab-8b305520,80.969,81.15,809,2068,23,23,0.88,0.43,0,0,2498,3000,1021,0,2819,2160
cb1f25ef-87f09c2a-0f656ffe-f63022ab-8b305520,81.483,81.65,1872,1975,23,23,0.88,0.43,0,0,2498,3000,1021,0,2819,2160
cb1f25ef-87f09c2a-0f656ffe-f63022ab-8b305520,81.719,81.914,1720,2179,23,23,0.88,0.43,0,0,2498,3000,1021,0,2819,2160
cb1f25ef-87f09c2a-0f656ffe-f63022ab-8b305520,82.124,82.262,974,2061,23,23,0.88,0.43,0,0,2498,3000,1021,0,2819,2160
cb1f25ef-87f09c2a-0f656ffe-f63022ab-8b305520,82.32,82.472,1066,2052,23,23,0.88,0.43,0,0,2498,3000,1021,0,2819,2160
cb1f25ef-87f09c2a-0f656ffe-f63022ab-8b305520,82.516,82.697,875,2040,23,23,0.88,0.43,0,0,2498,3000,1021,0,2819,2160
cb1f25ef-87f09c2a-0f656ffe-f63022ab-8b305520,82.721,82.847,885,2013,23,23,0.88,0.43,0,0,2498,3000,1021,0,2819,2160
cb1f25ef-87f09c2a-0f656ffe-f63022ab-8b305520,82.918,83.237,1655,1821,23,23,0.88,0.43,0,0,2498,3000,1021,0,2819,2160
cb1f25ef-87f09c2a-0f656ffe-f63022ab-8b305520,83.375,83.501,658,1712,23,23,0.88,0.43,0,0,2498,3000,1021,0,2819,2160
cb1f25ef-87f09c2a-0f656ffe-f63022ab-8b305520,83.556,83.807,662,1637,23,23,0.88,0.43,0,0,2498,3000,1021,0,2819,2160
cb1f25ef-87f09c2a-0f656ffe-f63022ab-8b305520,84.698,84.851,1720,1645,23,23,0.88,0.43,0,0,2498,3000,1021,0,2819,2160
cb1f25ef-87f09c2a-0f656ffe-f63022ab-8b305520,84.976,85.157,1658,1679,23,23,0.88,0.43,0,0,2498,3000,1021,0,2819,2160
cb1f25ef-87f09c2a-0f656ffe-f63022ab-8b305520,85.505,85.616,609,1817,23,23,0.88,0.43,0,0,2498,3000,1021,0,2819,2160
cb1f25ef-87f09c2a-0f656ffe-f63022ab-8b305520,85.952,86.062,979,1787,23,23,0.88,0.43,0,0,2498,3000,1021,0,2819,2160
cb1f25ef-87f09c2a-0f656ffe-f63022ab-8b305520,86.132,86.257,1736,1701,23,23,0.88,0.43,0,0,2498,3000,1021,0,2819,2160
cb1f25ef-87f09c2a-0f656ffe-f63022ab-8b305520,86.271,86.41,1665,1706,23,23,0.88,0.43,0,0,2498,3000,1021,0,2819,2160
cb1f25ef-87f09c2a-0f656ffe-f63022ab-8b305520,86.424,86.549,1635,1712,23,23,0.88,0.43,0,0,2498,3000,1021,0,2819,2160
cb1f25ef-87f09c2a-0f656ffe-f63022ab-8b305520,86.633,86.898,1824,1671,23,23,0.88,0.43,0,0,2498,3000,1021,0,2819,2160
cb1f25ef-87f09c2a-0f656ffe-f63022ab-8b305520,87.051,87.179,690,1549,23,23,0.88,0.43,0,0,2498,3000,1021,0,2819,2160
cb1f25ef-87f09c2a-0f656ffe-f63022ab-8b305520,87.273,87.385,575,1340,23,23,0.88,0.43,0,0,2498,3000,1021,0,2819,2160
cb1f25ef-87f09c2a-0f656ffe-f63022ab-8b305520,87.454,87.579,859,1265,23,23,0.88,0.43,0,0,2498,3000,1021,0,2819,2160
cb1f25ef-87f09c2a-0f656ffe-f63022ab-8b305520,87.676,87.802,391,1282,23,23,0.88,0.43,0,0,2498,3000,1021,0,2819,2160
cb1f25ef-87f09c2a-0f656ffe-f63022ab-8b305520,88.151,88.293,834,1200,23,23,0.88,0.43,0,0,2498,3000,1021,0,2819,2160
cb1f25ef-87f09c2a-0f656ffe-f63022ab-8b305520,88.358,88.5,950,1235,23,23,0.88,0.43,0,0,2498,3000,1021,0,2819,2160
cb1f25ef-87f09c2a-0f656ffe-f63022ab-8b305520,88.693,88.85,1655,1229,23,23,0.88,0.43,0,0,2498,3000,1021,0,2819,2160
cb1f25ef-87f09c2a-0f656ffe-f63022ab-8b305520,88.875,89.118,1085,1320,23,23,0.88,0.43,0,0,2498,3000,1021,0,2819,2160
cb1f25ef-87f09c2a-0f656ffe-f63022ab-8b305520,89.141,89.306,1060,1335,23,23,0.88,0.43,0,0,2498,3000,1021,0,2819,2160
cb1f25ef-87f09c2a-0f656ffe-f63022ab-8b305520,89.361,89.528,1633,1353,23,23,0.88,0.43,0,0,2498,3000,1021,0,2819,2160
cb1f25ef-87f09c2a-0f656ffe-f63022ab-8b305520,89.542,89.767,1609,1338,23,23,0.88,0.43,0,0,2498,3000,1021,0,2819,2160
cb1f25ef-87f09c2a-0f656ffe-f63022ab-8b305520,89.778,89.932,1497,1227,23,23,0.88,0.43,0,0,2498,3000,1021,0,2819,2160
cb1f25ef-87f09c2a-0f656ffe-f63022ab-8b305520,89.988,90.156,374,965,23,23,0.88,0.43,0,0,2498,3000,1021,0,2819,2160
cb1f25ef-87f09c2a-0f656ffe-f63022ab-8b305520,90.391,90.516,382,926,23,23,0.88,0.43,0,0,2498,3000,1021,0,2819,2160
cb1f25ef-87f09c2a-0f656ffe-f63022ab-8b305520,91.059,91.184,2031,806,23,23,0.88,0.43,0,0,2498,3000,1021,0,2819,2160
cb1f25ef-87f09c2a-0f656ffe-f63022ab-8b305520,91.533,91.659,151,981,23,23,0.88,0.43,0,0,2498,3000,1021,0,2819,2160
cb1f25ef-87f09c2a-0f656ffe-f63022ab-8b305520,91.742,91.869,384,1068,23,23,0.88,0.43,0,0,2498,3000,1021,0,2819,2160
cb1f25ef-87f09c2a-0f656ffe-f63022ab-8b305520,91.95,92.09,317,957,23,23,0.88,0.43,0,0,2498,3000,1021,0,2819,2160
cb1f25ef-87f09c2a-0f656ffe-f63022ab-8b305520,92.399,92.522,380,929,23,23,0.88,0.43,0,0,2498,3000,1021,0,2819,2160
cb1f25ef-87f09c2a-0f656ffe-f63022ab-8b305520,92.716,92.939,310,875,23,23,0.88,0.43,0,0,2498,3000,1021,0,2819,2160
cb1f25ef-87f09c2a-0f656ffe-f63022ab-8b305520,92.953,93.093,304,859,23,23,0.88,0.43,0,0,2498,3000,1021,0,2819,2160
cb1f25ef-87f09c2a-0f656ffe-f63022ab-8b305520,93.107,93.356,305,909,23,23,0.88,0.43,0,0,2498,3000,1021,0,2819,2160
cb1f25ef-87f09c2a-0f656ffe-f63022ab-8b305520,93.37,93.536,337,928,23,23,0.88,0.43,0,0,2498,3000,1021,0,2819,2160
cb1f25ef-87f09c2a-0f656ffe-f63022ab-8b305520,93.633,93.76,351,924,23,23,0.88,0.43,0,0,2498,3000,1021,0,2819,2160
cb1f25ef-87f09c2a-0f656ffe-f63022ab-8b305520,93.772,93.995,368,935,23,23,0.88,0.43,0,0,2498,3000,1021,0,2819,2160
cb1f25ef-87f09c2a-0f656ffe-f63022ab-8b305520,94.009,94.152,376,950,23,23,0.88,0.43,0,0,2498,3000,1021,0,2819,2160
cb1f25ef-87f09c2a-0f656ffe-f63022ab-8b305520,94.164,94.538,349,906,23,23,0.88,0.43,0,0,2498,3000,1021,0,2819,2160
cb1f25ef-87f09c2a-0f656ffe-f63022ab-8b305520,94.9,95.025,494,919,23,23,0.88,0.43,0,0,2498,3000,1021,0,2819,2160
cb1f25ef-87f09c2a-0f656ffe-f63022ab-8b305520,95.457,95.64,1859,953,23,23,0.88,0.43,0,0,2498,3000,1021,0,2819,2160
cb1f25ef-87f09c2a-0f656ffe-f63022ab-8b305520,95.696,95.929,1943,956,23,23,0.88,0.43,0,0,2498,3000,1021,0,2819,2160
cb1f25ef-87f09c2a-0f656ffe-f63022ab-8b305520,95.999,96.183,795,1135,23,23,0.88,0.43,0,0,2498,3000,1021,0,2819,2160
cb1f25ef-87f09c2a-0f656ffe-f63022ab-8b305520,96.291,96.404,458,1060,23,23,0.88,0.43,0,0,2498,3000,1021,0,2819,2160
cb1f25ef-87f09c2a-0f656ffe-f63022ab-8b305520,96.835,96.962,1204,1927,23,23,0.88,0.43,0,0,2498,3000,1021,0,2819,2160
cb1f25ef-87f09c2a-0f656ffe-f63022ab-8b305520,97.071,97.185,687,1869,23,23,0.88,0.43,0,0,2498,3000,1021,0,2819,2160
cb1f25ef-87f09c2a-0f656ffe-f63022ab-8b305520,97.405,97.517,904,2118,23,23,0.88,0.43,0,0,2498,3000,1021,0,2819,2160
cb1f25ef-87f09c2a-0f656ffe-f63022ab-8b305520,97.534,97.697,926,2090,23,23,0.88,0.43,0,0,2498,3000,1021,0,2819,2160
cb1f25ef-87f09c2a-0f656ffe-f63022ab-8b305520,97.839,97.948,768,1712,23,23,0.88,0.43,0,0,2498,3000,1021,0,2819,2160
cb1f25ef-87f09c2a-0f656ffe-f63022ab-8b305520,97.962,98.172,790,1715,23,23,0.88,0.43,0,0,2498,3000,1021,0,2819,2160
cb1f25ef-87f09c2a-0f656ffe-f63022ab-8b305520,98.326,98.479,1467,1830,23,23,0.88,0.43,0,0,2498,3000,1021,0,2819,2160
cb1f25ef-87f09c2a-0f656ffe-f63022ab-8b305520,98.492,98.716,1421,1840,23,23,0.88,0.43,0,0,2498,3000,1021,0,2819,2160
cb1f25ef-87f09c2a-0f656ffe-f63022ab-8b305520,99.466,99.578,1425,2529,23,23,0.88,0.43,0,0,2498,3000,1021,0,2819,2160
cb1f25ef-87f09c2a-0f656ffe-f63022ab-8b305520,99.619,99.786,1441,2601,23,23,0.88,0.43,0,0,2498,3000,1021,0,2819,2160
cb1f25ef-87f09c2a-0f656ffe-f63022ab-8b305520,99.801,99.927,1447,2550,23,23,0.88,0.43,0,0,2498,3000,1021,0,2819,2160
cb1f25ef-87f09c2a-0f656ffe-f63022ab-8b305520,99.941,100.052,1407,2525,23,23,0.88,0.43,0,0,2498,3000,1021,0,2819,2160
cb1f25ef-87f09c2a-0f656ffe-f63022ab-8b305520,100.106,100.232,2094,2569,23,23,0.88,0.43,0,0,2498,3000,1021,0,2819,2160
cb1f25ef-87f09c2a-0f656ffe-f63022ab-8b305520,100.371,100.51,1588,2148,23,23,0.88,0.43,0,0,2498,3000,1021,0,2819,2160
cb1f25ef-87f09c2a-0f656ffe-f63022ab-8b305520,100.622,100.79,1683,2133,23,23,0.88,0.43,0,0,2498,3000,1021,0,2819,2160
cb1f25ef-87f09c2a-0f656ffe-f63022ab-8b305520,100.803,100.97,1682,2089,23,23,0.88,0.43,0,0,2498,3000,1021,0,2819,2160
cb1f25ef-87f09c2a-0f656ffe-f63022ab-8b305520,101.237,101.374,1756,2163,23,23,0.88,0.43,0,0,2498,3000,1021,0,2819,2160
cb1f25ef-87f09c2a-0f656ffe-f63022ab-8b305520,101.736,101.903,1773,1549,23,23,0.88,0.43,0,0,2498,3000,1021,0,2819,2160
cb1f25ef-87f09c2a-0f656ffe-f63022ab-8b305520,101.944,102.044,1791,1688,23,23,0.88,0.43,0,0,2498,3000,1021,0,2819,2160
cb1f25ef-87f09c2a-0f656ffe-f63022ab-8b305520,102.195,102.377,1706,1663,23,23,0.88,0.43,0,0,2498,3000,1021,0,2819,2160
cb1f25ef-87f09c2a-0f656ffe-f63022ab-8b305520,102.462,102.738,1461,1424,23,23,0.88,0.43,0,0,2498,3000,1021,0,2819,2160
cb1f25ef-87f09c2a-0f656ffe-f63022ab-8b305520,102.752,102.877,1516,1461,23,23,0.88,0.43,0,0,2498,3000,1021,0,2819,2160
cb1f25ef-87f09c2a-0f656ffe-f63022ab-8b305520,103.087,103.309,1831,974,23,23,0.88,0.43,0,0,2498,3000,1021,0,2819,2160
cb1f25ef-87f09c2a-0f656ffe-f63022ab-8b305520,103.322,103.461,1835,1034,23,23,0.88,0.43,0,0,2498,3000,1021,0,2819,2160
cb1f25ef-87f09c2a-0f656ffe-f63022ab-8b305520,103.475,103.81,2055,863,23,23,0.88,0.43,0,0,2498,3000,1021,0,2819,2160
cb1f25ef-87f09c2a-0f656ffe-f63022ab-8b305520,103.879,104.173,1482,1331,23,23,0.88,0.43,0,0,2498,3000,1021,0,2819,2160
cb1f25ef-87f09c2a-0f656ffe-f63022ab-8b305520,104.2,104.436,1363,1483,23,23,0.88,0.43,0,0,2498,3000,1021,0,2819,2160
cb1f25ef-87f09c2a-0f656ffe-f63022ab-8b305520,104.799,104.911,1948,1859,23,23,0.88,0.43,0,0,2498,3000,1021,0,2819,2160
cb1f25ef-87f09c2a-0f656ffe-f63022ab-8b305520,105.035,105.272,2212,2162,23,23,0.88,0.43,0,0,2498,3000,1021,0,2819,2160
cb1f25ef-87f09c2a-0f656ffe-f63022ab-8b305520,105.438,105.62,1424,1942,23,23,0.88,0.43,0,0,2498,3000,1021,0,2819,2160
cb1f25ef-87f09c2a-0f656ffe-f63022ab-8b305520,105.731,105.842,1735,1350,23,23,0.88,0.43,0,0,2498,3000,1021,0,2819,2160
cb1f25ef-87f09c2a-0f656ffe-f63022ab-8b305520,105.982,106.148,1720,1193,23,23,0.88,0.43,0,0,2498,3000,1021,0,2819,2160
cb1f25ef-87f09c2a-0f656ffe-f63022ab-8b305520,106.162,106.552,1718,1230,23,23,0.88,0.43,0,0,2498,3000,1021,0,2819,2160
cb1f25ef-87f09c2a-0f656ffe-f63022ab-8b305520,106.663,106.803,1464,429,23,23,0.88,0.43,0,0,2498,3000,1021,0,2819,2160
cb1f25ef-87f09c2a-0f656ffe-f63022ab-8b305520,107.068,107.248,1141,1656,23,23,0.88,0.43,0,0,2498,3000,1021,0,2819,2160
cb1f25ef-87f09c2a-0f656ffe-f63022ab-8b305520,107.791,108.014,1261,1166,23,23,0.88,0.43,0,0,2498,3000,1021,0,2819,2160
cb1f25ef-87f09c2a-0f656ffe-f63022ab-8b305520,108.028,108.278,1282,1155,23,23,0.88,0.43,0,0,2498,3000,1021,0,2819,2160
cb1f25ef-87f09c2a-0f656ffe-f63022ab-8b305520,108.822,108.946,1438,1204,23,23,0.88,0.43,0,0,2498,3000,1021,0,2819,2160
cb1f25ef-87f09c2a-0f656ffe-f63022ab-8b305520,109.113,109.253,1341,1106,23,23,0.88,0.43,0,0,2498,3000,1021,0,2819,2160
cb1f25ef-87f09c2a-0f656ffe-f63022ab-8b305520,109.739,109.865,1465,1372,23,23,0.88,0.43,0,0,2498,3000,1021,0,2819,2160
cb1f25ef-87f09c2a-0f656ffe-f63022ab-8b305520,109.948,110.073,1506,1303,23,23,0.88,0.43,0,0,2498,3000,1021,0,2819,2160
cb1f25ef-87f09c2a-0f656ffe-f63022ab-8b305520,110.115,110.226,1225,1305,23,23,0.88,0.43,0,0,2498,3000,1021,0,2819,2160
cb1f25ef-87f09c2a-0f656ffe-f63022ab-8b305520,110.255,110.38,1234,1354,23,23,0.88,0.43,0,0,2498,3000,1021,0,2819,2160
cb1f25ef-87f09c2a-0f656ffe-f63022ab-8b305520,110.505,110.617,1288,1545,23,23,0.88,0.43,0,0,2498,3000,1021,0,2819,2160
cb1f25ef-87f09c2a-0f656ffe-f63022ab-8b305520,110.8,110.992,948,1579,23,23,0.88,0.43,0,0,2498,3000,1021,0,2819,2160
cb1f25ef-87f09c2a-0f656ffe-f63022ab-8b305520,111.076,111.257,947,1529,23,23,0.88,0.43,0,0,2498,3000,1021,0,2819,2160
cb1f25ef-87f09c2a-0f656ffe-f63022ab-8b305520,111.688,111.814,1645,1248,23,23,0.88,0.43,0,0,2498,3000,1021,0,2819,2160
cb1f25ef-87f09c2a-0f656ffe-f63022ab-8b305520,111.828,111.954,1661,1205,23,23,0.88,0.43,0,0,2498,3000,1021,0,2819,2160
cb1f25ef-87f09c2a-0f656ffe-f63022ab-8b305520,112.065,112.204,1786,1648,23,23,0.88,0.43,0,0,2498,3000,1021,0,2819,2160
cb1f25ef-87f09c2a-0f656ffe-f63022ab-8b305520,112.301,112.426,1918,1799,23,23,0.88,0.43,0,0,2498,3000,1021,0,2819,2160
cb1f25ef-87f09c2a-0f656ffe-f63022ab-8b305520,112.454,112.579,1960,1769,23,23,0.88,0.43,0,0,2498,3000,1021,0,2819,2160
cb1f25ef-87f09c2a-0f656ffe-f63022ab-8b305520,112.592,112.788,2011,1768,23,23,0.88,0.43,0,0,2498,3000,1021,0,2819,2160
cb1f25ef-87f09c2a-0f656ffe-f63022ab-8b305520,113.038,113.261,1003,1822,23,23,0.88,0.43,0,0,2498,3000,1021,0,2819,2160
cb1f25ef-87f09c2a-0f656ffe-f63022ab-8b305520,113.651,113.776,1292,2585,23,23,0.88,0.43,0,0,2498,3000,1021,0,2819,2160
cb1f25ef-87f09c2a-0f656ffe-f63022ab-8b305520,113.79,113.943,1277,2544,23,23,0.88,0.43,0,0,2498,3000,1021,0,2819,2160
cb1f25ef-87f09c2a-0f656ffe-f63022ab-8b305520,114.069,114.181,563,2174,23,23,0.88,0.43,0,0,2498,3000,1021,0,2819,2160
cb1f25ef-87f09c2a-0f656ffe-f63022ab-8b305520,114.402,114.555,1249,2092,23,23,0.88,0.43,0,0,2498,3000,1021,0,2819,2160
8afc3991-7ec1912b-b24d9633-3c4b0f57-17c0e8f4,0.0,0.153,1396,1926,23,23,0.88,0.43,0,0,2498,3000,1021,0,2819,2160
8afc3991-7ec1912b-b24d9633-3c4b0f57-17c0e8f4,0.18,0.362,1022,1692,23,23,0.88,0.43,0,0,2498,3000,1021,0,2819,2160
8afc3991-7ec1912b-b24d9633-3c4b0f57-17c0e8f4,0.39,0.546,1053,1867,23,23,0.88,0.43,0,0,2498,3000,1021,0,2819,2160
8afc3991-7ec1912b-b24d9633-3c4b0f57-17c0e8f4,0.62,0.724,1230,2119,23,23,0.88,0.43,0,0,2498,3000,1021,0,2819,2160
8afc3991-7ec1912b-b24d9633-3c4b0f57-17c0e8f4,0.891,1.029,1281,2547,23,23,0.88,0.43,0,0,2498,3000,1021,0,2819,2160
8afc3991-7ec1912b-b24d9633-3c4b0f57-17c0e8f4,1.171,1.336,1206,2562,23,23,0.88,0.43,0,0,2498,3000,1021,0,2819,2160
8afc3991-7ec1912b-b24d9633-3c4b0f57-17c0e8f4,1.504,1.642,498,2482,23,23,0.88,0.43,0,0,2498,3000,1021,0,2819,2160
8afc3991-7ec1912b-b24d9633-3c4b0f57-17c0e8f4,2.199,2.366,379,2450,23,23,0.88,0.43,0,0,2498,3000,1021,0,2819,2160
8afc3991-7ec1912b-b24d9633-3c4b0f57-17c0e8f4,2.59,2.7,1402,2652,23,23,0.88,0.43,0,0,2498,3000,1021,0,2819,2160
8afc3991-7ec1912b-b24d9633-3c4b0f57-17c0e8f4,2.895,3.02,1128,2397,23,23,0.88,0.43,0,0,2498,3000,1021,0,2819,2160
8afc3991-7ec1912b-b24d9633-3c4b0f57-17c0e8f4,3.063,3.173,348,2377,23,23,0.88,0.43,0,0,2498,3000,1021,0,2819,2160
8afc3991-7ec1912b-b24d9633-3c4b0f57-17c0e8f4,3.188,3.383,359,2331,23,23,0.88,0.43,0,0,2498,3000,1021,0,2819,2160
8afc3991-7ec1912b-b24d9633-3c4b0f57-17c0e8f4,3.537,3.73,300,1935,23,23,0.88,0.43,0,0,2498,3000,1021,0,2819,2160
8afc3991-7ec1912b-b24d9633-3c4b0f57-17c0e8f4,3.8,3.94,562,2335,23,23,0.88,0.43,0,0,2498,3000,1021,0,2819,2160
8afc3991-7ec1912b-b24d9633-3c4b0f57-17c0e8f4,3.969,4.122,592,2491,23,23,0.88,0.43,0,0,2498,3000,1021,0,2819,2160
8afc3991-7ec1912b-b24d9633-3c4b0f57-17c0e8f4,4.205,4.344,1082,2359,23,23,0.88,0.43,0,0,2498,3000,1021,0,2819,2160
8afc3991-7ec1912b-b24d9633-3c4b0f57-17c0e8f4,4.971,5.082,2288,2409,23,23,0.88,0.43,0,0,2498,3000,1021,0,2819,2160
8afc3991-7ec1912b-b24d9633-3c4b0f57-17c0e8f4,5.236,5.414,2223,2518,23,23,0.88,0.43,0,0,2498,3000,1021,0,2819,2160
8afc3991-7ec1912b-b24d9633-3c4b0f57-17c0e8f4,5.498,5.638,2175,2410,23,23,0.88,0.43,0,0,2498,3000,1021,0,2819,2160
8afc3991-7ec1912b-b24d9633-3c4b0f57-17c0e8f4,5.696,5.918,1044,2182,23,23,0.88,0.43,0,0,2498,3000,1021,0,2819,2160
8afc3991-7ec1912b-b24d9633-3c4b0f57-17c0e8f4,6.113,6.223,879,2557,23,23,0.88,0.43,0,0,2498,3000,1021,0,2819,2160
8afc3991-7ec1912b-b24d9633-3c4b0f57-17c0e8f4,6.306,6.501,849,2601,23,23,0.88,0.43,0,0,2498,3000,1021,0,2819,2160
8afc3991-7ec1912b-b24d9633-3c4b0f57-17c0e8f4,6.514,6.639,888,2591,23,23,0.88,0.43,0,0,2498,3000,1021,0,2819,2160
8afc3991-7ec1912b-b24d9633-3c4b0f57-17c0e8f4,6.653,6.754,912,2568,23,23,0.88,0.43,0,0,2498,3000,1021,0,2819,2160
8afc3991-7ec1912b-b24d9633-3c4b0f57-17c0e8f4,6.782,6.896,773,2309,23,23,0.88,0.43,0,0,2498,3000,1021,0,2819,2160
8afc3991-7ec1912b-b24d9633-3c4b0f57-17c0e8f4,6.921,7.099,782,2262,23,23,0.88,0.43,0,0,2498,3000,1021,0,2819,2160
8afc3991-7ec1912b-b24d9633-3c4b0f57-17c0e8f4,7.142,7.504,674,2010,23,23,0.88,0.43,0,0,2498,3000,1021,0,2819,2160
8afc3991-7ec1912b-b24d9633-3c4b0f57-17c0e8f4,7.519,7.714,701,2041,23,23,0.88,0.43,0,0,2498,3000,1021,0,2819,2160
8afc3991-7ec1912b-b24d9633-3c4b0f57-17c0e8f4,7.853,8.017,584,1639,23,23,0.88,0.43,0,0,2498,3000,1021,0,2819,2160
8afc3991-7ec1912b-b24d9633-3c4b0f57-17c0e8f4,8.036,8.158,602,1615,23,23,0.88,0.43,0,0,2498,3000,1021,0,2819,2160
8afc3991-7ec1912b-b24d9633-3c4b0f57-17c0e8f4,8.198,8.593,523,1328,23,23,0.88,0.43,0,0,2498,3000,1021,0,2819,2160
8afc3991-7ec1912b-b24d9633-3c4b0f57-17c0e8f4,8.603,8.897,544,1316,23,23,0.88,0.43,0,0,2498,3000,1021,0,2819,2160
8afc3991-7ec1912b-b24d9633-3c4b0f57-17c0e8f4,9.049,9.286,671,1732,23,23,0.88,0.43,0,0,2498,3000,1021,0,2819,2160
8afc3991-7ec1912b-b24d9633-3c4b0f57-17c0e8f4,9.354,9.465,907,2345,23,23,0.88,0.43,0,0,2498,3000,1021,0,2819,2160
8afc3991-7ec1912b-b24d9633-3c4b0f57-17c0e8f4,9.552,9.675,1065,2592,23,23,0.88,0.43,0,0,2498,3000,1021,0,2819,2160
8afc3991-7ec1912b-b24d9633-3c4b0f57-17c0e8f4,9.688,9.799,1102,2635,23,23,0.88,0.43,0,0,2498,3000,1021,0,2819,2160
8afc3991-7ec1912b-b24d9633-3c4b0f57-17c0e8f4,9.813,9.994,1105,2688,23,23,0.88,0.43,0,0,2498,3000,1021,0,2819,2160
8afc3991-7ec1912b-b24d9633-3c4b0f57-17c0e8f4,10.007,10.161,1080,2684,23,23,0.88,0.43,0,0,2498,3000,1021,0,2819,2160
8afc3991-7ec1912b-b24d9633-3c4b0f57-17c0e8f4,10.217,10.509,1067,2534,23,23,0.88,0.43,0,0,2498,3000,1021,0,2819,2160
8afc3991-7ec1912b-b24d9633-3c4b0f57-17c0e8f4,10.523,10.759,1003,2512,23,23,0.88,0.43,0,0,2498,3000,1021,0,2819,2160
8afc3991-7ec1912b-b24d9633-3c4b0f57-17c0e8f4,10.773,10.969,1011,2362,23,23,0.88,0.43,0,0,2498,3000,1021,0,2819,2160
8afc3991-7ec1912b-b24d9633-3c4b0f57-17c0e8f4,11.039,11.191,917,2136,23,23,0.88,0.43,0,0,2498,3000,1021,0,2819,2160
8afc3991-7ec1912b-b24d9633-3c4b0f57-17c0e8f4,11.205,11.526,915,2156,23,23,0.88,0.43,0,0,2498,3000,1021,0,2819,2160
8afc3991-7ec1912b-b24d9633-3c4b0f57-17c0e8f4,11.553,11.942,950,2017,23,23,0.88,0.43,0,0,2498,3000,1021,0,2819,2160
8afc3991-7ec1912b-b24d9633-3c4b0f57-17c0e8f4,11.971,12.416,879,1733,23,23,0.88,0.43,0,0,2498,3000,1021,0,2819,2160
8afc3991-7ec1912b-b24d9633-3c4b0f57-17c0e8f4,12.445,12.75,834,1526,23,23,0.88,0.43,0,0,2498,3000,1021,0,2819,2160
8afc3991-7ec1912b-b24d9633-3c4b0f57-17c0e8f4,12.764,12.931,754,1445,23,23,0.88,0.43,0,0,2498,3000,1021,0,2819,2160
8afc3991-7ec1912b-b24d9633-3c4b0f57-17c0e8f4,13.056,13.293,977,2544,23,23,0.88,0.43,0,0,2498,3000,1021,0,2819,2160
8afc3991-7ec1912b-b24d9633-3c4b0f57-17c0e8f4,13.307,13.613,984,2555,23,23,0.88,0.43,0,0,2498,3000,1021,0,2819,2160
8afc3991-7ec1912b-b24d9633-3c4b0f57-17c0e8f4,13.627,13.753,913,2522,23,23,0.88,0.43,0,0,2498,3000,1021,0,2819,2160
8afc3991-7ec1912b-b24d9633-3c4b0f57-17c0e8f4,13.78,13.961,827,2281,23,23,0.88,0.43,0,0,2498,3000,1021,0,2819,2160
8afc3991-7ec1912b-b24d9633-3c4b0f57-17c0e8f4,13.975,14.143,823,2270,23,23,0.88,0.43,0,0,2498,3000,1021,0,2819,2160
8afc3991-7ec1912b-b24d9633-3c4b0f57-17c0e8f4,14.184,14.435,715,2113,23,23,0.88,0.43,0,0,2498,3000,1021,0,2819,2160
8afc3991-7ec1912b-b24d9633-3c4b0f57-17c0e8f4,14.505,14.852,665,1724,23,23,0.88,0.43,0,0,2498,3000,1021,0,2819,2160
8afc3991-7ec1912b-b24d9633-3c4b0f57-17c0e8f4,15.283,15.394,1857,2596,23,23,0.88,0.43,0,0,2498,3000,1021,0,2819,2160
8afc3991-7ec1912b-b24d9633-3c4b0f57-17c0e8f4,15.548,15.785,1826,2644,23,23,0.88,0.43,0,0,2498,3000,1021,0,2819,2160
8afc3991-7ec1912b-b24d9633-3c4b0f57-17c0e8f4,15.869,16.008,1976,2324,23,23,0.88,0.43,0,0,2498,3000,1021,0,2819,2160
8afc3991-7ec1912b-b24d9633-3c4b0f57-17c0e8f4,16.063,16.189,1938,2318,23,23,0.88,0.43,0,0,2498,3000,1021,0,2819,2160
8afc3991-7ec1912b-b24d9633-3c4b0f57-17c0e8f4,16.216,16.327,2010,2287,23,23,0.88,0.43,0,0,2498,3000,1021,0,2819,2160
8afc3991-7ec1912b-b24d9633-3c4b0f57-17c0e8f4,16.467,16.76,2058,1931,23,23,0.88,0.43,0,0,2498,3000,1021,0,2819,2160
8afc3991-7ec1912b-b24d9633-3c4b0f57-17c0e8f4,16.787,17.135,2020,1623,23,23,0.88,0.43,0,0,2498,3000,1021,0,2819,2160
8afc3991-7ec1912b-b24d9633-3c4b0f57-17c0e8f4,17.205,17.469,2078,2018,23,23,0.88,0.43,0,0,2498,3000,1021,0,2819,2160
8afc3991-7ec1912b-b24d9633-3c4b0f57-17c0e8f4,17.567,17.775,2041,1494,23,23,0.88,0.43,0,0,2498,3000,1021,0,2819,2160
8afc3991-7ec1912b-b24d9633-3c4b0f57-17c0e8f4,17.789,17.97,2035,1475,23,23,0.88,0.43,0,0,2498,3000,1021,0,2819,2160
8afc3991-7ec1912b-b24d9633-3c4b0f57-17c0e8f4,18.068,18.346,1817,2679,23,23,0.88,0.43,0,0,2498,3000,1021,0,2819,2160
8afc3991-7ec1912b-b24d9633-3c4b0f57-17c0e8f4,18.36,18.583,1840,2669,23,23,0.88,0.43,0,0,2498,3000,1021,0,2819,2160
8afc3991-7ec1912b-b24d9633-3c4b0f57-17c0e8f4,18.597,18.75,1897,2564,23,23,0.88,0.43,0,0,2498,3000,1021,0,2819,2160
8afc3991-7ec1912b-b24d9633-3c4b0f57-17c0e8f4,18.764,18.875,1905,2554,23,23,0.88,0.43,0,0,2498,3000,1021,0,2819,2160
8afc3991-7ec1912b-b24d9633-3c4b0f57-17c0e8f4,18.904,19.056,1931,2331,23,23,0.88,0.43,0,0,2498,3000,1021,0,2819,2160
8afc3991-7ec1912b-b24d9633-3c4b0f57-17c0e8f4,19.125,19.306,2032,2141,23,23,0.88,0.43,0,0,2498,3000,1021,0,2819,2160
8afc3991-7ec1912b-b24d9633-3c4b0f57-17c0e8f4,19.362,19.766,2103,1882,23,23,0.88,0.43,0,0,2498,3000,1021,0,2819,2160
8afc3991-7ec1912b-b24d9633-3c4b0f57-17c0e8f4,19.808,20.337,1998,1624,23,23,0.88,0.43,0,0,2498,3000,1021,0,2819,2160
8afc3991-7ec1912b-b24d9633-3c4b0f57-17c0e8f4,20.504,20.685,1696,1549,23,23,0.88,0.43,0,0,2498,3000,1021,0,2819,2160
8afc3991-7ec1912b-b24d9633-3c4b0f57-17c0e8f4,20.782,20.949,1735,1653,23,23,0.88,0.43,0,0,2498,3000,1021,0,2819,2160
8afc3991-7ec1912b-b24d9633-3c4b0f57-17c0e8f4,21.019,21.172,1380,2035,23,23,0.88,0.43,0,0,2498,3000,1021,0,2819,2160
8afc3991-7ec1912b-b24d9633-3c4b0f57-17c0e8f4,21.227,21.479,1540,1953,23,23,0.88,0.43,0,0,2498,3000,1021,0,2819,2160
8afc3991-7ec1912b-b24d9633-3c4b0f57-17c0e8f4,21.492,21.756,1509,1957,23,23,0.88,0.43,0,0,2498,3000,1021,0,2819,2160
8afc3991-7ec1912b-b24d9633-3c4b0f57-17c0e8f4,21.77,21.968,1509,2170,23,23,0.88,0.43,0,0,2498,3000,1021,0,2819,2160
8afc3991-7ec1912b-b24d9633-3c4b0f57-17c0e8f4,22.106,22.216,1375,2600,23,23,0.88,0.43,0,0,2498,3000,1021,0,2819,2160
8afc3991-7ec1912b-b24d9633-3c4b0f57-17c0e8f4,22.23,22.385,1403,2595,23,23,0.88,0.43,0,0,2498,3000,1021,0,2819,2160
8afc3991-7ec1912b-b24d9633-3c4b0f57-17c0e8f4,22.425,22.591,1361,2685,23,23,0.88,0.43,0,0,2498,3000,1021,0,2819,2160
8afc3991-7ec1912b-b24d9633-3c4b0f57-17c0e8f4,22.606,22.803,1316,2408,23,23,0.88,0.43,0,0,2498,3000,1021,0,2819,2160
8afc3991-7ec1912b-b24d9633-3c4b0f57-17c0e8f4,22.855,22.967,1260,2023,23,23,0.88,0.43,0,0,2498,3000,1021,0,2819,2160
8afc3991-7ec1912b-b24d9633-3c4b0f57-17c0e8f4,23.023,23.287,871,2296,23,23,0.88,0.43,0,0,2498,3000,1021,0,2819,2160
8afc3991-7ec1912b-b24d9633-3c4b0f57-17c0e8f4,23.677,23.873,854,2156,23,23,0.88,0.43,0,0,2498,3000,1021,0,2819,2160
8afc3991-7ec1912b-b24d9633-3c4b0f57-17c0e8f4,23.887,24.027,838,2224,23,23,0.88,0.43,0,0,2498,3000,1021,0,2819,2160
8afc3991-7ec1912b-b24d9633-3c4b0f57-17c0e8f4,24.512,24.679,1642,2085,23,23,0.88,0.43,0,0,2498,3000,1021,0,2819,2160
8afc3991-7ec1912b-b24d9633-3c4b0f57-17c0e8f4,24.791,24.93,1959,2372,23,23,0.88,0.43,0,0,2498,3000,1021,0,2819,2160
8afc3991-7ec1912b-b24d9633-3c4b0f57-17c0e8f4,24.944,25.083,1911,2402,23,23,0.88,0.43,0,0,2498,3000,1021,0,2819,2160
8afc3991-7ec1912b-b24d9633-3c4b0f57-17c0e8f4,25.111,25.222,1720,2170,23,23,0.88,0.43,0,0,2498,3000,1021,0,2819,2160
8afc3991-7ec1912b-b24d9633-3c4b0f57-17c0e8f4,25.237,25.404,1724,2139,23,23,0.88,0.43,0,0,2498,3000,1021,0,2819,2160
8afc3991-7ec1912b-b24d9633-3c4b0f57-17c0e8f4,25.724,25.835,1276,2466,23,23,0.88,0.43,0,0,2498,3000,1021,0,2819,2160
8afc3991-7ec1912b-b24d9633-3c4b0f57-17c0e8f4,25.848,26.128,1276,2481,23,23,0.88,0.43,0,0,2498,3000,1021,0,2819,2160
8afc3991-7ec1912b-b24d9633-3c4b0f57-17c0e8f4,26.141,26.336,1241,2413,23,23,0.88,0.43,0,0,2498,3000,1021,0,2819,2160
8afc3991-7ec1912b-b24d9633-3c4b0f57-17c0e8f4,26.35,26.461,1210,2383,23,23,0.88,0.43,0,0,2498,3000,1021,0,2819,2160
8afc3991-7ec1912b-b24d9633-3c4b0f57-17c0e8f4,26.6,26.879,1158,2093,23,23,0.88,0.43,0,0,2498,3000,1021,0,2819,2160
8afc3991-7ec1912b-b24d9633-3c4b0f57-17c0e8f4,27.119,27.296,1287,2396,23,23,0.88,0.43,0,0,2498,3000,1021,0,2819,2160
8afc3991-7ec1912b-b24d9633-3c4b0f57-17c0e8f4,27.493,27.841,1200,2034,23,23,0.88,0.43,0,0,2498,3000,1021,0,2819,2160
8afc3991-7ec1912b-b24d9633-3c4b0f57-17c0e8f4,27.854,28.02,1183,2023,23,23,0.88,0.43,0,0,2498,3000,1021,0,2819,2160
8afc3991-7ec1912b-b24d9633-3c4b0f57-17c0e8f4,28.034,28.368,1175,1917,23,23,0.88,0.43,0,0,2498,3000,1021,0,2819,2160
8afc3991-7ec1912b-b24d9633-3c4b0f57-17c0e8f4,28.386,28.552,1162,1916,23,23,0.88,0.43,0,0,2498,3000,1021,0,2819,2160
8afc3991-7ec1912b-b24d9633-3c4b0f57-17c0e8f4,28.564,28.954,1156,1880,23,23,0.88,0.43,0,0,2498,3000,1021,0,2819,2160
8afc3991-7ec1912b-b24d9633-3c4b0f57-17c0e8f4,28.966,29.303,1223,1840,23,23,0.88,0.43,0,0,2498,3000,1021,0,2819,2160
8afc3991-7ec1912b-b24d9633-3c4b0f57-17c0e8f4,29.342,29.481,1181,1906,23,23,0.88,0.43,0,0,2498,3000,1021,0,2819,2160
8afc3991-7ec1912b-b24d9633-3c4b0f57-17c0e8f4,29.623,29.802,1209,2174,23,23,0.88,0.43,0,0,2498,3000,1021,0,2819,2160
8afc3991-7ec1912b-b24d9633-3c4b0f57-17c0e8f4,29.899,30.096,1248,2255,23,23,0.88,0.43,0,0,2498,3000,1021,0,2819,2160
8afc3991-7ec1912b-b24d9633-3c4b0f57-17c0e8f4,30.193,30.386,1190,2049,23,23,0.88,0.43,0,0,2498,3000,1021,0,2819,2160
8afc3991-7ec1912b-b24d9633-3c4b0f57-17c0e8f4,30.4,30.554,1190,2054,23,23,0.88,0.43,0,0,2498,3000,1021,0,2819,2160
8afc3991-7ec1912b-b24d9633-3c4b0f57-17c0e8f4,30.567,30.888,1150,2166,23,23,0.88,0.43,0,0,2498,3000,1021,0,2819,2160
8afc3991-7ec1912b-b24d9633-3c4b0f57-17c0e8f4,30.933,31.138,1159,1941,23,23,0.88,0.43,0,0,2498,3000,1021,0,2819,2160
8afc3991-7ec1912b-b24d9633-3c4b0f57-17c0e8f4,31.195,31.334,1282,1615,23,23,0.88,0.43,0,0,2498,3000,1021,0,2819,2160
8afc3991-7ec1912b-b24d9633-3c4b0f57-17c0e8f4,31.405,31.624,1753,1372,23,23,0.88,0.43,0,0,2498,3000,1021,0,2819,2160
8afc3991-7ec1912b-b24d9633-3c4b0f57-17c0e8f4,31.709,31.952,1840,1478,23,23,0.88,0.43,0,0,2498,3000,1021,0,2819,2160
8afc3991-7ec1912b-b24d9633-3c4b0f57-17c0e8f4,32.019,32.294,1007,1356,23,23,0.88,0.43,0,0,2498,3000,1021,0,2819,2160
8afc3991-7ec1912b-b24d9633-3c4b0f57-17c0e8f4,32.308,32.419,1029,1351,23,23,0.88,0.43,0,0,2498,3000,1021,0,2819,2160
8afc3991-7ec1912b-b24d9633-3c4b0f57-17c0e8f4,32.449,32.616,807,1201,23,23,0.88,0.43,0,0,2498,3000,1021,0,2819,2160
8afc3991-7ec1912b-b24d9633-3c4b0f57-17c0e8f4,32.711,32.891,791,1344,23,23,0.88,0.43,0,0,2498,3000,1021,0,2819,2160
8afc3991-7ec1912b-b24d9633-3c4b0f57-17c0e8f4,32.906,33.074,782,1290,23,23,0.88,0.43,0,0,2498,3000,1021,0,2819,2160
8afc3991-7ec1912b-b24d9633-3c4b0f57-17c0e8f4,33.297,33.421,726,1207,23,23,0.88,0.43,0,0,2498,3000,1021,0,2819,2160
8afc3991-7ec1912b-b24d9633-3c4b0f57-17c0e8f4,33.435,33.66,838,1199,23,23,0.88,0.43,0,0,2498,3000,1021,0,2819,2160
8afc3991-7ec1912b-b24d9633-3c4b0f57-17c0e8f4,33.687,33.839,816,1358,23,23,0.88,0.43,0,0,2498,3000,1021,0,2819,2160
8afc3991-7ec1912b-b24d9633-3c4b0f57-17c0e8f4,33.854,33.98,830,1389,23,23,0.88,0.43,0,0,2498,3000,1021,0,2819,2160
8afc3991-7ec1912b-b24d9633-3c4b0f57-17c0e8f4,33.995,34.13,829,1343,23,23,0.88,0.43,0,0,2498,3000,1021,0,2819,2160
8afc3991-7ec1912b-b24d9633-3c4b0f57-17c0e8f4,34.186,34.425,1170,1327,23,23,0.88,0.43,0,0,2498,3000,1021,0,2819,2160
8afc3991-7ec1912b-b24d9633-3c4b0f57-17c0e8f4,34.437,34.635,1139,1321,23,23,0.88,0.43,0,0,2498,3000,1021,0,2819,2160
8afc3991-7ec1912b-b24d9633-3c4b0f57-17c0e8f4,34.814,34.925,1998,1418,23,23,0.88,0.43,0,0,2498,3000,1021,0,2819,2160
8afc3991-7ec1912b-b24d9633-3c4b0f57-17c0e8f4,34.979,35.192,1817,1523,23,23,0.88,0.43,0,0,2498,3000,1021,0,2819,2160
8afc3991-7ec1912b-b24d9633-3c4b0f57-17c0e8f4,35.346,35.496,1277,1911,23,23,0.88,0.43,0,0,2498,3000,1021,0,2819,2160
8afc3991-7ec1912b-b24d9633-3c4b0f57-17c0e8f4,35.579,35.705,983,1485,23,23,0.88,0.43,0,0,2498,3000,1021,0,2819,2160
8afc3991-7ec1912b-b24d9633-3c4b0f57-17c0e8f4,35.737,35.954,791,1146,23,23,0.88,0.43,0,0,2498,3000,1021,0,2819,2160
8afc3991-7ec1912b-b24d9633-3c4b0f57-17c0e8f4,36.149,36.374,714,1286,23,23,0.88,0.43,0,0,2498,3000,1021,0,2819,2160
8afc3991-7ec1912b-b24d9633-3c4b0f57-17c0e8f4,36.484,36.61,979,1961,23,23,0.88,0.43,0,0,2498,3000,1021,0,2819,2160
8afc3991-7ec1912b-b24d9633-3c4b0f57-17c0e8f4,36.627,36.747,1010,1945,23,23,0.88,0.43,0,0,2498,3000,1021,0,2819,2160
8afc3991-7ec1912b-b24d9633-3c4b0f57-17c0e8f4,36.775,36.901,1557,1994,23,23,0.88,0.43,0,0,2498,3000,1021,0,2819,2160
8afc3991-7ec1912b-b24d9633-3c4b0f57-17c0e8f4,36.914,37.026,1564,1986,23,23,0.88,0.43,0,0,2498,3000,1021,0,2819,2160
8afc3991-7ec1912b-b24d9633-3c4b0f57-17c0e8f4,37.04,37.222,1273,1910,23,23,0.88,0.43,0,0,2498,3000,1021,0,2819,2160
8afc3991-7ec1912b-b24d9633-3c4b0f57-17c0e8f4,37.262,37.417,1215,2003,23,23,0.88,0.43,0,0,2498,3000,1021,0,2819,2160
8afc3991-7ec1912b-b24d9633-3c4b0f57-17c0e8f4,37.458,37.694,1253,2197,23,23,0.88,0.43,0,0,2498,3000,1021,0,2819,2160
8afc3991-7ec1912b-b24d9633-3c4b0f57-17c0e8f4,37.848,37.975,1231,2064,23,23,0.88,0.43,0,0,2498,3000,1021,0,2819,2160
8afc3991-7ec1912b-b24d9633-3c4b0f57-17c0e8f4,37.986,38.111,1238,2094,23,23,0.88,0.43,0,0,2498,3000,1021,0,2819,2160
8afc3991-7ec1912b-b24d9633-3c4b0f57-17c0e8f4,38.129,38.322,1201,2181,23,23,0.88,0.43,0,0,2498,3000,1021,0,2819,2160
8afc3991-7ec1912b-b24d9633-3c4b0f57-17c0e8f4,38.335,38.558,1220,2197,23,23,0.88,0.43,0,0,2498,3000,1021,0,2819,2160
8afc3991-7ec1912b-b24d9633-3c4b0f57-17c0e8f4,38.673,38.865,1221,1966,23,23,0.88,0.43,0,0,2498,3000,1021,0,2819,2160
8afc3991-7ec1912b-b24d9633-3c4b0f57-17c0e8f4,38.881,39.128,1201,1941,23,23,0.88,0.43,0,0,2498,3000,1021,0,2819,2160
8afc3991-7ec1912b-b24d9633-3c4b0f57-17c0e8f4,39.268,39.448,1178,1720,23,23,0.88,0.43,0,0,2498,3000,1021,0,2819,2160
8afc3991-7ec1912b-b24d9633-3c4b0f57-17c0e8f4,39.463,39.587,1176,1766,23,23,0.88,0.43,0,0,2498,3000,1021,0,2819,2160
8afc3991-7ec1912b-b24d9633-3c4b0f57-17c0e8f4,39.603,39.839,1178,1877,23,23,0.88,0.43,0,0,2498,3000,1021,0,2819,2160
8afc3991-7ec1912b-b24d9633-3c4b0f57-17c0e8f4,39.879,40.242,1213,2061,23,23,0.88,0.43,0,0,2498,3000,1021,0,2819,2160
8afc3991-7ec1912b-b24d9633-3c4b0f57-17c0e8f4,40.257,40.495,1202,2116,23,23,0.88,0.43,0,0,2498,3000,1021,0,2819,2160
8afc3991-7ec1912b-b24d9633-3c4b0f57-17c0e8f4,40.506,40.631,1214,2138,23,23,0.88,0.43,0,0,2498,3000,1021,0,2819,2160
8afc3991-7ec1912b-b24d9633-3c4b0f57-17c0e8f4,40.812,40.952,1142,1581,23,23,0.88,0.43,0,0,2498,3000,1021,0,2819,2160
8afc3991-7ec1912b-b24d9633-3c4b0f57-17c0e8f4,40.965,41.466,1161,1601,23,23,0.88,0.43,0,0,2498,3000,1021,0,2819,2160
8afc3991-7ec1912b-b24d9633-3c4b0f57-17c0e8f4,41.592,41.736,1214,1972,23,23,0.88,0.43,0,0,2498,3000,1021,0,2819,2160
8afc3991-7ec1912b-b24d9633-3c4b0f57-17c0e8f4,41.774,41.969,1241,1966,23,23,0.88,0.43,0,0,2498,3000,1021,0,2819,2160
8afc3991-7ec1912b-b24d9633-3c4b0f57-17c0e8f4,42.012,42.206,1273,2148,23,23,0.88,0.43,0,0,2498,3000,1021,0,2819,2160
8afc3991-7ec1912b-b24d9633-3c4b0f57-17c0e8f4,42.221,42.388,1255,2144,23,23,0.88,0.43,0,0,2498,3000,1021,0,2819,2160
8afc3991-7ec1912b-b24d9633-3c4b0f57-17c0e8f4,42.4,42.595,1251,2115,23,23,0.88,0.43,0,0,2498,3000,1021,0,2819,2160
8afc3991-7ec1912b-b24d9633-3c4b0f57-17c0e8f4,42.653,42.957,1066,1388,23,23,0.88,0.43,0,0,2498,3000,1021,0,2819,2160
8afc3991-7ec1912b-b24d9633-3c4b0f57-17c0e8f4,42.971,43.125,1125,1338,23,23,0.88,0.43,0,0,2498,3000,1021,0,2819,2160
8afc3991-7ec1912b-b24d9633-3c4b0f57-17c0e8f4,43.347,43.486,1231,1825,23,23,0.88,0.43,0,0,2498,3000,1021,0,2819,2160
8afc3991-7ec1912b-b24d9633-3c4b0f57-17c0e8f4,43.5,43.611,1227,1824,23,23,0.88,0.43,0,0,2498,3000,1021,0,2819,2160
8afc3991-7ec1912b-b24d9633-3c4b0f57-17c0e8f4,43.626,43.793,1282,1675,23,23,0.88,0.43,0,0,2498,3000,1021,0,2819,2160
8afc3991-7ec1912b-b24d9633-3c4b0f57-17c0e8f4,43.835,43.947,1376,1338,23,23,0.88,0.43,0,0,2498,3000,1021,0,2819,2160
8afc3991-7ec1912b-b24d9633-3c4b0f57-17c0e8f4,44.086,44.199,1270,2022,23,23,0.88,0.43,0,0,2498,3000,1021,0,2819,2160
8afc3991-7ec1912b-b24d9633-3c4b0f57-17c0e8f4,44.213,44.364,1269,2002,23,23,0.88,0.43,0,0,2498,3000,1021,0,2819,2160
8afc3991-7ec1912b-b24d9633-3c4b0f57-17c0e8f4,44.378,44.49,1257,2027,23,23,0.88,0.43,0,0,2498,3000,1021,0,2819,2160
8afc3991-7ec1912b-b24d9633-3c4b0f57-17c0e8f4,44.503,44.628,1279,2033,23,23,0.88,0.43,0,0,2498,3000,1021,0,2819,2160
8afc3991-7ec1912b-b24d9633-3c4b0f57-17c0e8f4,44.702,44.879,1182,1478,23,23,0.88,0.43,0,0,2498,3000,1021,0,2819,2160
8afc3991-7ec1912b-b24d9633-3c4b0f57-17c0e8f4,45.02,45.2,1099,1420,23,23,0.88,0.43,0,0,2498,3000,1021,0,2819,2160
8afc3991-7ec1912b-b24d9633-3c4b0f57-17c0e8f4,45.215,45.451,1119,1398,23,23,0.88,0.43,0,0,2498,3000,1021,0,2819,2160
8afc3991-7ec1912b-b24d9633-3c4b0f57-17c0e8f4,45.464,45.702,1153,1465,23,23,0.88,0.43,0,0,2498,3000,1021,0,2819,2160
8afc3991-7ec1912b-b24d9633-3c4b0f57-17c0e8f4,45.728,45.858,1171,1306,23,23,0.88,0.43,0,0,2498,3000,1021,0,2819,2160
8afc3991-7ec1912b-b24d9633-3c4b0f57-17c0e8f4,45.885,46.063,1340,1320,23,23,0.88,0.43,0,0,2498,3000,1021,0,2819,2160
8afc3991-7ec1912b-b24d9633-3c4b0f57-17c0e8f4,46.077,46.331,1335,1306,23,23,0.88,0.43,0,0,2498,3000,1021,0,2819,2160
8afc3991-7ec1912b-b24d9633-3c4b0f57-17c0e8f4,46.355,46.62,1369,1122,23,23,0.88,0.43,0,0,2498,3000,1021,0,2819,2160
8afc3991-7ec1912b-b24d9633-3c4b0f57-17c0e8f4,46.635,46.758,1359,1102,23,23,0.88,0.43,0,0,2498,3000,1021,0,2819,2160
8afc3991-7ec1912b-b24d9633-3c4b0f57-17c0e8f4,46.801,46.926,1369,1296,23,23,0.88,0.43,0,0,2498,3000,1021,0,2819,2160
8afc3991-7ec1912b-b24d9633-3c4b0f57-17c0e8f4,46.939,47.079,1407,1332,23,23,0.88,0.43,0,0,2498,3000,1021,0,2819,2160
8afc3991-7ec1912b-b24d9633-3c4b0f57-17c0e8f4,47.092,47.276,1391,1310,23,23,0.88,0.43,0,0,2498,3000,1021,0,2819,2160
8afc3991-7ec1912b-b24d9633-3c4b0f57-17c0e8f4,47.371,47.762,1376,1313,23,23,0.88,0.43,0,0,2498,3000,1021,0,2819,2160
8afc3991-7ec1912b-b24d9633-3c4b0f57-17c0e8f4,47.776,47.973,1346,1306,23,23,0.88,0.43,0,0,2498,3000,1021,0,2819,2160
8afc3991-7ec1912b-b24d9633-3c4b0f57-17c0e8f4,48.0,48.11,1365,1177,23,23,0.88,0.43,0,0,2498,3000,1021,0,2819,2160
8afc3991-7ec1912b-b24d9633-3c4b0f57-17c0e8f4,48.123,48.359,1351,1247,23,23,0.88,0.43,0,0,2498,3000,1021,0,2819,2160
8afc3991-7ec1912b-b24d9633-3c4b0f57-17c0e8f4,48.402,48.667,1354,1302,23,23,0.88,0.43,0,0,2498,3000,1021,0,2819,2160
8afc3991-7ec1912b-b24d9633-3c4b0f57-17c0e8f4,48.679,49.014,1323,1322,23,23,0.88,0.43,0,0,2498,3000,1021,0,2819,2160
8afc3991-7ec1912b-b24d9633-3c4b0f57-17c0e8f4,49.028,49.222,1369,1298,23,23,0.88,0.43,0,0,2498,3000,1021,0,2819,2160
8afc3991-7ec1912b-b24d9633-3c4b0f57-17c0e8f4,49.238,49.376,1362,1293,23,23,0.88,0.43,0,0,2498,3000,1021,0,2819,2160
8afc3991-7ec1912b-b24d9633-3c4b0f57-17c0e8f4,49.39,49.557,1356,1291,23,23,0.88,0.43,0,0,2498,3000,1021,0,2819,2160
8afc3991-7ec1912b-b24d9633-3c4b0f57-17c0e8f4,49.571,49.765,1385,1295,23,23,0.88,0.43,0,0,2498,3000,1021,0,2819,2160
8afc3991-7ec1912b-b24d9633-3c4b0f57-17c0e8f4,49.807,50.031,1337,1231,23,23,0.88,0.43,0,0,2498,3000,1021,0,2819,2160
8afc3991-7ec1912b-b24d9633-3c4b0f57-17c0e8f4,50.045,50.421,1327,1252,23,23,0.88,0.43,0,0,2498,3000,1021,0,2819,2160
8afc3991-7ec1912b-b24d9633-3c4b0f57-17c0e8f4,50.577,50.684,1330,1252,23,23,0.88,0.43,0,0,2498,3000,1021,0,2819,2160
8afc3991-7ec1912b-b24d9633-3c4b0f57-17c0e8f4,50.7,51.143,1343,1268,23,23,0.88,0.43,0,0,2498,3000,1021,0,2819,2160
8afc3991-7ec1912b-b24d9633-3c4b0f57-17c0e8f4,51.157,51.356,1342,1279,23,23,0.88,0.43,0,0,2498,3000,1021,0,2819,2160
8afc3991-7ec1912b-b24d9633-3c4b0f57-17c0e8f4,51.437,51.589,1359,1286,23,23,0.88,0.43,0,0,2498,3000,1021,0,2819,2160
8afc3991-7ec1912b-b24d9633-3c4b0f57-17c0e8f4,51.603,51.955,1363,1308,23,23,0.88,0.43,0,0,2498,3000,1021,0,2819,2160
8afc3991-7ec1912b-b24d9633-3c4b0f57-17c0e8f4,51.965,52.091,1371,1279,23,23,0.88,0.43,0,0,2498,3000,1021,0,2819,2160
8afc3991-7ec1912b-b24d9633-3c4b0f57-17c0e8f4,52.118,52.257,1573,1289,23,23,0.88,0.43,0,0,2498,3000,1021,0,2819,2160
8afc3991-7ec1912b-b24d9633-3c4b0f57-17c0e8f4,52.271,52.41,1592,1290,23,23,0.88,0.43,0,0,2498,3000,1021,0,2819,2160
8afc3991-7ec1912b-b24d9633-3c4b0f57-17c0e8f4,52.481,52.619,1443,1309,23,23,0.88,0.43,0,0,2498,3000,1021,0,2819,2160
8afc3991-7ec1912b-b24d9633-3c4b0f57-17c0e8f4,52.633,52.886,1439,1315,23,23,0.88,0.43,0,0,2498,3000,1021,0,2819,2160
8afc3991-7ec1912b-b24d9633-3c4b0f57-17c0e8f4,53.022,53.16,1331,1311,23,23,0.88,0.43,0,0,2498,3000,1021,0,2819,2160
8afc3991-7ec1912b-b24d9633-3c4b0f57-17c0e8f4,53.174,53.481,1324,1354,23,23,0.88,0.43,0,0,2498,3000,1021,0,2819,2160
8afc3991-7ec1912b-b24d9633-3c4b0f57-17c0e8f4,54.594,54.719,1428,1679,23,23,0.88,0.43,0,0,2498,3000,1021,0,2819,2160
8afc3991-7ec1912b-b24d9633-3c4b0f57-17c0e8f4,54.802,54.929,1485,1772,23,23,0.88,0.43,0,0,2498,3000,1021,0,2819,2160
8afc3991-7ec1912b-b24d9633-3c4b0f57-17c0e8f4,54.956,55.056,1523,1907,23,23,0.88,0.43,0,0,2498,3000,1021,0,2819,2160
8afc3991-7ec1912b-b24d9633-3c4b0f57-17c0e8f4,55.109,55.234,1505,1874,23,23,0.88,0.43,0,0,2498,3000,1021,0,2819,2160
8afc3991-7ec1912b-b24d9633-3c4b0f57-17c0e8f4,55.251,55.389,1507,1924,23,23,0.88,0.43,0,0,2498,3000,1021,0,2819,2160
8afc3991-7ec1912b-b24d9633-3c4b0f57-17c0e8f4,55.489,55.652,1508,1961,23,23,0.88,0.43,0,0,2498,3000,1021,0,2819,2160
8afc3991-7ec1912b-b24d9633-3c4b0f57-17c0e8f4,57.49,57.614,1509,1973,23,23,0.88,0.43,0,0,2498,3000,1021,0,2819,2160
8afc3991-7ec1912b-b24d9633-3c4b0f57-17c0e8f4,57.684,57.794,1881,2004,23,23,0.88,0.43,0,0,2498,3000,1021,0,2819,2160
8afc3991-7ec1912b-b24d9633-3c4b0f57-17c0e8f4,57.892,58.032,1485,1412,23,23,0.88,0.43,0,0,2498,3000,1021,0,2819,2160
8afc3991-7ec1912b-b24d9633-3c4b0f57-17c0e8f4,58.184,58.352,1729,1637,23,23,0.88,0.43,0,0,2498,3000,1021,0,2819,2160
8afc3991-7ec1912b-b24d9633-3c4b0f57-17c0e8f4,58.395,58.546,1626,1869,23,23,0.88,0.43,0,0,2498,3000,1021,0,2819,2160
8afc3991-7ec1912b-b24d9633-3c4b0f57-17c0e8f4,58.578,58.713,1516,1931,23,23,0.88,0.43,0,0,2498,3000,1021,0,2819,2160
8afc3991-7ec1912b-b24d9633-3c4b0f57-17c0e8f4,58.727,58.853,1476,1901,23,23,0.88,0.43,0,0,2498,3000,1021,0,2819,2160
8afc3991-7ec1912b-b24d9633-3c4b0f57-17c0e8f4,58.923,59.103,1470,2034,23,23,0.88,0.43,0,0,2498,3000,1021,0,2819,2160
8afc3991-7ec1912b-b24d9633-3c4b0f57-17c0e8f4,59.216,59.326,1445,2019,23,23,0.88,0.43,0,0,2498,3000,1021,0,2819,2160
8afc3991-7ec1912b-b24d9633-3c4b0f57-17c0e8f4,59.34,59.469,1484,2035,23,23,0.88,0.43,0,0,2498,3000,1021,0,2819,2160
8afc3991-7ec1912b-b24d9633-3c4b0f57-17c0e8f4,59.537,59.649,1462,1973,23,23,0.88,0.43,0,0,2498,3000,1021,0,2819,2160
8afc3991-7ec1912b-b24d9633-3c4b0f57-17c0e8f4,59.826,59.941,1785,1531,23,23,0.88,0.43,0,0,2498,3000,1021,0,2819,2160
8afc3991-7ec1912b-b24d9633-3c4b0f57-17c0e8f4,59.983,60.12,1803,1560,23,23,0.88,0.43,0,0,2498,3000,1021,0,2819,2160
8afc3991-7ec1912b-b24d9633-3c4b0f57-17c0e8f4,60.218,60.356,1762,1676,23,23,0.88,0.43,0,0,2498,3000,1021,0,2819,2160
8afc3991-7ec1912b-b24d9633-3c4b0f57-17c0e8f4,60.483,60.663,1415,2116,23,23,0.88,0.43,0,0,2498,3000,1021,0,2819,2160
8afc3991-7ec1912b-b24d9633-3c4b0f57-17c0e8f4,60.676,60.871,1513,2132,23,23,0.88,0.43,0,0,2498,3000,1021,0,2819,2160
8afc3991-7ec1912b-b24d9633-3c4b0f57-17c0e8f4,60.885,61.011,1526,2125,23,23,0.88,0.43,0,0,2498,3000,1021,0,2819,2160
8afc3991-7ec1912b-b24d9633-3c4b0f57-17c0e8f4,61.024,61.219,1496,2183,23,23,0.88,0.43,0,0,2498,3000,1021,0,2819,2160
8afc3991-7ec1912b-b24d9633-3c4b0f57-17c0e8f4,61.372,61.581,1517,2117,23,23,0.88,0.43,0,0,2498,3000,1021,0,2819,2160
8afc3991-7ec1912b-b24d9633-3c4b0f57-17c0e8f4,61.595,61.845,1485,1984,23,23,0.88,0.43,0,0,2498,3000,1021,0,2819,2160
8afc3991-7ec1912b-b24d9633-3c4b0f57-17c0e8f4,61.859,62.026,1469,1987,23,23,0.88,0.43,0,0,2498,3000,1021,0,2819,2160
8afc3991-7ec1912b-b24d9633-3c4b0f57-17c0e8f4,62.055,62.291,1583,1691,23,23,0.88,0.43,0,0,2498,3000,1021,0,2819,2160
8afc3991-7ec1912b-b24d9633-3c4b0f57-17c0e8f4,62.305,62.443,1665,1716,23,23,0.88,0.43,0,0,2498,3000,1021,0,2819,2160
8afc3991-7ec1912b-b24d9633-3c4b0f57-17c0e8f4,62.457,62.626,1693,1729,23,23,0.88,0.43,0,0,2498,3000,1021,0,2819,2160
8afc3991-7ec1912b-b24d9633-3c4b0f57-17c0e8f4,62.668,62.833,1504,1849,23,23,0.88,0.43,0,0,2498,3000,1021,0,2819,2160
8afc3991-7ec1912b-b24d9633-3c4b0f57-17c0e8f4,62.945,63.351,1601,1777,23,23,0.88,0.43,0,0,2498,3000,1021,0,2819,2160
8afc3991-7ec1912b-b24d9633-3c4b0f57-17c0e8f4,63.404,63.78,1450,1858,23,23,0.88,0.43,0,0,2498,3000,1021,0,2819,2160
8afc3991-7ec1912b-b24d9633-3c4b0f57-17c0e8f4,63.947,64.047,1788,1469,23,23,0.88,0.43,0,0,2498,3000,1021,0,2819,2160
8afc3991-7ec1912b-b24d9633-3c4b0f57-17c0e8f4,64.072,64.255,1967,1400,23,23,0.88,0.43,0,0,2498,3000,1021,0,2819,2160
8afc3991-7ec1912b-b24d9633-3c4b0f57-17c0e8f4,64.267,64.588,1972,1415,23,23,0.88,0.43,0,0,2498,3000,1021,0,2819,2160
8afc3991-7ec1912b-b24d9633-3c4b0f57-17c0e8f4,64.674,64.796,1700,1597,23,23,0.88,0.43,0,0,2498,3000,1021,0,2819,2160
8afc3991-7ec1912b-b24d9633-3c4b0f57-17c0e8f4,64.812,64.978,1698,1612,23,23,0.88,0.43,0,0,2498,3000,1021,0,2819,2160
8afc3991-7ec1912b-b24d9633-3c4b0f57-17c0e8f4,64.993,65.118,1718,1669,23,23,0.88,0.43,0,0,2498,3000,1021,0,2819,2160
8afc3991-7ec1912b-b24d9633-3c4b0f57-17c0e8f4,65.13,65.246,1735,1695,23,23,0.88,0.43,0,0,2498,3000,1021,0,2819,2160
8afc3991-7ec1912b-b24d9633-3c4b0f57-17c0e8f4,65.394,65.743,1445,1900,23,23,0.88,0.43,0,0,2498,3000,1021,0,2819,2160
8afc3991-7ec1912b-b24d9633-3c4b0f57-17c0e8f4,65.784,65.895,1348,1898,23,23,0.88,0.43,0,0,2498,3000,1021,0,2819,2160
8afc3991-7ec1912b-b24d9633-3c4b0f57-17c0e8f4,65.909,66.038,1357,1907,23,23,0.88,0.43,0,0,2498,3000,1021,0,2819,2160
8afc3991-7ec1912b-b24d9633-3c4b0f57-17c0e8f4,66.048,66.159,1328,1891,23,23,0.88,0.43,0,0,2498,3000,1021,0,2819,2160
8afc3991-7ec1912b-b24d9633-3c4b0f57-17c0e8f4,66.273,66.424,1368,1867,23,23,0.88,0.43,0,0,2498,3000,1021,0,2819,2160
8afc3991-7ec1912b-b24d9633-3c4b0f57-17c0e8f4,66.605,66.731,1547,1678,23,23,0.88,0.43,0,0,2498,3000,1021,0,2819,2160
8afc3991-7ec1912b-b24d9633-3c4b0f57-17c0e8f4,67.343,67.469,1587,1689,23,23,0.88,0.43,0,0,2498,3000,1021,0,2819,2160
8afc3991-7ec1912b-b24d9633-3c4b0f57-17c0e8f4,67.482,67.622,1582,1705,23,23,0.88,0.43,0,0,2498,3000,1021,0,2819,2160
8afc3991-7ec1912b-b24d9633-3c4b0f57-17c0e8f4,67.636,67.858,1581,1715,23,23,0.88,0.43,0,0,2498,3000,1021,0,2819,2160
8afc3991-7ec1912b-b24d9633-3c4b0f57-17c0e8f4,67.873,68.025,1589,1686,23,23,0.88,0.43,0,0,2498,3000,1021,0,2819,2160
8afc3991-7ec1912b-b24d9633-3c4b0f57-17c0e8f4,68.652,68.805,1553,1803,23,23,0.88,0.43,0,0,2498,3000,1021,0,2819,2160
8afc3991-7ec1912b-b24d9633-3c4b0f57-17c0e8f4,68.819,68.958,1557,1842,23,23,0.88,0.43,0,0,2498,3000,1021,0,2819,2160
8afc3991-7ec1912b-b24d9633-3c4b0f57-17c0e8f4,68.972,69.111,1582,1812,23,23,0.88,0.43,0,0,2498,3000,1021,0,2819,2160
8afc3991-7ec1912b-b24d9633-3c4b0f57-17c0e8f4,69.124,69.375,1538,1784,23,23,0.88,0.43,0,0,2498,3000,1021,0,2819,2160
8afc3991-7ec1912b-b24d9633-3c4b0f57-17c0e8f4,69.389,69.57,1535,1870,23,23,0.88,0.43,0,0,2498,3000,1021,0,2819,2160
8afc3991-7ec1912b-b24d9633-3c4b0f57-17c0e8f4,69.654,69.793,1479,2046,23,23,0.88,0.43,0,0,2498,3000,1021,0,2819,2160
8afc3991-7ec1912b-b24d9633-3c4b0f57-17c0e8f4,69.808,69.948,1483,2016,23,23,0.88,0.43,0,0,2498,3000,1021,0,2819,2160
8afc3991-7ec1912b-b24d9633-3c4b0f57-17c0e8f4,69.96,70.211,1506,2019,23,23,0.88,0.43,0,0,2498,3000,1021,0,2819,2160
8afc3991-7ec1912b-b24d9633-3c4b0f57-17c0e8f4,70.266,70.42,1258,1948,23,23,0.88,0.43,0,0,2498,3000,1021,0,2819,2160
8afc3991-7ec1912b-b24d9633-3c4b0f57-17c0e8f4,70.545,70.771,1850,2053,23,23,0.88,0.43,0,0,2498,3000,1021,0,2819,2160
8afc3991-7ec1912b-b24d9633-3c4b0f57-17c0e8f4,71.006,71.129,1940,2098,23,23,0.88,0.43,0,0,2498,3000,1021,0,2819,2160
8afc3991-7ec1912b-b24d9633-3c4b0f57-17c0e8f4,71.867,72.02,660,2009,23,23,0.88,0.43,0,0,2498,3000,1021,0,2819,2160
8afc3991-7ec1912b-b24d9633-3c4b0f57-17c0e8f4,72.354,72.509,1108,2474,23,23,0.88,0.43,0,0,2498,3000,1021,0,2819,2160
8afc3991-7ec1912b-b24d9633-3c4b0f57-17c0e8f4,72.523,72.703,1092,2440,23,23,0.88,0.43,0,0,2498,3000,1021,0,2819,2160
8afc3991-7ec1912b-b24d9633-3c4b0f57-17c0e8f4,72.772,72.886,873,2462,23,23,0.88,0.43,0,0,2498,3000,1021,0,2819,2160
8afc3991-7ec1912b-b24d9633-3c4b0f57-17c0e8f4,73.106,73.231,1712,2472,23,23,0.88,0.43,0,0,2498,3000,1021,0,2819,2160
8afc3991-7ec1912b-b24d9633-3c4b0f57-17c0e8f4,73.245,73.51,1724,2449,23,23,0.88,0.43,0,0,2498,3000,1021,0,2819,2160
8afc3991-7ec1912b-b24d9633-3c4b0f57-17c0e8f4,73.565,73.676,1735,2394,23,23,0.88,0.43,0,0,2498,3000,1021,0,2819,2160
8afc3991-7ec1912b-b24d9633-3c4b0f57-17c0e8f4,73.97,74.082,855,2305,23,23,0.88,0.43,0,0,2498,3000,1021,0,2819,2160
8afc3991-7ec1912b-b24d9633-3c4b0f57-17c0e8f4,74.345,74.587,1894,2235,23,23,0.88,0.43,0,0,2498,3000,1021,0,2819,2160
8afc3991-7ec1912b-b24d9633-3c4b0f57-17c0e8f4,74.777,74.929,852,2151,23,23,0.88,0.43,0,0,2498,3000,1021,0,2819,2160
8afc3991-7ec1912b-b24d9633-3c4b0f57-17c0e8f4,74.986,75.112,795,2112,23,23,0.88,0.43,0,0,2498,3000,1021,0,2819,2160
8afc3991-7ec1912b-b24d9633-3c4b0f57-17c0e8f4,75.293,75.597,1811,2100,23,23,0.88,0.43,0,0,2498,3000,1021,0,2819,2160
8afc3991-7ec1912b-b24d9633-3c4b0f57-17c0e8f4,75.654,75.822,1748,1696,23,23,0.88,0.43,0,0,2498,3000,1021,0,2819,2160
8afc3991-7ec1912b-b24d9633-3c4b0f57-17c0e8f4,76.101,76.223,469,1446,23,23,0.88,0.43,0,0,2498,3000,1021,0,2819,2160
8afc3991-7ec1912b-b24d9633-3c4b0f57-17c0e8f4,76.365,76.503,719,1447,23,23,0.88,0.43,0,0,2498,3000,1021,0,2819,2160
8afc3991-7ec1912b-b24d9633-3c4b0f57-17c0e8f4,76.516,76.641,734,1431,23,23,0.88,0.43,0,0,2498,3000,1021,0,2819,2160
8afc3991-7ec1912b-b24d9633-3c4b0f57-17c0e8f4,76.767,76.934,622,1218,23,23,0.88,0.43,0,0,2498,3000,1021,0,2819,2160
8afc3991-7ec1912b-b24d9633-3c4b0f57-17c0e8f4,76.947,77.101,637,1252,23,23,0.88,0.43,0,0,2498,3000,1021,0,2819,2160
8afc3991-7ec1912b-b24d9633-3c4b0f57-17c0e8f4,77.142,77.476,779,1372,23,23,0.88,0.43,0,0,2498,3000,1021,0,2819,2160
8afc3991-7ec1912b-b24d9633-3c4b0f57-17c0e8f4,77.713,77.867,721,1313,23,23,0.88,0.43,0,0,2498,3000,1021,0,2819,2160
8afc3991-7ec1912b-b24d9633-3c4b0f57-17c0e8f4,77.882,78.006,775,1378,23,23,0.88,0.43,0,0,2498,3000,1021,0,2819,2160
8afc3991-7ec1912b-b24d9633-3c4b0f57-17c0e8f4,78.145,78.312,616,1270,23,23,0.88,0.43,0,0,2498,3000,1021,0,2819,2160
8afc3991-7ec1912b-b24d9633-3c4b0f57-17c0e8f4,78.37,78.479,624,1289,23,23,0.88,0.43,0,0,2498,3000,1021,0,2819,2160
8afc3991-7ec1912b-b24d9633-3c4b0f57-17c0e8f4,78.842,78.995,661,1673,23,23,0.88,0.43,0,0,2498,3000,1021,0,2819,2160
8afc3991-7ec1912b-b24d9633-3c4b0f57-17c0e8f4,79.008,79.175,683,1687,23,23,0.88,0.43,0,0,2498,3000,1021,0,2819,2160
8afc3991-7ec1912b-b24d9633-3c4b0f57-17c0e8f4,79.189,79.3,656,1654,23,23,0.88,0.43,0,0,2498,3000,1021,0,2819,2160
8afc3991-7ec1912b-b24d9633-3c4b0f57-17c0e8f4,79.37,79.676,677,1448,23,23,0.88,0.43,0,0,2498,3000,1021,0,2819,2160
8afc3991-7ec1912b-b24d9633-3c4b0f57-17c0e8f4,79.898,80.039,645,1340,23,23,0.88,0.43,0,0,2498,3000,1021,0,2819,2160
8afc3991-7ec1912b-b24d9633-3c4b0f57-17c0e8f4,80.054,80.428,653,1361,23,23,0.88,0.43,0,0,2498,3000,1021,0,2819,2160
8afc3991-7ec1912b-b24d9633-3c4b0f57-17c0e8f4,81.04,81.182,461,1298,23,23,0.88,0.43,0,0,2498,3000,1021,0,2819,2160
8afc3991-7ec1912b-b24d9633-3c4b0f57-17c0e8f4,81.193,81.305,504,1351,23,23,0.88,0.43,0,0,2498,3000,1021,0,2819,2160
8afc3991-7ec1912b-b24d9633-3c4b0f57-17c0e8f4,81.347,81.625,614,1343,23,23,0.88,0.43,0,0,2498,3000,1021,0,2819,2160
8afc3991-7ec1912b-b24d9633-3c4b0f57-17c0e8f4,81.708,81.919,804,2003,23,23,0.88,0.43,0,0,2498,3000,1021,0,2819,2160
8afc3991-7ec1912b-b24d9633-3c4b0f57-17c0e8f4,81.934,82.042,798,1984,23,23,0.88,0.43,0,0,2498,3000,1021,0,2819,2160
8afc3991-7ec1912b-b24d9633-3c4b0f57-17c0e8f4,82.097,82.348,995,2199,23,23,0.88,0.43,0,0,2498,3000,1021,0,2819,2160
8afc3991-7ec1912b-b24d9633-3c4b0f57-17c0e8f4,82.53,82.655,1827,1981,23,23,0.88,0.43,0,0,2498,3000,1021,0,2819,2160
8afc3991-7ec1912b-b24d9633-3c4b0f57-17c0e8f4,82.794,82.92,1760,1575,23,23,0.88,0.43,0,0,2498,3000,1021,0,2819,2160
8afc3991-7ec1912b-b24d9633-3c4b0f57-17c0e8f4,83.254,83.769,683,1377,23,23,0.88,0.43,0,0,2498,3000,1021,0,2819,2160
8afc3991-7ec1912b-b24d9633-3c4b0f57-17c0e8f4,83.786,83.936,701,1343,23,23,0.88,0.43,0,0,2498,3000,1021,0,2819,2160
8afc3991-7ec1912b-b24d9633-3c4b0f57-17c0e8f4,83.964,84.076,635,1247,23,23,0.88,0.43,0,0,2498,3000,1021,0,2819,2160
8afc3991-7ec1912b-b24d9633-3c4b0f57-17c0e8f4,84.38,84.534,2022,1326,23,23,0.88,0.43,0,0,2498,3000,1021,0,2819,2160
8afc3991-7ec1912b-b24d9633-3c4b0f57-17c0e8f4,85.035,85.272,541,1186,23,23,0.88,0.43,0,0,2498,3000,1021,0,2819,2160
8afc3991-7ec1912b-b24d9633-3c4b0f57-17c0e8f4,85.286,85.412,560,1180,23,23,0.88,0.43,0,0,2498,3000,1021,0,2819,2160
8afc3991-7ec1912b-b24d9633-3c4b0f57-17c0e8f4,85.482,85.661,576,1159,23,23,0.88,0.43,0,0,2498,3000,1021,0,2819,2160
8afc3991-7ec1912b-b24d9633-3c4b0f57-17c0e8f4,85.675,85.828,597,1156,23,23,0.88,0.43,0,0,2498,3000,1021,0,2819,2160
8afc3991-7ec1912b-b24d9633-3c4b0f57-17c0e8f4,85.842,86.069,444,1135,23,23,0.88,0.43,0,0,2498,3000,1021,0,2819,2160
8afc3991-7ec1912b-b24d9633-3c4b0f57-17c0e8f4,86.08,86.22,414,1080,23,23,0.88,0.43,0,0,2498,3000,1021,0,2819,2160
8afc3991-7ec1912b-b24d9633-3c4b0f57-17c0e8f4,86.232,86.357,420,1083,23,23,0.88,0.43,0,0,2498,3000,1021,0,2819,2160
a28cb755-423caf3b-13530617-03aaff16-5ca9a2b3,0.069,0.211,518,1165,23,23,0.88,0.43,0,0,2498,3000,1021,0,2819,2160
a28cb755-423caf3b-13530617-03aaff16-5ca9a2b3,0.221,0.334,569,1173,23,23,0.88,0.43,0,0,2498,3000,1021,0,2819,2160
a28cb755-423caf3b-13530617-03aaff16-5ca9a2b3,0.473,0.623,1062,1417,23,23,0.88,0.43,0,0,2498,3000,1021,0,2819,2160
a28cb755-423caf3b-13530617-03aaff16-5ca9a2b3,0.735,0.944,878,1630,23,23,0.88,0.43,0,0,2498,3000,1021,0,2819,2160
a28cb755-423caf3b-13530617-03aaff16-5ca9a2b3,1.751,1.863,802,411,23,23,0.88,0.43,0,0,2498,3000,1021,0,2819,2160
a28cb755-423caf3b-13530617-03aaff16-5ca9a2b3,1.96,2.13,745,1429,23,23,0.88,0.43,0,0,2498,3000,1021,0,2819,2160
a28cb755-423caf3b-13530617-03aaff16-5ca9a2b3,2.42,2.573,848,1307,23,23,0.88,0.43,0,0,2498,3000,1021,0,2819,2160
a28cb755-423caf3b-13530617-03aaff16-5ca9a2b3,2.838,2.949,983,1493,23,23,0.88,0.43,0,0,2498,3000,1021,0,2819,2160
a28cb755-423caf3b-13530617-03aaff16-5ca9a2b3,2.99,3.115,1357,1643,23,23,0.88,0.43,0,0,2498,3000,1021,0,2819,2160
a28cb755-423caf3b-13530617-03aaff16-5ca9a2b3,3.157,3.268,1322,1667,23,23,0.88,0.43,0,0,2498,3000,1021,0,2819,2160
a28cb755-423caf3b-13530617-03aaff16-5ca9a2b3,3.601,3.727,1010,1287,23,23,0.88,0.43,0,0,2498,3000,1021,0,2819,2160
a28cb755-423caf3b-13530617-03aaff16-5ca9a2b3,3.824,4.118,672,1337,23,23,0.88,0.43,0,0,2498,3000,1021,0,2819,2160
a28cb755-423caf3b-13530617-03aaff16-5ca9a2b3,4.396,4.535,1769,1243,23,23,0.88,0.43,0,0,2498,3000,1021,0,2819,2160
a28cb755-423caf3b-13530617-03aaff16-5ca9a2b3,4.59,4.701,1318,1826,23,23,0.88,0.43,0,0,2498,3000,1021,0,2819,2160
a28cb755-423caf3b-13530617-03aaff16-5ca9a2b3,5.036,5.161,826,1856,23,23,0.88,0.43,0,0,2498,3000,1021,0,2819,2160
a28cb755-423caf3b-13530617-03aaff16-5ca9a2b3,5.398,5.51,599,2109,23,23,0.88,0.43,0,0,2498,3000,1021,0,2819,2160
a28cb755-423caf3b-13530617-03aaff16-5ca9a2b3,5.606,5.719,656,2035,23,23,0.88,0.43,0,0,2498,3000,1021,0,2819,2160
a28cb755-423caf3b-13530617-03aaff16-5ca9a2b3,5.732,5.843,714,2040,23,23,0.88,0.43,0,0,2498,3000,1021,0,2819,2160
a28cb755-423caf3b-13530617-03aaff16-5ca9a2b3,5.983,6.094,1552,1914,23,23,0.88,0.43,0,0,2498,3000,1021,0,2819,2160
a28cb755-423caf3b-13530617-03aaff16-5ca9a2b3,6.178,6.372,1742,1732,23,23,0.88,0.43,0,0,2498,3000,1021,0,2819,2160
a28cb755-423caf3b-13530617-03aaff16-5ca9a2b3,6.525,6.637,1865,2296,23,23,0.88,0.43,0,0,2498,3000,1021,0,2819,2160
a28cb755-423caf3b-13530617-03aaff16-5ca9a2b3,6.873,6.985,698,2198,23,23,0.88,0.43,0,0,2498,3000,1021,0,2819,2160
a28cb755-423caf3b-13530617-03aaff16-5ca9a2b3,6.999,7.124,704,2167,23,23,0.88,0.43,0,0,2498,3000,1021,0,2819,2160
a28cb755-423caf3b-13530617-03aaff16-5ca9a2b3,7.348,7.529,623,1985,23,23,0.88,0.43,0,0,2498,3000,1021,0,2819,2160
a28cb755-423caf3b-13530617-03aaff16-5ca9a2b3,7.653,7.765,758,2524,23,23,0.88,0.43,0,0,2498,3000,1021,0,2819,2160
a28cb755-423caf3b-13530617-03aaff16-5ca9a2b3,7.849,7.974,1351,2627,23,23,0.88,0.43,0,0,2498,3000,1021,0,2819,2160
a28cb755-423caf3b-13530617-03aaff16-5ca9a2b3,8.043,8.197,1226,2584,23,23,0.88,0.43,0,0,2498,3000,1021,0,2819,2160
a28cb755-423caf3b-13530617-03aaff16-5ca9a2b3,8.686,8.881,356,2396,23,23,0.88,0.43,0,0,2498,3000,1021,0,2819,2160
a28cb755-423caf3b-13530617-03aaff16-5ca9a2b3,8.898,9.006,310,2343,23,23,0.88,0.43,0,0,2498,3000,1021,0,2819,2160
a28cb755-423caf3b-13530617-03aaff16-5ca9a2b3,9.02,9.131,318,2330,23,23,0.88,0.43,0,0,2498,3000,1021,0,2819,2160
a28cb755-423caf3b-13530617-03aaff16-5ca9a2b3,9.172,9.366,378,2151,23,23,0.88,0.43,0,0,2498,3000,1021,0,2819,2160
a28cb755-423caf3b-13530617-03aaff16-5ca9a2b3,9.38,9.504,322,2104,23,23,0.88,0.43,0,0,2498,3000,1021,0,2819,2160
a28cb755-423caf3b-13530617-03aaff16-5ca9a2b3,9.575,9.783,324,2423,23,23,0.88,0.43,0,0,2498,3000,1021,0,2819,2160
a28cb755-423caf3b-13530617-03aaff16-5ca9a2b3,9.895,10.048,412,2526,23,23,0.88,0.43,0,0,2498,3000,1021,0,2819,2160
a28cb755-423caf3b-13530617-03aaff16-5ca9a2b3,10.257,10.467,536,2516,23,23,0.88,0.43,0,0,2498,3000,1021,0,2819,2160
a28cb755-423caf3b-13530617-03aaff16-5ca9a2b3,10.523,10.633,420,2434,23,23,0.88,0.43,0,0,2498,3000,1021,0,2819,2160
a28cb755-423caf3b-13530617-03aaff16-5ca9a2b3,10.647,10.897,405,2426,23,23,0.88,0.43,0,0,2498,3000,1021,0,2819,2160
a28cb755-423caf3b-13530617-03aaff16-5ca9a2b3,10.924,11.049,552,2594,23,23,0.88,0.43,0,0,2498,3000,1021,0,2819,2160
a28cb755-423caf3b-13530617-03aaff16-5ca9a2b3,11.202,11.313,1042,2571,23,23,0.88,0.43,0,0,2498,3000,1021,0,2819,2160
a28cb755-423caf3b-13530617-03aaff16-5ca9a2b3,11.925,12.092,2307,2616,23,23,0.88,0.43,0,0,2498,3000,1021,0,2819,2160
a28cb755-423caf3b-13530617-03aaff16-5ca9a2b3,12.232,12.454,2352,2301,23,23,0.88,0.43,0,0,2498,3000,1021,0,2819,2160
a28cb755-423caf3b-13530617-03aaff16-5ca9a2b3,12.497,12.886,2278,2248,23,23,0.88,0.43,0,0,2498,3000,1021,0,2819,2160
a28cb755-423caf3b-13530617-03aaff16-5ca9a2b3,12.902,13.083,2306,2252,23,23,0.88,0.43,0,0,2498,3000,1021,0,2819,2160
a28cb755-423caf3b-13530617-03aaff16-5ca9a2b3,13.251,13.374,1311,2242,23,23,0.88,0.43,0,0,2498,3000,1021,0,2819,2160
a28cb755-423caf3b-13530617-03aaff16-5ca9a2b3,13.526,13.638,1027,2609,23,23,0.88,0.43,0,0,2498,3000,1021,0,2819,2160
a28cb755-423caf3b-13530617-03aaff16-5ca9a2b3,13.707,13.833,791,2375,23,23,0.88,0.43,0,0,2498,3000,1021,0,2819,2160
a28cb755-423caf3b-13530617-03aaff16-5ca9a2b3,14.056,14.195,815,2519,23,23,0.88,0.43,0,0,2498,3000,1021,0,2819,2160
a28cb755-423caf3b-13530617-03aaff16-5ca9a2b3,14.349,14.516,689,2258,23,23,0.88,0.43,0,0,2498,3000,1021,0,2819,2160
a28cb755-423caf3b-13530617-03aaff16-5ca9a2b3,14.752,15.002,666,2052,23,23,0.88,0.43,0,0,2498,3000,1021,0,2819,2160
a28cb755-423caf3b-13530617-03aaff16-5ca9a2b3,15.13,15.282,725,1993,23,23,0.88,0.43,0,0,2498,3000,1021,0,2819,2160
a28cb755-423caf3b-13530617-03aaff16-5ca9a2b3,15.298,15.49,787,2130,23,23,0.88,0.43,0,0,2498,3000,1021,0,2819,2160
a28cb755-423caf3b-13530617-03aaff16-5ca9a2b3,15.504,15.713,780,2123,23,23,0.88,0.43,0,0,2498,3000,1021,0,2819,2160
a28cb755-423caf3b-13530617-03aaff16-5ca9a2b3,15.727,15.977,706,1926,23,23,0.88,0.43,0,0,2498,3000,1021,0,2819,2160
a28cb755-423caf3b-13530617-03aaff16-5ca9a2b3,16.005,16.159,664,1822,23,23,0.88,0.43,0,0,2498,3000,1021,0,2819,2160
a28cb755-423caf3b-13530617-03aaff16-5ca9a2b3,16.215,16.368,627,1518,23,23,0.88,0.43,0,0,2498,3000,1021,0,2819,2160
a28cb755-423caf3b-13530617-03aaff16-5ca9a2b3,16.382,16.674,588,1392,23,23,0.88,0.43,0,0,2498,3000,1021,0,2819,2160
a28cb755-423caf3b-13530617-03aaff16-5ca9a2b3,16.757,17.05,848,2386,23,23,0.88,0.43,0,0,2498,3000,1021,0,2819,2160
a28cb755-423caf3b-13530617-03aaff16-5ca9a2b3,17.105,17.217,938,2572,23,23,0.88,0.43,0,0,2498,3000,1021,0,2819,2160
a28cb755-423caf3b-13530617-03aaff16-5ca9a2b3,17.245,17.399,959,2667,23,23,0.88,0.43,0,0,2498,3000,1021,0,2819,2160
a28cb755-423caf3b-13530617-03aaff16-5ca9a2b3,17.412,17.802,946,2622,23,23,0.88,0.43,0,0,2498,3000,1021,0,2819,2160
a28cb755-423caf3b-13530617-03aaff16-5ca9a2b3,17.829,18.038,853,2461,23,23,0.88,0.43,0,0,2498,3000,1021,0,2819,2160
a28cb755-423caf3b-13530617-03aaff16-5ca9a2b3,18.052,18.19,846,2437,23,23,0.88,0.43,0,0,2498,3000,1021,0,2819,2160
a28cb755-423caf3b-13530617-03aaff16-5ca9a2b3,18.204,18.4,845,2315,23,23,0.88,0.43,0,0,2498,3000,1021,0,2819,2160
a28cb755-423caf3b-13530617-03aaff16-5ca9a2b3,18.416,18.581,826,2320,23,23,0.88,0.43,0,0,2498,3000,1021,0,2819,2160
a28cb755-423caf3b-13530617-03aaff16-5ca9a2b3,18.608,18.832,811,2130,23,23,0.88,0.43,0,0,2498,3000,1021,0,2819,2160
a28cb755-423caf3b-13530617-03aaff16-5ca9a2b3,18.887,19.082,779,1888,23,23,0.88,0.43,0,0,2498,3000,1021,0,2819,2160
a28cb755-423caf3b-13530617-03aaff16-5ca9a2b3,19.095,19.349,725,1711,23,23,0.88,0.43,0,0,2498,3000,1021,0,2819,2160
a28cb755-423caf3b-13530617-03aaff16-5ca9a2b3,19.486,19.722,681,1322,23,23,0.88,0.43,0,0,2498,3000,1021,0,2819,2160
a28cb755-423caf3b-13530617-03aaff16-5ca9a2b3,20.433,20.557,1847,2605,23,23,0.88,0.43,0,0,2498,3000,1021,0,2819,2160
a28cb755-423caf3b-13530617-03aaff16-5ca9a2b3,20.655,20.794,1937,2359,23,23,0.88,0.43,0,0,2498,3000,1021,0,2819,2160
a28cb755-423caf3b-13530617-03aaff16-5ca9a2b3,21.1,21.268,1921,1945,23,23,0.88,0.43,0,0,2498,3000,1021,0,2819,2160
a28cb755-423caf3b-13530617-03aaff16-5ca9a2b3,21.392,21.587,1924,1781,23,23,0.88,0.43,0,0,2498,3000,1021,0,2819,2160
a28cb755-423caf3b-13530617-03aaff16-5ca9a2b3,21.673,21.782,2015,1799,23,23,0.88,0.43,0,0,2498,3000,1021,0,2819,2160
a28cb755-423caf3b-13530617-03aaff16-5ca9a2b3,21.867,21.99,1846,1274,23,23,0.88,0.43,0,0,2498,3000,1021,0,2819,2160
a28cb755-423caf3b-13530617-03aaff16-5ca9a2b3,22.255,22.367,1744,2550,23,23,0.88,0.43,0,0,2498,3000,1021,0,2819,2160
a28cb755-423caf3b-13530617-03aaff16-5ca9a2b3,22.381,22.506,1747,2539,23,23,0.88,0.43,0,0,2498,3000,1021,0,2819,2160
a28cb755-423caf3b-13530617-03aaff16-5ca9a2b3,22.659,22.896,1829,2037,23,23,0.88,0.43,0,0,2498,3000,1021,0,2819,2160
a28cb755-423caf3b-13530617-03aaff16-5ca9a2b3,22.965,23.216,1806,1484,23,23,0.88,0.43,0,0,2498,3000,1021,0,2819,2160
a28cb755-423caf3b-13530617-03aaff16-5ca9a2b3,23.243,23.383,1625,1617,23,23,0.88,0.43,0,0,2498,3000,1021,0,2819,2160
a28cb755-423caf3b-13530617-03aaff16-5ca9a2b3,23.55,23.731,1268,2669,23,23,0.88,0.43,0,0,2498,3000,1021,0,2819,2160
a28cb755-423caf3b-13530617-03aaff16-5ca9a2b3,23.801,23.926,1286,2689,23,23,0.88,0.43,0,0,2498,3000,1021,0,2819,2160
a28cb755-423caf3b-13530617-03aaff16-5ca9a2b3,23.94,24.051,1306,2689,23,23,0.88,0.43,0,0,2498,3000,1021,0,2819,2160
a28cb755-423caf3b-13530617-03aaff16-5ca9a2b3,24.135,24.371,1182,1906,23,23,0.88,0.43,0,0,2498,3000,1021,0,2819,2160
a28cb755-423caf3b-13530617-03aaff16-5ca9a2b3,24.511,24.636,1236,1742,23,23,0.88,0.43,0,0,2498,3000,1021,0,2819,2160
a28cb755-423caf3b-13530617-03aaff16-5ca9a2b3,24.677,24.928,1207,2046,23,23,0.88,0.43,0,0,2498,3000,1021,0,2819,2160
a28cb755-423caf3b-13530617-03aaff16-5ca9a2b3,24.942,25.123,1186,1883,23,23,0.88,0.43,0,0,2498,3000,1021,0,2819,2160
a28cb755-423caf3b-13530617-03aaff16-5ca9a2b3,25.151,25.36,1161,1846,23,23,0.88,0.43,0,0,2498,3000,1021,0,2819,2160
a28cb755-423caf3b-13530617-03aaff16-5ca9a2b3,25.471,25.861,1348,1910,23,23,0.88,0.43,0,0,2498,3000,1021,0,2819,2160
a28cb755-423caf3b-13530617-03aaff16-5ca9a2b3,25.972,26.167,1421,2044,23,23,0.88,0.43,0,0,2498,3000,1021,0,2819,2160
a28cb755-423caf3b-13530617-03aaff16-5ca9a2b3,26.195,26.297,1437,2067,23,23,0.88,0.43,0,0,2498,3000,1021,0,2819,2160
a28cb755-423caf3b-13530617-03aaff16-5ca9a2b3,26.404,26.585,1306,1557,23,23,0.88,0.43,0,0,2498,3000,1021,0,2819,2160
a28cb755-423caf3b-13530617-03aaff16-5ca9a2b3,26.599,26.71,1292,1537,23,23,0.88,0.43,0,0,2498,3000,1021,0,2819,2160
a28cb755-423caf3b-13530617-03aaff16-5ca9a2b3,26.765,26.904,1140,1424,23,23,0.88,0.43,0,0,2498,3000,1021,0,2819,2160
a28cb755-423caf3b-13530617-03aaff16-5ca9a2b3,26.918,27.058,1157,1410,23,23,0.88,0.43,0,0,2498,3000,1021,0,2819,2160
a28cb755-423caf3b-13530617-03aaff16-5ca9a2b3,27.071,27.296,1011,1270,23,23,0.88,0.43,0,0,2498,3000,1021,0,2819,2160
a28cb755-423caf3b-13530617-03aaff16-5ca9a2b3,27.477,27.601,1489,1170,23,23,0.88,0.43,0,0,2498,3000,1021,0,2819,2160
a28cb755-423caf3b-13530617-03aaff16-5ca9a2b3,27.642,27.795,1471,1193,23,23,0.88,0.43,0,0,2498,3000,1021,0,2819,2160
a28cb755-423caf3b-13530617-03aaff16-5ca9a2b3,27.99,28.338,1426,1948,23,23,0.88,0.43,0,0,2498,3000,1021,0,2819,2160
a28cb755-423caf3b-13530617-03aaff16-5ca9a2b3,28.714,28.854,1292,1520,23,23,0.88,0.43,0,0,2498,3000,1021,0,2819,2160
a28cb755-423caf3b-13530617-03aaff16-5ca9a2b3,28.937,29.076,1137,1645,23,23,0.88,0.43,0,0,2498,3000,1021,0,2819,2160
a28cb755-423caf3b-13530617-03aaff16-5ca9a2b3,29.132,29.55,1372,2036,23,23,0.88,0.43,0,0,2498,3000,1021,0,2819,2160
a28cb755-423caf3b-13530617-03aaff16-5ca9a2b3,29.688,29.968,1470,1381,23,23,0.88,0.43,0,0,2498,3000,1021,0,2819,2160
a28cb755-423caf3b-13530617-03aaff16-5ca9a2b3,29.981,30.092,1461,1374,23,23,0.88,0.43,0,0,2498,3000,1021,0,2819,2160
a28cb755-423caf3b-13530617-03aaff16-5ca9a2b3,30.135,30.301,975,1344,23,23,0.88,0.43,0,0,2498,3000,1021,0,2819,2160
a28cb755-423caf3b-13530617-03aaff16-5ca9a2b3,30.44,30.622,884,1627,23,23,0.88,0.43,0,0,2498,3000,1021,0,2819,2160
a28cb755-423caf3b-13530617-03aaff16-5ca9a2b3,30.678,30.914,923,1301,23,23,0.88,0.43,0,0,2498,3000,1021,0,2819,2160
a28cb755-423caf3b-13530617-03aaff16-5ca9a2b3,30.941,31.151,583,1220,23,23,0.88,0.43,0,0,2498,3000,1021,0,2819,2160
a28cb755-423caf3b-13530617-03aaff16-5ca9a2b3,31.178,31.318,684,1489,23,23,0.88,0.43,0,0,2498,3000,1021,0,2819,2160
a28cb755-423caf3b-13530617-03aaff16-5ca9a2b3,31.429,31.652,1093,2421,23,23,0.88,0.43,0,0,2498,3000,1021,0,2819,2160
a28cb755-423caf3b-13530617-03aaff16-5ca9a2b3,31.777,31.902,1746,2233,23,23,0.88,0.43,0,0,2498,3000,1021,0,2819,2160
a28cb755-423caf3b-13530617-03aaff16-5ca9a2b3,32.684,32.82,1284,1761,23,23,0.88,0.43,0,0,2498,3000,1021,0,2819,2160
a28cb755-423caf3b-13530617-03aaff16-5ca9a2b3,33.28,33.572,770,2162,23,23,0.88,0.43,0,0,2498,3000,1021,0,2819,2160
a28cb755-423caf3b-13530617-03aaff16-5ca9a2b3,33.852,33.967,1653,1722,23,23,0.88,0.43,0,0,2498,3000,1021,0,2819,2160
a28cb755-423caf3b-13530617-03aaff16-5ca9a2b3,33.98,34.16,1611,1738,23,23,0.88,0.43,0,0,2498,3000,1021,0,2819,2160
a28cb755-423caf3b-13530617-03aaff16-5ca9a2b3,34.172,34.312,1667,1820,23,23,0.88,0.43,0,0,2498,3000,1021,0,2819,2160
a28cb755-423caf3b-13530617-03aaff16-5ca9a2b3,34.632,34.77,723,2270,23,23,0.88,0.43,0,0,2498,3000,1021,0,2819,2160
a28cb755-423caf3b-13530617-03aaff16-5ca9a2b3,34.799,34.978,754,2302,23,23,0.88,0.43,0,0,2498,3000,1021,0,2819,2160
a28cb755-423caf3b-13530617-03aaff16-5ca9a2b3,35.339,35.451,1682,2551,23,23,0.88,0.43,0,0,2498,3000,1021,0,2819,2160
a28cb755-423caf3b-13530617-03aaff16-5ca9a2b3,35.48,35.703,884,2417,23,23,0.88,0.43,0,0,2498,3000,1021,0,2819,2160
a28cb755-423caf3b-13530617-03aaff16-5ca9a2b3,35.966,36.078,874,2437,23,23,0.88,0.43,0,0,2498,3000,1021,0,2819,2160
a28cb755-423caf3b-13530617-03aaff16-5ca9a2b3,36.091,36.231,901,2463,23,23,0.88,0.43,0,0,2498,3000,1021,0,2819,2160
a28cb755-423caf3b-13530617-03aaff16-5ca9a2b3,36.425,36.565,1182,2475,23,23,0.88,0.43,0,0,2498,3000,1021,0,2819,2160
a28cb755-423caf3b-13530617-03aaff16-5ca9a2b3,36.68,36.858,1729,2583,23,23,0.88,0.43,0,0,2498,3000,1021,0,2819,2160
a28cb755-423caf3b-13530617-03aaff16-5ca9a2b3,37.038,37.163,1583,2542,23,23,0.88,0.43,0,0,2498,3000,1021,0,2819,2160
a28cb755-423caf3b-13530617-03aaff16-5ca9a2b3,37.232,37.344,773,2257,23,23,0.88,0.43,0,0,2498,3000,1021,0,2819,2160
a28cb755-423caf3b-13530617-03aaff16-5ca9a2b3,37.357,37.497,803,2262,23,23,0.88,0.43,0,0,2498,3000,1021,0,2819,2160
a28cb755-423caf3b-13530617-03aaff16-5ca9a2b3,37.678,37.802,1641,2441,23,23,0.88,0.43,0,0,2498,3000,1021,0,2819,2160
a28cb755-423caf3b-13530617-03aaff16-5ca9a2b3,37.915,38.137,1600,2413,23,23,0.88,0.43,0,0,2498,3000,1021,0,2819,2160
a28cb755-423caf3b-13530617-03aaff16-5ca9a2b3,38.193,38.318,841,2258,23,23,0.88,0.43,0,0,2498,3000,1021,0,2819,2160
a28cb755-423caf3b-13530617-03aaff16-5ca9a2b3,38.332,38.443,822,2235,23,23,0.88,0.43,0,0,2498,3000,1021,0,2819,2160
a28cb755-423caf3b-13530617-03aaff16-5ca9a2b3,38.499,38.638,809,2134,23,23,0.88,0.43,0,0,2498,3000,1021,0,2819,2160
a28cb755-423caf3b-13530617-03aaff16-5ca9a2b3,38.749,38.957,1690,2016,23,23,0.88,0.43,0,0,2498,3000,1021,0,2819,2160
a28cb755-423caf3b-13530617-03aaff16-5ca9a2b3,38.971,39.123,1625,2008,23,23,0.88,0.43,0,0,2498,3000,1021,0,2819,2160
a28cb755-423caf3b-13530617-03aaff16-5ca9a2b3,39.179,39.402,785,1915,23,23,0.88,0.43,0,0,2498,3000,1021,0,2819,2160
a28cb755-423caf3b-13530617-03aaff16-5ca9a2b3,39.416,39.569,822,1914,23,23,0.88,0.43,0,0,2498,3000,1021,0,2819,2160
a28cb755-423caf3b-13530617-03aaff16-5ca9a2b3,39.751,39.932,1736,1867,23,23,0.88,0.43,0,0,2498,3000,1021,0,2819,2160
a28cb755-423caf3b-13530617-03aaff16-5ca9a2b3,40.002,40.14,1773,1709,23,23,0.88,0.43,0,0,2498,3000,1021,0,2819,2160
a28cb755-423caf3b-13530617-03aaff16-5ca9a2b3,40.154,40.266,1755,1693,23,23,0.88,0.43,0,0,2498,3000,1021,0,2819,2160
a28cb755-423caf3b-13530617-03aaff16-5ca9a2b3,40.378,40.547,751,1728,23,23,0.88,0.43,0,0,2498,3000,1021,0,2819,2160
a28cb755-423caf3b-13530617-03aaff16-5ca9a2b3,40.6,40.853,772,2060,23,23,0.88,0.43,0,0,2498,3000,1021,0,2819,2160
a28cb755-423caf3b-13530617-03aaff16-5ca9a2b3,40.866,41.06,791,2028,23,23,0.88,0.43,0,0,2498,3000,1021,0,2819,2160
a28cb755-423caf3b-13530617-03aaff16-5ca9a2b3,41.157,41.282,1673,1865,23,23,0.88,0.43,0,0,2498,3000,1021,0,2819,2160
a28cb755-423caf3b-13530617-03aaff16-5ca9a2b3,41.436,41.602,1650,1411,23,23,0.88,0.43,0,0,2498,3000,1021,0,2819,2160
a28cb755-423caf3b-13530617-03aaff16-5ca9a2b3,41.728,41.839,672,1369,23,23,0.88,0.43,0,0,2498,3000,1021,0,2819,2160
a28cb755-423caf3b-13530617-03aaff16-5ca9a2b3,41.992,42.132,571,1380,23,23,0.88,0.43,0,0,2498,3000,1021,0,2819,2160
a28cb755-423caf3b-13530617-03aaff16-5ca9a2b3,42.216,42.396,851,2153,23,23,0.88,0.43,0,0,2498,3000,1021,0,2819,2160
a28cb755-423caf3b-13530617-03aaff16-5ca9a2b3,42.41,42.55,855,2173,23,23,0.88,0.43,0,0,2498,3000,1021,0,2819,2160
a28cb755-423caf3b-13530617-03aaff16-5ca9a2b3,42.661,42.87,1563,2226,23,23,0.88,0.43,0,0,2498,3000,1021,0,2819,2160
a28cb755-423caf3b-13530617-03aaff16-5ca9a2b3,42.995,43.162,783,1993,23,23,0.88,0.43,0,0,2498,3000,1021,0,2819,2160
a28cb755-423caf3b-13530617-03aaff16-5ca9a2b3,43.175,43.539,796,1979,23,23,0.88,0.43,0,0,2498,3000,1021,0,2819,2160
a28cb755-423caf3b-13530617-03aaff16-5ca9a2b3,43.553,43.663,824,1956,23,23,0.88,0.43,0,0,2498,3000,1021,0,2819,2160
a28cb755-423caf3b-13530617-03aaff16-5ca9a2b3,43.718,43.985,1642,1806,23,23,0.88,0.43,0,0,2498,3000,1021,0,2819,2160
a28cb755-423caf3b-13530617-03aaff16-5ca9a2b3,44.364,44.553,800,2018,23,23,0.88,0.43,0,0,2498,3000,1021,0,2819,2160
a28cb755-423caf3b-13530617-03aaff16-5ca9a2b3,44.748,44.917,890,2092,23,23,0.88,0.43,0,0,2498,3000,1021,0,2819,2160
a28cb755-423caf3b-13530617-03aaff16-5ca9a2b3,44.93,45.04,896,2058,23,23,0.88,0.43,0,0,2498,3000,1021,0,2819,2160
a28cb755-423caf3b-13530617-03aaff16-5ca9a2b3,45.082,45.53,1193,1828,23,23,0.88,0.43,0,0,2498,3000,1021,0,2819,2160
a28cb755-423caf3b-13530617-03aaff16-5ca9a2b3,45.556,45.798,852,1846,23,23,0.88,0.43,0,0,2498,3000,1021,0,2819,2160
a28cb755-423caf3b-13530617-03aaff16-5ca9a2b3,45.932,46.294,780,1941,23,23,0.88,0.43,0,0,2498,3000,1021,0,2819,2160
a28cb755-423caf3b-13530617-03aaff16-5ca9a2b3,46.309,46.477,842,2071,23,23,0.88,0.43,0,0,2498,3000,1021,0,2819,2160
a28cb755-423caf3b-13530617-03aaff16-5ca9a2b3,46.531,46.697,1343,2086,23,23,0.88,0.43,0,0,2498,3000,1021,0,2819,2160
a28cb755-423caf3b-13530617-03aaff16-5ca9a2b3,46.768,47.031,944,2380,23,23,0.88,0.43,0,0,2498,3000,1021,0,2819,2160
a28cb755-423caf3b-13530617-03aaff16-5ca9a2b3,47.088,47.242,764,2099,23,23,0.88,0.43,0,0,2498,3000,1021,0,2819,2160
a28cb755-423caf3b-13530617-03aaff16-5ca9a2b3,47.269,47.49,847,1782,23,23,0.88,0.43,0,0,2498,3000,1021,0,2819,2160
a28cb755-423caf3b-13530617-03aaff16-5ca9a2b3,47.643,47.755,1476,1972,23,23,0.88,0.43,0,0,2498,3000,1021,0,2819,2160
a28cb755-423caf3b-13530617-03aaff16-5ca9a2b3,48.021,48.131,867,2097,23,23,0.88,0.43,0,0,2498,3000,1021,0,2819,2160
a28cb755-423caf3b-13530617-03aaff16-5ca9a2b3,48.144,48.312,867,2151,23,23,0.88,0.43,0,0,2498,3000,1021,0,2819,2160
a28cb755-423caf3b-13530617-03aaff16-5ca9a2b3,48.924,49.036,673,2146,23,23,0.88,0.43,0,0,2498,3000,1021,0,2819,2160
a28cb755-423caf3b-13530617-03aaff16-5ca9a2b3,49.217,49.342,837,2086,23,23,0.88,0.43,0,0,2498,3000,1021,0,2819,2160
a28cb755-423caf3b-13530617-03aaff16-5ca9a2b3,49.357,49.597,855,2081,23,23,0.88,0.43,0,0,2498,3000,1021,0,2819,2160
a28cb755-423caf3b-13530617-03aaff16-5ca9a2b3,49.608,49.763,830,2088,23,23,0.88,0.43,0,0,2498,3000,1021,0,2819,2160
a28cb755-423caf3b-13530617-03aaff16-5ca9a2b3,49.913,50.081,712,1930,23,23,0.88,0.43,0,0,2498,3000,1021,0,2819,2160
a28cb755-423caf3b-13530617-03aaff16-5ca9a2b3,50.234,50.458,945,2104,23,23,0.88,0.43,0,0,2498,3000,1021,0,2819,2160
a28cb755-423caf3b-13530617-03aaff16-5ca9a2b3,50.471,50.624,911,2194,23,23,0.88,0.43,0,0,2498,3000,1021,0,2819,2160
a28cb755-423caf3b-13530617-03aaff16-5ca9a2b3,50.707,50.833,750,2034,23,23,0.88,0.43,0,0,2498,3000,1021,0,2819,2160
a28cb755-423caf3b-13530617-03aaff16-5ca9a2b3,50.93,51.209,784,1832,23,23,0.88,0.43,0,0,2498,3000,1021,0,2819,2160
a28cb755-423caf3b-13530617-03aaff16-5ca9a2b3,51.306,51.529,1760,1764,23,23,0.88,0.43,0,0,2498,3000,1021,0,2819,2160
a28cb755-423caf3b-13530617-03aaff16-5ca9a2b3,51.71,51.96,1770,2079,23,23,0.88,0.43,0,0,2498,3000,1021,0,2819,2160
a28cb755-423caf3b-13530617-03aaff16-5ca9a2b3,52.016,52.211,1815,1465,23,23,0.88,0.43,0,0,2498,3000,1021,0,2819,2160
a28cb755-423caf3b-13530617-03aaff16-5ca9a2b3,52.308,52.491,569,1539,23,23,0.88,0.43,0,0,2498,3000,1021,0,2819,2160
a28cb755-423caf3b-13530617-03aaff16-5ca9a2b3,52.505,52.614,601,1517,23,23,0.88,0.43,0,0,2498,3000,1021,0,2819,2160
a28cb755-423caf3b-13530617-03aaff16-5ca9a2b3,52.809,52.935,692,1340,23,23,0.88,0.43,0,0,2498,3000,1021,0,2819,2160
a28cb755-423caf3b-13530617-03aaff16-5ca9a2b3,52.978,53.185,962,1549,23,23,0.88,0.43,0,0,2498,3000,1021,0,2819,2160
a28cb755-423caf3b-13530617-03aaff16-5ca9a2b3,53.254,53.367,1686,1585,23,23,0.88,0.43,0,0,2498,3000,1021,0,2819,2160
a28cb755-423caf3b-13530617-03aaff16-5ca9a2b3,53.505,53.755,1694,1843,23,23,0.88,0.43,0,0,2498,3000,1021,0,2819,2160
a28cb755-423caf3b-13530617-03aaff16-5ca9a2b3,53.77,53.896,1680,1832,23,23,0.88,0.43,0,0,2498,3000,1021,0,2819,2160
a28cb755-423caf3b-13530617-03aaff16-5ca9a2b3,53.965,54.146,1764,1840,23,23,0.88,0.43,0,0,2498,3000,1021,0,2819,2160
a28cb755-423caf3b-13530617-03aaff16-5ca9a2b3,54.173,54.326,1825,1840,23,23,0.88,0.43,0,0,2498,3000,1021,0,2819,2160
a28cb755-423caf3b-13530617-03aaff16-5ca9a2b3,54.661,54.925,1711,1745,23,23,0.88,0.43,0,0,2498,3000,1021,0,2819,2160
a28cb755-423caf3b-13530617-03aaff16-5ca9a2b3,54.938,55.107,1712,1714,23,23,0.88,0.43,0,0,2498,3000,1021,0,2819,2160
a28cb755-423caf3b-13530617-03aaff16-5ca9a2b3,55.175,55.316,822,1715,23,23,0.88,0.43,0,0,2498,3000,1021,0,2819,2160
a28cb755-423caf3b-13530617-03aaff16-5ca9a2b3,55.386,55.608,972,1709,23,23,0.88,0.43,0,0,2498,3000,1021,0,2819,2160
a28cb755-423caf3b-13530617-03aaff16-5ca9a2b3,55.677,55.914,901,1933,23,23,0.88,0.43,0,0,2498,3000,1021,0,2819,2160
a28cb755-423caf3b-13530617-03aaff16-5ca9a2b3,55.997,56.192,978,2134,23,23,0.88,0.43,0,0,2498,3000,1021,0,2819,2160
a28cb755-423caf3b-13530617-03aaff16-5ca9a2b3,56.235,56.532,1011,2378,23,23,0.88,0.43,0,0,2498,3000,1021,0,2819,2160
a28cb755-423caf3b-13530617-03aaff16-5ca9a2b3,56.681,56.931,958,1835,23,23,0.88,0.43,0,0,2498,3000,1021,0,2819,2160
a28cb755-423caf3b-13530617-03aaff16-5ca9a2b3,56.947,57.056,990,1849,23,23,0.88,0.43,0,0,2498,3000,1021,0,2819,2160
a28cb755-423caf3b-13530617-03aaff16-5ca9a2b3,57.264,57.375,752,1914,23,23,0.88,0.43,0,0,2498,3000,1021,0,2819,2160
a28cb755-423caf3b-13530617-03aaff16-5ca9a2b3,57.391,57.501,756,1955,23,23,0.88,0.43,0,0,2498,3000,1021,0,2819,2160
a28cb755-423caf3b-13530617-03aaff16-5ca9a2b3,57.514,57.696,720,1945,23,23,0.88,0.43,0,0,2498,3000,1021,0,2819,2160
a28cb755-423caf3b-13530617-03aaff16-5ca9a2b3,57.709,57.88,687,1963,23,23,0.88,0.43,0,0,2498,3000,1021,0,2819,2160
a28cb755-423caf3b-13530617-03aaff16-5ca9a2b3,57.976,58.155,1617,1991,23,23,0.88,0.43,0,0,2498,3000,1021,0,2819,2160
a28cb755-423caf3b-13530617-03aaff16-5ca9a2b3,58.266,58.406,1731,2067,23,23,0.88,0.43,0,0,2498,3000,1021,0,2819,2160
a28cb755-423caf3b-13530617-03aaff16-5ca9a2b3,58.474,58.699,883,2253,23,23,0.88,0.43,0,0,2498,3000,1021,0,2819,2160
a28cb755-423caf3b-13530617-03aaff16-5ca9a2b3,58.753,58.865,694,1257,23,23,0.88,0.43,0,0,2498,3000,1021,0,2819,2160
a28cb755-423caf3b-13530617-03aaff16-5ca9a2b3,58.88,59.032,718,1236,23,23,0.88,0.43,0,0,2498,3000,1021,0,2819,2160
a28cb755-423caf3b-13530617-03aaff16-5ca9a2b3,59.116,59.31,896,1100,23,23,0.88,0.43,0,0,2498,3000,1021,0,2819,2160
a28cb755-423caf3b-13530617-03aaff16-5ca9a2b3,59.421,59.588,1515,1210,23,23,0.88,0.43,0,0,2498,3000,1021,0,2819,2160
a28cb755-423caf3b-13530617-03aaff16-5ca9a2b3,59.645,59.77,944,1719,23,23,0.88,0.43,0,0,2498,3000,1021,0,2819,2160
a28cb755-423caf3b-13530617-03aaff16-5ca9a2b3,59.908,60.05,762,1786,23,23,0.88,0.43,0,0,2498,3000,1021,0,2819,2160
a28cb755-423caf3b-13530617-03aaff16-5ca9a2b3,60.094,60.229,840,2010,23,23,0.88,0.43,0,0,2498,3000,1021,0,2819,2160
a28cb755-423caf3b-13530617-03aaff16-5ca9a2b3,60.313,60.468,826,2009,23,23,0.88,0.43,0,0,2498,3000,1021,0,2819,2160
a28cb755-423caf3b-13530617-03aaff16-5ca9a2b3,60.481,60.632,852,1962,23,23,0.88,0.43,0,0,2498,3000,1021,0,2819,2160
a28cb755-423caf3b-13530617-03aaff16-5ca9a2b3,60.691,60.799,778,2030,23,23,0.88,0.43,0,0,2498,3000,1021,0,2819,2160
a28cb755-423caf3b-13530617-03aaff16-5ca9a2b3,60.814,60.968,747,2044,23,23,0.88,0.43,0,0,2498,3000,1021,0,2819,2160
a28cb755-423caf3b-13530617-03aaff16-5ca9a2b3,61.399,61.514,978,2231,23,23,0.88,0.43,0,0,2498,3000,1021,0,2819,2160
a28cb755-423caf3b-13530617-03aaff16-5ca9a2b3,61.693,61.816,1555,2369,23,23,0.88,0.43,0,0,2498,3000,1021,0,2819,2160
a28cb755-423caf3b-13530617-03aaff16-5ca9a2b3,62.068,62.275,1684,1549,23,23,0.88,0.43,0,0,2498,3000,1021,0,2819,2160
a28cb755-423caf3b-13530617-03aaff16-5ca9a2b3,62.471,62.582,804,1663,23,23,0.88,0.43,0,0,2498,3000,1021,0,2819,2160
a28cb755-423caf3b-13530617-03aaff16-5ca9a2b3,62.597,62.915,826,1687,23,23,0.88,0.43,0,0,2498,3000,1021,0,2819,2160
a28cb755-423caf3b-13530617-03aaff16-5ca9a2b3,63.221,63.39,923,1800,23,23,0.88,0.43,0,0,2498,3000,1021,0,2819,2160
a28cb755-423caf3b-13530617-03aaff16-5ca9a2b3,63.541,63.736,1242,1597,23,23,0.88,0.43,0,0,2498,3000,1021,0,2819,2160
a28cb755-423caf3b-13530617-03aaff16-5ca9a2b3,63.947,64.071,266,1086,23,23,0.88,0.43,0,0,2498,3000,1021,0,2819,2160
a28cb755-423caf3b-13530617-03aaff16-5ca9a2b3,64.214,64.348,1786,1131,23,23,0.88,0.43,0,0,2498,3000,1021,0,2819,2160
a28cb755-423caf3b-13530617-03aaff16-5ca9a2b3,64.447,64.571,1951,1074,23,23,0.88,0.43,0,0,2498,3000,1021,0,2819,2160
a28cb755-423caf3b-13530617-03aaff16-5ca9a2b3,64.768,64.897,822,1333,23,23,0.88,0.43,0,0,2498,3000,1021,0,2819,2160
a28cb755-423caf3b-13530617-03aaff16-5ca9a2b3,64.909,65.06,146,1100,23,23,0.88,0.43,0,0,2498,3000,1021,0,2819,2160
a28cb755-423caf3b-13530617-03aaff16-5ca9a2b3,65.991,66.131,1919,960,23,23,0.88,0.43,0,0,2498,3000,1021,0,2819,2160
a28cb755-423caf3b-13530617-03aaff16-5ca9a2b3,66.242,66.368,1245,1034,23,23,0.88,0.43,0,0,2498,3000,1021,0,2819,2160
a28cb755-423caf3b-13530617-03aaff16-5ca9a2b3,67.093,67.284,1592,2206,23,23,0.88,0.43,0,0,2498,3000,1021,0,2819,2160
a28cb755-423caf3b-13530617-03aaff16-5ca9a2b3,67.354,67.507,1644,2516,23,23,0.88,0.43,0,0,2498,3000,1021,0,2819,2160
a28cb755-423caf3b-13530617-03aaff16-5ca9a2b3,67.521,67.647,1631,2553,23,23,0.88,0.43,0,0,2498,3000,1021,0,2819,2160
a28cb755-423caf3b-13530617-03aaff16-5ca9a2b3,67.674,67.898,1599,2504,23,23,0.88,0.43,0,0,2498,3000,1021,0,2819,2160
a28cb755-423caf3b-13530617-03aaff16-5ca9a2b3,68.009,68.148,1069,2492,23,23,0.88,0.43,0,0,2498,3000,1021,0,2819,2160
a28cb755-423caf3b-13530617-03aaff16-5ca9a2b3,68.162,68.413,1034,2445,23,23,0.88,0.43,0,0,2498,3000,1021,0,2819,2160
a28cb755-423caf3b-13530617-03aaff16-5ca9a2b3,68.439,68.649,1254,2614,23,23,0.88,0.43,0,0,2498,3000,1021,0,2819,2160
a28cb755-423caf3b-13530617-03aaff16-5ca9a2b3,68.885,68.997,1137,2160,23,23,0.88,0.43,0,0,2498,3000,1021,0,2819,2160
a28cb755-423caf3b-13530617-03aaff16-5ca9a2b3,69.011,69.124,1126,2185,23,23,0.88,0.43,0,0,2498,3000,1021,0,2819,2160
a28cb755-423caf3b-13530617-03aaff16-5ca9a2b3,69.22,69.345,1717,1586,23,23,0.88,0.43,0,0,2498,3000,1021,0,2819,2160
a28cb755-423caf3b-13530617-03aaff16-5ca9a2b3,69.362,69.498,1729,1589,23,23,0.88,0.43,0,0,2498,3000,1021,0,2819,2160
a28cb755-423caf3b-13530617-03aaff16-5ca9a2b3,69.636,69.817,1543,1749,23,23,0.88,0.43,0,0,2498,3000,1021,0,2819,2160
a28cb755-423caf3b-13530617-03aaff16-5ca9a2b3,69.845,70.123,1285,1668,23,23,0.88,0.43,0,0,2498,3000,1021,0,2819,2160
a28cb755-423caf3b-13530617-03aaff16-5ca9a2b3,70.138,70.277,1264,1654,23,23,0.88,0.43,0,0,2498,3000,1021,0,2819,2160
a28cb755-423caf3b-13530617-03aaff16-5ca9a2b3,70.416,70.667,1085,1362,23,23,0.88,0.43,0,0,2498,3000,1021,0,2819,2160
a28cb755-423caf3b-13530617-03aaff16-5ca9a2b3,70.876,70.988,1401,1505,23,23,0.88,0.43,0,0,2498,3000,1021,0,2819,2160
a28cb755-423caf3b-13530617-03aaff16-5ca9a2b3,71.003,71.266,1407,1543,23,23,0.88,0.43,0,0,2498,3000,1021,0,2819,2160
a28cb755-423caf3b-13530617-03aaff16-5ca9a2b3,71.378,71.642,1085,1340,23,23,0.88,0.43,0,0,2498,3000,1021,0,2819,2160
a28cb755-423caf3b-13530617-03aaff16-5ca9a2b3,71.753,71.879,1329,1513,23,23,0.88,0.43,0,0,2498,3000,1021,0,2819,2160
a28cb755-423caf3b-13530617-03aaff16-5ca9a2b3,71.92,72.073,1443,1626,23,23,0.88,0.43,0,0,2498,3000,1021,0,2819,2160
a28cb755-423caf3b-13530617-03aaff16-5ca9a2b3,72.157,72.421,1408,1693,23,23,0.88,0.43,0,0,2498,3000,1021,0,2819,2160
a28cb755-423caf3b-13530617-03aaff16-5ca9a2b3,72.477,72.617,1070,1209,23,23,0.88,0.43,0,0,2498,3000,1021,0,2819,2160
a28cb755-423caf3b-13530617-03aaff16-5ca9a2b3,72.631,72.784,1055,1189,23,23,0.88,0.43,0,0,2498,3000,1021,0,2819,2160
a28cb755-423caf3b-13530617-03aaff16-5ca9a2b3,72.896,73.201,1364,1867,23,23,0.88,0.43,0,0,2498,3000,1021,0,2819,2160
a28cb755-423caf3b-13530617-03aaff16-5ca9a2b3,73.341,73.494,1114,1925,23,23,0.88,0.43,0,0,2498,3000,1021,0,2819,2160
a28cb755-423caf3b-13530617-03aaff16-5ca9a2b3,73.508,73.634,1146,1939,23,23,0.88,0.43,0,0,2498,3000,1021,0,2819,2160
9c452d99-a2e14f15-8458865f-92178374-a9e29b76,0.0,0.181,1137,1932,23,23,0.88,0.43,0,0,2498,3000,1021,0,2819,2160
9c452d99-a2e14f15-8458865f-92178374-a9e29b76,0.445,0.548,1151,1910,23,23,0.88,0.43,0,0,2498,3000,1021,0,2819,2160
9c452d99-a2e14f15-8458865f-92178374-a9e29b76,0.698,0.949,314,2603,23,23,0.88,0.43,0,0,2498,3000,1021,0,2819,2160
9c452d99-a2e14f15-8458865f-92178374-a9e29b76,1.101,1.213,399,2774,23,23,0.88,0.43,0,0,2498,3000,1021,0,2819,2160
9c452d99-a2e14f15-8458865f-92178374-a9e29b76,1.3,1.434,376,2671,23,23,0.88,0.43,0,0,2498,3000,1021,0,2819,2160
9c452d99-a2e14f15-8458865f-92178374-a9e29b76,1.448,1.561,272,2124,23,23,0.88,0.43,0,0,2498,3000,1021,0,2819,2160
9c452d99-a2e14f15-8458865f-92178374-a9e29b76,1.572,1.77,276,2154,23,23,0.88,0.43,0,0,2498,3000,1021,0,2819,2160
9c452d99-a2e14f15-8458865f-92178374-a9e29b76,1.837,2.004,288,2227,23,23,0.88,0.43,0,0,2498,3000,1021,0,2819,2160
9c452d99-a2e14f15-8458865f-92178374-a9e29b76,2.339,2.45,758,2272,23,23,0.88,0.43,0,0,2498,3000,1021,0,2819,2160
9c452d99-a2e14f15-8458865f-92178374-a9e29b76,2.464,2.617,751,2250,23,23,0.88,0.43,0,0,2498,3000,1021,0,2819,2160
9c452d99-a2e14f15-8458865f-92178374-a9e29b76,2.673,2.797,1606,2114,23,23,0.88,0.43,0,0,2498,3000,1021,0,2819,2160
9c452d99-a2e14f15-8458865f-92178374-a9e29b76,2.91,3.077,1202,2073,23,23,0.88,0.43,0,0,2498,3000,1021,0,2819,2160
9c452d99-a2e14f15-8458865f-92178374-a9e29b76,3.409,3.549,2304,2369,23,23,0.88,0.43,0,0,2498,3000,1021,0,2819,2160
9c452d99-a2e14f15-8458865f-92178374-a9e29b76,3.674,3.802,2238,2070,23,23,0.88,0.43,0,0,2498,3000,1021,0,2819,2160
9c452d99-a2e14f15-8458865f-92178374-a9e29b76,3.871,3.981,1848,1892,23,23,0.88,0.43,0,0,2498,3000,1021,0,2819,2160
9c452d99-a2e14f15-8458865f-92178374-a9e29b76,4.426,4.566,250,2018,23,23,0.88,0.43,0,0,2498,3000,1021,0,2819,2160
9c452d99-a2e14f15-8458865f-92178374-a9e29b76,4.886,4.997,727,2410,23,23,0.88,0.43,0,0,2498,3000,1021,0,2819,2160
9c452d99-a2e14f15-8458865f-92178374-a9e29b76,5.15,5.262,722,2364,23,23,0.88,0.43,0,0,2498,3000,1021,0,2819,2160
9c452d99-a2e14f15-8458865f-92178374-a9e29b76,5.276,5.416,743,2322,23,23,0.88,0.43,0,0,2498,3000,1021,0,2819,2160
9c452d99-a2e14f15-8458865f-92178374-a9e29b76,5.749,5.86,580,2095,23,23,0.88,0.43,0,0,2498,3000,1021,0,2819,2160
9c452d99-a2e14f15-8458865f-92178374-a9e29b76,5.902,6.111,598,2168,23,23,0.88,0.43,0,0,2498,3000,1021,0,2819,2160
9c452d99-a2e14f15-8458865f-92178374-a9e29b76,6.153,6.278,520,1902,23,23,0.88,0.43,0,0,2498,3000,1021,0,2819,2160
9c452d99-a2e14f15-8458865f-92178374-a9e29b76,6.334,6.557,447,1756,23,23,0.88,0.43,0,0,2498,3000,1021,0,2819,2160
9c452d99-a2e14f15-8458865f-92178374-a9e29b76,6.571,6.682,434,1767,23,23,0.88,0.43,0,0,2498,3000,1021,0,2819,2160
9c452d99-a2e14f15-8458865f-92178374-a9e29b76,6.738,6.863,429,1754,23,23,0.88,0.43,0,0,2498,3000,1021,0,2819,2160
9c452d99-a2e14f15-8458865f-92178374-a9e29b76,6.918,7.057,381,1611,23,23,0.88,0.43,0,0,2498,3000,1021,0,2819,2160
9c452d99-a2e14f15-8458865f-92178374-a9e29b76,7.169,7.448,338,1234,23,23,0.88,0.43,0,0,2498,3000,1021,0,2819,2160
9c452d99-a2e14f15-8458865f-92178374-a9e29b76,7.503,7.782,290,1035,23,23,0.88,0.43,0,0,2498,3000,1021,0,2819,2160
9c452d99-a2e14f15-8458865f-92178374-a9e29b76,8.073,8.184,883,2438,23,23,0.88,0.43,0,0,2498,3000,1021,0,2819,2160
9c452d99-a2e14f15-8458865f-92178374-a9e29b76,8.199,8.351,885,2502,23,23,0.88,0.43,0,0,2498,3000,1021,0,2819,2160
9c452d99-a2e14f15-8458865f-92178374-a9e29b76,8.365,8.518,875,2461,23,23,0.88,0.43,0,0,2498,3000,1021,0,2819,2160
9c452d99-a2e14f15-8458865f-92178374-a9e29b76,8.642,8.907,798,2313,23,23,0.88,0.43,0,0,2498,3000,1021,0,2819,2160
9c452d99-a2e14f15-8458865f-92178374-a9e29b76,8.921,9.214,749,2229,23,23,0.88,0.43,0,0,2498,3000,1021,0,2819,2160
9c452d99-a2e14f15-8458865f-92178374-a9e29b76,9.255,9.52,747,2133,23,23,0.88,0.43,0,0,2498,3000,1021,0,2819,2160
9c452d99-a2e14f15-8458865f-92178374-a9e29b76,9.562,9.882,644,1930,23,23,0.88,0.43,0,0,2498,3000,1021,0,2819,2160
9c452d99-a2e14f15-8458865f-92178374-a9e29b76,9.923,10.16,568,1630,23,23,0.88,0.43,0,0,2498,3000,1021,0,2819,2160
9c452d99-a2e14f15-8458865f-92178374-a9e29b76,10.189,10.411,538,1435,23,23,0.88,0.43,0,0,2498,3000,1021,0,2819,2160
9c452d99-a2e14f15-8458865f-92178374-a9e29b76,10.537,10.857,547,1579,23,23,0.88,0.43,0,0,2498,3000,1021,0,2819,2160
9c452d99-a2e14f15-8458865f-92178374-a9e29b76,10.926,11.027,431,1169,23,23,0.88,0.43,0,0,2498,3000,1021,0,2819,2160
9c452d99-a2e14f15-8458865f-92178374-a9e29b76,11.042,11.303,429,1158,23,23,0.88,0.43,0,0,2498,3000,1021,0,2819,2160
9c452d99-a2e14f15-8458865f-92178374-a9e29b76,11.33,11.525,490,1062,23,23,0.88,0.43,0,0,2498,3000,1021,0,2819,2160
9c452d99-a2e14f15-8458865f-92178374-a9e29b76,11.539,11.65,536,1089,23,23,0.88,0.43,0,0,2498,3000,1021,0,2819,2160
9c452d99-a2e14f15-8458865f-92178374-a9e29b76,12.263,12.43,1717,2394,23,23,0.88,0.43,0,0,2498,3000,1021,0,2819,2160
9c452d99-a2e14f15-8458865f-92178374-a9e29b76,12.444,12.57,1714,2354,23,23,0.88,0.43,0,0,2498,3000,1021,0,2819,2160
9c452d99-a2e14f15-8458865f-92178374-a9e29b76,12.611,12.764,1773,2303,23,23,0.88,0.43,0,0,2498,3000,1021,0,2819,2160
9c452d99-a2e14f15-8458865f-92178374-a9e29b76,12.834,12.987,1631,1878,23,23,0.88,0.43,0,0,2498,3000,1021,0,2819,2160
9c452d99-a2e14f15-8458865f-92178374-a9e29b76,13.001,13.182,1631,1829,23,23,0.88,0.43,0,0,2498,3000,1021,0,2819,2160
9c452d99-a2e14f15-8458865f-92178374-a9e29b76,13.307,13.447,1626,1518,23,23,0.88,0.43,0,0,2498,3000,1021,0,2819,2160
9c452d99-a2e14f15-8458865f-92178374-a9e29b76,13.558,13.753,1528,1260,23,23,0.88,0.43,0,0,2498,3000,1021,0,2819,2160
9c452d99-a2e14f15-8458865f-92178374-a9e29b76,13.768,14.059,1550,1229,23,23,0.88,0.43,0,0,2498,3000,1021,0,2819,2160
9c452d99-a2e14f15-8458865f-92178374-a9e29b76,14.073,14.24,1579,1233,23,23,0.88,0.43,0,0,2498,3000,1021,0,2819,2160
9c452d99-a2e14f15-8458865f-92178374-a9e29b76,14.283,14.463,1427,1476,23,23,0.88,0.43,0,0,2498,3000,1021,0,2819,2160
9c452d99-a2e14f15-8458865f-92178374-a9e29b76,14.588,14.713,2084,2337,23,23,0.88,0.43,0,0,2498,3000,1021,0,2819,2160
9c452d99-a2e14f15-8458865f-92178374-a9e29b76,14.839,14.951,1975,2262,23,23,0.88,0.43,0,0,2498,3000,1021,0,2819,2160
9c452d99-a2e14f15-8458865f-92178374-a9e29b76,15.061,15.187,2139,2212,23,23,0.88,0.43,0,0,2498,3000,1021,0,2819,2160
9c452d99-a2e14f15-8458865f-92178374-a9e29b76,15.201,15.326,2120,2169,23,23,0.88,0.43,0,0,2498,3000,1021,0,2819,2160
9c452d99-a2e14f15-8458865f-92178374-a9e29b76,15.339,15.465,2205,2162,23,23,0.88,0.43,0,0,2498,3000,1021,0,2819,2160
9c452d99-a2e14f15-8458865f-92178374-a9e29b76,15.535,15.701,1937,1855,23,23,0.88,0.43,0,0,2498,3000,1021,0,2819,2160
9c452d99-a2e14f15-8458865f-92178374-a9e29b76,15.757,15.897,1499,2238,23,23,0.88,0.43,0,0,2498,3000,1021,0,2819,2160
9c452d99-a2e14f15-8458865f-92178374-a9e29b76,16.244,16.385,1172,2293,23,23,0.88,0.43,0,0,2498,3000,1021,0,2819,2160
9c452d99-a2e14f15-8458865f-92178374-a9e29b76,16.509,16.635,1160,1911,23,23,0.88,0.43,0,0,2498,3000,1021,0,2819,2160
9c452d99-a2e14f15-8458865f-92178374-a9e29b76,16.648,16.787,1156,1897,23,23,0.88,0.43,0,0,2498,3000,1021,0,2819,2160
9c452d99-a2e14f15-8458865f-92178374-a9e29b76,16.803,17.01,1181,2003,23,23,0.88,0.43,0,0,2498,3000,1021,0,2819,2160
9c452d99-a2e14f15-8458865f-92178374-a9e29b76,17.025,17.219,1270,1880,23,23,0.88,0.43,0,0,2498,3000,1021,0,2819,2160
9c452d99-a2e14f15-8458865f-92178374-a9e29b76,17.246,17.497,1138,1905,23,23,0.88,0.43,0,0,2498,3000,1021,0,2819,2160
9c452d99-a2e14f15-8458865f-92178374-a9e29b76,17.511,17.638,1132,1909,23,23,0.88,0.43,0,0,2498,3000,1021,0,2819,2160
9c452d99-a2e14f15-8458865f-92178374-a9e29b76,17.666,17.817,1115,1565,23,23,0.88,0.43,0,0,2498,3000,1021,0,2819,2160
9c452d99-a2e14f15-8458865f-92178374-a9e29b76,17.833,18.026,1110,1568,23,23,0.88,0.43,0,0,2498,3000,1021,0,2819,2160
9c452d99-a2e14f15-8458865f-92178374-a9e29b76,18.069,18.263,1008,1550,23,23,0.88,0.43,0,0,2498,3000,1021,0,2819,2160
9c452d99-a2e14f15-8458865f-92178374-a9e29b76,18.291,18.555,1081,1358,23,23,0.88,0.43,0,0,2498,3000,1021,0,2819,2160
9c452d99-a2e14f15-8458865f-92178374-a9e29b76,18.653,18.805,1107,1253,23,23,0.88,0.43,0,0,2498,3000,1021,0,2819,2160
9c452d99-a2e14f15-8458865f-92178374-a9e29b76,18.931,19.154,879,1058,23,23,0.88,0.43,0,0,2498,3000,1021,0,2819,2160
9c452d99-a2e14f15-8458865f-92178374-a9e29b76,19.182,19.39,1125,981,23,23,0.88,0.43,0,0,2498,3000,1021,0,2819,2160
9c452d99-a2e14f15-8458865f-92178374-a9e29b76,19.419,19.655,1363,1014,23,23,0.88,0.43,0,0,2498,3000,1021,0,2819,2160
9c452d99-a2e14f15-8458865f-92178374-a9e29b76,19.669,19.822,1369,1004,23,23,0.88,0.43,0,0,2498,3000,1021,0,2819,2160
9c452d99-a2e14f15-8458865f-92178374-a9e29b76,19.864,20.075,1102,1108,23,23,0.88,0.43,0,0,2498,3000,1021,0,2819,2160
9c452d99-a2e14f15-8458865f-92178374-a9e29b76,20.087,20.365,1081,1078,23,23,0.88,0.43,0,0,2498,3000,1021,0,2819,2160
9c452d99-a2e14f15-8458865f-92178374-a9e29b76,20.384,20.561,986,1056,23,23,0.88,0.43,0,0,2498,3000,1021,0,2819,2160
9c452d99-a2e14f15-8458865f-92178374-a9e29b76,20.573,20.728,801,1000,23,23,0.88,0.43,0,0,2498,3000,1021,0,2819,2160
9c452d99-a2e14f15-8458865f-92178374-a9e29b76,20.74,20.907,803,1001,23,23,0.88,0.43,0,0,2498,3000,1021,0,2819,2160
9c452d99-a2e14f15-8458865f-92178374-a9e29b76,20.924,21.062,917,1084,23,23,0.88,0.43,0,0,2498,3000,1021,0,2819,2160
9c452d99-a2e14f15-8458865f-92178374-a9e29b76,21.158,21.27,1425,1287,23,23,0.88,0.43,0,0,2498,3000,1021,0,2819,2160
9c452d99-a2e14f15-8458865f-92178374-a9e29b76,21.284,21.548,1400,1278,23,23,0.88,0.43,0,0,2498,3000,1021,0,2819,2160
9c452d99-a2e14f15-8458865f-92178374-a9e29b76,21.589,21.756,1296,1111,23,23,0.88,0.43,0,0,2498,3000,1021,0,2819,2160
9c452d99-a2e14f15-8458865f-92178374-a9e29b76,21.784,22.021,1051,1195,23,23,0.88,0.43,0,0,2498,3000,1021,0,2819,2160
9c452d99-a2e14f15-8458865f-92178374-a9e29b76,22.174,22.275,543,1018,23,23,0.88,0.43,0,0,2498,3000,1021,0,2819,2160
9c452d99-a2e14f15-8458865f-92178374-a9e29b76,22.286,22.411,505,1018,23,23,0.88,0.43,0,0,2498,3000,1021,0,2819,2160
9c452d99-a2e14f15-8458865f-92178374-a9e29b76,22.48,22.647,414,976,23,23,0.88,0.43,0,0,2498,3000,1021,0,2819,2160
9c452d99-a2e14f15-8458865f-92178374-a9e29b76,22.856,22.995,1616,1743,23,23,0.88,0.43,0,0,2498,3000,1021,0,2819,2160
9c452d99-a2e14f15-8458865f-92178374-a9e29b76,23.318,23.43,998,1566,23,23,0.88,0.43,0,0,2498,3000,1021,0,2819,2160
9c452d99-a2e14f15-8458865f-92178374-a9e29b76,23.511,23.64,1254,1501,23,23,0.88,0.43,0,0,2498,3000,1021,0,2819,2160
9c452d99-a2e14f15-8458865f-92178374-a9e29b76,23.75,23.901,1332,1983,23,23,0.88,0.43,0,0,2498,3000,1021,0,2819,2160
9c452d99-a2e14f15-8458865f-92178374-a9e29b76,24.194,24.388,956,1135,23,23,0.88,0.43,0,0,2498,3000,1021,0,2819,2160
9c452d99-a2e14f15-8458865f-92178374-a9e29b76,24.445,24.569,1211,1240,23,23,0.88,0.43,0,0,2498,3000,1021,0,2819,2160
9c452d99-a2e14f15-8458865f-92178374-a9e29b76,24.986,25.099,1698,1695,23,23,0.88,0.43,0,0,2498,3000,1021,0,2819,2160
9c452d99-a2e14f15-8458865f-92178374-a9e29b76,25.181,25.32,1027,1471,23,23,0.88,0.43,0,0,2498,3000,1021,0,2819,2160
9c452d99-a2e14f15-8458865f-92178374-a9e29b76,25.336,25.488,1060,1484,23,23,0.88,0.43,0,0,2498,3000,1021,0,2819,2160
9c452d99-a2e14f15-8458865f-92178374-a9e29b76,25.517,25.627,1055,1525,23,23,0.88,0.43,0,0,2498,3000,1021,0,2819,2160
9c452d99-a2e14f15-8458865f-92178374-a9e29b76,25.655,25.78,1219,1331,23,23,0.88,0.43,0,0,2498,3000,1021,0,2819,2160
9c452d99-a2e14f15-8458865f-92178374-a9e29b76,25.793,25.933,1197,1296,23,23,0.88,0.43,0,0,2498,3000,1021,0,2819,2160
9c452d99-a2e14f15-8458865f-92178374-a9e29b76,25.947,26.103,1169,1335,23,23,0.88,0.43,0,0,2498,3000,1021,0,2819,2160
9c452d99-a2e14f15-8458865f-92178374-a9e29b76,26.184,26.367,1478,1355,23,23,0.88,0.43,0,0,2498,3000,1021,0,2819,2160
9c452d99-a2e14f15-8458865f-92178374-a9e29b76,26.42,26.55,1051,1182,23,23,0.88,0.43,0,0,2498,3000,1021,0,2819,2160
9c452d99-a2e14f15-8458865f-92178374-a9e29b76,26.949,27.144,1787,1810,23,23,0.88,0.43,0,0,2498,3000,1021,0,2819,2160
9c452d99-a2e14f15-8458865f-92178374-a9e29b76,27.158,27.283,1778,1792,23,23,0.88,0.43,0,0,2498,3000,1021,0,2819,2160
9c452d99-a2e14f15-8458865f-92178374-a9e29b76,27.3,27.506,1746,1783,23,23,0.88,0.43,0,0,2498,3000,1021,0,2819,2160
9c452d99-a2e14f15-8458865f-92178374-a9e29b76,27.757,27.882,1058,1368,23,23,0.88,0.43,0,0,2498,3000,1021,0,2819,2160
9c452d99-a2e14f15-8458865f-92178374-a9e29b76,27.923,28.094,1122,1517,23,23,0.88,0.43,0,0,2498,3000,1021,0,2819,2160
9c452d99-a2e14f15-8458865f-92178374-a9e29b76,28.23,28.508,1171,1844,23,23,0.88,0.43,0,0,2498,3000,1021,0,2819,2160
9c452d99-a2e14f15-8458865f-92178374-a9e29b76,28.522,28.648,1182,1855,23,23,0.88,0.43,0,0,2498,3000,1021,0,2819,2160
9c452d99-a2e14f15-8458865f-92178374-a9e29b76,28.885,29.009,1043,1323,23,23,0.88,0.43,0,0,2498,3000,1021,0,2819,2160
9c452d99-a2e14f15-8458865f-92178374-a9e29b76,29.023,29.149,1046,1268,23,23,0.88,0.43,0,0,2498,3000,1021,0,2819,2160
9c452d99-a2e14f15-8458865f-92178374-a9e29b76,29.162,29.329,1044,1209,23,23,0.88,0.43,0,0,2498,3000,1021,0,2819,2160
9c452d99-a2e14f15-8458865f-92178374-a9e29b76,29.343,29.497,1088,1235,23,23,0.88,0.43,0,0,2498,3000,1021,0,2819,2160
9c452d99-a2e14f15-8458865f-92178374-a9e29b76,29.513,29.733,1078,1282,23,23,0.88,0.43,0,0,2498,3000,1021,0,2819,2160
9c452d99-a2e14f15-8458865f-92178374-a9e29b76,29.942,30.249,1054,1112,23,23,0.88,0.43,0,0,2498,3000,1021,0,2819,2160
9c452d99-a2e14f15-8458865f-92178374-a9e29b76,30.516,30.666,1214,1708,23,23,0.88,0.43,0,0,2498,3000,1021,0,2819,2160
9c452d99-a2e14f15-8458865f-92178374-a9e29b76,30.708,30.849,1147,1615,23,23,0.88,0.43,0,0,2498,3000,1021,0,2819,2160
9c452d99-a2e14f15-8458865f-92178374-a9e29b76,30.862,31.043,1138,1609,23,23,0.88,0.43,0,0,2498,3000,1021,0,2819,2160
9c452d99-a2e14f15-8458865f-92178374-a9e29b76,31.2,31.389,1101,1230,23,23,0.88,0.43,0,0,2498,3000,1021,0,2819,2160
9c452d99-a2e14f15-8458865f-92178374-a9e29b76,31.517,31.74,1125,1359,23,23,0.88,0.43,0,0,2498,3000,1021,0,2819,2160
9c452d99-a2e14f15-8458865f-92178374-a9e29b76,31.751,31.89,1100,1287,23,23,0.88,0.43,0,0,2498,3000,1021,0,2819,2160
9c452d99-a2e14f15-8458865f-92178374-a9e29b76,32.001,32.112,1151,1642,23,23,0.88,0.43,0,0,2498,3000,1021,0,2819,2160
9c452d99-a2e14f15-8458865f-92178374-a9e29b76,32.28,32.405,1188,1779,23,23,0.88,0.43,0,0,2498,3000,1021,0,2819,2160
9c452d99-a2e14f15-8458865f-92178374-a9e29b76,32.42,32.712,1187,1835,23,23,0.88,0.43,0,0,2498,3000,1021,0,2819,2160
9c452d99-a2e14f15-8458865f-92178374-a9e29b76,32.729,32.922,1167,1853,23,23,0.88,0.43,0,0,2498,3000,1021,0,2819,2160
9c452d99-a2e14f15-8458865f-92178374-a9e29b76,32.934,33.226,1182,1822,23,23,0.88,0.43,0,0,2498,3000,1021,0,2819,2160
9c452d99-a2e14f15-8458865f-92178374-a9e29b76,33.296,33.423,1176,1774,23,23,0.88,0.43,0,0,2498,3000,1021,0,2819,2160
9c452d99-a2e14f15-8458865f-92178374-a9e29b76,33.463,33.616,1165,1828,23,23,0.88,0.43,0,0,2498,3000,1021,0,2819,2160
9c452d99-a2e14f15-8458865f-92178374-a9e29b76,33.742,33.883,1220,1845,23,23,0.88,0.43,0,0,2498,3000,1021,0,2819,2160
9c452d99-a2e14f15-8458865f-92178374-a9e29b76,33.952,34.091,1211,1793,23,23,0.88,0.43,0,0,2498,3000,1021,0,2819,2160
9c452d99-a2e14f15-8458865f-92178374-a9e29b76,34.105,34.341,1167,1781,23,23,0.88,0.43,0,0,2498,3000,1021,0,2819,2160
9c452d99-a2e14f15-8458865f-92178374-a9e29b76,34.537,34.66,1109,1120,23,23,0.88,0.43,0,0,2498,3000,1021,0,2819,2160
9c452d99-a2e14f15-8458865f-92178374-a9e29b76,34.674,34.982,1103,1065,23,23,0.88,0.43,0,0,2498,3000,1021,0,2819,2160
9c452d99-a2e14f15-8458865f-92178374-a9e29b76,35.01,35.163,1062,983,23,23,0.88,0.43,0,0,2498,3000,1021,0,2819,2160
9c452d99-a2e14f15-8458865f-92178374-a9e29b76,35.328,35.468,1342,1424,23,23,0.88,0.43,0,0,2498,3000,1021,0,2819,2160
9c452d99-a2e14f15-8458865f-92178374-a9e29b76,35.482,35.775,1365,1513,23,23,0.88,0.43,0,0,2498,3000,1021,0,2819,2160
9c452d99-a2e14f15-8458865f-92178374-a9e29b76,35.817,35.942,1323,1643,23,23,0.88,0.43,0,0,2498,3000,1021,0,2819,2160
9c452d99-a2e14f15-8458865f-92178374-a9e29b76,36.039,36.277,1341,1998,23,23,0.88,0.43,0,0,2498,3000,1021,0,2819,2160
9c452d99-a2e14f15-8458865f-92178374-a9e29b76,36.373,36.541,1350,2011,23,23,0.88,0.43,0,0,2498,3000,1021,0,2819,2160
9c452d99-a2e14f15-8458865f-92178374-a9e29b76,36.555,36.749,1398,2003,23,23,0.88,0.43,0,0,2498,3000,1021,0,2819,2160
9c452d99-a2e14f15-8458865f-92178374-a9e29b76,36.79,36.902,1364,1590,23,23,0.88,0.43,0,0,2498,3000,1021,0,2819,2160
9c452d99-a2e14f15-8458865f-92178374-a9e29b76,36.916,37.069,1349,1541,23,23,0.88,0.43,0,0,2498,3000,1021,0,2819,2160
9c452d99-a2e14f15-8458865f-92178374-a9e29b76,37.098,37.277,1371,1607,23,23,0.88,0.43,0,0,2498,3000,1021,0,2819,2160
9c452d99-a2e14f15-8458865f-92178374-a9e29b76,37.335,37.501,1445,1208,23,23,0.88,0.43,0,0,2498,3000,1021,0,2819,2160
9c452d99-a2e14f15-8458865f-92178374-a9e29b76,37.514,37.625,1470,1184,23,23,0.88,0.43,0,0,2498,3000,1021,0,2819,2160
9c452d99-a2e14f15-8458865f-92178374-a9e29b76,37.906,38.043,1292,811,23,23,0.88,0.43,0,0,2498,3000,1021,0,2819,2160
9c452d99-a2e14f15-8458865f-92178374-a9e29b76,38.058,38.184,1311,812,23,23,0.88,0.43,0,0,2498,3000,1021,0,2819,2160
9c452d99-a2e14f15-8458865f-92178374-a9e29b76,38.227,38.336,1297,741,23,23,0.88,0.43,0,0,2498,3000,1021,0,2819,2160
9c452d99-a2e14f15-8458865f-92178374-a9e29b76,38.685,38.795,1433,1107,23,23,0.88,0.43,0,0,2498,3000,1021,0,2819,2160
9c452d99-a2e14f15-8458865f-92178374-a9e29b76,38.837,38.948,1470,1184,23,23,0.88,0.43,0,0,2498,3000,1021,0,2819,2160
9c452d99-a2e14f15-8458865f-92178374-a9e29b76,39.018,39.171,1411,1344,23,23,0.88,0.43,0,0,2498,3000,1021,0,2819,2160
9c452d99-a2e14f15-8458865f-92178374-a9e29b76,39.185,39.407,1438,1303,23,23,0.88,0.43,0,0,2498,3000,1021,0,2819,2160
9c452d99-a2e14f15-8458865f-92178374-a9e29b76,39.867,40.006,1284,858,23,23,0.88,0.43,0,0,2498,3000,1021,0,2819,2160
9c452d99-a2e14f15-8458865f-92178374-a9e29b76,40.117,40.339,1401,857,23,23,0.88,0.43,0,0,2498,3000,1021,0,2819,2160
9c452d99-a2e14f15-8458865f-92178374-a9e29b76,40.395,40.674,1188,732,23,23,0.88,0.43,0,0,2498,3000,1021,0,2819,2160
9c452d99-a2e14f15-8458865f-92178374-a9e29b76,40.704,40.815,1269,853,23,23,0.88,0.43,0,0,2498,3000,1021,0,2819,2160
9c452d99-a2e14f15-8458865f-92178374-a9e29b76,40.939,41.05,1390,1503,23,23,0.88,0.43,0,0,2498,3000,1021,0,2819,2160
9c452d99-a2e14f15-8458865f-92178374-a9e29b76,41.163,41.333,1411,1637,23,23,0.88,0.43,0,0,2498,3000,1021,0,2819,2160
9c452d99-a2e14f15-8458865f-92178374-a9e29b76,41.357,41.594,1416,1612,23,23,0.88,0.43,0,0,2498,3000,1021,0,2819,2160
9c452d99-a2e14f15-8458865f-92178374-a9e29b76,41.649,41.79,1367,1976,23,23,0.88,0.43,0,0,2498,3000,1021,0,2819,2160
9c452d99-a2e14f15-8458865f-92178374-a9e29b76,41.801,41.941,1345,1985,23,23,0.88,0.43,0,0,2498,3000,1021,0,2819,2160
9c452d99-a2e14f15-8458865f-92178374-a9e29b76,42.093,42.196,1517,1927,23,23,0.88,0.43,0,0,2498,3000,1021,0,2819,2160
9c452d99-a2e14f15-8458865f-92178374-a9e29b76,42.456,42.65,1908,1789,23,23,0.88,0.43,0,0,2498,3000,1021,0,2819,2160
9c452d99-a2e14f15-8458865f-92178374-a9e29b76,42.678,42.805,1898,1778,23,23,0.88,0.43,0,0,2498,3000,1021,0,2819,2160
9c452d99-a2e14f15-8458865f-92178374-a9e29b76,42.902,43.011,1830,1649,23,23,0.88,0.43,0,0,2498,3000,1021,0,2819,2160
9c452d99-a2e14f15-8458865f-92178374-a9e29b76,43.221,43.332,904,1031,23,23,0.88,0.43,0,0,2498,3000,1021,0,2819,2160
9c452d99-a2e14f15-8458865f-92178374-a9e29b76,43.36,43.486,921,1101,23,23,0.88,0.43,0,0,2498,3000,1021,0,2819,2160
9c452d99-a2e14f15-8458865f-92178374-a9e29b76,43.611,43.778,1842,1838,23,23,0.88,0.43,0,0,2498,3000,1021,0,2819,2160
9c452d99-a2e14f15-8458865f-92178374-a9e29b76,43.931,44.056,1991,1848,23,23,0.88,0.43,0,0,2498,3000,1021,0,2819,2160
9c452d99-a2e14f15-8458865f-92178374-a9e29b76,44.223,44.377,1997,1966,23,23,0.88,0.43,0,0,2498,3000,1021,0,2819,2160
9c452d99-a2e14f15-8458865f-92178374-a9e29b76,44.599,44.769,1993,1987,23,23,0.88,0.43,0,0,2498,3000,1021,0,2819,2160
9c452d99-a2e14f15-8458865f-92178374-a9e29b76,44.878,44.989,1843,1676,23,23,0.88,0.43,0,0,2498,3000,1021,0,2819,2160
9c452d99-a2e14f15-8458865f-92178374-a9e29b76,45.005,45.157,1830,1619,23,23,0.88,0.43,0,0,2498,3000,1021,0,2819,2160
9c452d99-a2e14f15-8458865f-92178374-a9e29b76,45.532,45.742,1854,1815,23,23,0.88,0.43,0,0,2498,3000,1021,0,2819,2160
9c452d99-a2e14f15-8458865f-92178374-a9e29b76,45.757,45.937,1847,1861,23,23,0.88,0.43,0,0,2498,3000,1021,0,2819,2160
9c452d99-a2e14f15-8458865f-92178374-a9e29b76,45.95,46.103,1857,1831,23,23,0.88,0.43,0,0,2498,3000,1021,0,2819,2160
9c452d99-a2e14f15-8458865f-92178374-a9e29b76,46.256,46.409,1957,2149,23,23,0.88,0.43,0,0,2498,3000,1021,0,2819,2160
9c452d99-a2e14f15-8458865f-92178374-a9e29b76,46.423,46.661,1942,2103,23,23,0.88,0.43,0,0,2498,3000,1021,0,2819,2160
9c452d99-a2e14f15-8458865f-92178374-a9e29b76,46.771,47.05,1783,1672,23,23,0.88,0.43,0,0,2498,3000,1021,0,2819,2160
9c452d99-a2e14f15-8458865f-92178374-a9e29b76,47.063,47.328,1814,1656,23,23,0.88,0.43,0,0,2498,3000,1021,0,2819,2160
9c452d99-a2e14f15-8458865f-92178374-a9e29b76,47.355,47.524,1930,1846,23,23,0.88,0.43,0,0,2498,3000,1021,0,2819,2160
9c452d99-a2e14f15-8458865f-92178374-a9e29b76,47.537,47.689,1906,1815,23,23,0.88,0.43,0,0,2498,3000,1021,0,2819,2160
9c452d99-a2e14f15-8458865f-92178374-a9e29b76,47.856,47.968,1717,1679,23,23,0.88,0.43,0,0,2498,3000,1021,0,2819,2160
9c452d99-a2e14f15-8458865f-92178374-a9e29b76,48.01,48.135,1745,1746,23,23,0.88,0.43,0,0,2498,3000,1021,0,2819,2160
9c452d99-a2e14f15-8458865f-92178374-a9e29b76,48.205,48.358,1284,1900,23,23,0.88,0.43,0,0,2498,3000,1021,0,2819,2160
9c452d99-a2e14f15-8458865f-92178374-a9e29b76,48.427,48.539,1231,2045,23,23,0.88,0.43,0,0,2498,3000,1021,0,2819,2160
9c452d99-a2e14f15-8458865f-92178374-a9e29b76,48.775,48.928,1966,2101,23,23,0.88,0.43,0,0,2498,3000,1021,0,2819,2160
9c452d99-a2e14f15-8458865f-92178374-a9e29b76,48.942,49.1,1930,2058,23,23,0.88,0.43,0,0,2498,3000,1021,0,2819,2160
9c452d99-a2e14f15-8458865f-92178374-a9e29b76,49.123,49.349,1978,1857,23,23,0.88,0.43,0,0,2498,3000,1021,0,2819,2160
9c452d99-a2e14f15-8458865f-92178374-a9e29b76,49.402,49.569,1208,1975,23,23,0.88,0.43,0,0,2498,3000,1021,0,2819,2160
9c452d99-a2e14f15-8458865f-92178374-a9e29b76,49.694,49.847,1389,2101,23,23,0.88,0.43,0,0,2498,3000,1021,0,2819,2160
9c452d99-a2e14f15-8458865f-92178374-a9e29b76,49.889,50.098,1748,2164,23,23,0.88,0.43,0,0,2498,3000,1021,0,2819,2160
9c452d99-a2e14f15-8458865f-92178374-a9e29b76,50.169,50.283,2047,2178,23,23,0.88,0.43,0,0,2498,3000,1021,0,2819,2160
9c452d99-a2e14f15-8458865f-92178374-a9e29b76,50.453,50.67,1280,2067,23,23,0.88,0.43,0,0,2498,3000,1021,0,2819,2160
9c452d99-a2e14f15-8458865f-92178374-a9e29b76,50.726,50.837,971,1620,23,23,0.88,0.43,0,0,2498,3000,1021,0,2819,2160
9c452d99-a2e14f15-8458865f-92178374-a9e29b76,50.85,51.002,953,1635,23,23,0.88,0.43,0,0,2498,3000,1021,0,2819,2160
9c452d99-a2e14f15-8458865f-92178374-a9e29b76,51.058,51.24,772,1044,23,23,0.88,0.43,0,0,2498,3000,1021,0,2819,2160
9c452d99-a2e14f15-8458865f-92178374-a9e29b76,51.254,51.421,756,1015,23,23,0.88,0.43,0,0,2498,3000,1021,0,2819,2160
9c452d99-a2e14f15-8458865f-92178374-a9e29b76,51.475,51.615,955,1006,23,23,0.88,0.43,0,0,2498,3000,1021,0,2819,2160
9c452d99-a2e14f15-8458865f-92178374-a9e29b76,51.628,51.74,974,1030,23,23,0.88,0.43,0,0,2498,3000,1021,0,2819,2160
9c452d99-a2e14f15-8458865f-92178374-a9e29b76,51.784,51.99,1066,737,23,23,0.88,0.43,0,0,2498,3000,1021,0,2819,2160
9c452d99-a2e14f15-8458865f-92178374-a9e29b76,52.018,52.227,909,956,23,23,0.88,0.43,0,0,2498,3000,1021,0,2819,2160
9c452d99-a2e14f15-8458865f-92178374-a9e29b76,52.241,52.356,940,977,23,23,0.88,0.43,0,0,2498,3000,1021,0,2819,2160
9c452d99-a2e14f15-8458865f-92178374-a9e29b76,52.37,52.496,918,1061,23,23,0.88,0.43,0,0,2498,3000,1021,0,2819,2160
9c452d99-a2e14f15-8458865f-92178374-a9e29b76,52.658,52.901,906,1066,23,23,0.88,0.43,0,0,2498,3000,1021,0,2819,2160
9c452d99-a2e14f15-8458865f-92178374-a9e29b76,52.912,53.104,943,1134,23,23,0.88,0.43,0,0,2498,3000,1021,0,2819,2160
9c452d99-a2e14f15-8458865f-92178374-a9e29b76,53.118,53.341,951,1155,23,23,0.88,0.43,0,0,2498,3000,1021,0,2819,2160
9c452d99-a2e14f15-8458865f-92178374-a9e29b76,53.508,53.618,939,1125,23,23,0.88,0.43,0,0,2498,3000,1021,0,2819,2160
9c452d99-a2e14f15-8458865f-92178374-a9e29b76,53.634,53.756,900,1091,23,23,0.88,0.43,0,0,2498,3000,1021,0,2819,2160
9c452d99-a2e14f15-8458865f-92178374-a9e29b76,53.815,53.966,861,1005,23,23,0.88,0.43,0,0,2498,3000,1021,0,2819,2160
9c452d99-a2e14f15-8458865f-92178374-a9e29b76,54.327,54.439,1059,557,23,23,0.88,0.43,0,0,2498,3000,1021,0,2819,2160
9c452d99-a2e14f15-8458865f-92178374-a9e29b76,54.453,54.648,1048,610,23,23,0.88,0.43,0,0,2498,3000,1021,0,2819,2160
9c452d99-a2e14f15-8458865f-92178374-a9e29b76,54.662,54.857,1041,654,23,23,0.88,0.43,0,0,2498,3000,1021,0,2819,2160
9c452d99-a2e14f15-8458865f-92178374-a9e29b76,54.926,55.164,961,1137,23,23,0.88,0.43,0,0,2498,3000,1021,0,2819,2160
9c452d99-a2e14f15-8458865f-92178374-a9e29b76,55.177,55.524,954,1119,23,23,0.88,0.43,0,0,2498,3000,1021,0,2819,2160
9c452d99-a2e14f15-8458865f-92178374-a9e29b76,55.664,55.942,836,1050,23,23,0.88,0.43,0,0,2498,3000,1021,0,2819,2160
9c452d99-a2e14f15-8458865f-92178374-a9e29b76,56.04,56.179,939,1263,23,23,0.88,0.43,0,0,2498,3000,1021,0,2819,2160
9c452d99-a2e14f15-8458865f-92178374-a9e29b76,56.443,56.569,909,630,23,23,0.88,0.43,0,0,2498,3000,1021,0,2819,2160
9c452d99-a2e14f15-8458865f-92178374-a9e29b76,56.666,56.819,1017,640,23,23,0.88,0.43,0,0,2498,3000,1021,0,2819,2160
9c452d99-a2e14f15-8458865f-92178374-a9e29b76,56.958,57.07,951,986,23,23,0.88,0.43,0,0,2498,3000,1021,0,2819,2160
9c452d99-a2e14f15-8458865f-92178374-a9e29b76,57.084,57.223,974,1061,23,23,0.88,0.43,0,0,2498,3000,1021,0,2819,2160
9c452d99-a2e14f15-8458865f-92178374-a9e29b76,57.376,57.488,1641,848,23,23,0.88,0.43,0,0,2498,3000,1021,0,2819,2160
9c452d99-a2e14f15-8458865f-92178374-a9e29b76,57.502,57.626,1635,853,23,23,0.88,0.43,0,0,2498,3000,1021,0,2819,2160
9c452d99-a2e14f15-8458865f-92178374-a9e29b76,57.654,57.766,1793,846,23,23,0.88,0.43,0,0,2498,3000,1021,0,2819,2160
9c452d99-a2e14f15-8458865f-92178374-a9e29b76,57.836,57.974,536,945,23,23,0.88,0.43,0,0,2498,3000,1021,0,2819,2160
9c452d99-a2e14f15-8458865f-92178374-a9e29b76,57.988,58.101,514,939,23,23,0.88,0.43,0,0,2498,3000,1021,0,2819,2160
9c452d99-a2e14f15-8458865f-92178374-a9e29b76,58.52,58.684,702,1846,23,23,0.88,0.43,0,0,2498,3000,1021,0,2819,2160
9c452d99-a2e14f15-8458865f-92178374-a9e29b76,58.702,58.839,666,1822,23,23,0.88,0.43,0,0,2498,3000,1021,0,2819,2160
9c452d99-a2e14f15-8458865f-92178374-a9e29b76,58.866,59.06,658,1668,23,23,0.88,0.43,0,0,2498,3000,1021,0,2819,2160
9c452d99-a2e14f15-8458865f-92178374-a9e29b76,59.075,59.187,656,1630,23,23,0.88,0.43,0,0,2498,3000,1021,0,2819,2160
9c452d99-a2e14f15-8458865f-92178374-a9e29b76,59.201,59.408,591,1599,23,23,0.88,0.43,0,0,2498,3000,1021,0,2819,2160
9c452d99-a2e14f15-8458865f-92178374-a9e29b76,59.591,59.702,872,2280,23,23,0.88,0.43,0,0,2498,3000,1021,0,2819,2160
9c452d99-a2e14f15-8458865f-92178374-a9e29b76,59.937,60.062,1573,2205,23,23,0.88,0.43,0,0,2498,3000,1021,0,2819,2160
9c452d99-a2e14f15-8458865f-92178374-a9e29b76,60.09,60.216,1484,2360,23,23,0.88,0.43,0,0,2498,3000,1021,0,2819,2160
9c452d99-a2e14f15-8458865f-92178374-a9e29b76,60.356,60.466,844,2271,23,23,0.88,0.43,0,0,2498,3000,1021,0,2819,2160
9c452d99-a2e14f15-8458865f-92178374-a9e29b76,60.591,60.899,771,2329,23,23,0.88,0.43,0,0,2498,3000,1021,0,2819,2160
9c452d99-a2e14f15-8458865f-92178374-a9e29b76,60.954,61.096,721,2350,23,23,0.88,0.43,0,0,2498,3000,1021,0,2819,2160
9c452d99-a2e14f15-8458865f-92178374-a9e29b76,61.12,61.26,622,2285,23,23,0.88,0.43,0,0,2498,3000,1021,0,2819,2160
9c452d99-a2e14f15-8458865f-92178374-a9e29b76,61.471,61.678,788,2172,23,23,0.88,0.43,0,0,2498,3000,1021,0,2819,2160
9c452d99-a2e14f15-8458865f-92178374-a9e29b76,61.775,61.93,752,2194,23,23,0.88,0.43,0,0,2498,3000,1021,0,2819,2160
9c452d99-a2e14f15-8458865f-92178374-a9e29b76,61.944,62.165,708,2214,23,23,0.88,0.43,0,0,2498,3000,1021,0,2819,2160
9c452d99-a2e14f15-8458865f-92178374-a9e29b76,62.221,62.486,636,2072,23,23,0.88,0.43,0,0,2498,3000,1021,0,2819,2160
9c452d99-a2e14f15-8458865f-92178374-a9e29b76,62.5,62.764,612,1997,23,23,0.88,0.43,0,0,2498,3000,1021,0,2819,2160
9c452d99-a2e14f15-8458865f-92178374-a9e29b76,62.779,62.904,611,1967,23,23,0.88,0.43,0,0,2498,3000,1021,0,2819,2160
9c452d99-a2e14f15-8458865f-92178374-a9e29b76,62.919,63.084,721,1932,23,23,0.88,0.43,0,0,2498,3000,1021,0,2819,2160
9c452d99-a2e14f15-8458865f-92178374-a9e29b76,63.195,63.473,527,1823,23,23,0.88,0.43,0,0,2498,3000,1021,0,2819,2160
9c452d99-a2e14f15-8458865f-92178374-a9e29b76,63.558,63.698,572,1714,23,23,0.88,0.43,0,0,2498,3000,1021,0,2819,2160
9c452d99-a2e14f15-8458865f-92178374-a9e29b76,63.768,63.963,498,1572,23,23,0.88,0.43,0,0,2498,3000,1021,0,2819,2160
9c452d99-a2e14f15-8458865f-92178374-a9e29b76,63.975,64.088,508,1549,23,23,0.88,0.43,0,0,2498,3000,1021,0,2819,2160
9c452d99-a2e14f15-8458865f-92178374-a9e29b76,64.171,64.309,530,1501,23,23,0.88,0.43,0,0,2498,3000,1021,0,2819,2160
9c452d99-a2e14f15-8458865f-92178374-a9e29b76,64.434,64.617,545,1425,23,23,0.88,0.43,0,0,2498,3000,1021,0,2819,2160
9c452d99-a2e14f15-8458865f-92178374-a9e29b76,64.632,64.756,539,1405,23,23,0.88,0.43,0,0,2498,3000,1021,0,2819,2160
9c452d99-a2e14f15-8458865f-92178374-a9e29b76,64.768,64.923,478,1432,23,23,0.88,0.43,0,0,2498,3000,1021,0,2819,2160
9c452d99-a2e14f15-8458865f-92178374-a9e29b76,64.949,65.367,340,1020,23,23,0.88,0.43,0,0,2498,3000,1021,0,2819,2160
9c452d99-a2e14f15-8458865f-92178374-a9e29b76,65.883,65.992,1806,1172,23,23,0.88,0.43,0,0,2498,3000,1021,0,2819,2160
9c452d99-a2e14f15-8458865f-92178374-a9e29b76,66.118,66.243,1697,2207,23,23,0.88,0.43,0,0,2498,3000,1021,0,2819,2160
9c452d99-a2e14f15-8458865f-92178374-a9e29b76,66.424,66.552,1545,2228,23,23,0.88,0.43,0,0,2498,3000,1021,0,2819,2160
9c452d99-a2e14f15-8458865f-92178374-a9e29b76,66.717,66.927,1663,2010,23,23,0.88,0.43,0,0,2498,3000,1021,0,2819,2160
9c452d99-a2e14f15-8458865f-92178374-a9e29b76,67.037,67.192,1618,1967,23,23,0.88,0.43,0,0,2498,3000,1021,0,2819,2160
9c452d99-a2e14f15-8458865f-92178374-a9e29b76,67.33,67.441,1627,2024,23,23,0.88,0.43,0,0,2498,3000,1021,0,2819,2160
9c452d99-a2e14f15-8458865f-92178374-a9e29b76,67.846,67.956,1658,1661,23,23,0.88,0.43,0,0,2498,3000,1021,0,2819,2160
9c452d99-a2e14f15-8458865f-92178374-a9e29b76,68.122,68.359,1673,1158,23,23,0.88,0.43,0,0,2498,3000,1021,0,2819,2160
9c452d99-a2e14f15-8458865f-92178374-a9e29b76,68.471,68.626,1716,928,23,23,0.88,0.43,0,0,2498,3000,1021,0,2819,2160
9c452d99-a2e14f15-8458865f-92178374-a9e29b76,68.64,68.777,1688,943,23,23,0.88,0.43,0,0,2498,3000,1021,0,2819,2160
9c452d99-a2e14f15-8458865f-92178374-a9e29b76,69.181,69.335,883,2156,23,23,0.88,0.43,0,0,2498,3000,1021,0,2819,2160
9c452d99-a2e14f15-8458865f-92178374-a9e29b76,69.446,69.683,1618,1806,23,23,0.88,0.43,0,0,2498,3000,1021,0,2819,2160
9c452d99-a2e14f15-8458865f-92178374-a9e29b76,69.766,70.03,1514,1378,23,23,0.88,0.43,0,0,2498,3000,1021,0,2819,2160
9c452d99-a2e14f15-8458865f-92178374-a9e29b76,70.532,70.657,388,1134,23,23,0.88,0.43,0,0,2498,3000,1021,0,2819,2160
9c452d99-a2e14f15-8458865f-92178374-a9e29b76,70.699,70.838,434,1348,23,23,0.88,0.43,0,0,2498,3000,1021,0,2819,2160
9c452d99-a2e14f15-8458865f-92178374-a9e29b76,71.618,71.743,1448,1539,23,23,0.88,0.43,0,0,2498,3000,1021,0,2819,2160
9c452d99-a2e14f15-8458865f-92178374-a9e29b76,71.91,72.035,1460,1532,23,23,0.88,0.43,0,0,2498,3000,1021,0,2819,2160
9c452d99-a2e14f15-8458865f-92178374-a9e29b76,72.104,72.243,354,1083,23,23,0.88,0.43,0,0,2498,3000,1021,0,2819,2160
9c452d99-a2e14f15-8458865f-92178374-a9e29b76,72.466,72.605,455,1074,23,23,0.88,0.43,0,0,2498,3000,1021,0,2819,2160
9c452d99-a2e14f15-8458865f-92178374-a9e29b76,72.619,72.771,422,1020,23,23,0.88,0.43,0,0,2498,3000,1021,0,2819,2160
9c452d99-a2e14f15-8458865f-92178374-a9e29b76,72.855,72.981,1295,1153,23,23,0.88,0.43,0,0,2498,3000,1021,0,2819,2160
9c452d99-a2e14f15-8458865f-92178374-a9e29b76,73.036,73.148,1708,1128,23,23,0.88,0.43,0,0,2498,3000,1021,0,2819,2160
9c452d99-a2e14f15-8458865f-92178374-a9e29b76,73.175,73.287,1765,1084,23,23,0.88,0.43,0,0,2498,3000,1021,0,2819,2160
9c452d99-a2e14f15-8458865f-92178374-a9e29b76,73.788,73.914,529,1329,23,23,0.88,0.43,0,0,2498,3000,1021,0,2819,2160
9c452d99-a2e14f15-8458865f-92178374-a9e29b76,74.511,74.623,413,862,23,23,0.88,0.43,0,0,2498,3000,1021,0,2819,2160
9c452d99-a2e14f15-8458865f-92178374-a9e29b76,74.637,74.902,436,897,23,23,0.88,0.43,0,0,2498,3000,1021,0,2819,2160
9c452d99-a2e14f15-8458865f-92178374-a9e29b76,75.04,75.179,529,1179,23,23,0.88,0.43,0,0,2498,3000,1021,0,2819,2160
9c452d99-a2e14f15-8458865f-92178374-a9e29b76,75.193,75.334,573,1221,23,23,0.88,0.43,0,0,2498,3000,1021,0,2819,2160
9c452d99-a2e14f15-8458865f-92178374-a9e29b76,75.375,75.584,538,1359,23,23,0.88,0.43,0,0,2498,3000,1021,0,2819,2160
9c452d99-a2e14f15-8458865f-92178374-a9e29b76,75.611,75.737,469,1496,23,23,0.88,0.43,0,0,2498,3000,1021,0,2819,2160
9c452d99-a2e14f15-8458865f-92178374-a9e29b76,76.07,76.209,497,1643,23,23,0.88,0.43,0,0,2498,3000,1021,0,2819,2160
9c452d99-a2e14f15-8458865f-92178374-a9e29b76,76.223,76.39,511,1630,23,23,0.88,0.43,0,0,2498,3000,1021,0,2819,2160
9c452d99-a2e14f15-8458865f-92178374-a9e29b76,76.446,76.588,565,1698,23,23,0.88,0.43,0,0,2498,3000,1021,0,2819,2160
9c452d99-a2e14f15-8458865f-92178374-a9e29b76,76.599,76.7,581,1680,23,23,0.88,0.43,0,0,2498,3000,1021,0,2819,2160
9c452d99-a2e14f15-8458865f-92178374-a9e29b76,76.808,76.922,1806,1599,23,23,0.88,0.43,0,0,2498,3000,1021,0,2819,2160
9c452d99-a2e14f15-8458865f-92178374-a9e29b76,77.017,77.156,1704,1569,23,23,0.88,0.43,0,0,2498,3000,1021,0,2819,2160
9c452d99-a2e14f15-8458865f-92178374-a9e29b76,77.294,77.448,1424,1800,23,23,0.88,0.43,0,0,2498,3000,1021,0,2819,2160
9c452d99-a2e14f15-8458865f-92178374-a9e29b76,77.754,77.936,848,2055,23,23,0.88,0.43,0,0,2498,3000,1021,0,2819,2160
9c452d99-a2e14f15-8458865f-92178374-a9e29b76,78.339,78.451,1787,1053,23,23,0.88,0.43,0,0,2498,3000,1021,0,2819,2160
9c452d99-a2e14f15-8458865f-92178374-a9e29b76,78.466,78.619,1798,1018,23,23,0.88,0.43,0,0,2498,3000,1021,0,2819,2160
9c452d99-a2e14f15-8458865f-92178374-a9e29b76,78.701,78.818,358,1151,23,23,0.88,0.43,0,0,2498,3000,1021,0,2819,2160
9c452d99-a2e14f15-8458865f-92178374-a9e29b76,78.952,79.077,383,1188,23,23,0.88,0.43,0,0,2498,3000,1021,0,2819,2160
9c452d99-a2e14f15-8458865f-92178374-a9e29b76,79.26,79.469,1052,1644,23,23,0.88,0.43,0,0,2498,3000,1021,0,2819,2160
9c452d99-a2e14f15-8458865f-92178374-a9e29b76,79.51,79.662,1550,1482,23,23,0.88,0.43,0,0,2498,3000,1021,0,2819,2160
9c452d99-a2e14f15-8458865f-92178374-a9e29b76,79.676,79.942,1556,1509,23,23,0.88,0.43,0,0,2498,3000,1021,0,2819,2160
9c452d99-a2e14f15-8458865f-92178374-a9e29b76,80.01,80.177,561,1337,23,23,0.88,0.43,0,0,2498,3000,1021,0,2819,2160
9c452d99-a2e14f15-8458865f-92178374-a9e29b76,80.274,80.524,984,1366,23,23,0.88,0.43,0,0,2498,3000,1021,0,2819,2160
9c452d99-a2e14f15-8458865f-92178374-a9e29b76,80.609,80.766,1276,1433,23,23,0.88,0.43,0,0,2498,3000,1021,0,2819,2160
9c452d99-a2e14f15-8458865f-92178374-a9e29b76,80.916,81.083,414,809,23,23,0.88,0.43,0,0,2498,3000,1021,0,2819,2160
9c452d99-a2e14f15-8458865f-92178374-a9e29b76,81.096,81.293,450,840,23,23,0.88,0.43,0,0,2498,3000,1021,0,2819,2160
9c452d99-a2e14f15-8458865f-92178374-a9e29b76,81.349,81.569,336,881,23,23,0.88,0.43,0,0,2498,3000,1021,0,2819,2160
9c452d99-a2e14f15-8458865f-92178374-a9e29b76,81.653,81.836,609,857,23,23,0.88,0.43,0,0,2498,3000,1021,0,2819,2160
9c452d99-a2e14f15-8458865f-92178374-a9e29b76,81.85,81.975,637,832,23,23,0.88,0.43,0,0,2498,3000,1021,0,2819,2160
9c452d99-a2e14f15-8458865f-92178374-a9e29b76,82.099,82.225,426,1365,23,23,0.88,0.43,0,0,2498,3000,1021,0,2819,2160
9c452d99-a2e14f15-8458865f-92178374-a9e29b76,82.239,82.489,435,1372,23,23,0.88,0.43,0,0,2498,3000,1021,0,2819,2160
9c452d99-a2e14f15-8458865f-92178374-a9e29b76,82.544,82.67,1323,1491,23,23,0.88,0.43,0,0,2498,3000,1021,0,2819,2160
9c452d99-a2e14f15-8458865f-92178374-a9e29b76,82.906,83.034,789,1964,23,23,0.88,0.43,0,0,2498,3000,1021,0,2819,2160
9c452d99-a2e14f15-8458865f-92178374-a9e29b76,83.059,83.171,751,1983,23,23,0.88,0.43,0,0,2498,3000,1021,0,2819,2160
9c452d99-a2e14f15-8458865f-92178374-a9e29b76,83.185,83.325,730,2002,23,23,0.88,0.43,0,0,2498,3000,1021,0,2819,2160
9c452d99-a2e14f15-8458865f-92178374-a9e29b76,83.366,83.603,860,2370,23,23,0.88,0.43,0,0,2498,3000,1021,0,2819,2160
9c452d99-a2e14f15-8458865f-92178374-a9e29b76,83.674,83.867,1621,1944,23,23,0.88,0.43,0,0,2498,3000,1021,0,2819,2160
9c452d99-a2e14f15-8458865f-92178374-a9e29b76,83.882,84.07,1594,1925,23,23,0.88,0.43,0,0,2498,3000,1021,0,2819,2160
9c452d99-a2e14f15-8458865f-92178374-a9e29b76,84.189,84.312,1490,1661,23,23,0.88,0.43,0,0,2498,3000,1021,0,2819,2160
9c452d99-a2e14f15-8458865f-92178374-a9e29b76,84.716,84.855,1405,1588,23,23,0.88,0.43,0,0,2498,3000,1021,0,2819,2160
9c452d99-a2e14f15-8458865f-92178374-a9e29b76,85.189,85.318,634,1412,23,23,0.88,0.43,0,0,2498,3000,1021,0,2819,2160
9c452d99-a2e14f15-8458865f-92178374-a9e29b76,85.335,85.468,644,1455,23,23,0.88,0.43,0,0,2498,3000,1021,0,2819,2160
9c452d99-a2e14f15-8458865f-92178374-a9e29b76,85.512,85.858,1096,1373,23,23,0.88,0.43,0,0,2498,3000,1021,0,2819,2160
9c452d99-a2e14f15-8458865f-92178374-a9e29b76,86.428,86.556,740,1972,23,23,0.88,0.43,0,0,2498,3000,1021,0,2819,2160
9c452d99-a2e14f15-8458865f-92178374-a9e29b76,86.664,86.818,1121,1981,23,23,0.88,0.43,0,0,2498,3000,1021,0,2819,2160
9c452d99-a2e14f15-8458865f-92178374-a9e29b76,86.901,87.015,1526,1574,23,23,0.88,0.43,0,0,2498,3000,1021,0,2819,2160
9c452d99-a2e14f15-8458865f-92178374-a9e29b76,87.027,87.263,1513,1601,23,23,0.88,0.43,0,0,2498,3000,1021,0,2819,2160
9c452d99-a2e14f15-8458865f-92178374-a9e29b76,87.404,87.597,1481,1790,23,23,0.88,0.43,0,0,2498,3000,1021,0,2819,2160
9c452d99-a2e14f15-8458865f-92178374-a9e29b76,87.751,87.904,584,1664,23,23,0.88,0.43,0,0,2498,3000,1021,0,2819,2160
9c452d99-a2e14f15-8458865f-92178374-a9e29b76,87.917,88.112,589,1654,23,23,0.88,0.43,0,0,2498,3000,1021,0,2819,2160
9c452d99-a2e14f15-8458865f-92178374-a9e29b76,88.337,88.446,393,1161,23,23,0.88,0.43,0,0,2498,3000,1021,0,2819,2160
9c452d99-a2e14f15-8458865f-92178374-a9e29b76,88.603,88.785,951,1603,23,23,0.88,0.43,0,0,2498,3000,1021,0,2819,2160
9c452d99-a2e14f15-8458865f-92178374-a9e29b76,88.865,89.004,713,2106,23,23,0.88,0.43,0,0,2498,3000,1021,0,2819,2160
9c452d99-a2e14f15-8458865f-92178374-a9e29b76,89.476,89.588,1697,2006,23,23,0.88,0.43,0,0,2498,3000,1021,0,2819,2160
9c452d99-a2e14f15-8458865f-92178374-a9e29b76,89.643,89.755,1753,1969,23,23,0.88,0.43,0,0,2498,3000,1021,0,2819,2160
9c452d99-a2e14f15-8458865f-92178374-a9e29b76,89.896,90.006,1663,1159,23,23,0.88,0.43,0,0,2498,3000,1021,0,2819,2160
9c452d99-a2e14f15-8458865f-92178374-a9e29b76,90.021,90.159,1670,1137,23,23,0.88,0.43,0,0,2498,3000,1021,0,2819,2160
9c452d99-a2e14f15-8458865f-92178374-a9e29b76,90.174,90.299,1647,1155,23,23,0.88,0.43,0,0,2498,3000,1021,0,2819,2160
9c452d99-a2e14f15-8458865f-92178374-a9e29b76,90.339,90.548,1004,1461,23,23,0.88,0.43,0,0,2498,3000,1021,0,2819,2160
9c452d99-a2e14f15-8458865f-92178374-a9e29b76,90.702,90.994,1087,891,23,23,0.88,0.43,0,0,2498,3000,1021,0,2819,2160
9c452d99-a2e14f15-8458865f-92178374-a9e29b76,91.022,91.16,1270,832,23,23,0.88,0.43,0,0,2498,3000,1021,0,2819,2160
9c452d99-a2e14f15-8458865f-92178374-a9e29b76,91.202,91.342,1018,1056,23,23,0.88,0.43,0,0,2498,3000,1021,0,2819,2160
9c452d99-a2e14f15-8458865f-92178374-a9e29b76,91.453,91.662,1295,792,23,23,0.88,0.43,0,0,2498,3000,1021,0,2819,2160
9c452d99-a2e14f15-8458865f-92178374-a9e29b76,91.676,91.844,1264,864,23,23,0.88,0.43,0,0,2498,3000,1021,0,2819,2160
9c452d99-a2e14f15-8458865f-92178374-a9e29b76,91.857,92.15,1259,872,23,23,0.88,0.43,0,0,2498,3000,1021,0,2819,2160
9c452d99-a2e14f15-8458865f-92178374-a9e29b76,92.166,92.345,1279,862,23,23,0.88,0.43,0,0,2498,3000,1021,0,2819,2160
9c452d99-a2e14f15-8458865f-92178374-a9e29b76,92.358,92.541,1319,834,23,23,0.88,0.43,0,0,2498,3000,1021,0,2819,2160
9c452d99-a2e14f15-8458865f-92178374-a9e29b76,92.555,92.735,1332,809,23,23,0.88,0.43,0,0,2498,3000,1021,0,2819,2160
9c452d99-a2e14f15-8458865f-92178374-a9e29b76,92.833,93.026,1625,987,23,23,0.88,0.43,0,0,2498,3000,1021,0,2819,2160
9c452d99-a2e14f15-8458865f-92178374-a9e29b76,93.557,93.742,1824,631,23,23,0.88,0.43,0,0,2498,3000,1021,0,2819,2160
9c452d99-a2e14f15-8458865f-92178374-a9e29b76,93.758,93.906,1811,637,23,23,0.88,0.43,0,0,2498,3000,1021,0,2819,2160
9c452d99-a2e14f15-8458865f-92178374-a9e29b76,94.418,94.613,1814,1817,23,23,0.88,0.43,0,0,2498,3000,1021,0,2819,2160
9c452d99-a2e14f15-8458865f-92178374-a9e29b76,94.683,94.974,1265,2077,23,23,0.88,0.43,0,0,2498,3000,1021,0,2819,2160
9c452d99-a2e14f15-8458865f-92178374-a9e29b76,95.016,95.228,1458,2214,23,23,0.88,0.43,0,0,2498,3000,1021,0,2819,2160
9c452d99-a2e14f15-8458865f-92178374-a9e29b76,95.269,95.489,1163,1812,23,23,0.88,0.43,0,0,2498,3000,1021,0,2819,2160
1793e4df-5b1fd824-cb5d0f43-bc3531f4-40cf6c54,0.042,0.487,1602,1668,27,27,0.88,0.43,0,0,3000,2498,623,0,3217,2160
1793e4df-5b1fd824-cb5d0f43-bc3531f4-40cf6c54,0.627,0.738,1123,1882,27,27,0.88,0.43,0,0,3000,2498,623,0,3217,2160
1793e4df-5b1fd824-cb5d0f43-bc3531f4-40cf6c54,1.171,1.282,524,1886,27,27,0.88,0.43,0,0,3000,2498,623,0,3217,2160
1793e4df-5b1fd824-cb5d0f43-bc3531f4-40cf6c54,1.296,1.463,466,1839,27,27,0.88,0.43,0,0,3000,2498,623,0,3217,2160
1793e4df-5b1fd824-cb5d0f43-bc3531f4-40cf6c54,1.489,1.601,527,1800,27,27,0.88,0.43,0,0,3000,2498,623,0,3217,2160
1793e4df-5b1fd824-cb5d0f43-bc3531f4-40cf6c54,1.742,1.977,582,1521,27,27,0.88,0.43,0,0,3000,2498,623,0,3217,2160
1793e4df-5b1fd824-cb5d0f43-bc3531f4-40cf6c54,2.049,2.186,583,1901,27,27,0.88,0.43,0,0,3000,2498,623,0,3217,2160
1793e4df-5b1fd824-cb5d0f43-bc3531f4-40cf6c54,2.201,2.395,576,1891,27,27,0.88,0.43,0,0,3000,2498,623,0,3217,2160
1793e4df-5b1fd824-cb5d0f43-bc3531f4-40cf6c54,2.412,2.562,575,1874,27,27,0.88,0.43,0,0,3000,2498,623,0,3217,2160
1793e4df-5b1fd824-cb5d0f43-bc3531f4-40cf6c54,2.575,2.923,631,1901,27,27,0.88,0.43,0,0,3000,2498,623,0,3217,2160
1793e4df-5b1fd824-cb5d0f43-bc3531f4-40cf6c54,3.035,3.146,682,1854,27,27,0.88,0.43,0,0,3000,2498,623,0,3217,2160
1793e4df-5b1fd824-cb5d0f43-bc3531f4-40cf6c54,3.188,3.354,722,2198,27,27,0.88,0.43,0,0,3000,2498,623,0,3217,2160
1793e4df-5b1fd824-cb5d0f43-bc3531f4-40cf6c54,3.437,3.576,1074,2061,27,27,0.88,0.43,0,0,3000,2498,623,0,3217,2160
1793e4df-5b1fd824-cb5d0f43-bc3531f4-40cf6c54,3.687,3.84,1492,1988,27,27,0.88,0.43,0,0,3000,2498,623,0,3217,2160
1793e4df-5b1fd824-cb5d0f43-bc3531f4-40cf6c54,3.952,4.119,2014,1960,27,27,0.88,0.43,0,0,3000,2498,623,0,3217,2160
1793e4df-5b1fd824-cb5d0f43-bc3531f4-40cf6c54,4.536,4.664,2660,2100,27,27,0.88,0.43,0,0,3000,2498,623,0,3217,2160
1793e4df-5b1fd824-cb5d0f43-bc3531f4-40cf6c54,4.676,5.316,2711,2087,27,27,0.88,0.43,0,0,3000,2498,623,0,3217,2160
1793e4df-5b1fd824-cb5d0f43-bc3531f4-40cf6c54,5.332,5.469,2672,1808,27,27,0.88,0.43,0,0,3000,2498,623,0,3217,2160
1793e4df-5b1fd824-cb5d0f43-bc3531f4-40cf6c54,5.483,5.945,2676,1790,27,27,0.88,0.43,0,0,3000,2498,623,0,3217,2160
1793e4df-5b1fd824-cb5d0f43-bc3531f4-40cf6c54,6.014,6.196,1814,1603,27,27,0.88,0.43,0,0,3000,2498,623,0,3217,2160
1793e4df-5b1fd824-cb5d0f43-bc3531f4-40cf6c54,6.347,6.502,1323,2187,27,27,0.88,0.43,0,0,3000,2498,623,0,3217,2160
1793e4df-5b1fd824-cb5d0f43-bc3531f4-40cf6c54,6.569,6.695,1312,2193,27,27,0.88,0.43,0,0,3000,2498,623,0,3217,2160
1793e4df-5b1fd824-cb5d0f43-bc3531f4-40cf6c54,6.708,6.862,1305,2142,27,27,0.88,0.43,0,0,3000,2498,623,0,3217,2160
1793e4df-5b1fd824-cb5d0f43-bc3531f4-40cf6c54,6.875,7.099,1207,2107,27,27,0.88,0.43,0,0,3000,2498,623,0,3217,2160
1793e4df-5b1fd824-cb5d0f43-bc3531f4-40cf6c54,7.112,7.223,1220,2092,27,27,0.88,0.43,0,0,3000,2498,623,0,3217,2160
1793e4df-5b1fd824-cb5d0f43-bc3531f4-40cf6c54,7.252,7.53,1099,1945,27,27,0.88,0.43,0,0,3000,2498,623,0,3217,2160
1793e4df-5b1fd824-cb5d0f43-bc3531f4-40cf6c54,7.544,7.822,1075,1885,27,27,0.88,0.43,0,0,3000,2498,623,0,3217,2160
1793e4df-5b1fd824-cb5d0f43-bc3531f4-40cf6c54,7.905,8.101,966,1709,27,27,0.88,0.43,0,0,3000,2498,623,0,3217,2160
1793e4df-5b1fd824-cb5d0f43-bc3531f4-40cf6c54,8.17,8.365,949,1548,27,27,0.88,0.43,0,0,3000,2498,623,0,3217,2160
1793e4df-5b1fd824-cb5d0f43-bc3531f4-40cf6c54,8.379,8.685,913,1412,27,27,0.88,0.43,0,0,3000,2498,623,0,3217,2160
1793e4df-5b1fd824-cb5d0f43-bc3531f4-40cf6c54,8.741,8.936,841,1237,27,27,0.88,0.43,0,0,3000,2498,623,0,3217,2160
1793e4df-5b1fd824-cb5d0f43-bc3531f4-40cf6c54,8.991,9.103,830,1038,27,27,0.88,0.43,0,0,3000,2498,623,0,3217,2160
1793e4df-5b1fd824-cb5d0f43-bc3531f4-40cf6c54,9.243,9.367,816,833,27,27,0.88,0.43,0,0,3000,2498,623,0,3217,2160
1793e4df-5b1fd824-cb5d0f43-bc3531f4-40cf6c54,9.493,9.674,747,733,27,27,0.88,0.43,0,0,3000,2498,623,0,3217,2160
1793e4df-5b1fd824-cb5d0f43-bc3531f4-40cf6c54,9.688,9.883,705,625,27,27,0.88,0.43,0,0,3000,2498,623,0,3217,2160
1793e4df-5b1fd824-cb5d0f43-bc3531f4-40cf6c54,9.938,10.191,549,371,27,27,0.88,0.43,0,0,3000,2498,623,0,3217,2160
1793e4df-5b1fd824-cb5d0f43-bc3531f4-40cf6c54,10.272,10.439,534,165,27,27,0.88,0.43,0,0,3000,2498,623,0,3217,2160
1793e4df-5b1fd824-cb5d0f43-bc3531f4-40cf6c54,11.012,11.149,1423,2216,27,27,0.88,0.43,0,0,3000,2498,623,0,3217,2160
1793e4df-5b1fd824-cb5d0f43-bc3531f4-40cf6c54,11.163,11.33,1402,2203,27,27,0.88,0.43,0,0,3000,2498,623,0,3217,2160
1793e4df-5b1fd824-cb5d0f43-bc3531f4-40cf6c54,11.372,11.497,1297,2106,27,27,0.88,0.43,0,0,3000,2498,623,0,3217,2160
1793e4df-5b1fd824-cb5d0f43-bc3531f4-40cf6c54,11.538,11.844,1428,2199,27,27,0.88,0.43,0,0,3000,2498,623,0,3217,2160
1793e4df-5b1fd824-cb5d0f43-bc3531f4-40cf6c54,11.859,11.997,1426,2185,27,27,0.88,0.43,0,0,3000,2498,623,0,3217,2160
1793e4df-5b1fd824-cb5d0f43-bc3531f4-40cf6c54,12.011,12.192,1359,2107,27,27,0.88,0.43,0,0,3000,2498,623,0,3217,2160
1793e4df-5b1fd824-cb5d0f43-bc3531f4-40cf6c54,12.206,12.513,1262,2099,27,27,0.88,0.43,0,0,3000,2498,623,0,3217,2160
1793e4df-5b1fd824-cb5d0f43-bc3531f4-40cf6c54,12.582,12.736,1210,2031,27,27,0.88,0.43,0,0,3000,2498,623,0,3217,2160
1793e4df-5b1fd824-cb5d0f43-bc3531f4-40cf6c54,12.833,12.972,1202,1851,27,27,0.88,0.43,0,0,3000,2498,623,0,3217,2160
1793e4df-5b1fd824-cb5d0f43-bc3531f4-40cf6c54,13.084,13.25,1174,1616,27,27,0.88,0.43,0,0,3000,2498,623,0,3217,2160
1793e4df-5b1fd824-cb5d0f43-bc3531f4-40cf6c54,13.362,13.585,1087,1389,27,27,0.88,0.43,0,0,3000,2498,623,0,3217,2160
1793e4df-5b1fd824-cb5d0f43-bc3531f4-40cf6c54,13.627,13.835,989,1142,27,27,0.88,0.43,0,0,3000,2498,623,0,3217,2160
1793e4df-5b1fd824-cb5d0f43-bc3531f4-40cf6c54,13.877,14.072,979,894,27,27,0.88,0.43,0,0,3000,2498,623,0,3217,2160
1793e4df-5b1fd824-cb5d0f43-bc3531f4-40cf6c54,14.114,14.336,949,704,27,27,0.88,0.43,0,0,3000,2498,623,0,3217,2160
1793e4df-5b1fd824-cb5d0f43-bc3531f4-40cf6c54,14.504,14.616,2002,2097,27,27,0.88,0.43,0,0,3000,2498,623,0,3217,2160
1793e4df-5b1fd824-cb5d0f43-bc3531f4-40cf6c54,15.353,15.464,2373,1855,27,27,0.88,0.43,0,0,3000,2498,623,0,3217,2160
1793e4df-5b1fd824-cb5d0f43-bc3531f4-40cf6c54,15.548,15.701,2443,1743,27,27,0.88,0.43,0,0,3000,2498,623,0,3217,2160
1793e4df-5b1fd824-cb5d0f43-bc3531f4-40cf6c54,15.715,15.911,2476,1719,27,27,0.88,0.43,0,0,3000,2498,623,0,3217,2160
1793e4df-5b1fd824-cb5d0f43-bc3531f4-40cf6c54,15.939,16.05,2455,1731,27,27,0.88,0.43,0,0,3000,2498,623,0,3217,2160
1793e4df-5b1fd824-cb5d0f43-bc3531f4-40cf6c54,16.188,16.299,2527,1431,27,27,0.88,0.43,0,0,3000,2498,623,0,3217,2160
1793e4df-5b1fd824-cb5d0f43-bc3531f4-40cf6c54,16.313,16.466,2516,1420,27,27,0.88,0.43,0,0,3000,2498,623,0,3217,2160
1793e4df-5b1fd824-cb5d0f43-bc3531f4-40cf6c54,16.508,16.703,2597,1089,27,27,0.88,0.43,0,0,3000,2498,623,0,3217,2160
1793e4df-5b1fd824-cb5d0f43-bc3531f4-40cf6c54,16.718,17.051,2601,1059,27,27,0.88,0.43,0,0,3000,2498,623,0,3217,2160
1793e4df-5b1fd824-cb5d0f43-bc3531f4-40cf6c54,17.233,17.428,2339,2053,27,27,0.88,0.43,0,0,3000,2498,623,0,3217,2160
1793e4df-5b1fd824-cb5d0f43-bc3531f4-40cf6c54,17.441,17.664,2293,2085,27,27,0.88,0.43,0,0,3000,2498,623,0,3217,2160
1793e4df-5b1fd824-cb5d0f43-bc3531f4-40cf6c54,17.678,17.831,2281,2054,27,27,0.88,0.43,0,0,3000,2498,623,0,3217,2160
1793e4df-5b1fd824-cb5d0f43-bc3531f4-40cf6c54,17.845,17.97,2379,1809,27,27,0.88,0.43,0,0,3000,2498,623,0,3217,2160
1793e4df-5b1fd824-cb5d0f43-bc3531f4-40cf6c54,17.984,18.137,2361,1793,27,27,0.88,0.43,0,0,3000,2498,623,0,3217,2160
1793e4df-5b1fd824-cb5d0f43-bc3531f4-40cf6c54,18.152,18.263,2391,1810,27,27,0.88,0.43,0,0,3000,2498,623,0,3217,2160
1793e4df-5b1fd824-cb5d0f43-bc3531f4-40cf6c54,18.277,18.388,2455,1805,27,27,0.88,0.43,0,0,3000,2498,623,0,3217,2160
1793e4df-5b1fd824-cb5d0f43-bc3531f4-40cf6c54,18.554,18.722,2424,1585,27,27,0.88,0.43,0,0,3000,2498,623,0,3217,2160
1793e4df-5b1fd824-cb5d0f43-bc3531f4-40cf6c54,18.75,18.903,2408,1333,27,27,0.88,0.43,0,0,3000,2498,623,0,3217,2160
1793e4df-5b1fd824-cb5d0f43-bc3531f4-40cf6c54,19.015,19.237,2358,1135,27,27,0.88,0.43,0,0,3000,2498,623,0,3217,2160
1793e4df-5b1fd824-cb5d0f43-bc3531f4-40cf6c54,19.251,19.432,2357,1049,27,27,0.88,0.43,0,0,3000,2498,623,0,3217,2160
1793e4df-5b1fd824-cb5d0f43-bc3531f4-40cf6c54,19.488,19.752,2461,611,27,27,0.88,0.43,0,0,3000,2498,623,0,3217,2160
1793e4df-5b1fd824-cb5d0f43-bc3531f4-40cf6c54,19.781,19.975,2086,632,27,27,0.88,0.43,0,0,3000,2498,623,0,3217,2160
1793e4df-5b1fd824-cb5d0f43-bc3531f4-40cf6c54,20.017,20.156,1694,969,27,27,0.88,0.43,0,0,3000,2498,623,0,3217,2160
1793e4df-5b1fd824-cb5d0f43-bc3531f4-40cf6c54,20.267,20.379,1686,1681,27,27,0.88,0.43,0,0,3000,2498,623,0,3217,2160
1793e4df-5b1fd824-cb5d0f43-bc3531f4-40cf6c54,20.517,20.643,1759,2015,27,27,0.88,0.43,0,0,3000,2498,623,0,3217,2160
1793e4df-5b1fd824-cb5d0f43-bc3531f4-40cf6c54,21.033,21.186,1435,1193,27,27,0.88,0.43,0,0,3000,2498,623,0,3217,2160
1793e4df-5b1fd824-cb5d0f43-bc3531f4-40cf6c54,21.215,21.369,1721,1332,27,27,0.88,0.43,0,0,3000,2498,623,0,3217,2160
1793e4df-5b1fd824-cb5d0f43-bc3531f4-40cf6c54,21.422,21.701,1817,1596,27,27,0.88,0.43,0,0,3000,2498,623,0,3217,2160
1793e4df-5b1fd824-cb5d0f43-bc3531f4-40cf6c54,21.87,22.049,1838,1989,27,27,0.88,0.43,0,0,3000,2498,623,0,3217,2160
1793e4df-5b1fd824-cb5d0f43-bc3531f4-40cf6c54,22.132,22.426,1674,1415,27,27,0.88,0.43,0,0,3000,2498,623,0,3217,2160
1793e4df-5b1fd824-cb5d0f43-bc3531f4-40cf6c54,22.466,22.649,1916,1355,27,27,0.88,0.43,0,0,3000,2498,623,0,3217,2160
1793e4df-5b1fd824-cb5d0f43-bc3531f4-40cf6c54,22.716,22.828,1840,1178,27,27,0.88,0.43,0,0,3000,2498,623,0,3217,2160
1793e4df-5b1fd824-cb5d0f43-bc3531f4-40cf6c54,22.884,22.995,1598,799,27,27,0.88,0.43,0,0,3000,2498,623,0,3217,2160
1793e4df-5b1fd824-cb5d0f43-bc3531f4-40cf6c54,23.093,23.348,1446,727,27,27,0.88,0.43,0,0,3000,2498,623,0,3217,2160
1793e4df-5b1fd824-cb5d0f43-bc3531f4-40cf6c54,23.374,23.691,1542,689,27,27,0.88,0.43,0,0,3000,2498,623,0,3217,2160
1793e4df-5b1fd824-cb5d0f43-bc3531f4-40cf6c54,23.761,23.93,1753,694,27,27,0.88,0.43,0,0,3000,2498,623,0,3217,2160
1793e4df-5b1fd824-cb5d0f43-bc3531f4-40cf6c54,23.957,24.082,2034,699,27,27,0.88,0.43,0,0,3000,2498,623,0,3217,2160
1793e4df-5b1fd824-cb5d0f43-bc3531f4-40cf6c54,24.403,24.61,1788,1350,27,27,0.88,0.43,0,0,3000,2498,623,0,3217,2160
1793e4df-5b1fd824-cb5d0f43-bc3531f4-40cf6c54,24.652,24.82,1966,1555,27,27,0.88,0.43,0,0,3000,2498,623,0,3217,2160
1793e4df-5b1fd824-cb5d0f43-bc3531f4-40cf6c54,24.99,25.182,2010,1173,27,27,0.88,0.43,0,0,3000,2498,623,0,3217,2160
1793e4df-5b1fd824-cb5d0f43-bc3531f4-40cf6c54,25.238,25.447,2137,832,27,27,0.88,0.43,0,0,3000,2498,623,0,3217,2160
1793e4df-5b1fd824-cb5d0f43-bc3531f4-40cf6c54,25.545,25.658,2124,1112,27,27,0.88,0.43,0,0,3000,2498,623,0,3217,2160
1793e4df-5b1fd824-cb5d0f43-bc3531f4-40cf6c54,25.682,25.89,2087,1208,27,27,0.88,0.43,0,0,3000,2498,623,0,3217,2160
1793e4df-5b1fd824-cb5d0f43-bc3531f4-40cf6c54,25.904,26.086,2088,1227,27,27,0.88,0.43,0,0,3000,2498,623,0,3217,2160
1793e4df-5b1fd824-cb5d0f43-bc3531f4-40cf6c54,26.267,26.41,1343,1136,27,27,0.88,0.43,0,0,3000,2498,623,0,3217,2160
1793e4df-5b1fd824-cb5d0f43-bc3531f4-40cf6c54,26.423,26.698,1315,1111,27,27,0.88,0.43,0,0,3000,2498,623,0,3217,2160
1793e4df-5b1fd824-cb5d0f43-bc3531f4-40cf6c54,26.712,26.814,1395,1143,27,27,0.88,0.43,0,0,3000,2498,623,0,3217,2160
1793e4df-5b1fd824-cb5d0f43-bc3531f4-40cf6c54,26.948,27.075,1195,1375,27,27,0.88,0.43,0,0,3000,2498,623,0,3217,2160
1793e4df-5b1fd824-cb5d0f43-bc3531f4-40cf6c54,27.353,27.686,1284,1759,27,27,0.88,0.43,0,0,3000,2498,623,0,3217,2160
1793e4df-5b1fd824-cb5d0f43-bc3531f4-40cf6c54,27.769,27.909,2021,1459,27,27,0.88,0.43,0,0,3000,2498,623,0,3217,2160
1793e4df-5b1fd824-cb5d0f43-bc3531f4-40cf6c54,28.02,28.187,1873,1368,27,27,0.88,0.43,0,0,3000,2498,623,0,3217,2160
1793e4df-5b1fd824-cb5d0f43-bc3531f4-40cf6c54,28.244,28.521,1241,1135,27,27,0.88,0.43,0,0,3000,2498,623,0,3217,2160
1793e4df-5b1fd824-cb5d0f43-bc3531f4-40cf6c54,28.563,28.689,1346,1739,27,27,0.88,0.43,0,0,3000,2498,623,0,3217,2160
1793e4df-5b1fd824-cb5d0f43-bc3531f4-40cf6c54,28.996,29.33,1463,2059,27,27,0.88,0.43,0,0,3000,2498,623,0,3217,2160
1793e4df-5b1fd824-cb5d0f43-bc3531f4-40cf6c54,29.385,29.511,1219,1711,27,27,0.88,0.43,0,0,3000,2498,623,0,3217,2160
1793e4df-5b1fd824-cb5d0f43-bc3531f4-40cf6c54,29.595,29.817,1236,1821,27,27,0.88,0.43,0,0,3000,2498,623,0,3217,2160
1793e4df-5b1fd824-cb5d0f43-bc3531f4-40cf6c54,29.834,30.193,1308,1920,27,27,0.88,0.43,0,0,3000,2498,623,0,3217,2160
1793e4df-5b1fd824-cb5d0f43-bc3531f4-40cf6c54,30.249,30.446,1231,1796,27,27,0.88,0.43,0,0,3000,2498,623,0,3217,2160
1793e4df-5b1fd824-cb5d0f43-bc3531f4-40cf6c54,30.584,30.778,1164,1549,27,27,0.88,0.43,0,0,3000,2498,623,0,3217,2160
1793e4df-5b1fd824-cb5d0f43-bc3531f4-40cf6c54,30.82,30.932,1182,1381,27,27,0.88,0.43,0,0,3000,2498,623,0,3217,2160
1793e4df-5b1fd824-cb5d0f43-bc3531f4-40cf6c54,30.945,31.084,1174,1362,27,27,0.88,0.43,0,0,3000,2498,623,0,3217,2160
1793e4df-5b1fd824-cb5d0f43-bc3531f4-40cf6c54,31.112,31.307,1065,1225,27,27,0.88,0.43,0,0,3000,2498,623,0,3217,2160
1793e4df-5b1fd824-cb5d0f43-bc3531f4-40cf6c54,31.362,31.599,957,1007,27,27,0.88,0.43,0,0,3000,2498,623,0,3217,2160
1793e4df-5b1fd824-cb5d0f43-bc3531f4-40cf6c54,31.616,31.852,1060,1020,27,27,0.88,0.43,0,0,3000,2498,623,0,3217,2160
1793e4df-5b1fd824-cb5d0f43-bc3531f4-40cf6c54,31.879,32.073,928,984,27,27,0.88,0.43,0,0,3000,2498,623,0,3217,2160
1793e4df-5b1fd824-cb5d0f43-bc3531f4-40cf6c54,32.129,32.323,821,764,27,27,0.88,0.43,0,0,3000,2498,623,0,3217,2160
1793e4df-5b1fd824-cb5d0f43-bc3531f4-40cf6c54,32.339,32.518,672,638,27,27,0.88,0.43,0,0,3000,2498,623,0,3217,2160
1793e4df-5b1fd824-cb5d0f43-bc3531f4-40cf6c54,32.532,32.699,692,613,27,27,0.88,0.43,0,0,3000,2498,623,0,3217,2160
1793e4df-5b1fd824-cb5d0f43-bc3531f4-40cf6c54,33.215,33.438,2178,2037,27,27,0.88,0.43,0,0,3000,2498,623,0,3217,2160
1793e4df-5b1fd824-cb5d0f43-bc3531f4-40cf6c54,33.495,33.73,2253,2010,27,27,0.88,0.43,0,0,3000,2498,623,0,3217,2160
1793e4df-5b1fd824-cb5d0f43-bc3531f4-40cf6c54,33.771,33.939,2311,1785,27,27,0.88,0.43,0,0,3000,2498,623,0,3217,2160
1793e4df-5b1fd824-cb5d0f43-bc3531f4-40cf6c54,34.036,34.245,2235,1698,27,27,0.88,0.43,0,0,3000,2498,623,0,3217,2160
1793e4df-5b1fd824-cb5d0f43-bc3531f4-40cf6c54,34.345,34.606,2275,1456,27,27,0.88,0.43,0,0,3000,2498,623,0,3217,2160
1793e4df-5b1fd824-cb5d0f43-bc3531f4-40cf6c54,34.648,34.762,2373,1294,27,27,0.88,0.43,0,0,3000,2498,623,0,3217,2160
1793e4df-5b1fd824-cb5d0f43-bc3531f4-40cf6c54,34.885,35.096,2482,863,27,27,0.88,0.43,0,0,3000,2498,623,0,3217,2160
1793e4df-5b1fd824-cb5d0f43-bc3531f4-40cf6c54,35.138,35.416,2496,652,27,27,0.88,0.43,0,0,3000,2498,623,0,3217,2160
1793e4df-5b1fd824-cb5d0f43-bc3531f4-40cf6c54,35.459,35.693,1890,874,27,27,0.88,0.43,0,0,3000,2498,623,0,3217,2160
1793e4df-5b1fd824-cb5d0f43-bc3531f4-40cf6c54,36.074,36.293,1601,1202,27,27,0.88,0.43,0,0,3000,2498,623,0,3217,2160
1793e4df-5b1fd824-cb5d0f43-bc3531f4-40cf6c54,36.416,36.569,1522,1308,27,27,0.88,0.43,0,0,3000,2498,623,0,3217,2160
1793e4df-5b1fd824-cb5d0f43-bc3531f4-40cf6c54,36.668,36.864,1452,1898,27,27,0.88,0.43,0,0,3000,2498,623,0,3217,2160
1793e4df-5b1fd824-cb5d0f43-bc3531f4-40cf6c54,37.002,37.224,2090,1954,27,27,0.88,0.43,0,0,3000,2498,623,0,3217,2160
1793e4df-5b1fd824-cb5d0f43-bc3531f4-40cf6c54,37.265,37.408,2076,2109,27,27,0.88,0.43,0,0,3000,2498,623,0,3217,2160
1793e4df-5b1fd824-cb5d0f43-bc3531f4-40cf6c54,37.446,37.696,1424,2131,27,27,0.88,0.43,0,0,3000,2498,623,0,3217,2160
1793e4df-5b1fd824-cb5d0f43-bc3531f4-40cf6c54,37.765,37.918,1726,1070,27,27,0.88,0.43,0,0,3000,2498,623,0,3217,2160
1793e4df-5b1fd824-cb5d0f43-bc3531f4-40cf6c54,38.033,38.175,1904,998,27,27,0.88,0.43,0,0,3000,2498,623,0,3217,2160
1793e4df-5b1fd824-cb5d0f43-bc3531f4-40cf6c54,38.23,38.566,1467,1182,27,27,0.88,0.43,0,0,3000,2498,623,0,3217,2160
1793e4df-5b1fd824-cb5d0f43-bc3531f4-40cf6c54,38.863,39.047,1557,1851,27,27,0.88,0.43,0,0,3000,2498,623,0,3217,2160
1793e4df-5b1fd824-cb5d0f43-bc3531f4-40cf6c54,39.182,39.303,1404,1991,27,27,0.88,0.43,0,0,3000,2498,623,0,3217,2160
1793e4df-5b1fd824-cb5d0f43-bc3531f4-40cf6c54,39.678,39.818,2178,1982,27,27,0.88,0.43,0,0,3000,2498,623,0,3217,2160
1793e4df-5b1fd824-cb5d0f43-bc3531f4-40cf6c54,40.276,40.434,1560,1655,27,27,0.88,0.43,0,0,3000,2498,623,0,3217,2160
1793e4df-5b1fd824-cb5d0f43-bc3531f4-40cf6c54,40.481,40.587,1607,2067,27,27,0.88,0.43,0,0,3000,2498,623,0,3217,2160
1793e4df-5b1fd824-cb5d0f43-bc3531f4-40cf6c54,40.631,40.782,1669,2079,27,27,0.88,0.43,0,0,3000,2498,623,0,3217,2160
1793e4df-5b1fd824-cb5d0f43-bc3531f4-40cf6c54,40.882,41.035,1292,1872,27,27,0.88,0.43,0,0,3000,2498,623,0,3217,2160
1793e4df-5b1fd824-cb5d0f43-bc3531f4-40cf6c54,41.119,41.262,2040,895,27,27,0.88,0.43,0,0,3000,2498,623,0,3217,2160
1793e4df-5b1fd824-cb5d0f43-bc3531f4-40cf6c54,41.276,41.445,2003,933,27,27,0.88,0.43,0,0,3000,2498,623,0,3217,2160
1793e4df-5b1fd824-cb5d0f43-bc3531f4-40cf6c54,41.459,41.582,2042,909,27,27,0.88,0.43,0,0,3000,2498,623,0,3217,2160
1793e4df-5b1fd824-cb5d0f43-bc3531f4-40cf6c54,41.625,41.778,1649,975,27,27,0.88,0.43,0,0,3000,2498,623,0,3217,2160
1793e4df-5b1fd824-cb5d0f43-bc3531f4-40cf6c54,41.945,42.225,1553,925,27,27,0.88,0.43,0,0,3000,2498,623,0,3217,2160
1793e4df-5b1fd824-cb5d0f43-bc3531f4-40cf6c54,42.253,42.418,2088,860,27,27,0.88,0.43,0,0,3000,2498,623,0,3217,2160
1793e4df-5b1fd824-cb5d0f43-bc3531f4-40cf6c54,42.795,42.977,1723,1233,27,27,0.88,0.43,0,0,3000,2498,623,0,3217,2160
1793e4df-5b1fd824-cb5d0f43-bc3531f4-40cf6c54,43.24,43.342,1142,486,27,27,0.88,0.43,0,0,3000,2498,623,0,3217,2160
1793e4df-5b1fd824-cb5d0f43-bc3531f4-40cf6c54,43.381,43.521,999,532,27,27,0.88,0.43,0,0,3000,2498,623,0,3217,2160
1793e4df-5b1fd824-cb5d0f43-bc3531f4-40cf6c54,44.188,44.3,2218,546,27,27,0.88,0.43,0,0,3000,2498,623,0,3217,2160
1793e4df-5b1fd824-cb5d0f43-bc3531f4-40cf6c54,44.355,44.496,2187,555,27,27,0.88,0.43,0,0,3000,2498,623,0,3217,2160
1793e4df-5b1fd824-cb5d0f43-bc3531f4-40cf6c54,44.62,44.801,1773,1361,27,27,0.88,0.43,0,0,3000,2498,623,0,3217,2160
1793e4df-5b1fd824-cb5d0f43-bc3531f4-40cf6c54,44.815,44.94,1806,1364,27,27,0.88,0.43,0,0,3000,2498,623,0,3217,2160
1793e4df-5b1fd824-cb5d0f43-bc3531f4-40cf6c54,45.024,45.15,1937,1319,27,27,0.88,0.43,0,0,3000,2498,623,0,3217,2160
1793e4df-5b1fd824-cb5d0f43-bc3531f4-40cf6c54,45.191,45.331,1939,1656,27,27,0.88,0.43,0,0,3000,2498,623,0,3217,2160
1793e4df-5b1fd824-cb5d0f43-bc3531f4-40cf6c54,45.345,45.498,1977,1653,27,27,0.88,0.43,0,0,3000,2498,623,0,3217,2160
1793e4df-5b1fd824-cb5d0f43-bc3531f4-40cf6c54,45.539,45.804,1552,1860,27,27,0.88,0.43,0,0,3000,2498,623,0,3217,2160
1793e4df-5b1fd824-cb5d0f43-bc3531f4-40cf6c54,46.124,46.236,1934,1233,27,27,0.88,0.43,0,0,3000,2498,623,0,3217,2160
1793e4df-5b1fd824-cb5d0f43-bc3531f4-40cf6c54,46.25,46.486,1921,1224,27,27,0.88,0.43,0,0,3000,2498,623,0,3217,2160
1793e4df-5b1fd824-cb5d0f43-bc3531f4-40cf6c54,46.528,46.751,1464,1462,27,27,0.88,0.43,0,0,3000,2498,623,0,3217,2160
5c61db80-672e0874-ba236081-53d2f8ad-ab8d2efb,0.0,0.252,1326,1716,23,23,0.88,0.43,0,0,2498,3000,1021,0,2819,2160
5c61db80-672e0874-ba236081-53d2f8ad-ab8d2efb,0.39,0.543,1134,2008,23,23,0.88,0.43,0,0,2498,3000,1021,0,2819,2160
5c61db80-672e0874-ba236081-53d2f8ad-ab8d2efb,0.712,0.821,1018,2743,23,23,0.88,0.43,0,0,2498,3000,1021,0,2819,2160
5c61db80-672e0874-ba236081-53d2f8ad-ab8d2efb,1.128,1.24,409,2645,23,23,0.88,0.43,0,0,2498,3000,1021,0,2819,2160
5c61db80-672e0874-ba236081-53d2f8ad-ab8d2efb,1.254,1.385,424,2609,23,23,0.88,0.43,0,0,2498,3000,1021,0,2819,2160
5c61db80-672e0874-ba236081-53d2f8ad-ab8d2efb,1.56,1.672,948,2527,23,23,0.88,0.43,0,0,2498,3000,1021,0,2819,2160
5c61db80-672e0874-ba236081-53d2f8ad-ab8d2efb,1.726,1.839,722,2635,23,23,0.88,0.43,0,0,2498,3000,1021,0,2819,2160
5c61db80-672e0874-ba236081-53d2f8ad-ab8d2efb,1.936,2.118,597,2671,23,23,0.88,0.43,0,0,2498,3000,1021,0,2819,2160
5c61db80-672e0874-ba236081-53d2f8ad-ab8d2efb,2.158,2.286,488,2769,23,23,0.88,0.43,0,0,2498,3000,1021,0,2819,2160
5c61db80-672e0874-ba236081-53d2f8ad-ab8d2efb,2.395,2.651,916,2694,23,23,0.88,0.43,0,0,2498,3000,1021,0,2819,2160
5c61db80-672e0874-ba236081-53d2f8ad-ab8d2efb,2.661,2.771,901,2709,23,23,0.88,0.43,0,0,2498,3000,1021,0,2819,2160
5c61db80-672e0874-ba236081-53d2f8ad-ab8d2efb,2.813,2.952,1357,2524,23,23,0.88,0.43,0,0,2498,3000,1021,0,2819,2160
5c61db80-672e0874-ba236081-53d2f8ad-ab8d2efb,3.15,3.258,1929,2631,23,23,0.88,0.43,0,0,2498,3000,1021,0,2819,2160
5c61db80-672e0874-ba236081-53d2f8ad-ab8d2efb,3.303,3.441,2216,2720,23,23,0.88,0.43,0,0,2498,3000,1021,0,2819,2160
5c61db80-672e0874-ba236081-53d2f8ad-ab8d2efb,3.482,3.65,2218,2731,23,23,0.88,0.43,0,0,2498,3000,1021,0,2819,2160
5c61db80-672e0874-ba236081-53d2f8ad-ab8d2efb,3.732,3.833,2365,2557,23,23,0.88,0.43,0,0,2498,3000,1021,0,2819,2160
5c61db80-672e0874-ba236081-53d2f8ad-ab8d2efb,3.844,4.085,2339,2568,23,23,0.88,0.43,0,0,2498,3000,1021,0,2819,2160
5c61db80-672e0874-ba236081-53d2f8ad-ab8d2efb,4.166,4.288,1471,2407,23,23,0.88,0.43,0,0,2498,3000,1021,0,2819,2160
5c61db80-672e0874-ba236081-53d2f8ad-ab8d2efb,4.514,4.653,989,2787,23,23,0.88,0.43,0,0,2498,3000,1021,0,2819,2160
5c61db80-672e0874-ba236081-53d2f8ad-ab8d2efb,4.804,4.942,989,2669,23,23,0.88,0.43,0,0,2498,3000,1021,0,2819,2160
5c61db80-672e0874-ba236081-53d2f8ad-ab8d2efb,4.999,5.125,866,2363,23,23,0.88,0.43,0,0,2498,3000,1021,0,2819,2160
5c61db80-672e0874-ba236081-53d2f8ad-ab8d2efb,5.138,5.277,872,2357,23,23,0.88,0.43,0,0,2498,3000,1021,0,2819,2160
5c61db80-672e0874-ba236081-53d2f8ad-ab8d2efb,5.389,5.503,760,2032,23,23,0.88,0.43,0,0,2498,3000,1021,0,2819,2160
5c61db80-672e0874-ba236081-53d2f8ad-ab8d2efb,5.514,5.625,734,2017,23,23,0.88,0.43,0,0,2498,3000,1021,0,2819,2160
5c61db80-672e0874-ba236081-53d2f8ad-ab8d2efb,5.653,5.82,769,1849,23,23,0.88,0.43,0,0,2498,3000,1021,0,2819,2160
5c61db80-672e0874-ba236081-53d2f8ad-ab8d2efb,5.878,6.117,666,1644,23,23,0.88,0.43,0,0,2498,3000,1021,0,2819,2160
5c61db80-672e0874-ba236081-53d2f8ad-ab8d2efb,6.322,6.461,572,1380,23,23,0.88,0.43,0,0,2498,3000,1021,0,2819,2160
5c61db80-672e0874-ba236081-53d2f8ad-ab8d2efb,6.489,6.671,564,1254,23,23,0.88,0.43,0,0,2498,3000,1021,0,2819,2160
5c61db80-672e0874-ba236081-53d2f8ad-ab8d2efb,6.729,6.879,440,1077,23,23,0.88,0.43,0,0,2498,3000,1021,0,2819,2160
5c61db80-672e0874-ba236081-53d2f8ad-ab8d2efb,6.906,7.131,327,1005,23,23,0.88,0.43,0,0,2498,3000,1021,0,2819,2160
5c61db80-672e0874-ba236081-53d2f8ad-ab8d2efb,7.143,7.283,244,788,23,23,0.88,0.43,0,0,2498,3000,1021,0,2819,2160
5c61db80-672e0874-ba236081-53d2f8ad-ab8d2efb,7.477,7.66,280,686,23,23,0.88,0.43,0,0,2498,3000,1021,0,2819,2160
5c61db80-672e0874-ba236081-53d2f8ad-ab8d2efb,7.966,8.076,1142,2654,23,23,0.88,0.43,0,0,2498,3000,1021,0,2819,2160
5c61db80-672e0874-ba236081-53d2f8ad-ab8d2efb,8.106,8.229,1163,2825,23,23,0.88,0.43,0,0,2498,3000,1021,0,2819,2160
5c61db80-672e0874-ba236081-53d2f8ad-ab8d2efb,8.355,8.675,1191,2820,23,23,0.88,0.43,0,0,2498,3000,1021,0,2819,2160
5c61db80-672e0874-ba236081-53d2f8ad-ab8d2efb,8.689,8.953,1040,2689,23,23,0.88,0.43,0,0,2498,3000,1021,0,2819,2160
5c61db80-672e0874-ba236081-53d2f8ad-ab8d2efb,8.967,9.149,1019,2671,23,23,0.88,0.43,0,0,2498,3000,1021,0,2819,2160
5c61db80-672e0874-ba236081-53d2f8ad-ab8d2efb,9.163,9.413,997,2598,23,23,0.88,0.43,0,0,2498,3000,1021,0,2819,2160
5c61db80-672e0874-ba236081-53d2f8ad-ab8d2efb,9.469,9.692,986,2505,23,23,0.88,0.43,0,0,2498,3000,1021,0,2819,2160
5c61db80-672e0874-ba236081-53d2f8ad-ab8d2efb,9.761,9.886,976,2265,23,23,0.88,0.43,0,0,2498,3000,1021,0,2819,2160
5c61db80-672e0874-ba236081-53d2f8ad-ab8d2efb,9.9,10.068,982,2241,23,23,0.88,0.43,0,0,2498,3000,1021,0,2819,2160
5c61db80-672e0874-ba236081-53d2f8ad-ab8d2efb,10.095,10.333,906,1984,23,23,0.88,0.43,0,0,2498,3000,1021,0,2819,2160
5c61db80-672e0874-ba236081-53d2f8ad-ab8d2efb,10.388,10.583,856,1704,23,23,0.88,0.43,0,0,2498,3000,1021,0,2819,2160
5c61db80-672e0874-ba236081-53d2f8ad-ab8d2efb,10.624,10.805,818,1531,23,23,0.88,0.43,0,0,2498,3000,1021,0,2819,2160
5c61db80-672e0874-ba236081-53d2f8ad-ab8d2efb,10.847,11.056,875,1383,23,23,0.88,0.43,0,0,2498,3000,1021,0,2819,2160
5c61db80-672e0874-ba236081-53d2f8ad-ab8d2efb,11.07,11.251,862,1272,23,23,0.88,0.43,0,0,2498,3000,1021,0,2819,2160
5c61db80-672e0874-ba236081-53d2f8ad-ab8d2efb,11.265,11.404,863,1103,23,23,0.88,0.43,0,0,2498,3000,1021,0,2819,2160
5c61db80-672e0874-ba236081-53d2f8ad-ab8d2efb,11.418,11.543,903,1079,23,23,0.88,0.43,0,0,2498,3000,1021,0,2819,2160
5c61db80-672e0874-ba236081-53d2f8ad-ab8d2efb,11.557,11.711,933,1029,23,23,0.88,0.43,0,0,2498,3000,1021,0,2819,2160
5c61db80-672e0874-ba236081-53d2f8ad-ab8d2efb,11.85,11.975,1788,2588,23,23,0.88,0.43,0,0,2498,3000,1021,0,2819,2160
5c61db80-672e0874-ba236081-53d2f8ad-ab8d2efb,12.017,12.128,1871,2720,23,23,0.88,0.43,0,0,2498,3000,1021,0,2819,2160
5c61db80-672e0874-ba236081-53d2f8ad-ab8d2efb,12.225,12.379,1968,2750,23,23,0.88,0.43,0,0,2498,3000,1021,0,2819,2160
5c61db80-672e0874-ba236081-53d2f8ad-ab8d2efb,12.393,12.505,1932,2726,23,23,0.88,0.43,0,0,2498,3000,1021,0,2819,2160
5c61db80-672e0874-ba236081-53d2f8ad-ab8d2efb,12.518,12.672,2017,2550,23,23,0.88,0.43,0,0,2498,3000,1021,0,2819,2160
5c61db80-672e0874-ba236081-53d2f8ad-ab8d2efb,12.741,12.895,1998,2539,23,23,0.88,0.43,0,0,2498,3000,1021,0,2819,2160
5c61db80-672e0874-ba236081-53d2f8ad-ab8d2efb,12.991,13.117,2054,2251,23,23,0.88,0.43,0,0,2498,3000,1021,0,2819,2160
5c61db80-672e0874-ba236081-53d2f8ad-ab8d2efb,13.159,13.382,2058,2059,23,23,0.88,0.43,0,0,2498,3000,1021,0,2819,2160
5c61db80-672e0874-ba236081-53d2f8ad-ab8d2efb,13.507,13.646,2132,1943,23,23,0.88,0.43,0,0,2498,3000,1021,0,2819,2160
5c61db80-672e0874-ba236081-53d2f8ad-ab8d2efb,13.716,13.869,2114,1586,23,23,0.88,0.43,0,0,2498,3000,1021,0,2819,2160
5c61db80-672e0874-ba236081-53d2f8ad-ab8d2efb,13.883,14.077,2069,1570,23,23,0.88,0.43,0,0,2498,3000,1021,0,2819,2160
5c61db80-672e0874-ba236081-53d2f8ad-ab8d2efb,14.148,14.301,2107,1391,23,23,0.88,0.43,0,0,2498,3000,1021,0,2819,2160
5c61db80-672e0874-ba236081-53d2f8ad-ab8d2efb,14.328,14.439,2133,1107,23,23,0.88,0.43,0,0,2498,3000,1021,0,2819,2160
5c61db80-672e0874-ba236081-53d2f8ad-ab8d2efb,14.454,14.607,2138,1115,23,23,0.88,0.43,0,0,2498,3000,1021,0,2819,2160
5c61db80-672e0874-ba236081-53d2f8ad-ab8d2efb,14.621,14.802,2151,936,23,23,0.88,0.43,0,0,2498,3000,1021,0,2819,2160
5c61db80-672e0874-ba236081-53d2f8ad-ab8d2efb,14.927,15.039,1864,2472,23,23,0.88,0.43,0,0,2498,3000,1021,0,2819,2160
5c61db80-672e0874-ba236081-53d2f8ad-ab8d2efb,15.122,15.275,1843,2671,23,23,0.88,0.43,0,0,2498,3000,1021,0,2819,2160
5c61db80-672e0874-ba236081-53d2f8ad-ab8d2efb,15.289,15.539,1885,2679,23,23,0.88,0.43,0,0,2498,3000,1021,0,2819,2160
5c61db80-672e0874-ba236081-53d2f8ad-ab8d2efb,15.554,15.706,1885,2678,23,23,0.88,0.43,0,0,2498,3000,1021,0,2819,2160
5c61db80-672e0874-ba236081-53d2f8ad-ab8d2efb,15.72,15.957,1929,2678,23,23,0.88,0.43,0,0,2498,3000,1021,0,2819,2160
5c61db80-672e0874-ba236081-53d2f8ad-ab8d2efb,16.012,16.138,1888,2573,23,23,0.88,0.43,0,0,2498,3000,1021,0,2819,2160
5c61db80-672e0874-ba236081-53d2f8ad-ab8d2efb,16.333,16.458,1815,2324,23,23,0.88,0.43,0,0,2498,3000,1021,0,2819,2160
5c61db80-672e0874-ba236081-53d2f8ad-ab8d2efb,16.597,16.736,1812,2048,23,23,0.88,0.43,0,0,2498,3000,1021,0,2819,2160
5c61db80-672e0874-ba236081-53d2f8ad-ab8d2efb,16.82,17.056,1831,1984,23,23,0.88,0.43,0,0,2498,3000,1021,0,2819,2160
5c61db80-672e0874-ba236081-53d2f8ad-ab8d2efb,17.098,17.251,1859,1780,23,23,0.88,0.43,0,0,2498,3000,1021,0,2819,2160
5c61db80-672e0874-ba236081-53d2f8ad-ab8d2efb,17.307,17.543,1813,1493,23,23,0.88,0.43,0,0,2498,3000,1021,0,2819,2160
5c61db80-672e0874-ba236081-53d2f8ad-ab8d2efb,17.557,17.808,1774,1393,23,23,0.88,0.43,0,0,2498,3000,1021,0,2819,2160
5c61db80-672e0874-ba236081-53d2f8ad-ab8d2efb,17.892,18.044,1622,1164,23,23,0.88,0.43,0,0,2498,3000,1021,0,2819,2160
5c61db80-672e0874-ba236081-53d2f8ad-ab8d2efb,18.17,18.309,1644,1006,23,23,0.88,0.43,0,0,2498,3000,1021,0,2819,2160
5c61db80-672e0874-ba236081-53d2f8ad-ab8d2efb,18.476,18.601,1351,1587,23,23,0.88,0.43,0,0,2498,3000,1021,0,2819,2160
5c61db80-672e0874-ba236081-53d2f8ad-ab8d2efb,18.699,18.893,1544,2561,23,23,0.88,0.43,0,0,2498,3000,1021,0,2819,2160
5c61db80-672e0874-ba236081-53d2f8ad-ab8d2efb,18.908,19.061,1532,2683,23,23,0.88,0.43,0,0,2498,3000,1021,0,2819,2160
5c61db80-672e0874-ba236081-53d2f8ad-ab8d2efb,19.144,19.256,1507,2632,23,23,0.88,0.43,0,0,2498,3000,1021,0,2819,2160
5c61db80-672e0874-ba236081-53d2f8ad-ab8d2efb,19.325,19.632,1440,2109,23,23,0.88,0.43,0,0,2498,3000,1021,0,2819,2160
5c61db80-672e0874-ba236081-53d2f8ad-ab8d2efb,19.673,19.896,1473,1952,23,23,0.88,0.43,0,0,2498,3000,1021,0,2819,2160
5c61db80-672e0874-ba236081-53d2f8ad-ab8d2efb,19.966,20.077,1495,1831,23,23,0.88,0.43,0,0,2498,3000,1021,0,2819,2160
5c61db80-672e0874-ba236081-53d2f8ad-ab8d2efb,20.091,20.286,1510,1793,23,23,0.88,0.43,0,0,2498,3000,1021,0,2819,2160
5c61db80-672e0874-ba236081-53d2f8ad-ab8d2efb,20.398,20.634,1356,1396,23,23,0.88,0.43,0,0,2498,3000,1021,0,2819,2160
5c61db80-672e0874-ba236081-53d2f8ad-ab8d2efb,20.662,20.829,1229,1364,23,23,0.88,0.43,0,0,2498,3000,1021,0,2819,2160
5c61db80-672e0874-ba236081-53d2f8ad-ab8d2efb,20.871,21.023,1441,1413,23,23,0.88,0.43,0,0,2498,3000,1021,0,2819,2160
5c61db80-672e0874-ba236081-53d2f8ad-ab8d2efb,21.093,21.233,1576,1830,23,23,0.88,0.43,0,0,2498,3000,1021,0,2819,2160
5c61db80-672e0874-ba236081-53d2f8ad-ab8d2efb,21.246,21.371,1597,1842,23,23,0.88,0.43,0,0,2498,3000,1021,0,2819,2160
5c61db80-672e0874-ba236081-53d2f8ad-ab8d2efb,21.414,21.65,1601,1356,23,23,0.88,0.43,0,0,2498,3000,1021,0,2819,2160
5c61db80-672e0874-ba236081-53d2f8ad-ab8d2efb,21.789,21.915,848,1292,23,23,0.88,0.43,0,0,2498,3000,1021,0,2819,2160
5c61db80-672e0874-ba236081-53d2f8ad-ab8d2efb,22.096,22.207,870,1798,23,23,0.88,0.43,0,0,2498,3000,1021,0,2819,2160
5c61db80-672e0874-ba236081-53d2f8ad-ab8d2efb,22.513,22.653,1162,2802,23,23,0.88,0.43,0,0,2498,3000,1021,0,2819,2160
5c61db80-672e0874-ba236081-53d2f8ad-ab8d2efb,22.667,22.805,1149,2727,23,23,0.88,0.43,0,0,2498,3000,1021,0,2819,2160
5c61db80-672e0874-ba236081-53d2f8ad-ab8d2efb,22.889,23.056,1764,2663,23,23,0.88,0.43,0,0,2498,3000,1021,0,2819,2160
5c61db80-672e0874-ba236081-53d2f8ad-ab8d2efb,23.07,23.208,1796,2648,23,23,0.88,0.43,0,0,2498,3000,1021,0,2819,2160
5c61db80-672e0874-ba236081-53d2f8ad-ab8d2efb,23.223,23.348,1825,2689,23,23,0.88,0.43,0,0,2498,3000,1021,0,2819,2160
5c61db80-672e0874-ba236081-53d2f8ad-ab8d2efb,23.362,23.473,1772,2684,23,23,0.88,0.43,0,0,2498,3000,1021,0,2819,2160
5c61db80-672e0874-ba236081-53d2f8ad-ab8d2efb,23.585,23.808,963,2370,23,23,0.88,0.43,0,0,2498,3000,1021,0,2819,2160
5c61db80-672e0874-ba236081-53d2f8ad-ab8d2efb,23.85,23.961,1000,2391,23,23,0.88,0.43,0,0,2498,3000,1021,0,2819,2160
5c61db80-672e0874-ba236081-53d2f8ad-ab8d2efb,24.1,24.211,1742,2448,23,23,0.88,0.43,0,0,2498,3000,1021,0,2819,2160
5c61db80-672e0874-ba236081-53d2f8ad-ab8d2efb,24.253,24.476,1747,2442,23,23,0.88,0.43,0,0,2498,3000,1021,0,2819,2160
5c61db80-672e0874-ba236081-53d2f8ad-ab8d2efb,24.49,24.629,1780,2437,23,23,0.88,0.43,0,0,2498,3000,1021,0,2819,2160
5c61db80-672e0874-ba236081-53d2f8ad-ab8d2efb,24.698,24.823,972,2250,23,23,0.88,0.43,0,0,2498,3000,1021,0,2819,2160
5c61db80-672e0874-ba236081-53d2f8ad-ab8d2efb,24.838,25.172,954,2254,23,23,0.88,0.43,0,0,2498,3000,1021,0,2819,2160
5c61db80-672e0874-ba236081-53d2f8ad-ab8d2efb,25.325,25.437,1709,2312,23,23,0.88,0.43,0,0,2498,3000,1021,0,2819,2160
5c61db80-672e0874-ba236081-53d2f8ad-ab8d2efb,25.451,25.631,1747,2276,23,23,0.88,0.43,0,0,2498,3000,1021,0,2819,2160
5c61db80-672e0874-ba236081-53d2f8ad-ab8d2efb,25.785,25.966,1893,2230,23,23,0.88,0.43,0,0,2498,3000,1021,0,2819,2160
5c61db80-672e0874-ba236081-53d2f8ad-ab8d2efb,26.104,26.397,854,2098,23,23,0.88,0.43,0,0,2498,3000,1021,0,2819,2160
5c61db80-672e0874-ba236081-53d2f8ad-ab8d2efb,26.537,26.787,1732,2123,23,23,0.88,0.43,0,0,2498,3000,1021,0,2819,2160
5c61db80-672e0874-ba236081-53d2f8ad-ab8d2efb,27.009,27.162,1959,2090,23,23,0.88,0.43,0,0,2498,3000,1021,0,2819,2160
5c61db80-672e0874-ba236081-53d2f8ad-ab8d2efb,27.232,27.343,1049,2007,23,23,0.88,0.43,0,0,2498,3000,1021,0,2819,2160
5c61db80-672e0874-ba236081-53d2f8ad-ab8d2efb,27.357,27.469,1001,1971,23,23,0.88,0.43,0,0,2498,3000,1021,0,2819,2160
5c61db80-672e0874-ba236081-53d2f8ad-ab8d2efb,27.594,27.788,719,1904,23,23,0.88,0.43,0,0,2498,3000,1021,0,2819,2160
5c61db80-672e0874-ba236081-53d2f8ad-ab8d2efb,27.872,28.067,1799,1936,23,23,0.88,0.43,0,0,2498,3000,1021,0,2819,2160
5c61db80-672e0874-ba236081-53d2f8ad-ab8d2efb,28.082,28.275,1824,1938,23,23,0.88,0.43,0,0,2498,3000,1021,0,2819,2160
5c61db80-672e0874-ba236081-53d2f8ad-ab8d2efb,28.429,28.638,973,1824,23,23,0.88,0.43,0,0,2498,3000,1021,0,2819,2160
5c61db80-672e0874-ba236081-53d2f8ad-ab8d2efb,28.735,29.0,670,1731,23,23,0.88,0.43,0,0,2498,3000,1021,0,2819,2160
5c61db80-672e0874-ba236081-53d2f8ad-ab8d2efb,29.014,29.153,701,1719,23,23,0.88,0.43,0,0,2498,3000,1021,0,2819,2160
5c61db80-672e0874-ba236081-53d2f8ad-ab8d2efb,29.236,29.487,1860,1830,23,23,0.88,0.43,0,0,2498,3000,1021,0,2819,2160
5c61db80-672e0874-ba236081-53d2f8ad-ab8d2efb,29.501,29.737,1851,1822,23,23,0.88,0.43,0,0,2498,3000,1021,0,2819,2160
5c61db80-672e0874-ba236081-53d2f8ad-ab8d2efb,29.918,30.043,701,1571,23,23,0.88,0.43,0,0,2498,3000,1021,0,2819,2160
5c61db80-672e0874-ba236081-53d2f8ad-ab8d2efb,30.114,30.225,763,1535,23,23,0.88,0.43,0,0,2498,3000,1021,0,2819,2160
5c61db80-672e0874-ba236081-53d2f8ad-ab8d2efb,30.336,30.544,1888,1620,23,23,0.88,0.43,0,0,2498,3000,1021,0,2819,2160
5c61db80-672e0874-ba236081-53d2f8ad-ab8d2efb,30.67,30.837,1901,1757,23,23,0.88,0.43,0,0,2498,3000,1021,0,2819,2160
5c61db80-672e0874-ba236081-53d2f8ad-ab8d2efb,30.976,31.115,574,1503,23,23,0.88,0.43,0,0,2498,3000,1021,0,2819,2160
5c61db80-672e0874-ba236081-53d2f8ad-ab8d2efb,31.366,31.477,731,1451,23,23,0.88,0.43,0,0,2498,3000,1021,0,2819,2160
5c61db80-672e0874-ba236081-53d2f8ad-ab8d2efb,31.575,31.825,1924,1560,23,23,0.88,0.43,0,0,2498,3000,1021,0,2819,2160
5c61db80-672e0874-ba236081-53d2f8ad-ab8d2efb,31.951,32.062,1899,1338,23,23,0.88,0.43,0,0,2498,3000,1021,0,2819,2160
5c61db80-672e0874-ba236081-53d2f8ad-ab8d2efb,32.246,32.368,478,1238,23,23,0.88,0.43,0,0,2498,3000,1021,0,2819,2160
5c61db80-672e0874-ba236081-53d2f8ad-ab8d2efb,32.688,32.841,1883,1203,23,23,0.88,0.43,0,0,2498,3000,1021,0,2819,2160
5c61db80-672e0874-ba236081-53d2f8ad-ab8d2efb,32.855,33.022,1875,1193,23,23,0.88,0.43,0,0,2498,3000,1021,0,2819,2160
5c61db80-672e0874-ba236081-53d2f8ad-ab8d2efb,33.273,33.412,379,949,23,23,0.88,0.43,0,0,2498,3000,1021,0,2819,2160
5c61db80-672e0874-ba236081-53d2f8ad-ab8d2efb,33.426,33.537,373,918,23,23,0.88,0.43,0,0,2498,3000,1021,0,2819,2160
5c61db80-672e0874-ba236081-53d2f8ad-ab8d2efb,33.704,33.857,1238,2560,23,23,0.88,0.43,0,0,2498,3000,1021,0,2819,2160
5c61db80-672e0874-ba236081-53d2f8ad-ab8d2efb,33.941,34.122,1095,2557,23,23,0.88,0.43,0,0,2498,3000,1021,0,2819,2160
5c61db80-672e0874-ba236081-53d2f8ad-ab8d2efb,34.136,34.373,1068,2559,23,23,0.88,0.43,0,0,2498,3000,1021,0,2819,2160
5c61db80-672e0874-ba236081-53d2f8ad-ab8d2efb,34.414,34.595,870,2348,23,23,0.88,0.43,0,0,2498,3000,1021,0,2819,2160
5c61db80-672e0874-ba236081-53d2f8ad-ab8d2efb,34.721,34.902,1105,2343,23,23,0.88,0.43,0,0,2498,3000,1021,0,2819,2160
5c61db80-672e0874-ba236081-53d2f8ad-ab8d2efb,34.916,35.069,1114,2338,23,23,0.88,0.43,0,0,2498,3000,1021,0,2819,2160
5c61db80-672e0874-ba236081-53d2f8ad-ab8d2efb,35.083,35.222,1064,2241,23,23,0.88,0.43,0,0,2498,3000,1021,0,2819,2160
5c61db80-672e0874-ba236081-53d2f8ad-ab8d2efb,35.319,35.57,883,2075,23,23,0.88,0.43,0,0,2498,3000,1021,0,2819,2160
5c61db80-672e0874-ba236081-53d2f8ad-ab8d2efb,35.708,35.917,786,1868,23,23,0.88,0.43,0,0,2498,3000,1021,0,2819,2160
5c61db80-672e0874-ba236081-53d2f8ad-ab8d2efb,36.085,36.572,1047,2633,23,23,0.88,0.43,0,0,2498,3000,1021,0,2819,2160
5c61db80-672e0874-ba236081-53d2f8ad-ab8d2efb,36.627,36.976,917,2428,23,23,0.88,0.43,0,0,2498,3000,1021,0,2819,2160
5c61db80-672e0874-ba236081-53d2f8ad-ab8d2efb,37.017,37.212,1029,2285,23,23,0.88,0.43,0,0,2498,3000,1021,0,2819,2160
5c61db80-672e0874-ba236081-53d2f8ad-ab8d2efb,37.254,37.532,1087,2182,23,23,0.88,0.43,0,0,2498,3000,1021,0,2819,2160
5c61db80-672e0874-ba236081-53d2f8ad-ab8d2efb,37.643,37.769,810,1958,23,23,0.88,0.43,0,0,2498,3000,1021,0,2819,2160
5c61db80-672e0874-ba236081-53d2f8ad-ab8d2efb,37.811,38.034,745,1747,23,23,0.88,0.43,0,0,2498,3000,1021,0,2819,2160
5c61db80-672e0874-ba236081-53d2f8ad-ab8d2efb,38.117,38.27,1068,1765,23,23,0.88,0.43,0,0,2498,3000,1021,0,2819,2160
5c61db80-672e0874-ba236081-53d2f8ad-ab8d2efb,38.283,38.395,1076,1800,23,23,0.88,0.43,0,0,2498,3000,1021,0,2819,2160
5c61db80-672e0874-ba236081-53d2f8ad-ab8d2efb,38.437,38.576,770,1541,23,23,0.88,0.43,0,0,2498,3000,1021,0,2819,2160
5c61db80-672e0874-ba236081-53d2f8ad-ab8d2efb,38.646,38.826,561,1441,23,23,0.88,0.43,0,0,2498,3000,1021,0,2819,2160
5c61db80-672e0874-ba236081-53d2f8ad-ab8d2efb,38.84,39.106,567,1412,23,23,0.88,0.43,0,0,2498,3000,1021,0,2819,2160
5c61db80-672e0874-ba236081-53d2f8ad-ab8d2efb,39.133,39.286,448,1180,23,23,0.88,0.43,0,0,2498,3000,1021,0,2819,2160
5c61db80-672e0874-ba236081-53d2f8ad-ab8d2efb,39.328,39.564,476,985,23,23,0.88,0.43,0,0,2498,3000,1021,0,2819,2160
5c61db80-672e0874-ba236081-53d2f8ad-ab8d2efb,39.578,39.704,464,957,23,23,0.88,0.43,0,0,2498,3000,1021,0,2819,2160
5c61db80-672e0874-ba236081-53d2f8ad-ab8d2efb,39.884,39.996,1824,2516,23,23,0.88,0.43,0,0,2498,3000,1021,0,2819,2160
5c61db80-672e0874-ba236081-53d2f8ad-ab8d2efb,40.009,40.204,1860,2630,23,23,0.88,0.43,0,0,2498,3000,1021,0,2819,2160
5c61db80-672e0874-ba236081-53d2f8ad-ab8d2efb,40.218,40.456,1864,2667,23,23,0.88,0.43,0,0,2498,3000,1021,0,2819,2160
5c61db80-672e0874-ba236081-53d2f8ad-ab8d2efb,40.47,40.609,1849,2658,23,23,0.88,0.43,0,0,2498,3000,1021,0,2819,2160
5c61db80-672e0874-ba236081-53d2f8ad-ab8d2efb,40.678,41.04,1892,2460,23,23,0.88,0.43,0,0,2498,3000,1021,0,2819,2160
5c61db80-672e0874-ba236081-53d2f8ad-ab8d2efb,41.179,41.347,1890,2252,23,23,0.88,0.43,0,0,2498,3000,1021,0,2819,2160
5c61db80-672e0874-ba236081-53d2f8ad-ab8d2efb,41.458,41.653,1943,2138,23,23,0.88,0.43,0,0,2498,3000,1021,0,2819,2160
5c61db80-672e0874-ba236081-53d2f8ad-ab8d2efb,41.722,41.834,1936,2010,23,23,0.88,0.43,0,0,2498,3000,1021,0,2819,2160
5c61db80-672e0874-ba236081-53d2f8ad-ab8d2efb,41.848,42.057,1946,1983,23,23,0.88,0.43,0,0,2498,3000,1021,0,2819,2160
5c61db80-672e0874-ba236081-53d2f8ad-ab8d2efb,42.07,42.182,1796,1916,23,23,0.88,0.43,0,0,2498,3000,1021,0,2819,2160
5c61db80-672e0874-ba236081-53d2f8ad-ab8d2efb,42.196,42.321,1782,1927,23,23,0.88,0.43,0,0,2498,3000,1021,0,2819,2160
5c61db80-672e0874-ba236081-53d2f8ad-ab8d2efb,42.349,42.558,1747,1743,23,23,0.88,0.43,0,0,2498,3000,1021,0,2819,2160
5c61db80-672e0874-ba236081-53d2f8ad-ab8d2efb,42.614,42.864,2040,1471,23,23,0.88,0.43,0,0,2498,3000,1021,0,2819,2160
5c61db80-672e0874-ba236081-53d2f8ad-ab8d2efb,42.892,43.072,2035,1009,23,23,0.88,0.43,0,0,2498,3000,1021,0,2819,2160
5c61db80-672e0874-ba236081-53d2f8ad-ab8d2efb,43.17,43.532,1584,986,23,23,0.88,0.43,0,0,2498,3000,1021,0,2819,2160
5c61db80-672e0874-ba236081-53d2f8ad-ab8d2efb,44.074,44.2,689,637,23,23,0.88,0.43,0,0,2498,3000,1021,0,2819,2160
5c61db80-672e0874-ba236081-53d2f8ad-ab8d2efb,45.021,45.146,2204,2774,23,23,0.88,0.43,0,0,2498,3000,1021,0,2819,2160
5c61db80-672e0874-ba236081-53d2f8ad-ab8d2efb,45.188,45.3,2189,2702,23,23,0.88,0.43,0,0,2498,3000,1021,0,2819,2160
5c61db80-672e0874-ba236081-53d2f8ad-ab8d2efb,45.494,45.69,1222,2298,23,23,0.88,0.43,0,0,2498,3000,1021,0,2819,2160
5c61db80-672e0874-ba236081-53d2f8ad-ab8d2efb,45.717,45.87,1264,2239,23,23,0.88,0.43,0,0,2498,3000,1021,0,2819,2160
f79f46d3-74a520f1-3039fa3d-eef50e3d-a5ad3e59,0.0,0.167,1305,2238,23,23,0.88,0.43,0,0,2498,3000,1021,0,2819,2160
f79f46d3-74a520f1-3039fa3d-eef50e3d-a5ad3e59,0.181,0.418,1317,2235,23,23,0.88,0.43,0,0,2498,3000,1021,0,2819,2160
f79f46d3-74a520f1-3039fa3d-eef50e3d-a5ad3e59,0.557,0.685,516,1953,23,23,0.88,0.43,0,0,2498,3000,1021,0,2819,2160
f79f46d3-74a520f1-3039fa3d-eef50e3d-a5ad3e59,0.877,0.99,414,2433,23,23,0.88,0.43,0,0,2498,3000,1021,0,2819,2160
f79f46d3-74a520f1-3039fa3d-eef50e3d-a5ad3e59,1.002,1.156,470,2409,23,23,0.88,0.43,0,0,2498,3000,1021,0,2819,2160
f79f46d3-74a520f1-3039fa3d-eef50e3d-a5ad3e59,1.169,1.297,502,2393,23,23,0.88,0.43,0,0,2498,3000,1021,0,2819,2160
f79f46d3-74a520f1-3039fa3d-eef50e3d-a5ad3e59,1.337,1.505,457,2062,23,23,0.88,0.43,0,0,2498,3000,1021,0,2819,2160
f79f46d3-74a520f1-3039fa3d-eef50e3d-a5ad3e59,1.645,1.81,480,2332,23,23,0.88,0.43,0,0,2498,3000,1021,0,2819,2160
f79f46d3-74a520f1-3039fa3d-eef50e3d-a5ad3e59,1.824,1.935,498,2338,23,23,0.88,0.43,0,0,2498,3000,1021,0,2819,2160
f79f46d3-74a520f1-3039fa3d-eef50e3d-a5ad3e59,2.019,2.199,535,2495,23,23,0.88,0.43,0,0,2498,3000,1021,0,2819,2160
f79f46d3-74a520f1-3039fa3d-eef50e3d-a5ad3e59,2.241,2.354,625,2623,23,23,0.88,0.43,0,0,2498,3000,1021,0,2819,2160
f79f46d3-74a520f1-3039fa3d-eef50e3d-a5ad3e59,2.367,2.591,631,2610,23,23,0.88,0.43,0,0,2498,3000,1021,0,2819,2160
f79f46d3-74a520f1-3039fa3d-eef50e3d-a5ad3e59,2.632,2.853,1017,2549,23,23,0.88,0.43,0,0,2498,3000,1021,0,2819,2160
f79f46d3-74a520f1-3039fa3d-eef50e3d-a5ad3e59,2.895,3.049,1279,2461,23,23,0.88,0.43,0,0,2498,3000,1021,0,2819,2160
f79f46d3-74a520f1-3039fa3d-eef50e3d-a5ad3e59,3.062,3.173,1313,2472,23,23,0.88,0.43,0,0,2498,3000,1021,0,2819,2160
f79f46d3-74a520f1-3039fa3d-eef50e3d-a5ad3e59,3.201,3.314,1654,2498,23,23,0.88,0.43,0,0,2498,3000,1021,0,2819,2160
f79f46d3-74a520f1-3039fa3d-eef50e3d-a5ad3e59,3.494,3.605,2143,2592,23,23,0.88,0.43,0,0,2498,3000,1021,0,2819,2160
f79f46d3-74a520f1-3039fa3d-eef50e3d-a5ad3e59,3.688,3.816,2310,2536,23,23,0.88,0.43,0,0,2498,3000,1021,0,2819,2160
f79f46d3-74a520f1-3039fa3d-eef50e3d-a5ad3e59,3.87,3.995,2293,2552,23,23,0.88,0.43,0,0,2498,3000,1021,0,2819,2160
f79f46d3-74a520f1-3039fa3d-eef50e3d-a5ad3e59,4.009,4.12,2246,2447,23,23,0.88,0.43,0,0,2498,3000,1021,0,2819,2160
f79f46d3-74a520f1-3039fa3d-eef50e3d-a5ad3e59,4.245,4.621,2270,2431,23,23,0.88,0.43,0,0,2498,3000,1021,0,2819,2160
f79f46d3-74a520f1-3039fa3d-eef50e3d-a5ad3e59,4.762,4.982,1444,2390,23,23,0.88,0.43,0,0,2498,3000,1021,0,2819,2160
f79f46d3-74a520f1-3039fa3d-eef50e3d-a5ad3e59,5.011,5.122,1508,2554,23,23,0.88,0.43,0,0,2498,3000,1021,0,2819,2160
f79f46d3-74a520f1-3039fa3d-eef50e3d-a5ad3e59,5.219,5.456,1050,2374,23,23,0.88,0.43,0,0,2498,3000,1021,0,2819,2160
f79f46d3-74a520f1-3039fa3d-eef50e3d-a5ad3e59,5.651,5.776,1083,2571,23,23,0.88,0.43,0,0,2498,3000,1021,0,2819,2160
f79f46d3-74a520f1-3039fa3d-eef50e3d-a5ad3e59,5.79,5.957,1087,2611,23,23,0.88,0.43,0,0,2498,3000,1021,0,2819,2160
f79f46d3-74a520f1-3039fa3d-eef50e3d-a5ad3e59,5.971,6.082,1092,2582,23,23,0.88,0.43,0,0,2498,3000,1021,0,2819,2160
f79f46d3-74a520f1-3039fa3d-eef50e3d-a5ad3e59,6.096,6.235,1116,2510,23,23,0.88,0.43,0,0,2498,3000,1021,0,2819,2160
f79f46d3-74a520f1-3039fa3d-eef50e3d-a5ad3e59,6.332,6.582,1101,2416,23,23,0.88,0.43,0,0,2498,3000,1021,0,2819,2160
f79f46d3-74a520f1-3039fa3d-eef50e3d-a5ad3e59,6.61,6.833,1013,2332,23,23,0.88,0.43,0,0,2498,3000,1021,0,2819,2160
f79f46d3-74a520f1-3039fa3d-eef50e3d-a5ad3e59,6.875,7.321,1168,2624,23,23,0.88,0.43,0,0,2498,3000,1021,0,2819,2160
f79f46d3-74a520f1-3039fa3d-eef50e3d-a5ad3e59,7.419,7.543,1058,2529,23,23,0.88,0.43,0,0,2498,3000,1021,0,2819,2160
f79f46d3-74a520f1-3039fa3d-eef50e3d-a5ad3e59,7.557,7.821,1046,2481,23,23,0.88,0.43,0,0,2498,3000,1021,0,2819,2160
f79f46d3-74a520f1-3039fa3d-eef50e3d-a5ad3e59,7.849,8.211,1039,2322,23,23,0.88,0.43,0,0,2498,3000,1021,0,2819,2160
f79f46d3-74a520f1-3039fa3d-eef50e3d-a5ad3e59,8.253,8.504,1033,2166,23,23,0.88,0.43,0,0,2498,3000,1021,0,2819,2160
f79f46d3-74a520f1-3039fa3d-eef50e3d-a5ad3e59,8.545,8.712,897,1944,23,23,0.88,0.43,0,0,2498,3000,1021,0,2819,2160
f79f46d3-74a520f1-3039fa3d-eef50e3d-a5ad3e59,8.755,8.88,935,1763,23,23,0.88,0.43,0,0,2498,3000,1021,0,2819,2160
f79f46d3-74a520f1-3039fa3d-eef50e3d-a5ad3e59,8.963,9.172,975,1623,23,23,0.88,0.43,0,0,2498,3000,1021,0,2819,2160
f79f46d3-74a520f1-3039fa3d-eef50e3d-a5ad3e59,9.185,9.423,909,1459,23,23,0.88,0.43,0,0,2498,3000,1021,0,2819,2160
f79f46d3-74a520f1-3039fa3d-eef50e3d-a5ad3e59,9.464,9.658,850,1264,23,23,0.88,0.43,0,0,2498,3000,1021,0,2819,2160
f79f46d3-74a520f1-3039fa3d-eef50e3d-a5ad3e59,9.798,9.992,864,1007,23,23,0.88,0.43,0,0,2498,3000,1021,0,2819,2160
f79f46d3-74a520f1-3039fa3d-eef50e3d-a5ad3e59,10.021,10.16,957,935,23,23,0.88,0.43,0,0,2498,3000,1021,0,2819,2160
f79f46d3-74a520f1-3039fa3d-eef50e3d-a5ad3e59,10.3,10.424,1150,2553,23,23,0.88,0.43,0,0,2498,3000,1021,0,2819,2160
f79f46d3-74a520f1-3039fa3d-eef50e3d-a5ad3e59,10.438,10.674,1187,2566,23,23,0.88,0.43,0,0,2498,3000,1021,0,2819,2160
f79f46d3-74a520f1-3039fa3d-eef50e3d-a5ad3e59,10.689,10.814,1162,2481,23,23,0.88,0.43,0,0,2498,3000,1021,0,2819,2160
f79f46d3-74a520f1-3039fa3d-eef50e3d-a5ad3e59,10.94,11.092,1058,2372,23,23,0.88,0.43,0,0,2498,3000,1021,0,2819,2160
f79f46d3-74a520f1-3039fa3d-eef50e3d-a5ad3e59,11.121,11.357,967,2243,23,23,0.88,0.43,0,0,2498,3000,1021,0,2819,2160
f79f46d3-74a520f1-3039fa3d-eef50e3d-a5ad3e59,11.399,11.649,856,1959,23,23,0.88,0.43,0,0,2498,3000,1021,0,2819,2160
f79f46d3-74a520f1-3039fa3d-eef50e3d-a5ad3e59,11.677,11.788,797,1780,23,23,0.88,0.43,0,0,2498,3000,1021,0,2819,2160
f79f46d3-74a520f1-3039fa3d-eef50e3d-a5ad3e59,11.872,12.067,776,1694,23,23,0.88,0.43,0,0,2498,3000,1021,0,2819,2160
f79f46d3-74a520f1-3039fa3d-eef50e3d-a5ad3e59,12.123,12.289,698,1481,23,23,0.88,0.43,0,0,2498,3000,1021,0,2819,2160
f79f46d3-74a520f1-3039fa3d-eef50e3d-a5ad3e59,12.387,12.498,576,1228,23,23,0.88,0.43,0,0,2498,3000,1021,0,2819,2160
f79f46d3-74a520f1-3039fa3d-eef50e3d-a5ad3e59,12.512,12.749,598,1214,23,23,0.88,0.43,0,0,2498,3000,1021,0,2819,2160
f79f46d3-74a520f1-3039fa3d-eef50e3d-a5ad3e59,12.777,12.943,470,1013,23,23,0.88,0.43,0,0,2498,3000,1021,0,2819,2160
f79f46d3-74a520f1-3039fa3d-eef50e3d-a5ad3e59,12.957,13.097,480,1029,23,23,0.88,0.43,0,0,2498,3000,1021,0,2819,2160
f79f46d3-74a520f1-3039fa3d-eef50e3d-a5ad3e59,13.139,13.278,432,873,23,23,0.88,0.43,0,0,2498,3000,1021,0,2819,2160
f79f46d3-74a520f1-3039fa3d-eef50e3d-a5ad3e59,13.39,13.626,342,594,23,23,0.88,0.43,0,0,2498,3000,1021,0,2819,2160
f79f46d3-74a520f1-3039fa3d-eef50e3d-a5ad3e59,13.766,13.891,345,362,23,23,0.88,0.43,0,0,2498,3000,1021,0,2819,2160
f79f46d3-74a520f1-3039fa3d-eef50e3d-a5ad3e59,14.058,14.169,1793,2441,23,23,0.88,0.43,0,0,2498,3000,1021,0,2819,2160
f79f46d3-74a520f1-3039fa3d-eef50e3d-a5ad3e59,14.224,14.336,1866,2521,23,23,0.88,0.43,0,0,2498,3000,1021,0,2819,2160
f79f46d3-74a520f1-3039fa3d-eef50e3d-a5ad3e59,14.587,14.74,1915,2500,23,23,0.88,0.43,0,0,2498,3000,1021,0,2819,2160
f79f46d3-74a520f1-3039fa3d-eef50e3d-a5ad3e59,14.754,15.032,1908,2455,23,23,0.88,0.43,0,0,2498,3000,1021,0,2819,2160
f79f46d3-74a520f1-3039fa3d-eef50e3d-a5ad3e59,15.129,15.255,1971,2185,23,23,0.88,0.43,0,0,2498,3000,1021,0,2819,2160
f79f46d3-74a520f1-3039fa3d-eef50e3d-a5ad3e59,15.338,15.519,2065,1954,23,23,0.88,0.43,0,0,2498,3000,1021,0,2819,2160
f79f46d3-74a520f1-3039fa3d-eef50e3d-a5ad3e59,15.687,15.854,2034,1745,23,23,0.88,0.43,0,0,2498,3000,1021,0,2819,2160
f79f46d3-74a520f1-3039fa3d-eef50e3d-a5ad3e59,15.882,16.075,2013,1565,23,23,0.88,0.43,0,0,2498,3000,1021,0,2819,2160
f79f46d3-74a520f1-3039fa3d-eef50e3d-a5ad3e59,16.09,16.229,2034,1552,23,23,0.88,0.43,0,0,2498,3000,1021,0,2819,2160
f79f46d3-74a520f1-3039fa3d-eef50e3d-a5ad3e59,16.326,16.452,2008,1492,23,23,0.88,0.43,0,0,2498,3000,1021,0,2819,2160
f79f46d3-74a520f1-3039fa3d-eef50e3d-a5ad3e59,16.493,16.758,1938,1235,23,23,0.88,0.43,0,0,2498,3000,1021,0,2819,2160
f79f46d3-74a520f1-3039fa3d-eef50e3d-a5ad3e59,16.785,17.008,1994,957,23,23,0.88,0.43,0,0,2498,3000,1021,0,2819,2160
f79f46d3-74a520f1-3039fa3d-eef50e3d-a5ad3e59,17.217,17.342,1978,2558,23,23,0.88,0.43,0,0,2498,3000,1021,0,2819,2160
f79f46d3-74a520f1-3039fa3d-eef50e3d-a5ad3e59,17.356,17.509,1903,2508,23,23,0.88,0.43,0,0,2498,3000,1021,0,2819,2160
f79f46d3-74a520f1-3039fa3d-eef50e3d-a5ad3e59,17.523,17.774,1900,2445,23,23,0.88,0.43,0,0,2498,3000,1021,0,2819,2160
f79f46d3-74a520f1-3039fa3d-eef50e3d-a5ad3e59,17.788,17.9,1944,2486,23,23,0.88,0.43,0,0,2498,3000,1021,0,2819,2160
f79f46d3-74a520f1-3039fa3d-eef50e3d-a5ad3e59,18.122,18.29,1947,2158,23,23,0.88,0.43,0,0,2498,3000,1021,0,2819,2160
f79f46d3-74a520f1-3039fa3d-eef50e3d-a5ad3e59,18.303,18.415,1896,1937,23,23,0.88,0.43,0,0,2498,3000,1021,0,2819,2160
f79f46d3-74a520f1-3039fa3d-eef50e3d-a5ad3e59,18.442,18.665,1876,1757,23,23,0.88,0.43,0,0,2498,3000,1021,0,2819,2160
f79f46d3-74a520f1-3039fa3d-eef50e3d-a5ad3e59,18.706,18.86,1839,1531,23,23,0.88,0.43,0,0,2498,3000,1021,0,2819,2160
f79f46d3-74a520f1-3039fa3d-eef50e3d-a5ad3e59,18.916,19.236,1786,1297,23,23,0.88,0.43,0,0,2498,3000,1021,0,2819,2160
f79f46d3-74a520f1-3039fa3d-eef50e3d-a5ad3e59,19.25,19.361,1733,1142,23,23,0.88,0.43,0,0,2498,3000,1021,0,2819,2160
f79f46d3-74a520f1-3039fa3d-eef50e3d-a5ad3e59,19.375,19.584,1725,1116,23,23,0.88,0.43,0,0,2498,3000,1021,0,2819,2160
f79f46d3-74a520f1-3039fa3d-eef50e3d-a5ad3e59,19.639,19.792,1316,1783,23,23,0.88,0.43,0,0,2498,3000,1021,0,2819,2160
f79f46d3-74a520f1-3039fa3d-eef50e3d-a5ad3e59,19.848,19.96,1098,2119,23,23,0.88,0.43,0,0,2498,3000,1021,0,2819,2160
f79f46d3-74a520f1-3039fa3d-eef50e3d-a5ad3e59,19.973,20.126,1126,2176,23,23,0.88,0.43,0,0,2498,3000,1021,0,2819,2160
f79f46d3-74a520f1-3039fa3d-eef50e3d-a5ad3e59,20.252,20.363,1463,2306,23,23,0.88,0.43,0,0,2498,3000,1021,0,2819,2160
f79f46d3-74a520f1-3039fa3d-eef50e3d-a5ad3e59,20.378,20.502,1469,2274,23,23,0.88,0.43,0,0,2498,3000,1021,0,2819,2160
f79f46d3-74a520f1-3039fa3d-eef50e3d-a5ad3e59,20.683,20.795,1046,2015,23,23,0.88,0.43,0,0,2498,3000,1021,0,2819,2160
f79f46d3-74a520f1-3039fa3d-eef50e3d-a5ad3e59,20.808,21.101,1054,1950,23,23,0.88,0.43,0,0,2498,3000,1021,0,2819,2160
f79f46d3-74a520f1-3039fa3d-eef50e3d-a5ad3e59,21.226,21.352,1482,2346,23,23,0.88,0.43,0,0,2498,3000,1021,0,2819,2160
f79f46d3-74a520f1-3039fa3d-eef50e3d-a5ad3e59,21.366,21.616,1476,2344,23,23,0.88,0.43,0,0,2498,3000,1021,0,2819,2160
f79f46d3-74a520f1-3039fa3d-eef50e3d-a5ad3e59,21.672,21.867,1497,2660,23,23,0.88,0.43,0,0,2498,3000,1021,0,2819,2160
f79f46d3-74a520f1-3039fa3d-eef50e3d-a5ad3e59,21.881,22.075,1509,2706,23,23,0.88,0.43,0,0,2498,3000,1021,0,2819,2160
f79f46d3-74a520f1-3039fa3d-eef50e3d-a5ad3e59,22.216,22.493,1449,1822,23,23,0.88,0.43,0,0,2498,3000,1021,0,2819,2160
f79f46d3-74a520f1-3039fa3d-eef50e3d-a5ad3e59,22.521,22.702,1265,1654,23,23,0.88,0.43,0,0,2498,3000,1021,0,2819,2160
f79f46d3-74a520f1-3039fa3d-eef50e3d-a5ad3e59,22.842,23.022,1555,1642,23,23,0.88,0.43,0,0,2498,3000,1021,0,2819,2160
f79f46d3-74a520f1-3039fa3d-eef50e3d-a5ad3e59,23.051,23.259,1552,1905,23,23,0.88,0.43,0,0,2498,3000,1021,0,2819,2160
f79f46d3-74a520f1-3039fa3d-eef50e3d-a5ad3e59,23.301,23.426,1575,1573,23,23,0.88,0.43,0,0,2498,3000,1021,0,2819,2160
f79f46d3-74a520f1-3039fa3d-eef50e3d-a5ad3e59,23.607,23.816,1216,1453,23,23,0.88,0.43,0,0,2498,3000,1021,0,2819,2160
f79f46d3-74a520f1-3039fa3d-eef50e3d-a5ad3e59,23.83,24.025,1033,1376,23,23,0.88,0.43,0,0,2498,3000,1021,0,2819,2160
f79f46d3-74a520f1-3039fa3d-eef50e3d-a5ad3e59,24.178,24.344,1618,1538,23,23,0.88,0.43,0,0,2498,3000,1021,0,2819,2160
f79f46d3-74a520f1-3039fa3d-eef50e3d-a5ad3e59,24.372,24.568,1684,1601,23,23,0.88,0.43,0,0,2498,3000,1021,0,2819,2160
f79f46d3-74a520f1-3039fa3d-eef50e3d-a5ad3e59,24.582,24.86,1524,1592,23,23,0.88,0.43,0,0,2498,3000,1021,0,2819,2160
f79f46d3-74a520f1-3039fa3d-eef50e3d-a5ad3e59,24.902,25.069,1410,1630,23,23,0.88,0.43,0,0,2498,3000,1021,0,2819,2160
f79f46d3-74a520f1-3039fa3d-eef50e3d-a5ad3e59,25.082,25.5,1579,1627,23,23,0.88,0.43,0,0,2498,3000,1021,0,2819,2160
f79f46d3-74a520f1-3039fa3d-eef50e3d-a5ad3e59,25.514,25.653,1585,1620,23,23,0.88,0.43,0,0,2498,3000,1021,0,2819,2160
f79f46d3-74a520f1-3039fa3d-eef50e3d-a5ad3e59,25.667,25.779,1624,1563,23,23,0.88,0.43,0,0,2498,3000,1021,0,2819,2160
f79f46d3-74a520f1-3039fa3d-eef50e3d-a5ad3e59,25.82,26.029,1585,1410,23,23,0.88,0.43,0,0,2498,3000,1021,0,2819,2160
f79f46d3-74a520f1-3039fa3d-eef50e3d-a5ad3e59,26.14,26.363,1487,1501,23,23,0.88,0.43,0,0,2498,3000,1021,0,2819,2160
f79f46d3-74a520f1-3039fa3d-eef50e3d-a5ad3e59,26.447,26.754,1567,1578,23,23,0.88,0.43,0,0,2498,3000,1021,0,2819,2160
f79f46d3-74a520f1-3039fa3d-eef50e3d-a5ad3e59,26.809,27.116,1615,1264,23,23,0.88,0.43,0,0,2498,3000,1021,0,2819,2160
f79f46d3-74a520f1-3039fa3d-eef50e3d-a5ad3e59,27.147,27.323,1690,1057,23,23,0.88,0.43,0,0,2498,3000,1021,0,2819,2160
f79f46d3-74a520f1-3039fa3d-eef50e3d-a5ad3e59,27.352,27.463,1454,1133,23,23,0.88,0.43,0,0,2498,3000,1021,0,2819,2160
f79f46d3-74a520f1-3039fa3d-eef50e3d-a5ad3e59,27.477,27.63,1446,1113,23,23,0.88,0.43,0,0,2498,3000,1021,0,2819,2160
f79f46d3-74a520f1-3039fa3d-eef50e3d-a5ad3e59,27.727,27.964,1404,833,23,23,0.88,0.43,0,0,2498,3000,1021,0,2819,2160
f79f46d3-74a520f1-3039fa3d-eef50e3d-a5ad3e59,28.022,28.326,1523,1019,23,23,0.88,0.43,0,0,2498,3000,1021,0,2819,2160
f79f46d3-74a520f1-3039fa3d-eef50e3d-a5ad3e59,28.382,28.549,824,999,23,23,0.88,0.43,0,0,2498,3000,1021,0,2819,2160
f79f46d3-74a520f1-3039fa3d-eef50e3d-a5ad3e59,29.009,29.135,1191,2228,23,23,0.88,0.43,0,0,2498,3000,1021,0,2819,2160
f79f46d3-74a520f1-3039fa3d-eef50e3d-a5ad3e59,29.161,29.273,1024,2296,23,23,0.88,0.43,0,0,2498,3000,1021,0,2819,2160
f79f46d3-74a520f1-3039fa3d-eef50e3d-a5ad3e59,29.356,29.524,1152,2527,23,23,0.88,0.43,0,0,2498,3000,1021,0,2819,2160
f79f46d3-74a520f1-3039fa3d-eef50e3d-a5ad3e59,29.705,29.843,1885,2503,23,23,0.88,0.43,0,0,2498,3000,1021,0,2819,2160
f79f46d3-74a520f1-3039fa3d-eef50e3d-a5ad3e59,29.941,30.053,1792,2510,23,23,0.88,0.43,0,0,2498,3000,1021,0,2819,2160
f79f46d3-74a520f1-3039fa3d-eef50e3d-a5ad3e59,30.067,30.178,1734,2513,23,23,0.88,0.43,0,0,2498,3000,1021,0,2819,2160
f79f46d3-74a520f1-3039fa3d-eef50e3d-a5ad3e59,30.22,30.401,1009,2174,23,23,0.88,0.43,0,0,2498,3000,1021,0,2819,2160
f79f46d3-74a520f1-3039fa3d-eef50e3d-a5ad3e59,30.415,30.582,993,2184,23,23,0.88,0.43,0,0,2498,3000,1021,0,2819,2160
f79f46d3-74a520f1-3039fa3d-eef50e3d-a5ad3e59,30.692,30.818,1069,2170,23,23,0.88,0.43,0,0,2498,3000,1021,0,2819,2160
f79f46d3-74a520f1-3039fa3d-eef50e3d-a5ad3e59,30.93,31.097,1788,2326,23,23,0.88,0.43,0,0,2498,3000,1021,0,2819,2160
f79f46d3-74a520f1-3039fa3d-eef50e3d-a5ad3e59,31.11,31.333,1801,2282,23,23,0.88,0.43,0,0,2498,3000,1021,0,2819,2160
f79f46d3-74a520f1-3039fa3d-eef50e3d-a5ad3e59,31.361,31.486,1780,2252,23,23,0.88,0.43,0,0,2498,3000,1021,0,2819,2160
f79f46d3-74a520f1-3039fa3d-eef50e3d-a5ad3e59,31.57,31.849,989,2122,23,23,0.88,0.43,0,0,2498,3000,1021,0,2819,2160
f79f46d3-74a520f1-3039fa3d-eef50e3d-a5ad3e59,31.946,32.183,1583,2086,23,23,0.88,0.43,0,0,2498,3000,1021,0,2819,2160
f79f46d3-74a520f1-3039fa3d-eef50e3d-a5ad3e59,32.196,32.419,1682,2084,23,23,0.88,0.43,0,0,2498,3000,1021,0,2819,2160
f79f46d3-74a520f1-3039fa3d-eef50e3d-a5ad3e59,32.558,32.67,1066,2011,23,23,0.88,0.43,0,0,2498,3000,1021,0,2819,2160
f79f46d3-74a520f1-3039fa3d-eef50e3d-a5ad3e59,32.684,32.795,1119,1987,23,23,0.88,0.43,0,0,2498,3000,1021,0,2819,2160
f79f46d3-74a520f1-3039fa3d-eef50e3d-a5ad3e59,32.893,33.073,1855,2090,23,23,0.88,0.43,0,0,2498,3000,1021,0,2819,2160
f79f46d3-74a520f1-3039fa3d-eef50e3d-a5ad3e59,33.087,33.282,1867,2075,23,23,0.88,0.43,0,0,2498,3000,1021,0,2819,2160
f79f46d3-74a520f1-3039fa3d-eef50e3d-a5ad3e59,33.296,33.421,1836,2096,23,23,0.88,0.43,0,0,2498,3000,1021,0,2819,2160
f79f46d3-74a520f1-3039fa3d-eef50e3d-a5ad3e59,33.436,33.589,1796,2095,23,23,0.88,0.43,0,0,2498,3000,1021,0,2819,2160
f79f46d3-74a520f1-3039fa3d-eef50e3d-a5ad3e59,33.671,33.894,1008,1799,23,23,0.88,0.43,0,0,2498,3000,1021,0,2819,2160
f79f46d3-74a520f1-3039fa3d-eef50e3d-a5ad3e59,33.922,34.047,847,1829,23,23,0.88,0.43,0,0,2498,3000,1021,0,2819,2160
f79f46d3-74a520f1-3039fa3d-eef50e3d-a5ad3e59,34.062,34.243,838,1789,23,23,0.88,0.43,0,0,2498,3000,1021,0,2819,2160
f79f46d3-74a520f1-3039fa3d-eef50e3d-a5ad3e59,34.34,34.493,1134,1802,23,23,0.88,0.43,0,0,2498,3000,1021,0,2819,2160
f79f46d3-74a520f1-3039fa3d-eef50e3d-a5ad3e59,34.549,34.826,1824,1893,23,23,0.88,0.43,0,0,2498,3000,1021,0,2819,2160
f79f46d3-74a520f1-3039fa3d-eef50e3d-a5ad3e59,34.841,35.036,1826,1897,23,23,0.88,0.43,0,0,2498,3000,1021,0,2819,2160
f79f46d3-74a520f1-3039fa3d-eef50e3d-a5ad3e59,35.175,35.315,817,1763,23,23,0.88,0.43,0,0,2498,3000,1021,0,2819,2160
f79f46d3-74a520f1-3039fa3d-eef50e3d-a5ad3e59,35.328,35.523,796,1728,23,23,0.88,0.43,0,0,2498,3000,1021,0,2819,2160
f79f46d3-74a520f1-3039fa3d-eef50e3d-a5ad3e59,35.537,35.676,824,1682,23,23,0.88,0.43,0,0,2498,3000,1021,0,2819,2160
f79f46d3-74a520f1-3039fa3d-eef50e3d-a5ad3e59,35.746,35.913,1114,1709,23,23,0.88,0.43,0,0,2498,3000,1021,0,2819,2160
f79f46d3-74a520f1-3039fa3d-eef50e3d-a5ad3e59,36.038,36.233,1734,1807,23,23,0.88,0.43,0,0,2498,3000,1021,0,2819,2160
f79f46d3-74a520f1-3039fa3d-eef50e3d-a5ad3e59,36.247,36.428,1875,1823,23,23,0.88,0.43,0,0,2498,3000,1021,0,2819,2160
f79f46d3-74a520f1-3039fa3d-eef50e3d-a5ad3e59,36.442,36.581,1853,1784,23,23,0.88,0.43,0,0,2498,3000,1021,0,2819,2160
f79f46d3-74a520f1-3039fa3d-eef50e3d-a5ad3e59,36.776,36.901,769,1557,23,23,0.88,0.43,0,0,2498,3000,1021,0,2819,2160
f79f46d3-74a520f1-3039fa3d-eef50e3d-a5ad3e59,36.915,37.026,814,1549,23,23,0.88,0.43,0,0,2498,3000,1021,0,2819,2160
f79f46d3-74a520f1-3039fa3d-eef50e3d-a5ad3e59,37.097,37.263,862,1463,23,23,0.88,0.43,0,0,2498,3000,1021,0,2819,2160
f79f46d3-74a520f1-3039fa3d-eef50e3d-a5ad3e59,37.36,37.472,1637,1664,23,23,0.88,0.43,0,0,2498,3000,1021,0,2819,2160
f79f46d3-74a520f1-3039fa3d-eef50e3d-a5ad3e59,37.583,37.751,1930,1626,23,23,0.88,0.43,0,0,2498,3000,1021,0,2819,2160
f79f46d3-74a520f1-3039fa3d-eef50e3d-a5ad3e59,37.765,37.987,1907,1650,23,23,0.88,0.43,0,0,2498,3000,1021,0,2819,2160
f79f46d3-74a520f1-3039fa3d-eef50e3d-a5ad3e59,38.029,38.168,1846,1612,23,23,0.88,0.43,0,0,2498,3000,1021,0,2819,2160
f79f46d3-74a520f1-3039fa3d-eef50e3d-a5ad3e59,38.252,38.433,673,1460,23,23,0.88,0.43,0,0,2498,3000,1021,0,2819,2160
f79f46d3-74a520f1-3039fa3d-eef50e3d-a5ad3e59,38.53,38.669,674,1405,23,23,0.88,0.43,0,0,2498,3000,1021,0,2819,2160
f79f46d3-74a520f1-3039fa3d-eef50e3d-a5ad3e59,38.724,38.934,1005,1418,23,23,0.88,0.43,0,0,2498,3000,1021,0,2819,2160
f79f46d3-74a520f1-3039fa3d-eef50e3d-a5ad3e59,39.17,39.323,1889,1509,23,23,0.88,0.43,0,0,2498,3000,1021,0,2819,2160
f79f46d3-74a520f1-3039fa3d-eef50e3d-a5ad3e59,39.337,39.462,1820,1500,23,23,0.88,0.43,0,0,2498,3000,1021,0,2819,2160
f79f46d3-74a520f1-3039fa3d-eef50e3d-a5ad3e59,39.477,39.602,1809,1470,23,23,0.88,0.43,0,0,2498,3000,1021,0,2819,2160
f79f46d3-74a520f1-3039fa3d-eef50e3d-a5ad3e59,39.783,39.893,621,1355,23,23,0.88,0.43,0,0,2498,3000,1021,0,2819,2160
f79f46d3-74a520f1-3039fa3d-eef50e3d-a5ad3e59,40.034,40.158,690,1314,23,23,0.88,0.43,0,0,2498,3000,1021,0,2819,2160
f79f46d3-74a520f1-3039fa3d-eef50e3d-a5ad3e59,40.172,40.312,751,1325,23,23,0.88,0.43,0,0,2498,3000,1021,0,2819,2160
f79f46d3-74a520f1-3039fa3d-eef50e3d-a5ad3e59,40.437,40.673,1872,1358,23,23,0.88,0.43,0,0,2498,3000,1021,0,2819,2160
f79f46d3-74a520f1-3039fa3d-eef50e3d-a5ad3e59,40.688,40.952,1832,1361,23,23,0.88,0.43,0,0,2498,3000,1021,0,2819,2160
f79f46d3-74a520f1-3039fa3d-eef50e3d-a5ad3e59,41.049,41.174,631,1195,23,23,0.88,0.43,0,0,2498,3000,1021,0,2819,2160
f79f46d3-74a520f1-3039fa3d-eef50e3d-a5ad3e59,41.244,41.369,509,1166,23,23,0.88,0.43,0,0,2498,3000,1021,0,2819,2160
f79f46d3-74a520f1-3039fa3d-eef50e3d-a5ad3e59,41.425,41.578,709,1148,23,23,0.88,0.43,0,0,2498,3000,1021,0,2819,2160
f79f46d3-74a520f1-3039fa3d-eef50e3d-a5ad3e59,41.662,41.871,1936,1276,23,23,0.88,0.43,0,0,2498,3000,1021,0,2819,2160
f79f46d3-74a520f1-3039fa3d-eef50e3d-a5ad3e59,41.885,41.996,1912,1268,23,23,0.88,0.43,0,0,2498,3000,1021,0,2819,2160
f79f46d3-74a520f1-3039fa3d-eef50e3d-a5ad3e59,42.009,42.121,1847,1260,23,23,0.88,0.43,0,0,2498,3000,1021,0,2819,2160
f79f46d3-74a520f1-3039fa3d-eef50e3d-a5ad3e59,42.455,42.581,606,1020,23,23,0.88,0.43,0,0,2498,3000,1021,0,2819,2160
f79f46d3-74a520f1-3039fa3d-eef50e3d-a5ad3e59,42.608,42.748,489,912,23,23,0.88,0.43,0,0,2498,3000,1021,0,2819,2160
f79f46d3-74a520f1-3039fa3d-eef50e3d-a5ad3e59,42.999,43.123,1935,978,23,23,0.88,0.43,0,0,2498,3000,1021,0,2819,2160
f79f46d3-74a520f1-3039fa3d-eef50e3d-a5ad3e59,43.137,43.346,1918,1010,23,23,0.88,0.43,0,0,2498,3000,1021,0,2819,2160
f79f46d3-74a520f1-3039fa3d-eef50e3d-a5ad3e59,43.36,43.514,1971,900,23,23,0.88,0.43,0,0,2498,3000,1021,0,2819,2160
f79f46d3-74a520f1-3039fa3d-eef50e3d-a5ad3e59,43.847,43.958,447,794,23,23,0.88,0.43,0,0,2498,3000,1021,0,2819,2160
f79f46d3-74a520f1-3039fa3d-eef50e3d-a5ad3e59,44.167,44.279,1916,960,23,23,0.88,0.43,0,0,2498,3000,1021,0,2819,2160
f79f46d3-74a520f1-3039fa3d-eef50e3d-a5ad3e59,44.293,44.432,1917,990,23,23,0.88,0.43,0,0,2498,3000,1021,0,2819,2160
f79f46d3-74a520f1-3039fa3d-eef50e3d-a5ad3e59,44.571,44.71,1105,2388,23,23,0.88,0.43,0,0,2498,3000,1021,0,2819,2160
f79f46d3-74a520f1-3039fa3d-eef50e3d-a5ad3e59,45.016,45.156,1338,2367,23,23,0.88,0.43,0,0,2498,3000,1021,0,2819,2160
f79f46d3-74a520f1-3039fa3d-eef50e3d-a5ad3e59,45.378,45.49,1748,2345,23,23,0.88,0.43,0,0,2498,3000,1021,0,2819,2160
f79f46d3-74a520f1-3039fa3d-eef50e3d-a5ad3e59,45.504,45.67,1740,2313,23,23,0.88,0.43,0,0,2498,3000,1021,0,2819,2160
f79f46d3-74a520f1-3039fa3d-eef50e3d-a5ad3e59,45.837,46.088,1093,2375,23,23,0.88,0.43,0,0,2498,3000,1021,0,2819,2160
f79f46d3-74a520f1-3039fa3d-eef50e3d-a5ad3e59,46.102,46.338,1161,2433,23,23,0.88,0.43,0,0,2498,3000,1021,0,2819,2160
f79f46d3-74a520f1-3039fa3d-eef50e3d-a5ad3e59,46.367,46.589,1071,2322,23,23,0.88,0.43,0,0,2498,3000,1021,0,2819,2160
f79f46d3-74a520f1-3039fa3d-eef50e3d-a5ad3e59,46.715,47.16,1181,2494,23,23,0.88,0.43,0,0,2498,3000,1021,0,2819,2160
f79f46d3-74a520f1-3039fa3d-eef50e3d-a5ad3e59,47.202,47.508,1290,2511,23,23,0.88,0.43,0,0,2498,3000,1021,0,2819,2160
f79f46d3-74a520f1-3039fa3d-eef50e3d-a5ad3e59,47.551,47.787,1016,2375,23,23,0.88,0.43,0,0,2498,3000,1021,0,2819,2160
f79f46d3-74a520f1-3039fa3d-eef50e3d-a5ad3e59,47.829,48.065,1084,2227,23,23,0.88,0.43,0,0,2498,3000,1021,0,2819,2160
f79f46d3-74a520f1-3039fa3d-eef50e3d-a5ad3e59,48.079,48.19,1079,2120,23,23,0.88,0.43,0,0,2498,3000,1021,0,2819,2160
f79f46d3-74a520f1-3039fa3d-eef50e3d-a5ad3e59,48.204,48.496,1096,2103,23,23,0.88,0.43,0,0,2498,3000,1021,0,2819,2160
f79f46d3-74a520f1-3039fa3d-eef50e3d-a5ad3e59,48.524,48.9,956,1965,23,23,0.88,0.43,0,0,2498,3000,1021,0,2819,2160
f79f46d3-74a520f1-3039fa3d-eef50e3d-a5ad3e59,48.928,49.178,992,1806,23,23,0.88,0.43,0,0,2498,3000,1021,0,2819,2160
f79f46d3-74a520f1-3039fa3d-eef50e3d-a5ad3e59,49.206,49.359,904,1714,23,23,0.88,0.43,0,0,2498,3000,1021,0,2819,2160
f79f46d3-74a520f1-3039fa3d-eef50e3d-a5ad3e59,49.415,49.526,824,1523,23,23,0.88,0.43,0,0,2498,3000,1021,0,2819,2160
f79f46d3-74a520f1-3039fa3d-eef50e3d-a5ad3e59,49.54,49.665,827,1509,23,23,0.88,0.43,0,0,2498,3000,1021,0,2819,2160
f79f46d3-74a520f1-3039fa3d-eef50e3d-a5ad3e59,49.693,49.819,871,1444,23,23,0.88,0.43,0,0,2498,3000,1021,0,2819,2160
f79f46d3-74a520f1-3039fa3d-eef50e3d-a5ad3e59,49.833,49.944,880,1429,23,23,0.88,0.43,0,0,2498,3000,1021,0,2819,2160
f79f46d3-74a520f1-3039fa3d-eef50e3d-a5ad3e59,49.957,50.194,949,1371,23,23,0.88,0.43,0,0,2498,3000,1021,0,2819,2160
f79f46d3-74a520f1-3039fa3d-eef50e3d-a5ad3e59,50.236,50.459,803,1168,23,23,0.88,0.43,0,0,2498,3000,1021,0,2819,2160
f79f46d3-74a520f1-3039fa3d-eef50e3d-a5ad3e59,50.515,50.737,721,1014,23,23,0.88,0.43,0,0,2498,3000,1021,0,2819,2160
f79f46d3-74a520f1-3039fa3d-eef50e3d-a5ad3e59,50.918,51.113,1824,2323,23,23,0.88,0.43,0,0,2498,3000,1021,0,2819,2160
f79f46d3-74a520f1-3039fa3d-eef50e3d-a5ad3e59,51.169,51.281,1896,2428,23,23,0.88,0.43,0,0,2498,3000,1021,0,2819,2160
f79f46d3-74a520f1-3039fa3d-eef50e3d-a5ad3e59,51.336,51.517,1820,2478,23,23,0.88,0.43,0,0,2498,3000,1021,0,2819,2160
f79f46d3-74a520f1-3039fa3d-eef50e3d-a5ad3e59,51.531,51.712,1818,2449,23,23,0.88,0.43,0,0,2498,3000,1021,0,2819,2160
f79f46d3-74a520f1-3039fa3d-eef50e3d-a5ad3e59,51.755,51.99,1910,2225,23,23,0.88,0.43,0,0,2498,3000,1021,0,2819,2160
f79f46d3-74a520f1-3039fa3d-eef50e3d-a5ad3e59,52.004,52.213,1896,2188,23,23,0.88,0.43,0,0,2498,3000,1021,0,2819,2160
f79f46d3-74a520f1-3039fa3d-eef50e3d-a5ad3e59,52.254,52.422,1820,2060,23,23,0.88,0.43,0,0,2498,3000,1021,0,2819,2160
f79f46d3-74a520f1-3039fa3d-eef50e3d-a5ad3e59,52.561,52.839,1871,1706,23,23,0.88,0.43,0,0,2498,3000,1021,0,2819,2160
f79f46d3-74a520f1-3039fa3d-eef50e3d-a5ad3e59,52.854,53.188,1689,1520,23,23,0.88,0.43,0,0,2498,3000,1021,0,2819,2160
f79f46d3-74a520f1-3039fa3d-eef50e3d-a5ad3e59,53.201,53.451,1776,1539,23,23,0.88,0.43,0,0,2498,3000,1021,0,2819,2160
f79f46d3-74a520f1-3039fa3d-eef50e3d-a5ad3e59,53.549,53.841,1865,1099,23,23,0.88,0.43,0,0,2498,3000,1021,0,2819,2160
f79f46d3-74a520f1-3039fa3d-eef50e3d-a5ad3e59,53.925,54.12,1806,954,23,23,0.88,0.43,0,0,2498,3000,1021,0,2819,2160
f79f46d3-74a520f1-3039fa3d-eef50e3d-a5ad3e59,54.162,54.342,1647,1010,23,23,0.88,0.43,0,0,2498,3000,1021,0,2819,2160
f79f46d3-74a520f1-3039fa3d-eef50e3d-a5ad3e59,54.44,54.566,1271,1079,23,23,0.88,0.43,0,0,2498,3000,1021,0,2819,2160
f79f46d3-74a520f1-3039fa3d-eef50e3d-a5ad3e59,54.774,54.885,1446,1361,23,23,0.88,0.43,0,0,2498,3000,1021,0,2819,2160
f79f46d3-74a520f1-3039fa3d-eef50e3d-a5ad3e59,55.053,55.205,1612,1674,23,23,0.88,0.43,0,0,2498,3000,1021,0,2819,2160
f79f46d3-74a520f1-3039fa3d-eef50e3d-a5ad3e59,55.512,55.623,2197,2757,23,23,0.88,0.43,0,0,2498,3000,1021,0,2819,2160
f79f46d3-74a520f1-3039fa3d-eef50e3d-a5ad3e59,55.637,55.762,2226,2788,23,23,0.88,0.43,0,0,2498,3000,1021,0,2819,2160
f79f46d3-74a520f1-3039fa3d-eef50e3d-a5ad3e59,55.832,55.985,2264,2850,23,23,0.88,0.43,0,0,2498,3000,1021,0,2819,2160
f79f46d3-74a520f1-3039fa3d-eef50e3d-a5ad3e59,56.166,56.319,2356,2909,23,23,0.88,0.43,0,0,2498,3000,1021,0,2819,2160
f79f46d3-74a520f1-3039fa3d-eef50e3d-a5ad3e59,56.417,56.528,2208,2403,23,23,0.88,0.43,0,0,2498,3000,1021,0,2819,2160
f79f46d3-74a520f1-3039fa3d-eef50e3d-a5ad3e59,56.542,56.848,2207,2414,23,23,0.88,0.43,0,0,2498,3000,1021,0,2819,2160
f79f46d3-74a520f1-3039fa3d-eef50e3d-a5ad3e59,56.973,57.154,2013,1176,23,23,0.88,0.43,0,0,2498,3000,1021,0,2819,2160
f79f46d3-74a520f1-3039fa3d-eef50e3d-a5ad3e59,57.196,57.349,1626,848,23,23,0.88,0.43,0,0,2498,3000,1021,0,2819,2160
f79f46d3-74a520f1-3039fa3d-eef50e3d-a5ad3e59,57.363,57.502,1601,858,23,23,0.88,0.43,0,0,2498,3000,1021,0,2819,2160
f79f46d3-74a520f1-3039fa3d-eef50e3d-a5ad3e59,57.767,57.878,770,890,23,23,0.88,0.43,0,0,2498,3000,1021,0,2819,2160
f79f46d3-74a520f1-3039fa3d-eef50e3d-a5ad3e59,58.045,58.171,1663,874,23,23,0.88,0.43,0,0,2498,3000,1021,0,2819,2160
f79f46d3-74a520f1-3039fa3d-eef50e3d-a5ad3e59,58.185,58.323,1638,905,23,23,0.88,0.43,0,0,2498,3000,1021,0,2819,2160
f79f46d3-74a520f1-3039fa3d-eef50e3d-a5ad3e59,58.365,58.491,1046,1009,23,23,0.88,0.43,0,0,2498,3000,1021,0,2819,2160
f79f46d3-74a520f1-3039fa3d-eef50e3d-a5ad3e59,58.504,58.616,1035,995,23,23,0.88,0.43,0,0,2498,3000,1021,0,2819,2160
f79f46d3-74a520f1-3039fa3d-eef50e3d-a5ad3e59,58.686,58.922,1693,941,23,23,0.88,0.43,0,0,2498,3000,1021,0,2819,2160
f79f46d3-74a520f1-3039fa3d-eef50e3d-a5ad3e59,59.048,59.494,970,973,23,23,0.88,0.43,0,0,2498,3000,1021,0,2819,2160
f79f46d3-74a520f1-3039fa3d-eef50e3d-a5ad3e59,59.632,59.855,1188,1682,23,23,0.88,0.43,0,0,2498,3000,1021,0,2819,2160
