image,timestamp_start_fixation,timestamp_end_fixation,x_position,y_position,angular_resolution_x_pixels_per_degree,angular_resolution_y_pixels_per_degree,window_width,window_level,xmin_shown_from_image,ymin_shown_from_image,xmax_shown_from_image,ymax_shown_from_image,xmin_in_screen_coordinates,ymin_in_screen_coordinates,xmax_in_screen_coordinates,ymax_in_screen_coordinates
060cf092-fe76bdf7-19fee515-26cbef2c-5c16ba6f,0.181,0.361,1452,832,24,24,1.0,0.5,0,0,2663,3000,961,0,2879,2160
060cf092-fe76bdf7-19fee515-26cbef2c-5c16ba6f,0.402,0.611,1221,1214,24,24,1.0,0.5,0,0,2663,3000,961,0,2879,2160
060cf092-fe76bdf7-19fee515-26cbef2c-5c16ba6f,0.639,0.847,1375,1339,24,24,1.0,0.5,0,0,2663,3000,961,0,2879,2160
060cf092-fe76bdf7-19fee515-26cbef2c-5c16ba6f,1.014,1.209,1074,1817,24,24,1.0,0.5,0,0,2663,3000,961,0,2879,2160
060cf092-fe76bdf7-19fee515-26cbef2c-5c16ba6f,1.292,1.514,716,1394,24,24,1.0,0.5,0,0,2663,3000,961,0,2879,2160
060cf092-fe76bdf7-19fee515-26cbef2c-5c16ba6f,1.556,1.792,789,1062,24,24,1.0,0.5,0,0,2663,3000,961,0,2879,2160
060cf092-fe76bdf7-19fee515-26cbef2c-5c16ba6f,1.833,1.944,1226,1362,24,24,1.0,0.5,0,0,2663,3000,961,0,2879,2160
060cf092-fe76bdf7-19fee515-26cbef2c-5c16ba6f,1.986,2.194,1265,1861,24,24,1.0,0.5,0,0,2663,3000,961,0,2879,2160
060cf092-fe76bdf7-19fee515-26cbef2c-5c16ba6f,2.222,2.444,1128,2074,24,24,1.0,0.5,0,0,2663,3000,961,0,2879,2160
060cf092-fe76bdf7-19fee515-26cbef2c-5c16ba6f,2.486,2.666,1400,2169,24,24,1.0,0.5,0,0,2663,3000,961,0,2879,2160
060cf092-fe76bdf7-19fee515-26cbef2c-5c16ba6f,2.735,2.972,1562,2382,24,24,1.0,0.5,0,0,2663,3000,961,0,2879,2160
060cf092-fe76bdf7-19fee515-26cbef2c-5c16ba6f,3.042,3.236,1133,2291,24,24,1.0,0.5,0,0,2663,3000,961,0,2879,2160
060cf092-fe76bdf7-19fee515-26cbef2c-5c16ba6f,3.291,3.444,1085,1847,24,24,1.0,0.5,0,0,2663,3000,961,0,2879,2160
060cf092-fe76bdf7-19fee515-26cbef2c-5c16ba6f,3.556,3.861,815,1660,24,24,1.0,0.5,0,0,2663,3000,961,0,2879,2160
060cf092-fe76bdf7-19fee515-26cbef2c-5c16ba6f,3.874,4.041,875,1816,24,24,1.0,0.5,0,0,2663,3000,961,0,2879,2160
060cf092-fe76bdf7-19fee515-26cbef2c-5c16ba6f,4.083,4.319,820,978,24,24,1.0,0.5,0,0,2663,3000,961,0,2879,2160
060cf092-fe76bdf7-19fee515-26cbef2c-5c16ba6f,4.333,4.485,841,959,24,24,1.0,0.5,0,0,2663,3000,961,0,2879,2160
060cf092-fe76bdf7-19fee515-26cbef2c-5c16ba6f,4.569,4.819,645,994,24,24,1.0,0.5,0,0,2663,3000,961,0,2879,2160
060cf092-fe76bdf7-19fee515-26cbef2c-5c16ba6f,4.832,5.111,607,1124,24,24,1.0,0.5,0,0,2663,3000,961,0,2879,2160
060cf092-fe76bdf7-19fee515-26cbef2c-5c16ba6f,5.138,5.485,845,1034,24,24,1.0,0.5,0,0,2663,3000,961,0,2879,2160
060cf092-fe76bdf7-19fee515-26cbef2c-5c16ba6f,5.5,5.638,1023,981,24,24,1.0,0.5,0,0,2663,3000,961,0,2879,2160
060cf092-fe76bdf7-19fee515-26cbef2c-5c16ba6f,6.111,6.222,1458,1561,24,24,1.0,0.5,0,0,2663,3000,961,0,2879,2160
060cf092-fe76bdf7-19fee515-26cbef2c-5c16ba6f,6.277,6.5,1439,1903,24,24,1.0,0.5,0,0,2663,3000,961,0,2879,2160
060cf092-fe76bdf7-19fee515-26cbef2c-5c16ba6f,6.527,6.749,1127,1905,24,24,1.0,0.5,0,0,2663,3000,961,0,2879,2160
060cf092-fe76bdf7-19fee515-26cbef2c-5c16ba6f,6.861,6.986,855,1956,24,24,1.0,0.5,0,0,2663,3000,961,0,2879,2160
060cf092-fe76bdf7-19fee515-26cbef2c-5c16ba6f,7.041,7.152,1094,2405,24,24,1.0,0.5,0,0,2663,3000,961,0,2879,2160
060cf092-fe76bdf7-19fee515-26cbef2c-5c16ba6f,7.208,7.444,1348,2591,24,24,1.0,0.5,0,0,2663,3000,961,0,2879,2160
060cf092-fe76bdf7-19fee515-26cbef2c-5c16ba6f,7.527,7.777,1268,2360,24,24,1.0,0.5,0,0,2663,3000,961,0,2879,2160
060cf092-fe76bdf7-19fee515-26cbef2c-5c16ba6f,7.819,7.93,1634,2115,24,24,1.0,0.5,0,0,2663,3000,961,0,2879,2160
060cf092-fe76bdf7-19fee515-26cbef2c-5c16ba6f,7.944,8.068,1601,2135,24,24,1.0,0.5,0,0,2663,3000,961,0,2879,2160
060cf092-fe76bdf7-19fee515-26cbef2c-5c16ba6f,8.124,8.276,1970,1886,24,24,1.0,0.5,0,0,2663,3000,961,0,2879,2160
060cf092-fe76bdf7-19fee515-26cbef2c-5c16ba6f,8.443,8.61,1563,1757,24,24,1.0,0.5,0,0,2663,3000,961,0,2879,2160
060cf092-fe76bdf7-19fee515-26cbef2c-5c16ba6f,8.651,8.777,1857,1887,24,24,1.0,0.5,0,0,2663,3000,961,0,2879,2160
060cf092-fe76bdf7-19fee515-26cbef2c-5c16ba6f,8.832,9.026,866,1878,24,24,1.0,0.5,0,0,2663,3000,961,0,2879,2160
060cf092-fe76bdf7-19fee515-26cbef2c-5c16ba6f,9.04,9.276,887,1877,24,24,1.0,0.5,0,0,2663,3000,961,0,2879,2160
060cf092-fe76bdf7-19fee515-26cbef2c-5c16ba6f,9.304,9.457,1217,1871,24,24,1.0,0.5,0,0,2663,3000,961,0,2879,2160
060cf092-fe76bdf7-19fee515-26cbef2c-5c16ba6f,9.484,9.652,1254,2375,24,24,1.0,0.5,0,0,2663,3000,961,0,2879,2160
060cf092-fe76bdf7-19fee515-26cbef2c-5c16ba6f,9.666,9.887,1287,2459,24,24,1.0,0.5,0,0,2663,3000,961,0,2879,2160
060cf092-fe76bdf7-19fee515-26cbef2c-5c16ba6f,9.915,10.123,1200,2303,24,24,1.0,0.5,0,0,2663,3000,961,0,2879,2160
060cf092-fe76bdf7-19fee515-26cbef2c-5c16ba6f,10.165,10.373,1193,1702,24,24,1.0,0.5,0,0,2663,3000,961,0,2879,2160
060cf092-fe76bdf7-19fee515-26cbef2c-5c16ba6f,10.431,10.569,958,1450,24,24,1.0,0.5,0,0,2663,3000,961,0,2879,2160
060cf092-fe76bdf7-19fee515-26cbef2c-5c16ba6f,10.581,10.734,937,1432,24,24,1.0,0.5,0,0,2663,3000,961,0,2879,2160
060cf092-fe76bdf7-19fee515-26cbef2c-5c16ba6f,10.776,10.943,721,1472,24,24,1.0,0.5,0,0,2663,3000,961,0,2879,2160
060cf092-fe76bdf7-19fee515-26cbef2c-5c16ba6f,10.97,11.151,715,1853,24,24,1.0,0.5,0,0,2663,3000,961,0,2879,2160
060cf092-fe76bdf7-19fee515-26cbef2c-5c16ba6f,11.193,11.484,863,1997,24,24,1.0,0.5,0,0,2663,3000,961,0,2879,2160
060cf092-fe76bdf7-19fee515-26cbef2c-5c16ba6f,11.54,11.72,918,1395,24,24,1.0,0.5,0,0,2663,3000,961,0,2879,2160
060cf092-fe76bdf7-19fee515-26cbef2c-5c16ba6f,11.748,11.928,607,1280,24,24,1.0,0.5,0,0,2663,3000,961,0,2879,2160
060cf092-fe76bdf7-19fee515-26cbef2c-5c16ba6f,11.984,12.222,1694,1155,24,24,1.0,0.5,0,0,2663,3000,961,0,2879,2160
060cf092-fe76bdf7-19fee515-26cbef2c-5c16ba6f,12.262,12.443,1681,1356,24,24,1.0,0.5,0,0,2663,3000,961,0,2879,2160
060cf092-fe76bdf7-19fee515-26cbef2c-5c16ba6f,12.79,12.984,644,1944,24,24,1.0,0.5,0,0,2663,3000,961,0,2879,2160
060cf092-fe76bdf7-19fee515-26cbef2c-5c16ba6f,13.026,13.275,1102,1940,24,24,1.0,0.5,0,0,2663,3000,961,0,2879,2160
060cf092-fe76bdf7-19fee515-26cbef2c-5c16ba6f,13.29,13.443,978,2102,24,24,1.0,0.5,0,0,2663,3000,961,0,2879,2160
060cf092-fe76bdf7-19fee515-26cbef2c-5c16ba6f,13.581,13.805,1324,2022,24,24,1.0,0.5,0,0,2663,3000,961,0,2879,2160
060cf092-fe76bdf7-19fee515-26cbef2c-5c16ba6f,13.859,14.026,1427,2425,24,24,1.0,0.5,0,0,2663,3000,961,0,2879,2160
060cf092-fe76bdf7-19fee515-26cbef2c-5c16ba6f,14.039,14.192,1439,2557,24,24,1.0,0.5,0,0,2663,3000,961,0,2879,2160
060cf092-fe76bdf7-19fee515-26cbef2c-5c16ba6f,14.262,14.414,2260,2648,24,24,1.0,0.5,0,0,2663,3000,961,0,2879,2160
060cf092-fe76bdf7-19fee515-26cbef2c-5c16ba6f,14.664,14.886,1241,1986,24,24,1.0,0.5,0,0,2663,3000,961,0,2879,2160
060cf092-fe76bdf7-19fee515-26cbef2c-5c16ba6f,14.956,15.206,864,2065,24,24,1.0,0.5,0,0,2663,3000,961,0,2879,2160
060cf092-fe76bdf7-19fee515-26cbef2c-5c16ba6f,15.247,15.459,879,2316,24,24,1.0,0.5,0,0,2663,3000,961,0,2879,2160
060cf092-fe76bdf7-19fee515-26cbef2c-5c16ba6f,15.553,15.733,1139,2335,24,24,1.0,0.5,0,0,2663,3000,961,0,2879,2160
060cf092-fe76bdf7-19fee515-26cbef2c-5c16ba6f,15.803,15.97,1501,2205,24,24,1.0,0.5,0,0,2663,3000,961,0,2879,2160
060cf092-fe76bdf7-19fee515-26cbef2c-5c16ba6f,16.109,16.344,1505,2094,24,24,1.0,0.5,0,0,2663,3000,961,0,2879,2160
060cf092-fe76bdf7-19fee515-26cbef2c-5c16ba6f,16.386,16.497,1841,1806,24,24,1.0,0.5,0,0,2663,3000,961,0,2879,2160
060cf092-fe76bdf7-19fee515-26cbef2c-5c16ba6f,16.678,16.859,1791,1667,24,24,1.0,0.5,0,0,2663,3000,961,0,2879,2160
060cf092-fe76bdf7-19fee515-26cbef2c-5c16ba6f,16.886,17.136,1497,1347,24,24,1.0,0.5,0,0,2663,3000,961,0,2879,2160
060cf092-fe76bdf7-19fee515-26cbef2c-5c16ba6f,17.191,17.317,976,1513,24,24,1.0,0.5,0,0,2663,3000,961,0,2879,2160
060cf092-fe76bdf7-19fee515-26cbef2c-5c16ba6f,17.4,17.511,1163,1772,24,24,1.0,0.5,0,0,2663,3000,961,0,2879,2160
060cf092-fe76bdf7-19fee515-26cbef2c-5c16ba6f,17.581,17.789,1090,2144,24,24,1.0,0.5,0,0,2663,3000,961,0,2879,2160
060cf092-fe76bdf7-19fee515-26cbef2c-5c16ba6f,17.872,18.136,902,1306,24,24,1.0,0.5,0,0,2663,3000,961,0,2879,2160
060cf092-fe76bdf7-19fee515-26cbef2c-5c16ba6f,18.15,18.275,924,1324,24,24,1.0,0.5,0,0,2663,3000,961,0,2879,2160
060cf092-fe76bdf7-19fee515-26cbef2c-5c16ba6f,18.303,18.469,1072,1461,24,24,1.0,0.5,0,0,2663,3000,961,0,2879,2160
060cf092-fe76bdf7-19fee515-26cbef2c-5c16ba6f,18.497,18.691,901,1760,24,24,1.0,0.5,0,0,2663,3000,961,0,2879,2160
060cf092-fe76bdf7-19fee515-26cbef2c-5c16ba6f,18.719,18.83,814,2061,24,24,1.0,0.5,0,0,2663,3000,961,0,2879,2160
060cf092-fe76bdf7-19fee515-26cbef2c-5c16ba6f,18.844,18.997,811,2109,24,24,1.0,0.5,0,0,2663,3000,961,0,2879,2160
060cf092-fe76bdf7-19fee515-26cbef2c-5c16ba6f,19.025,19.205,818,2304,24,24,1.0,0.5,0,0,2663,3000,961,0,2879,2160
060cf092-fe76bdf7-19fee515-26cbef2c-5c16ba6f,19.302,19.524,900,2460,24,24,1.0,0.5,0,0,2663,3000,961,0,2879,2160
060cf092-fe76bdf7-19fee515-26cbef2c-5c16ba6f,19.649,19.885,1277,2306,24,24,1.0,0.5,0,0,2663,3000,961,0,2879,2160
060cf092-fe76bdf7-19fee515-26cbef2c-5c16ba6f,19.913,20.052,1528,2296,24,24,1.0,0.5,0,0,2663,3000,961,0,2879,2160
060cf092-fe76bdf7-19fee515-26cbef2c-5c16ba6f,20.135,20.428,1534,2258,24,24,1.0,0.5,0,0,2663,3000,961,0,2879,2160
060cf092-fe76bdf7-19fee515-26cbef2c-5c16ba6f,20.458,20.734,1231,2317,24,24,1.0,0.5,0,0,2663,3000,961,0,2879,2160
060cf092-fe76bdf7-19fee515-26cbef2c-5c16ba6f,20.778,21.094,983,1965,24,24,1.0,0.5,0,0,2663,3000,961,0,2879,2160
060cf092-fe76bdf7-19fee515-26cbef2c-5c16ba6f,21.136,21.375,1341,1915,24,24,1.0,0.5,0,0,2663,3000,961,0,2879,2160
060cf092-fe76bdf7-19fee515-26cbef2c-5c16ba6f,21.44,22.023,897,1121,24,24,1.0,0.5,0,0,2663,3000,961,0,2879,2160
060cf092-fe76bdf7-19fee515-26cbef2c-5c16ba6f,22.218,22.371,867,1208,24,24,1.0,0.5,0,0,2663,3000,961,0,2879,2160
060cf092-fe76bdf7-19fee515-26cbef2c-5c16ba6f,22.412,22.565,636,1267,24,24,1.0,0.5,0,0,2663,3000,961,0,2879,2160
060cf092-fe76bdf7-19fee515-26cbef2c-5c16ba6f,22.621,22.801,649,1851,24,24,1.0,0.5,0,0,2663,3000,961,0,2879,2160
060cf092-fe76bdf7-19fee515-26cbef2c-5c16ba6f,22.885,23.01,916,2185,24,24,1.0,0.5,0,0,2663,3000,961,0,2879,2160
060cf092-fe76bdf7-19fee515-26cbef2c-5c16ba6f,23.023,23.232,905,2158,24,24,1.0,0.5,0,0,2663,3000,961,0,2879,2160
060cf092-fe76bdf7-19fee515-26cbef2c-5c16ba6f,23.287,23.69,883,1134,24,24,1.0,0.5,0,0,2663,3000,961,0,2879,2160
060cf092-fe76bdf7-19fee515-26cbef2c-5c16ba6f,23.718,23.872,677,1252,24,24,1.0,0.5,0,0,2663,3000,961,0,2879,2160
060cf092-fe76bdf7-19fee515-26cbef2c-5c16ba6f,23.913,24.121,863,1603,24,24,1.0,0.5,0,0,2663,3000,961,0,2879,2160
060cf092-fe76bdf7-19fee515-26cbef2c-5c16ba6f,24.15,24.358,853,1860,24,24,1.0,0.5,0,0,2663,3000,961,0,2879,2160
060cf092-fe76bdf7-19fee515-26cbef2c-5c16ba6f,24.385,24.565,826,2097,24,24,1.0,0.5,0,0,2663,3000,961,0,2879,2160
060cf092-fe76bdf7-19fee515-26cbef2c-5c16ba6f,24.662,24.996,862,2370,24,24,1.0,0.5,0,0,2663,3000,961,0,2879,2160
060cf092-fe76bdf7-19fee515-26cbef2c-5c16ba6f,25.024,25.134,866,2187,24,24,1.0,0.5,0,0,2663,3000,961,0,2879,2160
060cf092-fe76bdf7-19fee515-26cbef2c-5c16ba6f,25.245,25.551,862,2134,24,24,1.0,0.5,0,0,2663,3000,961,0,2879,2160
060cf092-fe76bdf7-19fee515-26cbef2c-5c16ba6f,25.62,25.787,1033,1368,24,24,1.0,0.5,0,0,2663,3000,961,0,2879,2160
060cf092-fe76bdf7-19fee515-26cbef2c-5c16ba6f,25.801,25.94,823,995,24,24,1.0,0.5,0,0,2663,3000,961,0,2879,2160
060cf092-fe76bdf7-19fee515-26cbef2c-5c16ba6f,25.954,26.106,849,1007,24,24,1.0,0.5,0,0,2663,3000,961,0,2879,2160
060cf092-fe76bdf7-19fee515-26cbef2c-5c16ba6f,26.12,26.232,726,1083,24,24,1.0,0.5,0,0,2663,3000,961,0,2879,2160
060cf092-fe76bdf7-19fee515-26cbef2c-5c16ba6f,26.357,26.689,914,1036,24,24,1.0,0.5,0,0,2663,3000,961,0,2879,2160
060cf092-fe76bdf7-19fee515-26cbef2c-5c16ba6f,26.717,26.898,815,1091,24,24,1.0,0.5,0,0,2663,3000,961,0,2879,2160
060cf092-fe76bdf7-19fee515-26cbef2c-5c16ba6f,26.912,27.08,1006,974,24,24,1.0,0.5,0,0,2663,3000,961,0,2879,2160
060cf092-fe76bdf7-19fee515-26cbef2c-5c16ba6f,27.204,27.315,758,892,24,24,1.0,0.5,0,0,2663,3000,961,0,2879,2160
060cf092-fe76bdf7-19fee515-26cbef2c-5c16ba6f,27.329,27.523,753,910,24,24,1.0,0.5,0,0,2663,3000,961,0,2879,2160
060cf092-fe76bdf7-19fee515-26cbef2c-5c16ba6f,27.567,27.789,858,1042,24,24,1.0,0.5,0,0,2663,3000,961,0,2879,2160
060cf092-fe76bdf7-19fee515-26cbef2c-5c16ba6f,27.801,27.969,666,1098,24,24,1.0,0.5,0,0,2663,3000,961,0,2879,2160
060cf092-fe76bdf7-19fee515-26cbef2c-5c16ba6f,27.995,28.287,601,810,24,24,1.0,0.5,0,0,2663,3000,961,0,2879,2160
060cf092-fe76bdf7-19fee515-26cbef2c-5c16ba6f,28.315,28.578,737,1089,24,24,1.0,0.5,0,0,2663,3000,961,0,2879,2160
060cf092-fe76bdf7-19fee515-26cbef2c-5c16ba6f,28.634,28.814,939,1045,24,24,1.0,0.5,0,0,2663,3000,961,0,2879,2160
060cf092-fe76bdf7-19fee515-26cbef2c-5c16ba6f,28.828,29.009,935,1038,24,24,1.0,0.5,0,0,2663,3000,961,0,2879,2160
060cf092-fe76bdf7-19fee515-26cbef2c-5c16ba6f,29.05,29.231,1540,993,24,24,1.0,0.5,0,0,2663,3000,961,0,2879,2160
060cf092-fe76bdf7-19fee515-26cbef2c-5c16ba6f,29.286,29.564,878,1030,24,24,1.0,0.5,0,0,2663,3000,961,0,2879,2160
060cf092-fe76bdf7-19fee515-26cbef2c-5c16ba6f,29.717,29.953,809,1091,24,24,1.0,0.5,0,0,2663,3000,961,0,2879,2160
060cf092-fe76bdf7-19fee515-26cbef2c-5c16ba6f,29.981,30.134,953,979,24,24,1.0,0.5,0,0,2663,3000,961,0,2879,2160
060cf092-fe76bdf7-19fee515-26cbef2c-5c16ba6f,30.148,30.286,969,1012,24,24,1.0,0.5,0,0,2663,3000,961,0,2879,2160
060cf092-fe76bdf7-19fee515-26cbef2c-5c16ba6f,30.342,30.481,1773,963,24,24,1.0,0.5,0,0,2663,3000,961,0,2879,2160
060cf092-fe76bdf7-19fee515-26cbef2c-5c16ba6f,30.536,30.814,892,1043,24,24,1.0,0.5,0,0,2663,3000,961,0,2879,2160
060cf092-fe76bdf7-19fee515-26cbef2c-5c16ba6f,30.87,31.05,699,1081,24,24,1.0,0.5,0,0,2663,3000,961,0,2879,2160
060cf092-fe76bdf7-19fee515-26cbef2c-5c16ba6f,31.064,31.355,876,1027,24,24,1.0,0.5,0,0,2663,3000,961,0,2879,2160
060cf092-fe76bdf7-19fee515-26cbef2c-5c16ba6f,31.369,31.55,726,1096,24,24,1.0,0.5,0,0,2663,3000,961,0,2879,2160
060cf092-fe76bdf7-19fee515-26cbef2c-5c16ba6f,31.578,31.772,922,1212,24,24,1.0,0.5,0,0,2663,3000,961,0,2879,2160
060cf092-fe76bdf7-19fee515-26cbef2c-5c16ba6f,31.8,31.939,910,1540,24,24,1.0,0.5,0,0,2663,3000,961,0,2879,2160
060cf092-fe76bdf7-19fee515-26cbef2c-5c16ba6f,31.994,32.342,802,1090,24,24,1.0,0.5,0,0,2663,3000,961,0,2879,2160
060cf092-fe76bdf7-19fee515-26cbef2c-5c16ba6f,32.355,32.577,696,1103,24,24,1.0,0.5,0,0,2663,3000,961,0,2879,2160
060cf092-fe76bdf7-19fee515-26cbef2c-5c16ba6f,32.619,32.981,890,1042,24,24,1.0,0.5,0,0,2663,3000,961,0,2879,2160
060cf092-fe76bdf7-19fee515-26cbef2c-5c16ba6f,33.008,33.23,934,917,24,24,1.0,0.5,0,0,2663,3000,961,0,2879,2160
060cf092-fe76bdf7-19fee515-26cbef2c-5c16ba6f,33.299,33.425,896,1017,24,24,1.0,0.5,0,0,2663,3000,961,0,2879,2160
060cf092-fe76bdf7-19fee515-26cbef2c-5c16ba6f,33.439,33.549,877,1020,24,24,1.0,0.5,0,0,2663,3000,961,0,2879,2160
060cf092-fe76bdf7-19fee515-26cbef2c-5c16ba6f,33.661,33.786,1907,782,24,24,1.0,0.5,0,0,2663,3000,961,0,2879,2160
060cf092-fe76bdf7-19fee515-26cbef2c-5c16ba6f,33.966,34.188,754,1049,24,24,1.0,0.5,0,0,2663,3000,961,0,2879,2160
060cf092-fe76bdf7-19fee515-26cbef2c-5c16ba6f,34.258,34.466,637,1154,24,24,1.0,0.5,0,0,2663,3000,961,0,2879,2160
060cf092-fe76bdf7-19fee515-26cbef2c-5c16ba6f,34.494,34.702,834,1064,24,24,1.0,0.5,0,0,2663,3000,961,0,2879,2160
060cf092-fe76bdf7-19fee515-26cbef2c-5c16ba6f,34.785,35.051,658,1089,24,24,1.0,0.5,0,0,2663,3000,961,0,2879,2160
060cf092-fe76bdf7-19fee515-26cbef2c-5c16ba6f,35.092,35.314,574,890,24,24,1.0,0.5,0,0,2663,3000,961,0,2879,2160
060cf092-fe76bdf7-19fee515-26cbef2c-5c16ba6f,35.328,35.466,614,874,24,24,1.0,0.5,0,0,2663,3000,961,0,2879,2160
060cf092-fe76bdf7-19fee515-26cbef2c-5c16ba6f,35.48,35.716,644,798,24,24,1.0,0.5,0,0,2663,3000,961,0,2879,2160
060cf092-fe76bdf7-19fee515-26cbef2c-5c16ba6f,35.757,35.979,969,829,24,24,1.0,0.5,0,0,2663,3000,961,0,2879,2160
060cf092-fe76bdf7-19fee515-26cbef2c-5c16ba6f,36.008,36.271,829,1109,24,24,1.0,0.5,0,0,2663,3000,961,0,2879,2160
060cf092-fe76bdf7-19fee515-26cbef2c-5c16ba6f,36.299,36.48,674,1124,24,24,1.0,0.5,0,0,2663,3000,961,0,2879,2160
060cf092-fe76bdf7-19fee515-26cbef2c-5c16ba6f,36.509,36.694,906,1073,24,24,1.0,0.5,0,0,2663,3000,961,0,2879,2160
060cf092-fe76bdf7-19fee515-26cbef2c-5c16ba6f,36.73,36.924,649,1207,24,24,1.0,0.5,0,0,2663,3000,961,0,2879,2160
060cf092-fe76bdf7-19fee515-26cbef2c-5c16ba6f,37.161,37.285,1011,2009,24,24,1.0,0.5,0,0,2663,3000,961,0,2879,2160
060cf092-fe76bdf7-19fee515-26cbef2c-5c16ba6f,37.314,37.424,1157,2280,24,24,1.0,0.5,0,0,2663,3000,961,0,2879,2160
060cf092-fe76bdf7-19fee515-26cbef2c-5c16ba6f,37.578,37.715,1451,2036,24,24,1.0,0.5,0,0,2663,3000,961,0,2879,2160
060cf092-fe76bdf7-19fee515-26cbef2c-5c16ba6f,37.785,37.896,1185,2266,24,24,1.0,0.5,0,0,2663,3000,961,0,2879,2160
060cf092-fe76bdf7-19fee515-26cbef2c-5c16ba6f,37.91,38.021,1197,2227,24,24,1.0,0.5,0,0,2663,3000,961,0,2879,2160
060cf092-fe76bdf7-19fee515-26cbef2c-5c16ba6f,38.062,38.229,1648,2041,24,24,1.0,0.5,0,0,2663,3000,961,0,2879,2160
060cf092-fe76bdf7-19fee515-26cbef2c-5c16ba6f,38.257,38.577,1137,2126,24,24,1.0,0.5,0,0,2663,3000,961,0,2879,2160
060cf092-fe76bdf7-19fee515-26cbef2c-5c16ba6f,38.618,38.812,1137,1812,24,24,1.0,0.5,0,0,2663,3000,961,0,2879,2160
060cf092-fe76bdf7-19fee515-26cbef2c-5c16ba6f,38.868,38.993,1283,2056,24,24,1.0,0.5,0,0,2663,3000,961,0,2879,2160
060cf092-fe76bdf7-19fee515-26cbef2c-5c16ba6f,39.034,39.257,1639,1567,24,24,1.0,0.5,0,0,2663,3000,961,0,2879,2160
060cf092-fe76bdf7-19fee515-26cbef2c-5c16ba6f,39.312,39.534,1836,1240,24,24,1.0,0.5,0,0,2663,3000,961,0,2879,2160
060cf092-fe76bdf7-19fee515-26cbef2c-5c16ba6f,39.617,39.784,878,1545,24,24,1.0,0.5,0,0,2663,3000,961,0,2879,2160
060cf092-fe76bdf7-19fee515-26cbef2c-5c16ba6f,39.812,40.131,762,1813,24,24,1.0,0.5,0,0,2663,3000,961,0,2879,2160
060cf092-fe76bdf7-19fee515-26cbef2c-5c16ba6f,40.16,40.353,585,1652,24,24,1.0,0.5,0,0,2663,3000,961,0,2879,2160
060cf092-fe76bdf7-19fee515-26cbef2c-5c16ba6f,40.381,40.534,812,1552,24,24,1.0,0.5,0,0,2663,3000,961,0,2879,2160
060cf092-fe76bdf7-19fee515-26cbef2c-5c16ba6f,40.659,40.798,715,1221,24,24,1.0,0.5,0,0,2663,3000,961,0,2879,2160
060cf092-fe76bdf7-19fee515-26cbef2c-5c16ba6f,40.909,41.034,1052,1702,24,24,1.0,0.5,0,0,2663,3000,961,0,2879,2160
060cf092-fe76bdf7-19fee515-26cbef2c-5c16ba6f,41.062,41.27,947,2033,24,24,1.0,0.5,0,0,2663,3000,961,0,2879,2160
060cf092-fe76bdf7-19fee515-26cbef2c-5c16ba6f,41.298,41.493,518,1871,24,24,1.0,0.5,0,0,2663,3000,961,0,2879,2160
060cf092-fe76bdf7-19fee515-26cbef2c-5c16ba6f,41.534,41.701,449,1945,24,24,1.0,0.5,0,0,2663,3000,961,0,2879,2160
060cf092-fe76bdf7-19fee515-26cbef2c-5c16ba6f,41.742,41.909,728,1282,24,24,1.0,0.5,0,0,2663,3000,961,0,2879,2160
060cf092-fe76bdf7-19fee515-26cbef2c-5c16ba6f,42.006,42.243,1028,2047,24,24,1.0,0.5,0,0,2663,3000,961,0,2879,2160
060cf092-fe76bdf7-19fee515-26cbef2c-5c16ba6f,42.27,42.451,1052,2169,24,24,1.0,0.5,0,0,2663,3000,961,0,2879,2160
060cf092-fe76bdf7-19fee515-26cbef2c-5c16ba6f,42.478,42.729,1453,1992,24,24,1.0,0.5,0,0,2663,3000,961,0,2879,2160
060cf092-fe76bdf7-19fee515-26cbef2c-5c16ba6f,42.756,42.95,1199,1806,24,24,1.0,0.5,0,0,2663,3000,961,0,2879,2160
060cf092-fe76bdf7-19fee515-26cbef2c-5c16ba6f,43.034,43.228,1799,1805,24,24,1.0,0.5,0,0,2663,3000,961,0,2879,2160
060cf092-fe76bdf7-19fee515-26cbef2c-5c16ba6f,43.242,43.367,1790,1798,24,24,1.0,0.5,0,0,2663,3000,961,0,2879,2160
060cf092-fe76bdf7-19fee515-26cbef2c-5c16ba6f,43.395,43.561,1835,1666,24,24,1.0,0.5,0,0,2663,3000,961,0,2879,2160
060cf092-fe76bdf7-19fee515-26cbef2c-5c16ba6f,43.631,43.853,871,1699,24,24,1.0,0.5,0,0,2663,3000,961,0,2879,2160
060cf092-fe76bdf7-19fee515-26cbef2c-5c16ba6f,43.881,44.117,688,1971,24,24,1.0,0.5,0,0,2663,3000,961,0,2879,2160
060cf092-fe76bdf7-19fee515-26cbef2c-5c16ba6f,44.159,44.353,487,2035,24,24,1.0,0.5,0,0,2663,3000,961,0,2879,2160
060cf092-fe76bdf7-19fee515-26cbef2c-5c16ba6f,44.381,44.575,832,2265,24,24,1.0,0.5,0,0,2663,3000,961,0,2879,2160
060cf092-fe76bdf7-19fee515-26cbef2c-5c16ba6f,44.617,44.797,794,2484,24,24,1.0,0.5,0,0,2663,3000,961,0,2879,2160
060cf092-fe76bdf7-19fee515-26cbef2c-5c16ba6f,44.936,45.117,139,2329,24,24,1.0,0.5,0,0,2663,3000,961,0,2879,2160
060cf092-fe76bdf7-19fee515-26cbef2c-5c16ba6f,45.2,45.381,603,1223,24,24,1.0,0.5,0,0,2663,3000,961,0,2879,2160
060cf092-fe76bdf7-19fee515-26cbef2c-5c16ba6f,45.422,45.533,554,780,24,24,1.0,0.5,0,0,2663,3000,961,0,2879,2160
060cf092-fe76bdf7-19fee515-26cbef2c-5c16ba6f,45.547,45.659,569,783,24,24,1.0,0.5,0,0,2663,3000,961,0,2879,2160
060cf092-fe76bdf7-19fee515-26cbef2c-5c16ba6f,45.714,45.909,840,808,24,24,1.0,0.5,0,0,2663,3000,961,0,2879,2160
060cf092-fe76bdf7-19fee515-26cbef2c-5c16ba6f,45.922,46.033,835,828,24,24,1.0,0.5,0,0,2663,3000,961,0,2879,2160
060cf092-fe76bdf7-19fee515-26cbef2c-5c16ba6f,46.047,46.172,721,896,24,24,1.0,0.5,0,0,2663,3000,961,0,2879,2160
060cf092-fe76bdf7-19fee515-26cbef2c-5c16ba6f,46.269,46.436,1115,910,24,24,1.0,0.5,0,0,2663,3000,961,0,2879,2160
060cf092-fe76bdf7-19fee515-26cbef2c-5c16ba6f,46.589,46.866,725,838,24,24,1.0,0.5,0,0,2663,3000,961,0,2879,2160
060cf092-fe76bdf7-19fee515-26cbef2c-5c16ba6f,46.922,47.061,899,812,24,24,1.0,0.5,0,0,2663,3000,961,0,2879,2160
060cf092-fe76bdf7-19fee515-26cbef2c-5c16ba6f,47.075,47.436,907,798,24,24,1.0,0.5,0,0,2663,3000,961,0,2879,2160
060cf092-fe76bdf7-19fee515-26cbef2c-5c16ba6f,47.477,47.616,745,880,24,24,1.0,0.5,0,0,2663,3000,961,0,2879,2160
060cf092-fe76bdf7-19fee515-26cbef2c-5c16ba6f,48.144,48.297,1766,560,24,24,1.0,0.5,0,0,2663,3000,961,0,2879,2160
060cf092-fe76bdf7-19fee515-26cbef2c-5c16ba6f,48.339,48.7,1318,761,24,24,1.0,0.5,0,0,2663,3000,961,0,2879,2160
060cf092-fe76bdf7-19fee515-26cbef2c-5c16ba6f,48.727,49.13,913,800,24,24,1.0,0.5,0,0,2663,3000,961,0,2879,2160
060cf092-fe76bdf7-19fee515-26cbef2c-5c16ba6f,49.158,49.394,1379,737,24,24,1.0,0.5,0,0,2663,3000,961,0,2879,2160
060cf092-fe76bdf7-19fee515-26cbef2c-5c16ba6f,49.408,49.616,1406,723,24,24,1.0,0.5,0,0,2663,3000,961,0,2879,2160
060cf092-fe76bdf7-19fee515-26cbef2c-5c16ba6f,49.644,50.047,1710,730,24,24,1.0,0.5,0,0,2663,3000,961,0,2879,2160
060cf092-fe76bdf7-19fee515-26cbef2c-5c16ba6f,50.061,50.31,1639,798,24,24,1.0,0.5,0,0,2663,3000,961,0,2879,2160
060cf092-fe76bdf7-19fee515-26cbef2c-5c16ba6f,50.338,50.602,1403,1068,24,24,1.0,0.5,0,0,2663,3000,961,0,2879,2160
060cf092-fe76bdf7-19fee515-26cbef2c-5c16ba6f,50.616,50.811,1412,1249,24,24,1.0,0.5,0,0,2663,3000,961,0,2879,2160
060cf092-fe76bdf7-19fee515-26cbef2c-5c16ba6f,50.838,51.187,1378,1525,24,24,1.0,0.5,0,0,2663,3000,961,0,2879,2160
060cf092-fe76bdf7-19fee515-26cbef2c-5c16ba6f,51.213,51.408,1517,1306,24,24,1.0,0.5,0,0,2663,3000,961,0,2879,2160
060cf092-fe76bdf7-19fee515-26cbef2c-5c16ba6f,51.508,51.616,986,1418,24,24,1.0,0.5,0,0,2663,3000,961,0,2879,2160
060cf092-fe76bdf7-19fee515-26cbef2c-5c16ba6f,51.727,51.851,1151,1711,24,24,1.0,0.5,0,0,2663,3000,961,0,2879,2160
060cf092-fe76bdf7-19fee515-26cbef2c-5c16ba6f,51.963,52.074,1653,1215,24,24,1.0,0.5,0,0,2663,3000,961,0,2879,2160
060cf092-fe76bdf7-19fee515-26cbef2c-5c16ba6f,52.212,52.365,1835,827,24,24,1.0,0.5,0,0,2663,3000,961,0,2879,2160
060cf092-fe76bdf7-19fee515-26cbef2c-5c16ba6f,52.379,52.532,1802,860,24,24,1.0,0.5,0,0,2663,3000,961,0,2879,2160
060cf092-fe76bdf7-19fee515-26cbef2c-5c16ba6f,52.546,52.741,1826,739,24,24,1.0,0.5,0,0,2663,3000,961,0,2879,2160
060cf092-fe76bdf7-19fee515-26cbef2c-5c16ba6f,52.879,53.032,2144,678,24,24,1.0,0.5,0,0,2663,3000,961,0,2879,2160
060cf092-fe76bdf7-19fee515-26cbef2c-5c16ba6f,53.046,53.227,2074,705,24,24,1.0,0.5,0,0,2663,3000,961,0,2879,2160
060cf092-fe76bdf7-19fee515-26cbef2c-5c16ba6f,53.255,53.532,2006,918,24,24,1.0,0.5,0,0,2663,3000,961,0,2879,2160
060cf092-fe76bdf7-19fee515-26cbef2c-5c16ba6f,53.574,53.699,1740,980,24,24,1.0,0.5,0,0,2663,3000,961,0,2879,2160
060cf092-fe76bdf7-19fee515-26cbef2c-5c16ba6f,53.782,53.907,1524,1471,24,24,1.0,0.5,0,0,2663,3000,961,0,2879,2160
060cf092-fe76bdf7-19fee515-26cbef2c-5c16ba6f,53.963,54.102,1532,1668,24,24,1.0,0.5,0,0,2663,3000,961,0,2879,2160
060cf092-fe76bdf7-19fee515-26cbef2c-5c16ba6f,54.227,54.338,1407,1682,24,24,1.0,0.5,0,0,2663,3000,961,0,2879,2160
060cf092-fe76bdf7-19fee515-26cbef2c-5c16ba6f,54.421,54.591,1517,1405,24,24,1.0,0.5,0,0,2663,3000,961,0,2879,2160
060cf092-fe76bdf7-19fee515-26cbef2c-5c16ba6f,54.647,54.81,1296,1969,24,24,1.0,0.5,0,0,2663,3000,961,0,2879,2160
060cf092-fe76bdf7-19fee515-26cbef2c-5c16ba6f,54.838,55.13,1260,2107,24,24,1.0,0.5,0,0,2663,3000,961,0,2879,2160
060cf092-fe76bdf7-19fee515-26cbef2c-5c16ba6f,55.158,55.31,1238,2390,24,24,1.0,0.5,0,0,2663,3000,961,0,2879,2160
060cf092-fe76bdf7-19fee515-26cbef2c-5c16ba6f,55.477,55.685,1225,1825,24,24,1.0,0.5,0,0,2663,3000,961,0,2879,2160
060cf092-fe76bdf7-19fee515-26cbef2c-5c16ba6f,55.713,55.922,1127,1666,24,24,1.0,0.5,0,0,2663,3000,961,0,2879,2160
060cf092-fe76bdf7-19fee515-26cbef2c-5c16ba6f,56.061,56.297,1187,1655,24,24,1.0,0.5,0,0,2663,3000,961,0,2879,2160
060cf092-fe76bdf7-19fee515-26cbef2c-5c16ba6f,56.394,56.575,1075,1621,24,24,1.0,0.5,0,0,2663,3000,961,0,2879,2160
060cf092-fe76bdf7-19fee515-26cbef2c-5c16ba6f,56.617,56.908,1239,1563,24,24,1.0,0.5,0,0,2663,3000,961,0,2879,2160
060cf092-fe76bdf7-19fee515-26cbef2c-5c16ba6f,56.922,57.214,1121,1559,24,24,1.0,0.5,0,0,2663,3000,961,0,2879,2160
060cf092-fe76bdf7-19fee515-26cbef2c-5c16ba6f,57.241,57.366,1446,1437,24,24,1.0,0.5,0,0,2663,3000,961,0,2879,2160
060cf092-fe76bdf7-19fee515-26cbef2c-5c16ba6f,57.38,57.714,1466,1415,24,24,1.0,0.5,0,0,2663,3000,961,0,2879,2160
060cf092-fe76bdf7-19fee515-26cbef2c-5c16ba6f,57.769,57.936,868,1425,24,24,1.0,0.5,0,0,2663,3000,961,0,2879,2160
060cf092-fe76bdf7-19fee515-26cbef2c-5c16ba6f,57.951,58.089,922,1452,24,24,1.0,0.5,0,0,2663,3000,961,0,2879,2160
060cf092-fe76bdf7-19fee515-26cbef2c-5c16ba6f,58.144,58.422,1544,1481,24,24,1.0,0.5,0,0,2663,3000,961,0,2879,2160
060cf092-fe76bdf7-19fee515-26cbef2c-5c16ba6f,58.464,58.659,1429,1694,24,24,1.0,0.5,0,0,2663,3000,961,0,2879,2160
060cf092-fe76bdf7-19fee515-26cbef2c-5c16ba6f,58.714,58.908,1076,1608,24,24,1.0,0.5,0,0,2663,3000,961,0,2879,2160
060cf092-fe76bdf7-19fee515-26cbef2c-5c16ba6f,58.935,59.295,1452,1474,24,24,1.0,0.5,0,0,2663,3000,961,0,2879,2160
060cf092-fe76bdf7-19fee515-26cbef2c-5c16ba6f,59.503,59.711,1197,2216,24,24,1.0,0.5,0,0,2663,3000,961,0,2879,2160
060cf092-fe76bdf7-19fee515-26cbef2c-5c16ba6f,59.739,59.948,1197,2519,24,24,1.0,0.5,0,0,2663,3000,961,0,2879,2160
060cf092-fe76bdf7-19fee515-26cbef2c-5c16ba6f,59.962,60.087,1209,2475,24,24,1.0,0.5,0,0,2663,3000,961,0,2879,2160
060cf092-fe76bdf7-19fee515-26cbef2c-5c16ba6f,60.1,60.336,1167,2228,24,24,1.0,0.5,0,0,2663,3000,961,0,2879,2160
060cf092-fe76bdf7-19fee515-26cbef2c-5c16ba6f,60.392,60.697,1255,1589,24,24,1.0,0.5,0,0,2663,3000,961,0,2879,2160
060cf092-fe76bdf7-19fee515-26cbef2c-5c16ba6f,60.726,60.989,1195,1450,24,24,1.0,0.5,0,0,2663,3000,961,0,2879,2160
060cf092-fe76bdf7-19fee515-26cbef2c-5c16ba6f,61.031,61.461,1484,1392,24,24,1.0,0.5,0,0,2663,3000,961,0,2879,2160
060cf092-fe76bdf7-19fee515-26cbef2c-5c16ba6f,61.475,61.642,1522,1370,24,24,1.0,0.5,0,0,2663,3000,961,0,2879,2160
060cf092-fe76bdf7-19fee515-26cbef2c-5c16ba6f,61.711,61.822,914,1461,24,24,1.0,0.5,0,0,2663,3000,961,0,2879,2160
060cf092-fe76bdf7-19fee515-26cbef2c-5c16ba6f,61.836,61.947,925,1484,24,24,1.0,0.5,0,0,2663,3000,961,0,2879,2160
060cf092-fe76bdf7-19fee515-26cbef2c-5c16ba6f,61.975,62.156,876,1625,24,24,1.0,0.5,0,0,2663,3000,961,0,2879,2160
060cf092-fe76bdf7-19fee515-26cbef2c-5c16ba6f,62.211,62.475,497,1981,24,24,1.0,0.5,0,0,2663,3000,961,0,2879,2160
060cf092-fe76bdf7-19fee515-26cbef2c-5c16ba6f,62.517,62.655,655,1436,24,24,1.0,0.5,0,0,2663,3000,961,0,2879,2160
060cf092-fe76bdf7-19fee515-26cbef2c-5c16ba6f,62.669,62.822,582,1299,24,24,1.0,0.5,0,0,2663,3000,961,0,2879,2160
060cf092-fe76bdf7-19fee515-26cbef2c-5c16ba6f,62.919,63.183,418,1970,24,24,1.0,0.5,0,0,2663,3000,961,0,2879,2160
060cf092-fe76bdf7-19fee515-26cbef2c-5c16ba6f,63.197,63.336,381,1982,24,24,1.0,0.5,0,0,2663,3000,961,0,2879,2160
060cf092-fe76bdf7-19fee515-26cbef2c-5c16ba6f,63.502,63.711,1904,1911,24,24,1.0,0.5,0,0,2663,3000,961,0,2879,2160
060cf092-fe76bdf7-19fee515-26cbef2c-5c16ba6f,63.725,63.863,1988,1906,24,24,1.0,0.5,0,0,2663,3000,961,0,2879,2160
060cf092-fe76bdf7-19fee515-26cbef2c-5c16ba6f,63.877,64.141,1977,1903,24,24,1.0,0.5,0,0,2663,3000,961,0,2879,2160
060cf092-fe76bdf7-19fee515-26cbef2c-5c16ba6f,64.183,64.335,1516,1944,24,24,1.0,0.5,0,0,2663,3000,961,0,2879,2160
060cf092-fe76bdf7-19fee515-26cbef2c-5c16ba6f,64.377,64.6,1898,1960,24,24,1.0,0.5,0,0,2663,3000,961,0,2879,2160
060cf092-fe76bdf7-19fee515-26cbef2c-5c16ba6f,64.627,64.78,2018,1975,24,24,1.0,0.5,0,0,2663,3000,961,0,2879,2160
060cf092-fe76bdf7-19fee515-26cbef2c-5c16ba6f,65.03,65.169,561,1991,24,24,1.0,0.5,0,0,2663,3000,961,0,2879,2160
060cf092-fe76bdf7-19fee515-26cbef2c-5c16ba6f,65.182,65.418,451,1966,24,24,1.0,0.5,0,0,2663,3000,961,0,2879,2160
060cf092-fe76bdf7-19fee515-26cbef2c-5c16ba6f,65.488,65.628,1588,1999,24,24,1.0,0.5,0,0,2663,3000,961,0,2879,2160
060cf092-fe76bdf7-19fee515-26cbef2c-5c16ba6f,65.668,65.821,2000,2511,24,24,1.0,0.5,0,0,2663,3000,961,0,2879,2160
060cf092-fe76bdf7-19fee515-26cbef2c-5c16ba6f,65.877,66.016,2260,2737,24,24,1.0,0.5,0,0,2663,3000,961,0,2879,2160
060cf092-fe76bdf7-19fee515-26cbef2c-5c16ba6f,66.127,66.461,1659,2471,24,24,1.0,0.5,0,0,2663,3000,961,0,2879,2160
060cf092-fe76bdf7-19fee515-26cbef2c-5c16ba6f,66.529,66.737,887,2446,24,24,1.0,0.5,0,0,2663,3000,961,0,2879,2160
060cf092-fe76bdf7-19fee515-26cbef2c-5c16ba6f,66.835,67.015,540,2489,24,24,1.0,0.5,0,0,2663,3000,961,0,2879,2160
060cf092-fe76bdf7-19fee515-26cbef2c-5c16ba6f,67.058,67.265,1208,2355,24,24,1.0,0.5,0,0,2663,3000,961,0,2879,2160
060cf092-fe76bdf7-19fee515-26cbef2c-5c16ba6f,67.335,67.515,1439,2361,24,24,1.0,0.5,0,0,2663,3000,961,0,2879,2160
060cf092-fe76bdf7-19fee515-26cbef2c-5c16ba6f,67.529,67.793,1263,2311,24,24,1.0,0.5,0,0,2663,3000,961,0,2879,2160
060cf092-fe76bdf7-19fee515-26cbef2c-5c16ba6f,67.807,68.224,1205,2308,24,24,1.0,0.5,0,0,2663,3000,961,0,2879,2160
060cf092-fe76bdf7-19fee515-26cbef2c-5c16ba6f,68.237,68.543,1293,2278,24,24,1.0,0.5,0,0,2663,3000,961,0,2879,2160
060cf092-fe76bdf7-19fee515-26cbef2c-5c16ba6f,68.557,68.696,1201,2308,24,24,1.0,0.5,0,0,2663,3000,961,0,2879,2160
060cf092-fe76bdf7-19fee515-26cbef2c-5c16ba6f,68.737,68.876,1535,2348,24,24,1.0,0.5,0,0,2663,3000,961,0,2879,2160
060cf092-fe76bdf7-19fee515-26cbef2c-5c16ba6f,68.946,69.084,1746,2468,24,24,1.0,0.5,0,0,2663,3000,961,0,2879,2160
060cf092-fe76bdf7-19fee515-26cbef2c-5c16ba6f,69.307,69.417,1073,2412,24,24,1.0,0.5,0,0,2663,3000,961,0,2879,2160
060cf092-fe76bdf7-19fee515-26cbef2c-5c16ba6f,69.432,69.556,1102,2446,24,24,1.0,0.5,0,0,2663,3000,961,0,2879,2160
060cf092-fe76bdf7-19fee515-26cbef2c-5c16ba6f,69.612,69.765,794,2466,24,24,1.0,0.5,0,0,2663,3000,961,0,2879,2160
060cf092-fe76bdf7-19fee515-26cbef2c-5c16ba6f,69.932,70.084,107,2368,24,24,1.0,0.5,0,0,2663,3000,961,0,2879,2160
060cf092-fe76bdf7-19fee515-26cbef2c-5c16ba6f,70.099,70.377,170,2374,24,24,1.0,0.5,0,0,2663,3000,961,0,2879,2160
060cf092-fe76bdf7-19fee515-26cbef2c-5c16ba6f,70.418,70.626,1058,2259,24,24,1.0,0.5,0,0,2663,3000,961,0,2879,2160
060cf092-fe76bdf7-19fee515-26cbef2c-5c16ba6f,70.723,70.848,1075,2237,24,24,1.0,0.5,0,0,2663,3000,961,0,2879,2160
060cf092-fe76bdf7-19fee515-26cbef2c-5c16ba6f,70.862,71.014,1090,2192,24,24,1.0,0.5,0,0,2663,3000,961,0,2879,2160
060cf092-fe76bdf7-19fee515-26cbef2c-5c16ba6f,71.043,71.195,1327,2274,24,24,1.0,0.5,0,0,2663,3000,961,0,2879,2160
060cf092-fe76bdf7-19fee515-26cbef2c-5c16ba6f,71.264,71.528,1235,2260,24,24,1.0,0.5,0,0,2663,3000,961,0,2879,2160
060cf092-fe76bdf7-19fee515-26cbef2c-5c16ba6f,71.556,71.737,1522,2020,24,24,1.0,0.5,0,0,2663,3000,961,0,2879,2160
060cf092-fe76bdf7-19fee515-26cbef2c-5c16ba6f,71.807,71.959,1833,1854,24,24,1.0,0.5,0,0,2663,3000,961,0,2879,2160
060cf092-fe76bdf7-19fee515-26cbef2c-5c16ba6f,72.0,72.181,1075,1727,24,24,1.0,0.5,0,0,2663,3000,961,0,2879,2160
060cf092-fe76bdf7-19fee515-26cbef2c-5c16ba6f,72.223,72.556,872,2177,24,24,1.0,0.5,0,0,2663,3000,961,0,2879,2160
060cf092-fe76bdf7-19fee515-26cbef2c-5c16ba6f,72.987,73.139,889,957,24,24,1.0,0.5,0,0,2663,3000,961,0,2879,2160
060cf092-fe76bdf7-19fee515-26cbef2c-5c16ba6f,73.292,73.459,797,1007,24,24,1.0,0.5,0,0,2663,3000,961,0,2879,2160
060cf092-fe76bdf7-19fee515-26cbef2c-5c16ba6f,73.486,73.778,610,1186,24,24,1.0,0.5,0,0,2663,3000,961,0,2879,2160
060cf092-fe76bdf7-19fee515-26cbef2c-5c16ba6f,73.806,74.153,866,1021,24,24,1.0,0.5,0,0,2663,3000,961,0,2879,2160
060cf092-fe76bdf7-19fee515-26cbef2c-5c16ba6f,74.167,74.403,953,997,24,24,1.0,0.5,0,0,2663,3000,961,0,2879,2160
060cf092-fe76bdf7-19fee515-26cbef2c-5c16ba6f,74.417,74.556,812,1018,24,24,1.0,0.5,0,0,2663,3000,961,0,2879,2160
060cf092-fe76bdf7-19fee515-26cbef2c-5c16ba6f,74.569,74.709,799,1013,24,24,1.0,0.5,0,0,2663,3000,961,0,2879,2160
060cf092-fe76bdf7-19fee515-26cbef2c-5c16ba6f,74.75,75.014,392,880,24,24,1.0,0.5,0,0,2663,3000,961,0,2879,2160
060cf092-fe76bdf7-19fee515-26cbef2c-5c16ba6f,75.055,75.32,840,1077,24,24,1.0,0.5,0,0,2663,3000,961,0,2879,2160
060cf092-fe76bdf7-19fee515-26cbef2c-5c16ba6f,75.334,75.514,939,1220,24,24,1.0,0.5,0,0,2663,3000,961,0,2879,2160
060cf092-fe76bdf7-19fee515-26cbef2c-5c16ba6f,75.555,75.694,1051,1796,24,24,1.0,0.5,0,0,2663,3000,961,0,2879,2160
060cf092-fe76bdf7-19fee515-26cbef2c-5c16ba6f,75.709,75.986,1041,1759,24,24,1.0,0.5,0,0,2663,3000,961,0,2879,2160
060cf092-fe76bdf7-19fee515-26cbef2c-5c16ba6f,76.125,76.389,871,1086,24,24,1.0,0.5,0,0,2663,3000,961,0,2879,2160
060cf092-fe76bdf7-19fee515-26cbef2c-5c16ba6f,76.486,76.722,1062,1007,24,24,1.0,0.5,0,0,2663,3000,961,0,2879,2160
060cf092-fe76bdf7-19fee515-26cbef2c-5c16ba6f,77.0,77.111,1320,2348,24,24,1.0,0.5,0,0,2663,3000,961,0,2879,2160
060cf092-fe76bdf7-19fee515-26cbef2c-5c16ba6f,77.25,77.486,1193,2059,24,24,1.0,0.5,0,0,2663,3000,961,0,2879,2160
060cf092-fe76bdf7-19fee515-26cbef2c-5c16ba6f,77.527,77.791,1336,1609,24,24,1.0,0.5,0,0,2663,3000,961,0,2879,2160
060cf092-fe76bdf7-19fee515-26cbef2c-5c16ba6f,77.847,77.986,1743,1876,24,24,1.0,0.5,0,0,2663,3000,961,0,2879,2160
060cf092-fe76bdf7-19fee515-26cbef2c-5c16ba6f,78.041,78.18,1131,2294,24,24,1.0,0.5,0,0,2663,3000,961,0,2879,2160
060cf092-fe76bdf7-19fee515-26cbef2c-5c16ba6f,78.222,78.389,1067,2613,24,24,1.0,0.5,0,0,2663,3000,961,0,2879,2160
060cf092-fe76bdf7-19fee515-26cbef2c-5c16ba6f,78.486,78.597,1342,2784,24,24,1.0,0.5,0,0,2663,3000,961,0,2879,2160
060cf092-fe76bdf7-19fee515-26cbef2c-5c16ba6f,78.819,79.042,2290,2739,24,24,1.0,0.5,0,0,2663,3000,961,0,2879,2160
060cf092-fe76bdf7-19fee515-26cbef2c-5c16ba6f,79.055,79.221,2339,2782,24,24,1.0,0.5,0,0,2663,3000,961,0,2879,2160
060cf092-fe76bdf7-19fee515-26cbef2c-5c16ba6f,79.319,79.513,1311,2838,24,24,1.0,0.5,0,0,2663,3000,961,0,2879,2160
060cf092-fe76bdf7-19fee515-26cbef2c-5c16ba6f,79.527,79.652,1307,2801,24,24,1.0,0.5,0,0,2663,3000,961,0,2879,2160
060cf092-fe76bdf7-19fee515-26cbef2c-5c16ba6f,79.694,79.93,1150,2622,24,24,1.0,0.5,0,0,2663,3000,961,0,2879,2160
060cf092-fe76bdf7-19fee515-26cbef2c-5c16ba6f,79.958,80.235,1278,2305,24,24,1.0,0.5,0,0,2663,3000,961,0,2879,2160
060cf092-fe76bdf7-19fee515-26cbef2c-5c16ba6f,80.263,80.43,1227,2261,24,24,1.0,0.5,0,0,2663,3000,961,0,2879,2160
060cf092-fe76bdf7-19fee515-26cbef2c-5c16ba6f,80.582,80.721,819,2306,24,24,1.0,0.5,0,0,2663,3000,961,0,2879,2160
060cf092-fe76bdf7-19fee515-26cbef2c-5c16ba6f,80.819,81.041,1130,1976,24,24,1.0,0.5,0,0,2663,3000,961,0,2879,2160
060cf092-fe76bdf7-19fee515-26cbef2c-5c16ba6f,81.068,81.375,892,2027,24,24,1.0,0.5,0,0,2663,3000,961,0,2879,2160
060cf092-fe76bdf7-19fee515-26cbef2c-5c16ba6f,81.401,81.596,1071,1690,24,24,1.0,0.5,0,0,2663,3000,961,0,2879,2160
060cf092-fe76bdf7-19fee515-26cbef2c-5c16ba6f,81.625,81.735,846,1597,24,24,1.0,0.5,0,0,2663,3000,961,0,2879,2160
060cf092-fe76bdf7-19fee515-26cbef2c-5c16ba6f,81.749,81.947,846,1562,24,24,0.95,0.21,0,0,2663,3000,961,0,2879,2160
060cf092-fe76bdf7-19fee515-26cbef2c-5c16ba6f,81.961,82.543,883,1618,24,24,0.82,0.0,0,0,2663,3000,961,0,2879,2160
060cf092-fe76bdf7-19fee515-26cbef2c-5c16ba6f,82.558,82.709,871,1566,24,24,0.88,1.0,0,0,2663,3000,961,0,2879,2160
060cf092-fe76bdf7-19fee515-26cbef2c-5c16ba6f,82.735,83.137,778,1476,24,24,0.85,0.8,0,0,2663,3000,961,0,2879,2160
060cf092-fe76bdf7-19fee515-26cbef2c-5c16ba6f,83.165,83.792,918,1535,24,24,0.79,0.22,0,0,2663,3000,961,0,2879,2160
060cf092-fe76bdf7-19fee515-26cbef2c-5c16ba6f,83.808,84.0,814,1523,24,24,0.86,0.69,0,0,2663,3000,961,0,2879,2160
060cf092-fe76bdf7-19fee515-26cbef2c-5c16ba6f,84.053,84.22,594,1871,24,24,0.86,0.75,0,0,2663,3000,961,0,2879,2160
060cf092-fe76bdf7-19fee515-26cbef2c-5c16ba6f,84.248,84.444,855,1705,24,24,0.86,0.75,0,0,2663,3000,961,0,2879,2160
060cf092-fe76bdf7-19fee515-26cbef2c-5c16ba6f,84.486,84.817,1238,1751,24,24,0.86,0.75,0,0,2663,3000,961,0,2879,2160
060cf092-fe76bdf7-19fee515-26cbef2c-5c16ba6f,84.873,85.227,636,1302,24,24,0.86,0.75,0,0,2663,3000,961,0,2879,2160
060cf092-fe76bdf7-19fee515-26cbef2c-5c16ba6f,85.265,85.484,920,1306,24,24,0.95,0.34,0,0,2663,3000,961,0,2879,2160
060cf092-fe76bdf7-19fee515-26cbef2c-5c16ba6f,85.54,85.945,966,1704,24,24,0.94,0.26,0,0,2663,3000,961,0,2879,2160
060cf092-fe76bdf7-19fee515-26cbef2c-5c16ba6f,85.975,86.206,999,2012,24,24,0.98,0.47,0,0,2663,3000,961,0,2879,2160
060cf092-fe76bdf7-19fee515-26cbef2c-5c16ba6f,86.289,86.486,1111,2001,24,24,1.01,0.62,0,0,2663,3000,961,0,2879,2160
060cf092-fe76bdf7-19fee515-26cbef2c-5c16ba6f,86.539,86.861,830,1529,24,24,1.01,0.62,0,0,2663,3000,961,0,2879,2160
060cf092-fe76bdf7-19fee515-26cbef2c-5c16ba6f,86.887,87.053,1001,1663,24,24,1.01,0.62,0,0,2663,3000,961,0,2879,2160
060cf092-fe76bdf7-19fee515-26cbef2c-5c16ba6f,87.081,87.471,1221,1962,24,24,1.01,0.62,0,0,2663,3000,961,0,2879,2160
060cf092-fe76bdf7-19fee515-26cbef2c-5c16ba6f,87.609,87.831,947,1718,24,24,1.02,0.33,0,0,2663,3000,961,0,2879,2160
060cf092-fe76bdf7-19fee515-26cbef2c-5c16ba6f,87.929,88.109,1230,1764,24,24,1.05,0.37,0,0,2663,3000,961,0,2879,2160
060cf092-fe76bdf7-19fee515-26cbef2c-5c16ba6f,88.123,88.276,1233,1742,24,24,1.07,0.43,0,0,2663,3000,961,0,2879,2160
060cf092-fe76bdf7-19fee515-26cbef2c-5c16ba6f,88.304,88.526,1074,1608,24,24,1.07,0.43,0,0,2663,3000,961,0,2879,2160
060cf092-fe76bdf7-19fee515-26cbef2c-5c16ba6f,88.779,89.053,654,1181,24,24,1.07,0.35,0,0,2663,3000,961,0,2879,2160
060cf092-fe76bdf7-19fee515-26cbef2c-5c16ba6f,89.081,89.331,771,1463,24,24,1.07,0.26,0,0,2663,3000,961,0,2879,2160
060cf092-fe76bdf7-19fee515-26cbef2c-5c16ba6f,89.373,89.555,900,1589,24,24,1.09,0.53,0,0,2663,3000,961,0,2879,2160
060cf092-fe76bdf7-19fee515-26cbef2c-5c16ba6f,89.776,89.998,542,2211,24,24,1.1,0.57,0,0,2663,3000,961,0,2879,2160
060cf092-fe76bdf7-19fee515-26cbef2c-5c16ba6f,90.039,90.414,840,2249,24,24,1.08,0.56,0,0,2663,3000,961,0,2879,2160
060cf092-fe76bdf7-19fee515-26cbef2c-5c16ba6f,90.456,90.886,540,2196,24,24,1.07,0.32,0,0,2663,3000,961,0,2879,2160
060cf092-fe76bdf7-19fee515-26cbef2c-5c16ba6f,90.914,91.219,424,1933,24,24,1.09,0.58,0,0,2663,3000,961,0,2879,2160
060cf092-fe76bdf7-19fee515-26cbef2c-5c16ba6f,91.358,91.555,514,2034,24,24,1.09,0.58,0,0,2663,3000,961,0,2879,2160
060cf092-fe76bdf7-19fee515-26cbef2c-5c16ba6f,91.667,91.78,952,2032,24,24,1.09,0.58,0,0,2663,3000,961,0,2879,2160
060cf092-fe76bdf7-19fee515-26cbef2c-5c16ba6f,91.804,91.97,939,2028,24,24,1.09,0.58,0,0,2663,3000,961,0,2879,2160
060cf092-fe76bdf7-19fee515-26cbef2c-5c16ba6f,92.025,92.163,1332,1956,24,24,1.09,0.58,0,0,2663,3000,961,0,2879,2160
060cf092-fe76bdf7-19fee515-26cbef2c-5c16ba6f,92.247,92.399,1851,2090,24,24,1.09,0.58,0,0,2663,3000,961,0,2879,2160
060cf092-fe76bdf7-19fee515-26cbef2c-5c16ba6f,92.413,92.544,1812,2108,24,24,1.09,0.58,0,0,2663,3000,961,0,2879,2160
060cf092-fe76bdf7-19fee515-26cbef2c-5c16ba6f,92.624,92.902,1952,2088,24,24,1.09,0.58,0,0,2663,3000,961,0,2879,2160
060cf092-fe76bdf7-19fee515-26cbef2c-5c16ba6f,92.917,93.027,1808,2041,24,24,1.09,0.58,0,0,2663,3000,961,0,2879,2160
060cf092-fe76bdf7-19fee515-26cbef2c-5c16ba6f,93.181,93.5,647,2080,24,24,1.09,0.58,0,0,2663,3000,961,0,2879,2160
060cf092-fe76bdf7-19fee515-26cbef2c-5c16ba6f,93.542,93.858,1129,1882,24,24,1.09,0.58,0,0,2663,3000,961,0,2879,2160
060cf092-fe76bdf7-19fee515-26cbef2c-5c16ba6f,93.871,94.47,1036,1643,24,24,1.09,0.58,0,0,2663,3000,961,0,2879,2160
060cf092-fe76bdf7-19fee515-26cbef2c-5c16ba6f,94.482,94.885,1216,1627,24,24,1.19,0.26,0,0,2663,3000,961,0,2879,2160
060cf092-fe76bdf7-19fee515-26cbef2c-5c16ba6f,94.913,95.052,780,1688,24,24,1.23,0.52,0,0,2663,3000,961,0,2879,2160
060cf092-fe76bdf7-19fee515-26cbef2c-5c16ba6f,95.079,95.51,697,2039,24,24,1.23,0.52,0,0,2663,3000,961,0,2879,2160
060cf092-fe76bdf7-19fee515-26cbef2c-5c16ba6f,95.538,95.885,539,2105,24,24,1.34,0.39,0,0,2663,3000,961,0,2879,2160
060cf092-fe76bdf7-19fee515-26cbef2c-5c16ba6f,95.913,96.079,835,2267,24,24,1.34,0.39,0,0,2663,3000,961,0,2879,2160
060cf092-fe76bdf7-19fee515-26cbef2c-5c16ba6f,96.177,96.454,1149,2373,24,24,1.34,0.39,0,0,2663,3000,961,0,2879,2160
060cf092-fe76bdf7-19fee515-26cbef2c-5c16ba6f,96.538,96.648,814,1379,24,24,1.34,0.39,0,0,2663,3000,961,0,2879,2160
060cf092-fe76bdf7-19fee515-26cbef2c-5c16ba6f,96.76,96.94,584,1294,24,24,1.34,0.39,0,0,2663,3000,961,0,2879,2160
060cf092-fe76bdf7-19fee515-26cbef2c-5c16ba6f,96.982,97.149,894,1647,24,24,1.34,0.39,0,0,2663,3000,961,0,2879,2160
060cf092-fe76bdf7-19fee515-26cbef2c-5c16ba6f,97.288,97.49,1144,2199,24,24,1.34,0.39,0,0,2663,3000,961,0,2879,2160
060cf092-fe76bdf7-19fee515-26cbef2c-5c16ba6f,97.537,97.733,1508,2155,24,24,1.34,0.39,0,0,2663,3000,961,0,2879,2160
060cf092-fe76bdf7-19fee515-26cbef2c-5c16ba6f,97.817,98.01,1679,1315,24,24,1.34,0.39,0,0,2663,3000,961,0,2879,2160
060cf092-fe76bdf7-19fee515-26cbef2c-5c16ba6f,98.121,98.273,1832,749,24,24,1.34,0.39,0,0,2663,3000,961,0,2879,2160
060cf092-fe76bdf7-19fee515-26cbef2c-5c16ba6f,98.288,98.391,1809,789,24,24,1.34,0.39,0,0,2663,3000,961,0,2879,2160
060cf092-fe76bdf7-19fee515-26cbef2c-5c16ba6f,98.455,98.567,930,1106,24,24,1.34,0.39,0,0,2663,3000,961,0,2879,2160
060cf092-fe76bdf7-19fee515-26cbef2c-5c16ba6f,98.596,98.705,899,1102,24,24,1.34,0.39,0,0,2663,3000,961,0,2879,2160
060cf092-fe76bdf7-19fee515-26cbef2c-5c16ba6f,98.76,98.97,1554,1165,24,24,1.34,0.39,0,0,2663,3000,961,0,2879,2160
060cf092-fe76bdf7-19fee515-26cbef2c-5c16ba6f,99.055,99.191,1964,545,24,24,1.34,0.39,0,0,2663,3000,961,0,2879,2160
060cf092-fe76bdf7-19fee515-26cbef2c-5c16ba6f,99.316,99.567,1203,680,24,24,1.34,0.39,0,0,2663,3000,961,0,2879,2160
060cf092-fe76bdf7-19fee515-26cbef2c-5c16ba6f,99.62,99.878,757,849,24,24,1.34,0.39,0,0,2663,3000,961,0,2879,2160
060cf092-fe76bdf7-19fee515-26cbef2c-5c16ba6f,99.914,100.067,703,1102,24,24,1.34,0.39,0,0,2663,3000,961,0,2879,2160
060cf092-fe76bdf7-19fee515-26cbef2c-5c16ba6f,100.095,100.275,572,1274,24,24,1.34,0.39,0,0,2663,3000,961,0,2879,2160
060cf092-fe76bdf7-19fee515-26cbef2c-5c16ba6f,100.412,100.627,807,2023,24,24,1.34,0.39,0,0,2663,3000,961,0,2879,2160
060cf092-fe76bdf7-19fee515-26cbef2c-5c16ba6f,100.663,100.789,508,2061,24,24,1.34,0.39,0,0,2663,3000,961,0,2879,2160
060cf092-fe76bdf7-19fee515-26cbef2c-5c16ba6f,100.819,100.928,913,2249,24,24,1.34,0.39,0,0,2663,3000,961,0,2879,2160
060cf092-fe76bdf7-19fee515-26cbef2c-5c16ba6f,101.412,101.703,2266,2680,24,24,1.34,0.39,0,0,2663,3000,961,0,2879,2160
060cf092-fe76bdf7-19fee515-26cbef2c-5c16ba6f,101.967,102.275,1078,2567,24,24,1.34,0.39,0,0,2663,3000,961,0,2879,2160
060cf092-fe76bdf7-19fee515-26cbef2c-5c16ba6f,102.314,102.633,554,2527,24,24,1.34,0.39,0,0,2663,3000,961,0,2879,2160
060cf092-fe76bdf7-19fee515-26cbef2c-5c16ba6f,102.676,102.788,128,2405,24,24,1.34,0.39,0,0,2663,3000,961,0,2879,2160
060cf092-fe76bdf7-19fee515-26cbef2c-5c16ba6f,102.805,103.041,145,2396,24,24,1.34,0.39,0,0,2663,3000,961,0,2879,2160
060cf092-fe76bdf7-19fee515-26cbef2c-5c16ba6f,103.08,103.304,981,2056,24,24,1.34,0.39,0,0,2663,3000,961,0,2879,2160
060cf092-fe76bdf7-19fee515-26cbef2c-5c16ba6f,103.344,103.745,1026,1544,24,24,1.34,0.39,0,0,2663,3000,961,0,2879,2160
060cf092-fe76bdf7-19fee515-26cbef2c-5c16ba6f,103.761,104.05,897,1431,24,24,1.34,0.39,0,0,2663,3000,961,0,2879,2160
060cf092-fe76bdf7-19fee515-26cbef2c-5c16ba6f,104.078,104.357,1036,1335,24,24,1.34,0.39,0,0,2663,3000,961,0,2879,2160
060cf092-fe76bdf7-19fee515-26cbef2c-5c16ba6f,104.412,104.8,1615,1304,24,24,1.34,0.39,0,0,2663,3000,961,0,2879,2160
060cf092-fe76bdf7-19fee515-26cbef2c-5c16ba6f,104.842,105.23,828,1064,24,24,1.34,0.39,0,0,2663,3000,961,0,2879,2160
060cf092-fe76bdf7-19fee515-26cbef2c-5c16ba6f,105.244,105.536,922,995,24,24,1.34,0.39,0,0,2663,3000,961,0,2879,2160
060cf092-fe76bdf7-19fee515-26cbef2c-5c16ba6f,105.676,105.955,705,1088,24,24,1.34,0.39,0,0,2663,3000,961,0,2879,2160
060cf092-fe76bdf7-19fee515-26cbef2c-5c16ba6f,105.98,106.191,597,1133,24,24,1.34,0.39,0,0,2663,3000,961,0,2879,2160
060cf092-fe76bdf7-19fee515-26cbef2c-5c16ba6f,106.231,106.467,855,1067,24,24,1.34,0.39,0,0,2663,3000,961,0,2879,2160
060cf092-fe76bdf7-19fee515-26cbef2c-5c16ba6f,106.483,106.702,703,1190,24,24,1.34,0.39,0,0,2663,3000,961,0,2879,2160
060cf092-fe76bdf7-19fee515-26cbef2c-5c16ba6f,106.745,107.217,816,1083,24,24,1.34,0.39,0,0,2663,3000,961,0,2879,2160
060cf092-fe76bdf7-19fee515-26cbef2c-5c16ba6f,107.258,107.604,947,1007,24,24,1.34,0.39,0,0,2663,3000,961,0,2879,2160
060cf092-fe76bdf7-19fee515-26cbef2c-5c16ba6f,107.618,108.036,797,907,24,24,1.34,0.39,0,0,2663,3000,961,0,2879,2160
060cf092-fe76bdf7-19fee515-26cbef2c-5c16ba6f,108.05,108.285,799,1052,24,24,1.34,0.39,0,0,2663,3000,961,0,2879,2160
060cf092-fe76bdf7-19fee515-26cbef2c-5c16ba6f,108.299,108.494,653,1149,24,24,1.34,0.39,0,0,2663,3000,961,0,2879,2160
060cf092-fe76bdf7-19fee515-26cbef2c-5c16ba6f,108.535,108.688,937,1153,24,24,1.34,0.39,0,0,2663,3000,961,0,2879,2160
060cf092-fe76bdf7-19fee515-26cbef2c-5c16ba6f,108.744,109.008,1712,1128,24,24,1.34,0.39,0,0,2663,3000,961,0,2879,2160
060cf092-fe76bdf7-19fee515-26cbef2c-5c16ba6f,109.035,109.216,1703,1270,24,24,1.34,0.39,0,0,2663,3000,961,0,2879,2160
060cf092-fe76bdf7-19fee515-26cbef2c-5c16ba6f,109.286,109.548,865,1060,24,24,1.34,0.39,0,0,2663,3000,961,0,2879,2160
060cf092-fe76bdf7-19fee515-26cbef2c-5c16ba6f,109.563,109.98,1042,947,24,24,1.34,0.39,0,0,2663,3000,961,0,2879,2160
060cf092-fe76bdf7-19fee515-26cbef2c-5c16ba6f,110.008,110.368,1104,904,24,24,1.34,0.39,0,0,2663,3000,961,0,2879,2160
060cf092-fe76bdf7-19fee515-26cbef2c-5c16ba6f,110.381,110.563,829,848,24,24,1.34,0.39,0,0,2663,3000,961,0,2879,2160
060cf092-fe76bdf7-19fee515-26cbef2c-5c16ba6f,110.59,110.799,1077,1017,24,24,1.34,0.39,0,0,2663,3000,961,0,2879,2160
060cf092-fe76bdf7-19fee515-26cbef2c-5c16ba6f,110.812,111.16,1019,1147,24,24,1.34,0.39,0,0,2663,3000,961,0,2879,2160
060cf092-fe76bdf7-19fee515-26cbef2c-5c16ba6f,111.174,111.437,1092,1118,24,24,1.34,0.39,0,0,2663,3000,961,0,2879,2160
060cf092-fe76bdf7-19fee515-26cbef2c-5c16ba6f,111.451,111.66,1017,1162,24,24,1.34,0.39,0,0,2663,3000,961,0,2879,2160
060cf092-fe76bdf7-19fee515-26cbef2c-5c16ba6f,111.674,111.882,1125,1115,24,24,1.34,0.39,0,0,2663,3000,961,0,2879,2160
060cf092-fe76bdf7-19fee515-26cbef2c-5c16ba6f,111.924,112.131,1477,1080,24,24,1.34,0.39,0,0,2663,3000,961,0,2879,2160
060cf092-fe76bdf7-19fee515-26cbef2c-5c16ba6f,112.173,112.577,1160,1048,24,24,1.34,0.39,0,0,2663,3000,961,0,2879,2160
060cf092-fe76bdf7-19fee515-26cbef2c-5c16ba6f,112.674,113.05,1092,1072,24,24,1.34,0.39,0,0,2663,3000,961,0,2879,2160
060cf092-fe76bdf7-19fee515-26cbef2c-5c16ba6f,113.16,113.603,1001,1149,24,24,1.34,0.39,0,0,2663,3000,961,0,2879,2160
060cf092-fe76bdf7-19fee515-26cbef2c-5c16ba6f,113.813,113.978,911,1632,24,24,1.34,0.39,0,0,2663,3000,961,0,2879,2160
060cf092-fe76bdf7-19fee515-26cbef2c-5c16ba6f,114.008,114.284,981,1939,24,24,1.34,0.39,0,0,2663,3000,961,0,2879,2160
060cf092-fe76bdf7-19fee515-26cbef2c-5c16ba6f,114.298,114.452,1145,2012,24,24,1.34,0.39,0,0,2663,3000,961,0,2879,2160
060cf092-fe76bdf7-19fee515-26cbef2c-5c16ba6f,114.562,114.812,1664,1823,24,24,1.34,0.39,0,0,2663,3000,961,0,2879,2160
060cf092-fe76bdf7-19fee515-26cbef2c-5c16ba6f,114.853,115.05,1988,1887,24,24,1.34,0.39,0,0,2663,3000,961,0,2879,2160
060cf092-fe76bdf7-19fee515-26cbef2c-5c16ba6f,115.063,115.214,1974,1925,24,24,1.34,0.39,0,0,2663,3000,961,0,2879,2160
060cf092-fe76bdf7-19fee515-26cbef2c-5c16ba6f,115.256,115.437,1565,1442,24,24,1.34,0.39,0,0,2663,3000,961,0,2879,2160
060cf092-fe76bdf7-19fee515-26cbef2c-5c16ba6f,115.493,115.645,1928,2070,24,24,1.34,0.39,0,0,2663,3000,961,0,2879,2160
060cf092-fe76bdf7-19fee515-26cbef2c-5c16ba6f,115.716,115.881,2178,2534,24,24,1.34,0.39,0,0,2663,3000,961,0,2879,2160
060cf092-fe76bdf7-19fee515-26cbef2c-5c16ba6f,115.895,116.132,2227,2742,24,24,1.34,0.39,0,0,2663,3000,961,0,2879,2160
060cf092-fe76bdf7-19fee515-26cbef2c-5c16ba6f,116.187,116.424,2231,2467,24,24,1.34,0.39,0,0,2663,3000,961,0,2879,2160
060cf092-fe76bdf7-19fee515-26cbef2c-5c16ba6f,116.493,116.743,1246,2687,24,24,1.34,0.39,0,0,2663,3000,961,0,2879,2160
060cf092-fe76bdf7-19fee515-26cbef2c-5c16ba6f,116.798,116.979,1105,2613,24,24,1.34,0.39,0,0,2663,3000,961,0,2879,2160
060cf092-fe76bdf7-19fee515-26cbef2c-5c16ba6f,117.034,117.202,905,2142,24,24,1.34,0.39,0,0,2663,3000,961,0,2879,2160
060cf092-fe76bdf7-19fee515-26cbef2c-5c16ba6f,117.479,117.645,1255,1989,24,24,1.34,0.39,0,0,2663,3000,961,0,2879,2160
060cf092-fe76bdf7-19fee515-26cbef2c-5c16ba6f,117.743,117.895,1531,2020,24,24,1.34,0.39,0,0,2663,3000,961,0,2879,2160
060cf092-fe76bdf7-19fee515-26cbef2c-5c16ba6f,117.966,118.228,1229,2167,24,24,1.34,0.39,0,0,2663,3000,961,0,2879,2160
060cf092-fe76bdf7-19fee515-26cbef2c-5c16ba6f,118.257,118.632,1134,1992,24,24,1.34,0.39,0,0,2663,3000,961,0,2879,2160
060cf092-fe76bdf7-19fee515-26cbef2c-5c16ba6f,118.646,119.133,1134,1951,24,24,1.34,0.39,0,0,2663,3000,961,0,2879,2160
060cf092-fe76bdf7-19fee515-26cbef2c-5c16ba6f,119.146,119.497,1256,2010,24,24,1.34,0.39,0,0,2663,3000,961,0,2879,2160
060cf092-fe76bdf7-19fee515-26cbef2c-5c16ba6f,119.562,119.814,1362,1616,24,24,1.34,0.39,0,0,2663,3000,961,0,2879,2160
060cf092-fe76bdf7-19fee515-26cbef2c-5c16ba6f,119.829,120.037,1245,1379,24,24,1.34,0.39,0,0,2663,3000,961,0,2879,2160
060cf092-fe76bdf7-19fee515-26cbef2c-5c16ba6f,120.052,120.188,1483,1358,24,24,1.34,0.39,0,0,2663,3000,961,0,2879,2160
060cf092-fe76bdf7-19fee515-26cbef2c-5c16ba6f,120.284,120.465,1104,1853,24,24,1.34,0.39,0,0,2663,3000,961,0,2879,2160
060cf092-fe76bdf7-19fee515-26cbef2c-5c16ba6f,120.813,120.965,1307,1115,24,24,1.34,0.39,0,0,2663,3000,961,0,2879,2160
060cf092-fe76bdf7-19fee515-26cbef2c-5c16ba6f,120.993,121.298,1523,1313,24,24,1.0,0.5,0,0,2663,3000,961,0,2879,2160
060cf092-fe76bdf7-19fee515-26cbef2c-5c16ba6f,121.479,121.97,1209,1930,24,24,1.0,0.5,0,0,2663,3000,961,0,2879,2160
060cf092-fe76bdf7-19fee515-26cbef2c-5c16ba6f,121.984,122.224,1309,1770,24,24,1.0,0.5,0,0,2663,3000,961,0,2879,2160
060cf092-fe76bdf7-19fee515-26cbef2c-5c16ba6f,122.272,122.423,738,1403,24,24,1.0,0.5,0,0,2663,3000,961,0,2879,2160
060cf092-fe76bdf7-19fee515-26cbef2c-5c16ba6f,122.465,122.619,579,1284,24,24,1.0,0.5,0,0,2663,3000,961,0,2879,2160
060cf092-fe76bdf7-19fee515-26cbef2c-5c16ba6f,122.631,122.743,825,1116,24,24,1.0,0.5,0,0,2663,3000,961,0,2879,2160
060cf092-fe76bdf7-19fee515-26cbef2c-5c16ba6f,122.826,123.033,1098,2336,24,24,1.0,0.5,0,0,2663,3000,961,0,2879,2160
060cf092-fe76bdf7-19fee515-26cbef2c-5c16ba6f,123.172,123.366,1341,2233,24,24,1.0,0.5,0,0,2663,3000,961,0,2879,2160
060cf092-fe76bdf7-19fee515-26cbef2c-5c16ba6f,123.409,123.824,1102,1478,24,24,1.0,0.5,0,0,2663,3000,961,0,2879,2160
f79f46d3-74a520f1-3039fa3d-eef50e3d-a5ad3e59,0.083,0.43,1182,1654,23,23,1.0,0.5,0,0,2498,3000,1021,0,2819,2160
f79f46d3-74a520f1-3039fa3d-eef50e3d-a5ad3e59,0.458,0.778,1005,1424,23,23,1.0,0.5,0,0,2498,3000,1021,0,2819,2160
f79f46d3-74a520f1-3039fa3d-eef50e3d-a5ad3e59,0.82,0.986,1455,1484,23,23,1.0,0.5,0,0,2498,3000,1021,0,2819,2160
f79f46d3-74a520f1-3039fa3d-eef50e3d-a5ad3e59,1.124,1.389,1341,2207,23,23,1.0,0.5,0,0,2498,3000,1021,0,2819,2160
f79f46d3-74a520f1-3039fa3d-eef50e3d-a5ad3e59,1.43,1.652,1194,2367,23,23,1.0,0.5,0,0,2498,3000,1021,0,2819,2160
f79f46d3-74a520f1-3039fa3d-eef50e3d-a5ad3e59,1.707,1.958,1005,2329,23,23,1.0,0.5,0,0,2498,3000,1021,0,2819,2160
f79f46d3-74a520f1-3039fa3d-eef50e3d-a5ad3e59,1.999,2.222,1179,1693,23,23,1.0,0.5,0,0,2498,3000,1021,0,2819,2160
f79f46d3-74a520f1-3039fa3d-eef50e3d-a5ad3e59,2.249,2.513,966,1636,23,23,1.0,0.5,0,0,2498,3000,1021,0,2819,2160
f79f46d3-74a520f1-3039fa3d-eef50e3d-a5ad3e59,2.541,2.708,1022,1799,23,23,1.0,0.5,0,0,2498,3000,1021,0,2819,2160
f79f46d3-74a520f1-3039fa3d-eef50e3d-a5ad3e59,2.805,3.068,968,1962,23,23,1.0,0.5,0,0,2498,3000,1021,0,2819,2160
f79f46d3-74a520f1-3039fa3d-eef50e3d-a5ad3e59,3.096,3.388,980,2163,23,23,1.0,0.5,0,0,2498,3000,1021,0,2819,2160
f79f46d3-74a520f1-3039fa3d-eef50e3d-a5ad3e59,3.416,3.665,1065,1727,23,23,1.0,0.5,0,0,2498,3000,1021,0,2819,2160
f79f46d3-74a520f1-3039fa3d-eef50e3d-a5ad3e59,3.707,3.874,954,1864,23,23,1.0,0.5,0,0,2498,3000,1021,0,2819,2160
f79f46d3-74a520f1-3039fa3d-eef50e3d-a5ad3e59,3.929,4.166,1118,2247,23,23,1.0,0.5,0,0,2498,3000,1021,0,2819,2160
f79f46d3-74a520f1-3039fa3d-eef50e3d-a5ad3e59,4.207,4.472,908,2336,23,23,1.0,0.5,0,0,2498,3000,1021,0,2819,2160
f79f46d3-74a520f1-3039fa3d-eef50e3d-a5ad3e59,4.499,4.638,1066,2143,23,23,1.0,0.5,0,0,2498,3000,1021,0,2819,2160
f79f46d3-74a520f1-3039fa3d-eef50e3d-a5ad3e59,4.735,4.972,1044,2173,23,23,1.0,0.5,0,0,2498,3000,1021,0,2819,2160
f79f46d3-74a520f1-3039fa3d-eef50e3d-a5ad3e59,4.999,5.235,944,2177,23,23,1.0,0.5,0,0,2498,3000,1021,0,2819,2160
f79f46d3-74a520f1-3039fa3d-eef50e3d-a5ad3e59,5.263,5.555,936,1860,23,23,1.0,0.5,0,0,2498,3000,1021,0,2819,2160
f79f46d3-74a520f1-3039fa3d-eef50e3d-a5ad3e59,5.568,5.805,897,1787,23,23,1.0,0.5,0,0,2498,3000,1021,0,2819,2160
f79f46d3-74a520f1-3039fa3d-eef50e3d-a5ad3e59,5.846,5.957,942,1423,23,23,1.0,0.5,0,0,2498,3000,1021,0,2819,2160
f79f46d3-74a520f1-3039fa3d-eef50e3d-a5ad3e59,5.971,6.142,921,1396,23,23,1.0,0.5,0,0,2498,3000,1021,0,2819,2160
f79f46d3-74a520f1-3039fa3d-eef50e3d-a5ad3e59,6.182,6.304,887,1147,23,23,1.0,0.5,0,0,2498,3000,1021,0,2819,2160
f79f46d3-74a520f1-3039fa3d-eef50e3d-a5ad3e59,6.429,6.693,642,1178,23,23,1.0,0.5,0,0,2498,3000,1021,0,2819,2160
f79f46d3-74a520f1-3039fa3d-eef50e3d-a5ad3e59,6.721,7.027,840,1300,23,23,1.0,0.5,0,0,2498,3000,1021,0,2819,2160
f79f46d3-74a520f1-3039fa3d-eef50e3d-a5ad3e59,7.054,7.262,683,980,23,23,1.0,0.5,0,0,2498,3000,1021,0,2819,2160
f79f46d3-74a520f1-3039fa3d-eef50e3d-a5ad3e59,7.276,7.402,689,1000,23,23,1.0,0.5,0,0,2498,3000,1021,0,2819,2160
f79f46d3-74a520f1-3039fa3d-eef50e3d-a5ad3e59,7.415,7.624,546,919,23,23,1.0,0.5,0,0,2498,3000,1021,0,2819,2160
f79f46d3-74a520f1-3039fa3d-eef50e3d-a5ad3e59,7.637,7.805,751,1028,23,23,1.0,0.5,0,0,2498,3000,1021,0,2819,2160
f79f46d3-74a520f1-3039fa3d-eef50e3d-a5ad3e59,8.054,8.192,774,1065,23,23,1.0,0.5,0,0,2498,3000,1021,0,2819,2160
f79f46d3-74a520f1-3039fa3d-eef50e3d-a5ad3e59,8.221,8.388,869,1359,23,23,1.0,0.5,0,0,2498,3000,1021,0,2819,2160
f79f46d3-74a520f1-3039fa3d-eef50e3d-a5ad3e59,8.415,8.596,815,1556,23,23,1.0,0.5,0,0,2498,3000,1021,0,2819,2160
f79f46d3-74a520f1-3039fa3d-eef50e3d-a5ad3e59,8.665,8.861,773,962,23,23,1.0,0.5,0,0,2498,3000,1021,0,2819,2160
f79f46d3-74a520f1-3039fa3d-eef50e3d-a5ad3e59,8.874,8.986,781,990,23,23,1.0,0.5,0,0,2498,3000,1021,0,2819,2160
f79f46d3-74a520f1-3039fa3d-eef50e3d-a5ad3e59,9.001,9.207,591,976,23,23,1.0,0.5,0,0,2498,3000,1021,0,2819,2160
f79f46d3-74a520f1-3039fa3d-eef50e3d-a5ad3e59,9.238,9.498,769,1013,23,23,1.0,0.5,0,0,2498,3000,1021,0,2819,2160
f79f46d3-74a520f1-3039fa3d-eef50e3d-a5ad3e59,9.512,9.637,637,1024,23,23,1.0,0.5,0,0,2498,3000,1021,0,2819,2160
f79f46d3-74a520f1-3039fa3d-eef50e3d-a5ad3e59,9.651,9.789,626,982,23,23,1.0,0.5,0,0,2498,3000,1021,0,2819,2160
f79f46d3-74a520f1-3039fa3d-eef50e3d-a5ad3e59,9.817,10.04,792,1012,23,23,1.0,0.5,0,0,2498,3000,1021,0,2819,2160
f79f46d3-74a520f1-3039fa3d-eef50e3d-a5ad3e59,10.068,10.345,624,985,23,23,1.0,0.5,0,0,2498,3000,1021,0,2819,2160
f79f46d3-74a520f1-3039fa3d-eef50e3d-a5ad3e59,10.359,10.567,830,986,23,23,1.0,0.5,0,0,2498,3000,1021,0,2819,2160
f79f46d3-74a520f1-3039fa3d-eef50e3d-a5ad3e59,10.651,10.901,667,999,23,23,1.0,0.5,0,0,2498,3000,1021,0,2819,2160
f79f46d3-74a520f1-3039fa3d-eef50e3d-a5ad3e59,10.929,11.067,853,994,23,23,1.0,0.5,0,0,2498,3000,1021,0,2819,2160
f79f46d3-74a520f1-3039fa3d-eef50e3d-a5ad3e59,11.22,11.414,1096,1952,23,23,1.0,0.5,0,0,2498,3000,1021,0,2819,2160
f79f46d3-74a520f1-3039fa3d-eef50e3d-a5ad3e59,11.428,11.539,1095,1985,23,23,1.0,0.5,0,0,2498,3000,1021,0,2819,2160
f79f46d3-74a520f1-3039fa3d-eef50e3d-a5ad3e59,11.568,11.762,927,1886,23,23,1.0,0.5,0,0,2498,3000,1021,0,2819,2160
f79f46d3-74a520f1-3039fa3d-eef50e3d-a5ad3e59,11.804,12.054,1259,1956,23,23,1.0,0.5,0,0,2498,3000,1021,0,2819,2160
f79f46d3-74a520f1-3039fa3d-eef50e3d-a5ad3e59,12.081,12.235,990,1908,23,23,1.0,0.5,0,0,2498,3000,1021,0,2819,2160
f79f46d3-74a520f1-3039fa3d-eef50e3d-a5ad3e59,12.401,12.526,1388,1990,23,23,1.0,0.5,0,0,2498,3000,1021,0,2819,2160
f79f46d3-74a520f1-3039fa3d-eef50e3d-a5ad3e59,12.54,12.804,1400,2127,23,23,1.0,0.5,0,0,2498,3000,1021,0,2819,2160
f79f46d3-74a520f1-3039fa3d-eef50e3d-a5ad3e59,12.845,13.193,1502,1868,23,23,1.0,0.5,0,0,2498,3000,1021,0,2819,2160
f79f46d3-74a520f1-3039fa3d-eef50e3d-a5ad3e59,13.221,13.401,1533,1683,23,23,1.0,0.5,0,0,2498,3000,1021,0,2819,2160
f79f46d3-74a520f1-3039fa3d-eef50e3d-a5ad3e59,13.512,13.692,1495,1821,23,23,1.0,0.5,0,0,2498,3000,1021,0,2819,2160
f79f46d3-74a520f1-3039fa3d-eef50e3d-a5ad3e59,13.721,13.957,1505,1968,23,23,1.0,0.5,0,0,2498,3000,1021,0,2819,2160
f79f46d3-74a520f1-3039fa3d-eef50e3d-a5ad3e59,14.082,14.318,1484,1751,23,23,1.0,0.5,0,0,2498,3000,1021,0,2819,2160
f79f46d3-74a520f1-3039fa3d-eef50e3d-a5ad3e59,14.373,14.554,1650,1426,23,23,1.0,0.5,0,0,2498,3000,1021,0,2819,2160
f79f46d3-74a520f1-3039fa3d-eef50e3d-a5ad3e59,14.582,14.762,1653,1724,23,23,1.0,0.5,0,0,2498,3000,1021,0,2819,2160
f79f46d3-74a520f1-3039fa3d-eef50e3d-a5ad3e59,14.832,15.012,2003,1091,23,23,1.0,0.5,0,0,2498,3000,1021,0,2819,2160
f79f46d3-74a520f1-3039fa3d-eef50e3d-a5ad3e59,15.235,15.415,1542,1734,23,23,1.0,0.5,0,0,2498,3000,1021,0,2819,2160
f79f46d3-74a520f1-3039fa3d-eef50e3d-a5ad3e59,15.499,15.874,1522,1873,23,23,1.0,0.5,0,0,2498,3000,1021,0,2819,2160
f79f46d3-74a520f1-3039fa3d-eef50e3d-a5ad3e59,15.929,16.193,1572,1821,23,23,1.0,0.5,0,0,2498,3000,1021,0,2819,2160
f79f46d3-74a520f1-3039fa3d-eef50e3d-a5ad3e59,16.498,16.944,1706,2272,23,23,1.0,0.5,0,0,2498,3000,1021,0,2819,2160
f79f46d3-74a520f1-3039fa3d-eef50e3d-a5ad3e59,17.014,17.167,1858,1714,23,23,1.0,0.5,0,0,2498,3000,1021,0,2819,2160
f79f46d3-74a520f1-3039fa3d-eef50e3d-a5ad3e59,17.235,17.485,1988,1338,23,23,1.0,0.5,0,0,2498,3000,1021,0,2819,2160
f79f46d3-74a520f1-3039fa3d-eef50e3d-a5ad3e59,17.556,17.666,1703,1568,23,23,1.0,0.5,0,0,2498,3000,1021,0,2819,2160
f79f46d3-74a520f1-3039fa3d-eef50e3d-a5ad3e59,17.721,17.943,1640,1989,23,23,1.0,0.5,0,0,2498,3000,1021,0,2819,2160
f79f46d3-74a520f1-3039fa3d-eef50e3d-a5ad3e59,17.957,18.25,1578,2127,23,23,1.0,0.5,0,0,2498,3000,1021,0,2819,2160
f79f46d3-74a520f1-3039fa3d-eef50e3d-a5ad3e59,18.307,18.485,981,1973,23,23,1.0,0.5,0,0,2498,3000,1021,0,2819,2160
f79f46d3-74a520f1-3039fa3d-eef50e3d-a5ad3e59,18.624,18.888,1682,1891,23,23,1.0,0.5,0,0,2498,3000,1021,0,2819,2160
f79f46d3-74a520f1-3039fa3d-eef50e3d-a5ad3e59,18.916,19.152,1827,1630,23,23,1.0,0.5,0,0,2498,3000,1021,0,2819,2160
f79f46d3-74a520f1-3039fa3d-eef50e3d-a5ad3e59,19.583,19.722,1960,893,23,23,1.0,0.5,0,0,2498,3000,1021,0,2819,2160
f79f46d3-74a520f1-3039fa3d-eef50e3d-a5ad3e59,19.763,19.999,1796,1147,23,23,1.0,0.5,0,0,2498,3000,1021,0,2819,2160
f79f46d3-74a520f1-3039fa3d-eef50e3d-a5ad3e59,20.014,20.193,1800,1317,23,23,1.0,0.5,0,0,2498,3000,1021,0,2819,2160
f79f46d3-74a520f1-3039fa3d-eef50e3d-a5ad3e59,20.207,20.389,1829,1525,23,23,1.0,0.5,0,0,2498,3000,1021,0,2819,2160
f79f46d3-74a520f1-3039fa3d-eef50e3d-a5ad3e59,20.416,20.541,1778,1873,23,23,1.0,0.5,0,0,2498,3000,1021,0,2819,2160
f79f46d3-74a520f1-3039fa3d-eef50e3d-a5ad3e59,20.639,20.944,1711,2184,23,23,1.0,0.5,0,0,2498,3000,1021,0,2819,2160
f79f46d3-74a520f1-3039fa3d-eef50e3d-a5ad3e59,20.986,21.208,1668,1626,23,23,1.0,0.5,0,0,2498,3000,1021,0,2819,2160
f79f46d3-74a520f1-3039fa3d-eef50e3d-a5ad3e59,21.347,21.458,1783,1593,23,23,1.0,0.5,0,0,2498,3000,1021,0,2819,2160
f79f46d3-74a520f1-3039fa3d-eef50e3d-a5ad3e59,21.57,21.736,1886,1264,23,23,1.0,0.5,0,0,2498,3000,1021,0,2819,2160
f79f46d3-74a520f1-3039fa3d-eef50e3d-a5ad3e59,21.791,21.972,1585,1602,23,23,1.0,0.5,0,0,2498,3000,1021,0,2819,2160
f79f46d3-74a520f1-3039fa3d-eef50e3d-a5ad3e59,22.014,22.224,1527,1854,23,23,1.0,0.5,0,0,2498,3000,1021,0,2819,2160
f79f46d3-74a520f1-3039fa3d-eef50e3d-a5ad3e59,22.265,22.403,1339,2027,23,23,1.0,0.5,0,0,2498,3000,1021,0,2819,2160
f79f46d3-74a520f1-3039fa3d-eef50e3d-a5ad3e59,22.416,22.519,1286,2174,23,23,1.0,0.5,0,0,2498,3000,1021,0,2819,2160
f79f46d3-74a520f1-3039fa3d-eef50e3d-a5ad3e59,22.53,22.639,1300,2220,23,23,1.0,0.5,0,0,2498,3000,1021,0,2819,2160
f79f46d3-74a520f1-3039fa3d-eef50e3d-a5ad3e59,22.68,22.833,1242,2456,23,23,1.0,0.5,0,0,2498,3000,1021,0,2819,2160
f79f46d3-74a520f1-3039fa3d-eef50e3d-a5ad3e59,22.903,23.027,1262,2689,23,23,1.0,0.5,0,0,2498,3000,1021,0,2819,2160
f79f46d3-74a520f1-3039fa3d-eef50e3d-a5ad3e59,23.041,23.279,1287,2644,23,23,1.0,0.5,0,0,2498,3000,1021,0,2819,2160
f79f46d3-74a520f1-3039fa3d-eef50e3d-a5ad3e59,23.293,23.529,1298,2688,23,23,1.0,0.5,0,0,2498,3000,1021,0,2819,2160
f79f46d3-74a520f1-3039fa3d-eef50e3d-a5ad3e59,23.572,23.779,1250,2486,23,23,1.0,0.5,0,0,2498,3000,1021,0,2819,2160
f79f46d3-74a520f1-3039fa3d-eef50e3d-a5ad3e59,23.821,24.084,1324,2490,23,23,1.0,0.5,0,0,2498,3000,1021,0,2819,2160
f79f46d3-74a520f1-3039fa3d-eef50e3d-a5ad3e59,24.097,24.214,1325,2462,23,23,1.0,0.5,0,0,2498,3000,1021,0,2819,2160
f79f46d3-74a520f1-3039fa3d-eef50e3d-a5ad3e59,24.225,24.528,1325,2598,23,23,1.0,0.5,0,0,2498,3000,1021,0,2819,2160
f79f46d3-74a520f1-3039fa3d-eef50e3d-a5ad3e59,24.573,24.93,1128,2512,23,23,1.0,0.5,0,0,2498,3000,1021,0,2819,2160
f79f46d3-74a520f1-3039fa3d-eef50e3d-a5ad3e59,24.972,25.084,1281,2490,23,23,1.0,0.5,0,0,2498,3000,1021,0,2819,2160
f79f46d3-74a520f1-3039fa3d-eef50e3d-a5ad3e59,25.098,25.264,1288,2471,23,23,1.0,0.5,0,0,2498,3000,1021,0,2819,2160
f79f46d3-74a520f1-3039fa3d-eef50e3d-a5ad3e59,25.361,25.542,1295,2319,23,23,1.0,0.5,0,0,2498,3000,1021,0,2819,2160
f79f46d3-74a520f1-3039fa3d-eef50e3d-a5ad3e59,25.625,25.75,887,2446,23,23,1.0,0.5,0,0,2498,3000,1021,0,2819,2160
f79f46d3-74a520f1-3039fa3d-eef50e3d-a5ad3e59,25.778,25.958,963,2438,23,23,1.0,0.5,0,0,2498,3000,1021,0,2819,2160
f79f46d3-74a520f1-3039fa3d-eef50e3d-a5ad3e59,25.986,26.195,1255,2430,23,23,1.0,0.5,0,0,2498,3000,1021,0,2819,2160
f79f46d3-74a520f1-3039fa3d-eef50e3d-a5ad3e59,26.25,26.43,1322,2662,23,23,1.0,0.5,0,0,2498,3000,1021,0,2819,2160
f79f46d3-74a520f1-3039fa3d-eef50e3d-a5ad3e59,26.57,26.89,1314,2596,23,23,1.0,0.5,0,0,2498,3000,1021,0,2819,2160
f79f46d3-74a520f1-3039fa3d-eef50e3d-a5ad3e59,26.903,27.056,1024,2528,23,23,1.0,0.5,0,0,2498,3000,1021,0,2819,2160
f79f46d3-74a520f1-3039fa3d-eef50e3d-a5ad3e59,27.181,27.32,567,2490,23,23,1.0,0.5,0,0,2498,3000,1021,0,2819,2160
f79f46d3-74a520f1-3039fa3d-eef50e3d-a5ad3e59,27.405,27.599,1090,2470,23,23,1.0,0.5,0,0,2498,3000,1021,0,2819,2160
f79f46d3-74a520f1-3039fa3d-eef50e3d-a5ad3e59,27.627,27.85,1474,2458,23,23,1.0,0.5,0,0,2498,3000,1021,0,2819,2160
f79f46d3-74a520f1-3039fa3d-eef50e3d-a5ad3e59,27.862,28.113,1297,2379,23,23,1.0,0.5,0,0,2498,3000,1021,0,2819,2160
f79f46d3-74a520f1-3039fa3d-eef50e3d-a5ad3e59,28.156,28.307,1512,2413,23,23,1.0,0.5,0,0,2498,3000,1021,0,2819,2160
f79f46d3-74a520f1-3039fa3d-eef50e3d-a5ad3e59,28.323,28.462,1330,2319,23,23,1.0,0.5,0,0,2498,3000,1021,0,2819,2160
f79f46d3-74a520f1-3039fa3d-eef50e3d-a5ad3e59,28.475,28.64,1305,2389,23,23,1.0,0.5,0,0,2498,3000,1021,0,2819,2160
f79f46d3-74a520f1-3039fa3d-eef50e3d-a5ad3e59,28.654,28.918,1222,2444,23,23,1.0,0.5,0,0,2498,3000,1021,0,2819,2160
f79f46d3-74a520f1-3039fa3d-eef50e3d-a5ad3e59,28.989,29.223,1482,2471,23,23,1.0,0.5,0,0,2498,3000,1021,0,2819,2160
f79f46d3-74a520f1-3039fa3d-eef50e3d-a5ad3e59,29.264,29.459,1173,2458,23,23,1.0,0.5,0,0,2498,3000,1021,0,2819,2160
f79f46d3-74a520f1-3039fa3d-eef50e3d-a5ad3e59,29.488,29.779,1489,2426,23,23,1.0,0.5,0,0,2498,3000,1021,0,2819,2160
f79f46d3-74a520f1-3039fa3d-eef50e3d-a5ad3e59,29.821,30.126,1426,1842,23,23,1.0,0.5,0,0,2498,3000,1021,0,2819,2160
f79f46d3-74a520f1-3039fa3d-eef50e3d-a5ad3e59,30.14,30.265,1428,1825,23,23,1.0,0.5,0,0,2498,3000,1021,0,2819,2160
f79f46d3-74a520f1-3039fa3d-eef50e3d-a5ad3e59,30.293,30.543,1517,1767,23,23,1.0,0.5,0,0,2498,3000,1021,0,2819,2160
f79f46d3-74a520f1-3039fa3d-eef50e3d-a5ad3e59,30.559,30.78,1433,1727,23,23,1.0,0.5,0,0,2498,3000,1021,0,2819,2160
f79f46d3-74a520f1-3039fa3d-eef50e3d-a5ad3e59,30.793,31.043,1362,1705,23,23,1.0,0.5,0,0,2498,3000,1021,0,2819,2160
f79f46d3-74a520f1-3039fa3d-eef50e3d-a5ad3e59,31.057,31.237,1516,1702,23,23,1.0,0.5,0,0,2498,3000,1021,0,2819,2160
f79f46d3-74a520f1-3039fa3d-eef50e3d-a5ad3e59,31.292,31.542,1661,1332,23,23,1.0,0.5,0,0,2498,3000,1021,0,2819,2160
f79f46d3-74a520f1-3039fa3d-eef50e3d-a5ad3e59,31.584,31.792,1830,1105,23,23,1.0,0.5,0,0,2498,3000,1021,0,2819,2160
f79f46d3-74a520f1-3039fa3d-eef50e3d-a5ad3e59,31.931,32.042,1762,1266,23,23,1.0,0.5,0,0,2498,3000,1021,0,2819,2160
f79f46d3-74a520f1-3039fa3d-eef50e3d-a5ad3e59,32.154,32.265,1658,1548,23,23,1.0,0.5,0,0,2498,3000,1021,0,2819,2160
f79f46d3-74a520f1-3039fa3d-eef50e3d-a5ad3e59,32.375,32.487,1629,1661,23,23,1.0,0.5,0,0,2498,3000,1021,0,2819,2160
f79f46d3-74a520f1-3039fa3d-eef50e3d-a5ad3e59,32.501,32.751,1644,1604,23,23,1.0,0.5,0,0,2498,3000,1021,0,2819,2160
f79f46d3-74a520f1-3039fa3d-eef50e3d-a5ad3e59,32.778,33.111,1706,1438,23,23,1.0,0.5,0,0,2498,3000,1021,0,2819,2160
f79f46d3-74a520f1-3039fa3d-eef50e3d-a5ad3e59,33.125,33.361,1862,1315,23,23,1.0,0.5,0,0,2498,3000,1021,0,2819,2160
f79f46d3-74a520f1-3039fa3d-eef50e3d-a5ad3e59,33.472,33.639,1821,1116,23,23,1.0,0.5,0,0,2498,3000,1021,0,2819,2160
f79f46d3-74a520f1-3039fa3d-eef50e3d-a5ad3e59,33.75,33.931,1975,1027,23,23,1.0,0.5,0,0,2498,3000,1021,0,2819,2160
f79f46d3-74a520f1-3039fa3d-eef50e3d-a5ad3e59,33.973,34.222,1678,1333,23,23,1.0,0.5,0,0,2498,3000,1021,0,2819,2160
f79f46d3-74a520f1-3039fa3d-eef50e3d-a5ad3e59,34.25,34.57,1620,1520,23,23,1.0,0.5,0,0,2498,3000,1021,0,2819,2160
f79f46d3-74a520f1-3039fa3d-eef50e3d-a5ad3e59,34.583,34.82,1559,1622,23,23,1.0,0.5,0,0,2498,3000,1021,0,2819,2160
f79f46d3-74a520f1-3039fa3d-eef50e3d-a5ad3e59,34.917,35.098,1973,1060,23,23,1.0,0.5,0,0,2498,3000,1021,0,2819,2160
f79f46d3-74a520f1-3039fa3d-eef50e3d-a5ad3e59,35.194,35.445,1661,1370,23,23,1.0,0.5,0,0,2498,3000,1021,0,2819,2160
f79f46d3-74a520f1-3039fa3d-eef50e3d-a5ad3e59,35.487,35.681,1962,872,23,23,1.0,0.5,0,0,2498,3000,1021,0,2819,2160
f79f46d3-74a520f1-3039fa3d-eef50e3d-a5ad3e59,35.791,35.958,1586,1089,23,23,1.0,0.5,0,0,2498,3000,1021,0,2819,2160
f79f46d3-74a520f1-3039fa3d-eef50e3d-a5ad3e59,36.07,36.32,1864,1052,23,23,1.0,0.5,0,0,2498,3000,1021,0,2819,2160
f79f46d3-74a520f1-3039fa3d-eef50e3d-a5ad3e59,36.458,36.569,1686,1336,23,23,1.0,0.5,0,0,2498,3000,1021,0,2819,2160
f79f46d3-74a520f1-3039fa3d-eef50e3d-a5ad3e59,36.583,36.875,1686,1306,23,23,1.0,0.5,0,0,2498,3000,1021,0,2819,2160
f79f46d3-74a520f1-3039fa3d-eef50e3d-a5ad3e59,36.902,37.027,1838,1116,23,23,1.0,0.5,0,0,2498,3000,1021,0,2819,2160
f79f46d3-74a520f1-3039fa3d-eef50e3d-a5ad3e59,37.125,37.277,1940,655,23,23,1.0,0.5,0,0,2498,3000,1021,0,2819,2160
f79f46d3-74a520f1-3039fa3d-eef50e3d-a5ad3e59,37.291,37.611,1948,664,23,23,1.0,0.5,0,0,2498,3000,1021,0,2819,2160
f79f46d3-74a520f1-3039fa3d-eef50e3d-a5ad3e59,37.639,37.777,2052,693,23,23,1.0,0.5,0,0,2498,3000,1021,0,2819,2160
f79f46d3-74a520f1-3039fa3d-eef50e3d-a5ad3e59,37.791,37.958,2055,685,23,23,1.0,0.5,0,0,2498,3000,1021,0,2819,2160
f79f46d3-74a520f1-3039fa3d-eef50e3d-a5ad3e59,38.055,38.318,1759,738,23,23,1.0,0.5,0,0,2498,3000,1021,0,2819,2160
f79f46d3-74a520f1-3039fa3d-eef50e3d-a5ad3e59,38.374,38.638,2033,686,23,23,1.0,0.5,0,0,2498,3000,1021,0,2819,2160
f79f46d3-74a520f1-3039fa3d-eef50e3d-a5ad3e59,38.666,38.916,1847,750,23,23,1.0,0.5,0,0,2498,3000,1021,0,2819,2160
f79f46d3-74a520f1-3039fa3d-eef50e3d-a5ad3e59,38.943,39.068,2032,692,23,23,1.0,0.5,0,0,2498,3000,1021,0,2819,2160
f79f46d3-74a520f1-3039fa3d-eef50e3d-a5ad3e59,39.082,39.388,2040,694,23,23,1.0,0.5,0,0,2498,3000,1021,0,2819,2160
f79f46d3-74a520f1-3039fa3d-eef50e3d-a5ad3e59,39.402,39.749,1936,737,23,23,1.0,0.5,0,0,2498,3000,1021,0,2819,2160
f79f46d3-74a520f1-3039fa3d-eef50e3d-a5ad3e59,39.79,40.013,2140,593,23,23,1.0,0.5,0,0,2498,3000,1021,0,2819,2160
f79f46d3-74a520f1-3039fa3d-eef50e3d-a5ad3e59,40.11,40.36,2022,755,23,23,1.0,0.5,0,0,2498,3000,1021,0,2819,2160
f79f46d3-74a520f1-3039fa3d-eef50e3d-a5ad3e59,40.429,40.651,2121,641,23,23,1.0,0.5,0,0,2498,3000,1021,0,2819,2160
f79f46d3-74a520f1-3039fa3d-eef50e3d-a5ad3e59,40.682,40.957,1969,755,23,23,1.0,0.5,0,0,2498,3000,1021,0,2819,2160
f79f46d3-74a520f1-3039fa3d-eef50e3d-a5ad3e59,40.971,41.18,2136,629,23,23,1.0,0.5,0,0,2498,3000,1021,0,2819,2160
f79f46d3-74a520f1-3039fa3d-eef50e3d-a5ad3e59,41.193,41.304,2180,601,23,23,1.0,0.5,0,0,2498,3000,1021,0,2819,2160
f79f46d3-74a520f1-3039fa3d-eef50e3d-a5ad3e59,41.456,41.595,1928,621,23,23,1.0,0.5,0,0,2498,3000,1021,0,2819,2160
f79f46d3-74a520f1-3039fa3d-eef50e3d-a5ad3e59,41.623,41.748,1826,840,23,23,1.0,0.5,0,0,2498,3000,1021,0,2819,2160
f79f46d3-74a520f1-3039fa3d-eef50e3d-a5ad3e59,41.804,41.971,1680,1150,23,23,1.0,0.5,0,0,2498,3000,1021,0,2819,2160
f79f46d3-74a520f1-3039fa3d-eef50e3d-a5ad3e59,42.012,42.123,1572,1517,23,23,1.0,0.5,0,0,2498,3000,1021,0,2819,2160
f79f46d3-74a520f1-3039fa3d-eef50e3d-a5ad3e59,42.234,42.387,1603,1445,23,23,1.0,0.5,0,0,2498,3000,1021,0,2819,2160
f79f46d3-74a520f1-3039fa3d-eef50e3d-a5ad3e59,42.457,42.609,1788,1087,23,23,1.0,0.5,0,0,2498,3000,1021,0,2819,2160
f79f46d3-74a520f1-3039fa3d-eef50e3d-a5ad3e59,42.652,42.832,1649,1517,23,23,1.0,0.5,0,0,2498,3000,1021,0,2819,2160
f79f46d3-74a520f1-3039fa3d-eef50e3d-a5ad3e59,42.901,43.04,1882,1506,23,23,1.0,0.5,0,0,2498,3000,1021,0,2819,2160
f79f46d3-74a520f1-3039fa3d-eef50e3d-a5ad3e59,43.485,43.651,973,1641,23,23,1.0,0.5,0,0,2498,3000,1021,0,2819,2160
f79f46d3-74a520f1-3039fa3d-eef50e3d-a5ad3e59,43.693,43.915,1564,1725,23,23,1.0,0.5,0,0,2498,3000,1021,0,2819,2160
f79f46d3-74a520f1-3039fa3d-eef50e3d-a5ad3e59,43.929,44.095,1731,1995,23,23,1.0,0.5,0,0,2498,3000,1021,0,2819,2160
f79f46d3-74a520f1-3039fa3d-eef50e3d-a5ad3e59,44.165,44.401,1862,2134,23,23,1.0,0.5,0,0,2498,3000,1021,0,2819,2160
f79f46d3-74a520f1-3039fa3d-eef50e3d-a5ad3e59,44.457,44.665,1626,2223,23,23,1.0,0.5,0,0,2498,3000,1021,0,2819,2160
f79f46d3-74a520f1-3039fa3d-eef50e3d-a5ad3e59,44.679,44.818,1632,2185,23,23,1.0,0.5,0,0,2498,3000,1021,0,2819,2160
f79f46d3-74a520f1-3039fa3d-eef50e3d-a5ad3e59,44.832,45.012,1634,2274,23,23,1.0,0.5,0,0,2498,3000,1021,0,2819,2160
f79f46d3-74a520f1-3039fa3d-eef50e3d-a5ad3e59,45.054,45.221,953,2274,23,23,1.0,0.5,0,0,2498,3000,1021,0,2819,2160
f79f46d3-74a520f1-3039fa3d-eef50e3d-a5ad3e59,45.234,45.345,926,2304,23,23,1.0,0.5,0,0,2498,3000,1021,0,2819,2160
f79f46d3-74a520f1-3039fa3d-eef50e3d-a5ad3e59,45.428,45.554,1499,2277,23,23,1.0,0.5,0,0,2498,3000,1021,0,2819,2160
f79f46d3-74a520f1-3039fa3d-eef50e3d-a5ad3e59,45.567,45.735,1540,2269,23,23,1.0,0.5,0,0,2498,3000,1021,0,2819,2160
f79f46d3-74a520f1-3039fa3d-eef50e3d-a5ad3e59,45.75,45.888,1635,2299,23,23,1.0,0.5,0,0,2498,3000,1021,0,2819,2160
f79f46d3-74a520f1-3039fa3d-eef50e3d-a5ad3e59,45.902,46.096,1646,2273,23,23,1.0,0.5,0,0,2498,3000,1021,0,2819,2160
f79f46d3-74a520f1-3039fa3d-eef50e3d-a5ad3e59,46.153,46.374,1683,1681,23,23,1.0,0.5,0,0,2498,3000,1021,0,2819,2160
f79f46d3-74a520f1-3039fa3d-eef50e3d-a5ad3e59,46.388,46.498,1643,1696,23,23,1.0,0.5,0,0,2498,3000,1021,0,2819,2160
f79f46d3-74a520f1-3039fa3d-eef50e3d-a5ad3e59,46.555,46.733,1906,1605,23,23,1.0,0.5,0,0,2498,3000,1021,0,2819,2160
f79f46d3-74a520f1-3039fa3d-eef50e3d-a5ad3e59,46.845,47.071,1694,1540,23,23,1.0,0.5,0,0,2498,3000,1021,0,2819,2160
f79f46d3-74a520f1-3039fa3d-eef50e3d-a5ad3e59,47.085,47.206,1818,1441,23,23,1.0,0.5,0,0,2498,3000,1021,0,2819,2160
f79f46d3-74a520f1-3039fa3d-eef50e3d-a5ad3e59,47.344,47.497,1834,1625,23,23,1.0,0.5,0,0,2498,3000,1021,0,2819,2160
f79f46d3-74a520f1-3039fa3d-eef50e3d-a5ad3e59,47.678,47.803,2125,1144,23,23,1.0,0.5,0,0,2498,3000,1021,0,2819,2160
f79f46d3-74a520f1-3039fa3d-eef50e3d-a5ad3e59,47.914,48.039,2165,1078,23,23,1.0,0.5,0,0,2498,3000,1021,0,2819,2160
f79f46d3-74a520f1-3039fa3d-eef50e3d-a5ad3e59,48.094,48.233,1999,1745,23,23,1.0,0.5,0,0,2498,3000,1021,0,2819,2160
f79f46d3-74a520f1-3039fa3d-eef50e3d-a5ad3e59,48.303,48.733,1877,2321,23,23,1.0,0.5,0,0,2498,3000,1021,0,2819,2160
f79f46d3-74a520f1-3039fa3d-eef50e3d-a5ad3e59,48.76,48.928,1606,2331,23,23,1.0,0.5,0,0,2498,3000,1021,0,2819,2160
f79f46d3-74a520f1-3039fa3d-eef50e3d-a5ad3e59,48.971,49.08,1736,1933,23,23,1.0,0.5,0,0,2498,3000,1021,0,2819,2160
f79f46d3-74a520f1-3039fa3d-eef50e3d-a5ad3e59,49.304,49.469,913,2121,23,23,1.0,0.5,0,0,2498,3000,1021,0,2819,2160
f79f46d3-74a520f1-3039fa3d-eef50e3d-a5ad3e59,49.497,49.663,999,2236,23,23,1.0,0.5,0,0,2498,3000,1021,0,2819,2160
f79f46d3-74a520f1-3039fa3d-eef50e3d-a5ad3e59,49.789,50.164,1619,2119,23,23,1.0,0.5,0,0,2498,3000,1021,0,2819,2160
f79f46d3-74a520f1-3039fa3d-eef50e3d-a5ad3e59,50.219,50.416,1818,2131,23,23,1.0,0.5,0,0,2498,3000,1021,0,2819,2160
f79f46d3-74a520f1-3039fa3d-eef50e3d-a5ad3e59,50.455,50.582,1643,1760,23,23,1.0,0.5,0,0,2498,3000,1021,0,2819,2160
f79f46d3-74a520f1-3039fa3d-eef50e3d-a5ad3e59,50.598,50.774,1621,1750,23,23,1.0,0.5,0,0,2498,3000,1021,0,2819,2160
f79f46d3-74a520f1-3039fa3d-eef50e3d-a5ad3e59,50.79,50.955,1714,1693,23,23,1.0,0.5,0,0,2498,3000,1021,0,2819,2160
f79f46d3-74a520f1-3039fa3d-eef50e3d-a5ad3e59,51.08,51.205,1733,1626,23,23,1.0,0.5,0,0,2498,3000,1021,0,2819,2160
f79f46d3-74a520f1-3039fa3d-eef50e3d-a5ad3e59,51.302,51.455,935,1421,23,23,1.0,0.5,0,0,2498,3000,1021,0,2819,2160
f79f46d3-74a520f1-3039fa3d-eef50e3d-a5ad3e59,51.469,51.58,903,1417,23,23,1.0,0.5,0,0,2498,3000,1021,0,2819,2160
f79f46d3-74a520f1-3039fa3d-eef50e3d-a5ad3e59,51.594,51.719,789,1512,23,23,1.0,0.5,0,0,2498,3000,1021,0,2819,2160
f79f46d3-74a520f1-3039fa3d-eef50e3d-a5ad3e59,51.733,51.871,821,1522,23,23,1.0,0.5,0,0,2498,3000,1021,0,2819,2160
f79f46d3-74a520f1-3039fa3d-eef50e3d-a5ad3e59,51.927,52.108,1731,1520,23,23,1.0,0.5,0,0,2498,3000,1021,0,2819,2160
f79f46d3-74a520f1-3039fa3d-eef50e3d-a5ad3e59,52.122,52.274,1784,1476,23,23,1.0,0.5,0,0,2498,3000,1021,0,2819,2160
f79f46d3-74a520f1-3039fa3d-eef50e3d-a5ad3e59,52.331,52.489,2121,1116,23,23,1.0,0.5,0,0,2498,3000,1021,0,2819,2160
f79f46d3-74a520f1-3039fa3d-eef50e3d-a5ad3e59,52.5,52.719,2075,1126,23,23,1.0,0.5,0,0,2498,3000,1021,0,2819,2160
f79f46d3-74a520f1-3039fa3d-eef50e3d-a5ad3e59,52.748,52.913,1889,1162,23,23,1.0,0.5,0,0,2498,3000,1021,0,2819,2160
f79f46d3-74a520f1-3039fa3d-eef50e3d-a5ad3e59,52.969,53.163,1844,1537,23,23,1.0,0.5,0,0,2498,3000,1021,0,2819,2160
f79f46d3-74a520f1-3039fa3d-eef50e3d-a5ad3e59,53.205,53.372,1803,1837,23,23,1.0,0.5,0,0,2498,3000,1021,0,2819,2160
f79f46d3-74a520f1-3039fa3d-eef50e3d-a5ad3e59,53.399,53.538,1947,2006,23,23,1.0,0.5,0,0,2498,3000,1021,0,2819,2160
f79f46d3-74a520f1-3039fa3d-eef50e3d-a5ad3e59,53.58,53.955,2155,2294,23,23,1.0,0.5,0,0,2498,3000,1021,0,2819,2160
f79f46d3-74a520f1-3039fa3d-eef50e3d-a5ad3e59,53.996,54.204,2204,2439,23,23,1.0,0.5,0,0,2498,3000,1021,0,2819,2160
f79f46d3-74a520f1-3039fa3d-eef50e3d-a5ad3e59,54.232,54.482,2060,2533,23,23,1.0,0.5,0,0,2498,3000,1021,0,2819,2160
f79f46d3-74a520f1-3039fa3d-eef50e3d-a5ad3e59,54.496,54.69,2032,2590,23,23,1.0,0.5,0,0,2498,3000,1021,0,2819,2160
f79f46d3-74a520f1-3039fa3d-eef50e3d-a5ad3e59,54.815,54.982,1837,1220,23,23,1.0,0.5,0,0,2498,3000,1021,0,2819,2160
f79f46d3-74a520f1-3039fa3d-eef50e3d-a5ad3e59,54.996,55.204,1854,1208,23,23,1.0,0.5,0,0,2498,3000,1021,0,2819,2160
f79f46d3-74a520f1-3039fa3d-eef50e3d-a5ad3e59,55.232,55.385,1690,1348,23,23,1.0,0.5,0,0,2498,3000,1021,0,2819,2160
f79f46d3-74a520f1-3039fa3d-eef50e3d-a5ad3e59,55.427,55.676,1524,1721,23,23,1.0,0.5,0,0,2498,3000,1021,0,2819,2160
f79f46d3-74a520f1-3039fa3d-eef50e3d-a5ad3e59,55.69,55.815,1496,1716,23,23,1.0,0.5,0,0,2498,3000,1021,0,2819,2160
f79f46d3-74a520f1-3039fa3d-eef50e3d-a5ad3e59,55.843,56.023,1480,1882,23,23,1.0,0.5,0,0,2498,3000,1021,0,2819,2160
f79f46d3-74a520f1-3039fa3d-eef50e3d-a5ad3e59,56.038,56.218,1494,1872,23,23,1.0,0.5,0,0,2498,3000,1021,0,2819,2160
f79f46d3-74a520f1-3039fa3d-eef50e3d-a5ad3e59,56.232,56.497,1465,1926,23,23,1.0,0.5,0,0,2498,3000,1021,0,2819,2160
f79f46d3-74a520f1-3039fa3d-eef50e3d-a5ad3e59,56.538,56.691,1364,1850,23,23,1.0,0.5,0,0,2498,3000,1021,0,2819,2160
f79f46d3-74a520f1-3039fa3d-eef50e3d-a5ad3e59,56.76,56.873,1907,930,23,23,1.0,0.5,0,0,2498,3000,1021,0,2819,2160
f79f46d3-74a520f1-3039fa3d-eef50e3d-a5ad3e59,56.884,57.01,1877,908,23,23,1.0,0.5,0,0,2498,3000,1021,0,2819,2160
f79f46d3-74a520f1-3039fa3d-eef50e3d-a5ad3e59,57.093,57.538,1597,928,23,23,1.0,0.5,0,0,2498,3000,1021,0,2819,2160
f79f46d3-74a520f1-3039fa3d-eef50e3d-a5ad3e59,57.551,57.829,1592,875,23,23,1.0,0.5,0,0,2498,3000,1021,0,2819,2160
f79f46d3-74a520f1-3039fa3d-eef50e3d-a5ad3e59,57.871,58.329,1907,766,23,23,1.0,0.5,0,0,2498,3000,1021,0,2819,2160
f79f46d3-74a520f1-3039fa3d-eef50e3d-a5ad3e59,58.371,58.538,1660,863,23,23,1.0,0.5,0,0,2498,3000,1021,0,2819,2160
f79f46d3-74a520f1-3039fa3d-eef50e3d-a5ad3e59,58.565,58.731,2027,781,23,23,1.0,0.5,0,0,2498,3000,1021,0,2819,2160
f79f46d3-74a520f1-3039fa3d-eef50e3d-a5ad3e59,58.759,58.871,2245,742,23,23,1.0,0.5,0,0,2498,3000,1021,0,2819,2160
f79f46d3-74a520f1-3039fa3d-eef50e3d-a5ad3e59,58.885,58.995,2264,718,23,23,1.0,0.5,0,0,2498,3000,1021,0,2819,2160
f79f46d3-74a520f1-3039fa3d-eef50e3d-a5ad3e59,59.009,59.301,2347,753,23,23,1.0,0.5,0,0,2498,3000,1021,0,2819,2160
f79f46d3-74a520f1-3039fa3d-eef50e3d-a5ad3e59,59.328,59.745,1933,773,23,23,1.0,0.5,0,0,2498,3000,1021,0,2819,2160
f79f46d3-74a520f1-3039fa3d-eef50e3d-a5ad3e59,59.787,60.038,2179,720,23,23,1.0,0.5,0,0,2498,3000,1021,0,2819,2160
f79f46d3-74a520f1-3039fa3d-eef50e3d-a5ad3e59,60.065,60.454,2340,752,23,23,1.0,0.5,0,0,2498,3000,1021,0,2819,2160
f79f46d3-74a520f1-3039fa3d-eef50e3d-a5ad3e59,60.481,60.995,1902,784,23,23,1.0,0.5,0,0,2498,3000,1021,0,2819,2160
f79f46d3-74a520f1-3039fa3d-eef50e3d-a5ad3e59,61.037,61.204,1621,925,23,23,1.0,0.5,0,0,2498,3000,1021,0,2819,2160
f79f46d3-74a520f1-3039fa3d-eef50e3d-a5ad3e59,61.385,61.553,1974,741,23,23,1.0,0.5,0,0,2498,3000,1021,0,2819,2160
f79f46d3-74a520f1-3039fa3d-eef50e3d-a5ad3e59,61.565,61.803,1924,781,23,23,1.0,0.5,0,0,2498,3000,1021,0,2819,2160
f79f46d3-74a520f1-3039fa3d-eef50e3d-a5ad3e59,61.829,62.273,1712,963,23,23,1.0,0.5,0,0,2498,3000,1021,0,2819,2160
f79f46d3-74a520f1-3039fa3d-eef50e3d-a5ad3e59,62.314,62.454,1671,1233,23,23,1.0,0.5,0,0,2498,3000,1021,0,2819,2160
f79f46d3-74a520f1-3039fa3d-eef50e3d-a5ad3e59,62.579,62.787,1556,1545,23,23,1.0,0.5,0,0,2498,3000,1021,0,2819,2160
f79f46d3-74a520f1-3039fa3d-eef50e3d-a5ad3e59,62.801,63.052,1502,1584,23,23,1.0,0.5,0,0,2498,3000,1021,0,2819,2160
f79f46d3-74a520f1-3039fa3d-eef50e3d-a5ad3e59,63.065,63.177,1462,1623,23,23,1.0,0.5,0,0,2498,3000,1021,0,2819,2160
f79f46d3-74a520f1-3039fa3d-eef50e3d-a5ad3e59,63.3,63.481,1051,1650,23,23,1.0,0.5,0,0,2498,3000,1021,0,2819,2160
f79f46d3-74a520f1-3039fa3d-eef50e3d-a5ad3e59,63.592,63.787,1474,1571,23,23,1.0,0.5,0,0,2498,3000,1021,0,2819,2160
f79f46d3-74a520f1-3039fa3d-eef50e3d-a5ad3e59,63.842,64.079,952,1774,23,23,1.0,0.5,0,0,2498,3000,1021,0,2819,2160
f79f46d3-74a520f1-3039fa3d-eef50e3d-a5ad3e59,64.092,64.259,956,1797,23,23,1.0,0.5,0,0,2498,3000,1021,0,2819,2160
f79f46d3-74a520f1-3039fa3d-eef50e3d-a5ad3e59,64.301,64.467,1150,1643,23,23,1.0,0.5,0,0,2498,3000,1021,0,2819,2160
f79f46d3-74a520f1-3039fa3d-eef50e3d-a5ad3e59,64.509,64.939,1497,1556,23,23,1.0,0.5,0,0,2498,3000,1021,0,2819,2160
f79f46d3-74a520f1-3039fa3d-eef50e3d-a5ad3e59,64.981,65.147,1075,1581,23,23,1.0,0.5,0,0,2498,3000,1021,0,2819,2160
f79f46d3-74a520f1-3039fa3d-eef50e3d-a5ad3e59,65.203,65.536,1491,1537,23,23,1.0,0.5,0,0,2498,3000,1021,0,2819,2160
f79f46d3-74a520f1-3039fa3d-eef50e3d-a5ad3e59,65.55,65.841,1514,1530,23,23,1.0,0.5,0,0,2498,3000,1021,0,2819,2160
f79f46d3-74a520f1-3039fa3d-eef50e3d-a5ad3e59,66.161,66.327,1889,769,23,23,1.0,0.5,0,0,2498,3000,1021,0,2819,2160
f79f46d3-74a520f1-3039fa3d-eef50e3d-a5ad3e59,66.383,66.578,2215,698,23,23,1.0,0.5,0,0,2498,3000,1021,0,2819,2160
f79f46d3-74a520f1-3039fa3d-eef50e3d-a5ad3e59,66.702,66.827,1456,836,23,23,1.0,0.5,0,0,2498,3000,1021,0,2819,2160
f79f46d3-74a520f1-3039fa3d-eef50e3d-a5ad3e59,66.967,67.161,927,995,23,23,1.0,0.5,0,0,2498,3000,1021,0,2819,2160
f79f46d3-74a520f1-3039fa3d-eef50e3d-a5ad3e59,67.563,67.688,982,2522,23,23,1.0,0.5,0,0,2498,3000,1021,0,2819,2160
f79f46d3-74a520f1-3039fa3d-eef50e3d-a5ad3e59,67.827,67.952,289,2482,23,23,1.0,0.5,0,0,2498,3000,1021,0,2819,2160
f79f46d3-74a520f1-3039fa3d-eef50e3d-a5ad3e59,67.994,68.105,372,2464,23,23,1.0,0.5,0,0,2498,3000,1021,0,2819,2160
f79f46d3-74a520f1-3039fa3d-eef50e3d-a5ad3e59,68.119,68.272,450,2429,23,23,1.0,0.5,0,0,2498,3000,1021,0,2819,2160
f79f46d3-74a520f1-3039fa3d-eef50e3d-a5ad3e59,68.3,68.633,314,2336,23,23,1.0,0.5,0,0,2498,3000,1021,0,2819,2160
f79f46d3-74a520f1-3039fa3d-eef50e3d-a5ad3e59,68.647,68.758,502,2190,23,23,1.0,0.5,0,0,2498,3000,1021,0,2819,2160
f79f46d3-74a520f1-3039fa3d-eef50e3d-a5ad3e59,68.772,68.882,506,2194,23,23,1.0,0.5,0,0,2498,3000,1021,0,2819,2160
f79f46d3-74a520f1-3039fa3d-eef50e3d-a5ad3e59,68.925,69.049,1242,2623,23,23,1.0,0.5,0,0,2498,3000,1021,0,2819,2160
f79f46d3-74a520f1-3039fa3d-eef50e3d-a5ad3e59,69.216,69.341,1390,2756,23,23,1.0,0.5,0,0,2498,3000,1021,0,2819,2160
f79f46d3-74a520f1-3039fa3d-eef50e3d-a5ad3e59,69.438,69.714,1329,2870,23,23,1.0,0.5,0,0,2498,3000,1021,0,2819,2160
f79f46d3-74a520f1-3039fa3d-eef50e3d-a5ad3e59,69.797,69.976,1336,2610,23,23,1.0,0.5,0,0,2498,3000,1021,0,2819,2160
f79f46d3-74a520f1-3039fa3d-eef50e3d-a5ad3e59,70.017,70.238,1279,2391,23,23,1.0,0.5,0,0,2498,3000,1021,0,2819,2160
f79f46d3-74a520f1-3039fa3d-eef50e3d-a5ad3e59,70.293,70.431,1017,2521,23,23,1.0,0.5,0,0,2498,3000,1021,0,2819,2160
f79f46d3-74a520f1-3039fa3d-eef50e3d-a5ad3e59,70.598,70.723,1938,2779,23,23,1.0,0.5,0,0,2498,3000,1021,0,2819,2160
f79f46d3-74a520f1-3039fa3d-eef50e3d-a5ad3e59,70.806,70.973,1926,2818,23,23,1.0,0.5,0,0,2498,3000,1021,0,2819,2160
f79f46d3-74a520f1-3039fa3d-eef50e3d-a5ad3e59,71.001,71.111,2143,2789,23,23,1.0,0.5,0,0,2498,3000,1021,0,2819,2160
f79f46d3-74a520f1-3039fa3d-eef50e3d-a5ad3e59,71.404,71.528,930,1224,23,23,1.0,0.5,0,0,2498,3000,1021,0,2819,2160
f79f46d3-74a520f1-3039fa3d-eef50e3d-a5ad3e59,71.625,71.75,607,1204,23,23,1.0,0.5,0,0,2498,3000,1021,0,2819,2160
f79f46d3-74a520f1-3039fa3d-eef50e3d-a5ad3e59,71.848,72.099,920,1476,23,23,1.0,0.5,0,0,2498,3000,1021,0,2819,2160
f79f46d3-74a520f1-3039fa3d-eef50e3d-a5ad3e59,72.139,72.431,1144,1643,23,23,1.0,0.5,0,0,2498,3000,1021,0,2819,2160
f79f46d3-74a520f1-3039fa3d-eef50e3d-a5ad3e59,72.889,73.0,2144,896,23,23,1.0,0.5,0,0,2498,3000,1021,0,2819,2160
f79f46d3-74a520f1-3039fa3d-eef50e3d-a5ad3e59,73.125,73.334,1903,825,23,23,1.0,0.5,0,0,2498,3000,1021,0,2819,2160
f79f46d3-74a520f1-3039fa3d-eef50e3d-a5ad3e59,73.347,73.542,1970,1082,23,23,1.0,0.5,0,0,2498,3000,1021,0,2819,2160
f79f46d3-74a520f1-3039fa3d-eef50e3d-a5ad3e59,73.57,73.723,1670,1361,23,23,1.0,0.5,0,0,2498,3000,1021,0,2819,2160
f79f46d3-74a520f1-3039fa3d-eef50e3d-a5ad3e59,73.791,73.972,1480,1638,23,23,1.0,0.5,0,0,2498,3000,1021,0,2819,2160
f79f46d3-74a520f1-3039fa3d-eef50e3d-a5ad3e59,74.001,74.291,1595,1845,23,23,1.0,0.5,0,0,2498,3000,1021,0,2819,2160
f79f46d3-74a520f1-3039fa3d-eef50e3d-a5ad3e59,74.306,74.458,1626,1868,23,23,1.0,0.5,0,0,2498,3000,1021,0,2819,2160
f79f46d3-74a520f1-3039fa3d-eef50e3d-a5ad3e59,74.5,74.611,1758,2092,23,23,1.0,0.5,0,0,2498,3000,1021,0,2819,2160
f79f46d3-74a520f1-3039fa3d-eef50e3d-a5ad3e59,74.639,74.806,1778,2422,23,23,1.0,0.5,0,0,2498,3000,1021,0,2819,2160
f79f46d3-74a520f1-3039fa3d-eef50e3d-a5ad3e59,74.861,75.0,1841,2646,23,23,1.0,0.5,0,0,2498,3000,1021,0,2819,2160
f79f46d3-74a520f1-3039fa3d-eef50e3d-a5ad3e59,75.084,75.458,2169,2545,23,23,1.0,0.5,0,0,2498,3000,1021,0,2819,2160
f79f46d3-74a520f1-3039fa3d-eef50e3d-a5ad3e59,75.472,75.611,2207,2481,23,23,1.0,0.5,0,0,2498,3000,1021,0,2819,2160
f79f46d3-74a520f1-3039fa3d-eef50e3d-a5ad3e59,75.681,75.972,1404,2538,23,23,1.0,0.5,0,0,2498,3000,1021,0,2819,2160
f79f46d3-74a520f1-3039fa3d-eef50e3d-a5ad3e59,76.0,76.195,1458,2016,23,23,1.0,0.5,0,0,2498,3000,1021,0,2819,2160
f79f46d3-74a520f1-3039fa3d-eef50e3d-a5ad3e59,76.32,76.43,1327,2341,23,23,1.0,0.5,0,0,2498,3000,1021,0,2819,2160
f79f46d3-74a520f1-3039fa3d-eef50e3d-a5ad3e59,76.57,76.875,1510,1768,23,23,1.0,0.5,0,0,2498,3000,1021,0,2819,2160
f79f46d3-74a520f1-3039fa3d-eef50e3d-a5ad3e59,76.889,77.084,1379,1772,23,23,1.0,0.5,0,0,2498,3000,1021,0,2819,2160
f79f46d3-74a520f1-3039fa3d-eef50e3d-a5ad3e59,77.139,77.306,1462,1939,23,23,1.0,0.5,0,0,2498,3000,1021,0,2819,2160
f79f46d3-74a520f1-3039fa3d-eef50e3d-a5ad3e59,77.362,77.5,1317,2237,23,23,1.0,0.5,0,0,2498,3000,1021,0,2819,2160
f79f46d3-74a520f1-3039fa3d-eef50e3d-a5ad3e59,77.752,77.862,1038,1829,23,23,1.0,0.5,0,0,2498,3000,1021,0,2819,2160
f79f46d3-74a520f1-3039fa3d-eef50e3d-a5ad3e59,77.875,77.987,1072,1852,23,23,1.0,0.5,0,0,2498,3000,1021,0,2819,2160
f79f46d3-74a520f1-3039fa3d-eef50e3d-a5ad3e59,78.0,78.154,1001,1783,23,23,1.0,0.5,0,0,2498,3000,1021,0,2819,2160
f79f46d3-74a520f1-3039fa3d-eef50e3d-a5ad3e59,78.209,78.487,1597,1765,23,23,1.0,0.5,0,0,2498,3000,1021,0,2819,2160
f79f46d3-74a520f1-3039fa3d-eef50e3d-a5ad3e59,78.584,78.737,1741,1706,23,23,1.0,0.5,0,0,2498,3000,1021,0,2819,2160
f79f46d3-74a520f1-3039fa3d-eef50e3d-a5ad3e59,78.778,78.987,1655,1696,23,23,1.0,0.5,0,0,2498,3000,1021,0,2819,2160
f79f46d3-74a520f1-3039fa3d-eef50e3d-a5ad3e59,79.056,79.279,1137,1731,23,23,1.0,0.5,0,0,2498,3000,1021,0,2819,2160
f79f46d3-74a520f1-3039fa3d-eef50e3d-a5ad3e59,79.321,79.584,941,1789,23,23,1.0,0.5,0,0,2498,3000,1021,0,2819,2160
f79f46d3-74a520f1-3039fa3d-eef50e3d-a5ad3e59,79.625,79.793,1119,1603,23,23,1.0,0.5,0,0,2498,3000,1021,0,2819,2160
f79f46d3-74a520f1-3039fa3d-eef50e3d-a5ad3e59,79.82,80.028,956,1810,23,23,1.0,0.5,0,0,2498,3000,1021,0,2819,2160
f79f46d3-74a520f1-3039fa3d-eef50e3d-a5ad3e59,80.056,80.237,1181,1525,23,23,1.0,0.5,0,0,2498,3000,1021,0,2819,2160
f79f46d3-74a520f1-3039fa3d-eef50e3d-a5ad3e59,80.265,80.529,903,1439,23,23,1.0,0.5,0,0,2498,3000,1021,0,2819,2160
f79f46d3-74a520f1-3039fa3d-eef50e3d-a5ad3e59,80.557,80.738,735,1298,23,23,1.0,0.5,0,0,2498,3000,1021,0,2819,2160
f79f46d3-74a520f1-3039fa3d-eef50e3d-a5ad3e59,80.793,80.904,1092,1560,23,23,1.0,0.5,0,0,2498,3000,1021,0,2819,2160
f79f46d3-74a520f1-3039fa3d-eef50e3d-a5ad3e59,81.099,81.779,1259,2170,23,23,1.0,0.5,0,0,2498,3000,1021,0,2819,2160
9c452d99-a2e14f15-8458865f-92178374-a9e29b76,0.0,0.389,1329,1797,23,23,1.0,0.5,0,0,2498,3000,1021,0,2819,2160
9c452d99-a2e14f15-8458865f-92178374-a9e29b76,0.417,0.555,1878,1733,23,23,1.0,0.5,0,0,2498,3000,1021,0,2819,2160
9c452d99-a2e14f15-8458865f-92178374-a9e29b76,0.666,0.93,1263,1334,23,23,1.0,0.5,0,0,2498,3000,1021,0,2819,2160
9c452d99-a2e14f15-8458865f-92178374-a9e29b76,0.958,1.152,874,1194,23,23,1.0,0.5,0,0,2498,3000,1021,0,2819,2160
9c452d99-a2e14f15-8458865f-92178374-a9e29b76,1.208,1.597,779,1493,23,23,1.0,0.5,0,0,2498,3000,1021,0,2819,2160
9c452d99-a2e14f15-8458865f-92178374-a9e29b76,1.709,1.834,556,1572,23,23,1.0,0.5,0,0,2498,3000,1021,0,2819,2160
9c452d99-a2e14f15-8458865f-92178374-a9e29b76,1.902,2.22,1302,1404,23,23,1.0,0.5,0,0,2498,3000,1021,0,2819,2160
9c452d99-a2e14f15-8458865f-92178374-a9e29b76,2.248,2.4,1221,1567,23,23,1.0,0.5,0,0,2498,3000,1021,0,2819,2160
9c452d99-a2e14f15-8458865f-92178374-a9e29b76,2.468,2.649,1052,2217,23,23,1.0,0.5,0,0,2498,3000,1021,0,2819,2160
9c452d99-a2e14f15-8458865f-92178374-a9e29b76,2.691,2.983,1028,2407,23,23,1.0,0.5,0,0,2498,3000,1021,0,2819,2160
9c452d99-a2e14f15-8458865f-92178374-a9e29b76,3.01,3.219,1200,2341,23,23,1.0,0.5,0,0,2498,3000,1021,0,2819,2160
9c452d99-a2e14f15-8458865f-92178374-a9e29b76,3.538,3.802,1906,1798,23,23,1.0,0.5,0,0,2498,3000,1021,0,2819,2160
9c452d99-a2e14f15-8458865f-92178374-a9e29b76,3.816,4.094,1766,1795,23,23,1.0,0.5,0,0,2498,3000,1021,0,2819,2160
9c452d99-a2e14f15-8458865f-92178374-a9e29b76,4.33,4.608,1274,1982,23,23,1.0,0.5,0,0,2498,3000,1021,0,2819,2160
9c452d99-a2e14f15-8458865f-92178374-a9e29b76,4.621,4.829,1286,2054,23,23,1.0,0.5,0,0,2498,3000,1021,0,2819,2160
9c452d99-a2e14f15-8458865f-92178374-a9e29b76,4.857,5.065,1426,1471,23,23,1.0,0.5,0,0,2498,3000,1021,0,2819,2160
9c452d99-a2e14f15-8458865f-92178374-a9e29b76,5.163,5.399,1517,1287,23,23,1.0,0.5,0,0,2498,3000,1021,0,2819,2160
9c452d99-a2e14f15-8458865f-92178374-a9e29b76,5.454,5.635,1886,1718,23,23,1.0,0.5,0,0,2498,3000,1021,0,2819,2160
9c452d99-a2e14f15-8458865f-92178374-a9e29b76,5.76,6.038,1834,1842,23,23,1.0,0.5,0,0,2498,3000,1021,0,2819,2160
9c452d99-a2e14f15-8458865f-92178374-a9e29b76,6.051,6.329,1796,1814,23,23,1.0,0.5,0,0,2498,3000,1021,0,2819,2160
9c452d99-a2e14f15-8458865f-92178374-a9e29b76,6.343,6.51,1894,1828,23,23,1.0,0.5,0,0,2498,3000,1021,0,2819,2160
9c452d99-a2e14f15-8458865f-92178374-a9e29b76,6.58,6.732,1272,2024,23,23,1.0,0.5,0,0,2498,3000,1021,0,2819,2160
9c452d99-a2e14f15-8458865f-92178374-a9e29b76,6.759,6.984,1211,2264,23,23,1.0,0.5,0,0,2498,3000,1021,0,2819,2160
9c452d99-a2e14f15-8458865f-92178374-a9e29b76,6.999,7.177,1305,2072,23,23,1.0,0.5,0,0,2498,3000,1021,0,2819,2160
9c452d99-a2e14f15-8458865f-92178374-a9e29b76,7.232,7.51,1909,1792,23,23,1.0,0.5,0,0,2498,3000,1021,0,2819,2160
9c452d99-a2e14f15-8458865f-92178374-a9e29b76,7.524,7.704,1834,1791,23,23,1.0,0.5,0,0,2498,3000,1021,0,2819,2160
9c452d99-a2e14f15-8458865f-92178374-a9e29b76,7.815,8.051,1895,1813,23,23,1.0,0.5,0,0,2498,3000,1021,0,2819,2160
9c452d99-a2e14f15-8458865f-92178374-a9e29b76,8.162,8.328,917,1433,23,23,1.0,0.5,0,0,2498,3000,1021,0,2819,2160
9c452d99-a2e14f15-8458865f-92178374-a9e29b76,8.454,8.579,914,1151,23,23,1.0,0.5,0,0,2498,3000,1021,0,2819,2160
9c452d99-a2e14f15-8458865f-92178374-a9e29b76,8.732,8.843,1094,1486,23,23,1.0,0.5,0,0,2498,3000,1021,0,2819,2160
9c452d99-a2e14f15-8458865f-92178374-a9e29b76,8.899,9.093,1315,1792,23,23,1.0,0.5,0,0,2498,3000,1021,0,2819,2160
9c452d99-a2e14f15-8458865f-92178374-a9e29b76,9.148,9.356,1580,2059,23,23,1.0,0.5,0,0,2498,3000,1021,0,2819,2160
9c452d99-a2e14f15-8458865f-92178374-a9e29b76,9.384,9.551,1901,1804,23,23,1.0,0.5,0,0,2498,3000,1021,0,2819,2160
9c452d99-a2e14f15-8458865f-92178374-a9e29b76,9.662,9.87,1189,1994,23,23,1.0,0.5,0,0,2498,3000,1021,0,2819,2160
9c452d99-a2e14f15-8458865f-92178374-a9e29b76,9.884,10.009,1187,1978,23,23,1.0,0.5,0,0,2498,3000,1021,0,2819,2160
9c452d99-a2e14f15-8458865f-92178374-a9e29b76,10.051,10.175,1098,1873,23,23,1.0,0.5,0,0,2498,3000,1021,0,2819,2160
9c452d99-a2e14f15-8458865f-92178374-a9e29b76,10.245,10.411,1877,1760,23,23,1.0,0.5,0,0,2498,3000,1021,0,2819,2160
9c452d99-a2e14f15-8458865f-92178374-a9e29b76,10.522,10.731,1875,1825,23,23,1.0,0.5,0,0,2498,3000,1021,0,2819,2160
9c452d99-a2e14f15-8458865f-92178374-a9e29b76,10.772,10.939,1416,1907,23,23,1.0,0.5,0,0,2498,3000,1021,0,2819,2160
9c452d99-a2e14f15-8458865f-92178374-a9e29b76,10.995,11.148,968,2177,23,23,1.0,0.5,0,0,2498,3000,1021,0,2819,2160
9c452d99-a2e14f15-8458865f-92178374-a9e29b76,11.259,11.439,718,2259,23,23,1.0,0.5,0,0,2498,3000,1021,0,2819,2160
9c452d99-a2e14f15-8458865f-92178374-a9e29b76,11.468,11.648,488,2122,23,23,1.0,0.5,0,0,2498,3000,1021,0,2819,2160
9c452d99-a2e14f15-8458865f-92178374-a9e29b76,11.745,11.94,1366,1754,23,23,1.0,0.5,0,0,2498,3000,1021,0,2819,2160
9c452d99-a2e14f15-8458865f-92178374-a9e29b76,11.995,12.189,588,1580,23,23,1.0,0.5,0,0,2498,3000,1021,0,2819,2160
9c452d99-a2e14f15-8458865f-92178374-a9e29b76,12.258,12.398,1490,1915,23,23,1.0,0.5,0,0,2498,3000,1021,0,2819,2160
9c452d99-a2e14f15-8458865f-92178374-a9e29b76,12.453,12.676,1634,1947,23,23,1.0,0.5,0,0,2498,3000,1021,0,2819,2160
9c452d99-a2e14f15-8458865f-92178374-a9e29b76,12.731,12.925,1265,1978,23,23,1.0,0.5,0,0,2498,3000,1021,0,2819,2160
9c452d99-a2e14f15-8458865f-92178374-a9e29b76,13.009,13.119,1637,1994,23,23,1.0,0.5,0,0,2498,3000,1021,0,2819,2160
9c452d99-a2e14f15-8458865f-92178374-a9e29b76,13.134,13.245,1633,1950,23,23,1.0,0.5,0,0,2498,3000,1021,0,2819,2160
9c452d99-a2e14f15-8458865f-92178374-a9e29b76,13.3,13.647,1281,2006,23,23,1.0,0.5,0,0,2498,3000,1021,0,2819,2160
9c452d99-a2e14f15-8458865f-92178374-a9e29b76,13.675,13.981,1650,1930,23,23,1.0,0.5,0,0,2498,3000,1021,0,2819,2160
9c452d99-a2e14f15-8458865f-92178374-a9e29b76,14.064,14.328,565,2051,23,23,1.0,0.5,0,0,2498,3000,1021,0,2819,2160
9c452d99-a2e14f15-8458865f-92178374-a9e29b76,14.342,14.453,598,2089,23,23,1.0,0.5,0,0,2498,3000,1021,0,2819,2160
9c452d99-a2e14f15-8458865f-92178374-a9e29b76,14.508,14.62,1528,1968,23,23,1.0,0.5,0,0,2498,3000,1021,0,2819,2160
9c452d99-a2e14f15-8458865f-92178374-a9e29b76,14.702,14.855,1665,1953,23,23,1.0,0.5,0,0,2498,3000,1021,0,2819,2160
9c452d99-a2e14f15-8458865f-92178374-a9e29b76,14.869,15.37,1697,1922,23,23,1.0,0.5,0,0,2498,3000,1021,0,2819,2160
9c452d99-a2e14f15-8458865f-92178374-a9e29b76,15.44,15.662,1534,1473,23,23,1.0,0.5,0,0,2498,3000,1021,0,2819,2160
9c452d99-a2e14f15-8458865f-92178374-a9e29b76,15.677,15.802,1532,1406,23,23,1.0,0.5,0,0,2498,3000,1021,0,2819,2160
9c452d99-a2e14f15-8458865f-92178374-a9e29b76,16.134,16.342,829,2052,23,23,1.0,0.5,0,0,2498,3000,1021,0,2819,2160
9c452d99-a2e14f15-8458865f-92178374-a9e29b76,16.466,16.73,1381,1870,23,23,1.0,0.5,0,0,2498,3000,1021,0,2819,2160
9c452d99-a2e14f15-8458865f-92178374-a9e29b76,16.746,16.855,1610,1916,23,23,1.0,0.5,0,0,2498,3000,1021,0,2819,2160
9c452d99-a2e14f15-8458865f-92178374-a9e29b76,16.952,17.064,1233,1669,23,23,1.0,0.5,0,0,2498,3000,1021,0,2819,2160
9c452d99-a2e14f15-8458865f-92178374-a9e29b76,17.314,17.425,1167,1170,23,23,1.0,0.5,0,0,2498,3000,1021,0,2819,2160
9c452d99-a2e14f15-8458865f-92178374-a9e29b76,17.494,17.633,1571,1165,23,23,1.0,0.5,0,0,2498,3000,1021,0,2819,2160
9c452d99-a2e14f15-8458865f-92178374-a9e29b76,17.73,17.897,1514,1279,23,23,1.0,0.5,0,0,2498,3000,1021,0,2819,2160
9c452d99-a2e14f15-8458865f-92178374-a9e29b76,17.939,18.091,1244,1584,23,23,1.0,0.5,0,0,2498,3000,1021,0,2819,2160
9c452d99-a2e14f15-8458865f-92178374-a9e29b76,18.3,18.591,1269,1928,23,23,1.0,0.5,0,0,2498,3000,1021,0,2819,2160
9c452d99-a2e14f15-8458865f-92178374-a9e29b76,18.605,18.841,1136,1825,23,23,1.0,0.5,0,0,2498,3000,1021,0,2819,2160
9c452d99-a2e14f15-8458865f-92178374-a9e29b76,18.869,19.049,1249,1934,23,23,1.0,0.5,0,0,2498,3000,1021,0,2819,2160
9c452d99-a2e14f15-8458865f-92178374-a9e29b76,19.077,19.41,1094,1770,23,23,1.0,0.5,0,0,2498,3000,1021,0,2819,2160
9c452d99-a2e14f15-8458865f-92178374-a9e29b76,19.424,19.716,1114,1544,23,23,1.0,0.5,0,0,2498,3000,1021,0,2819,2160
9c452d99-a2e14f15-8458865f-92178374-a9e29b76,19.757,19.883,1149,1815,23,23,1.0,0.5,0,0,2498,3000,1021,0,2819,2160
9c452d99-a2e14f15-8458865f-92178374-a9e29b76,19.897,20.021,1128,1801,23,23,1.0,0.5,0,0,2498,3000,1021,0,2819,2160
9c452d99-a2e14f15-8458865f-92178374-a9e29b76,20.076,20.313,1195,1378,23,23,1.0,0.5,0,0,2498,3000,1021,0,2819,2160
9c452d99-a2e14f15-8458865f-92178374-a9e29b76,20.34,20.756,1112,1118,23,23,1.0,0.5,0,0,2498,3000,1021,0,2819,2160
9c452d99-a2e14f15-8458865f-92178374-a9e29b76,20.799,20.993,1069,1260,23,23,1.0,0.5,0,0,2498,3000,1021,0,2819,2160
9c452d99-a2e14f15-8458865f-92178374-a9e29b76,21.021,21.202,1125,1489,23,23,1.0,0.5,0,0,2498,3000,1021,0,2819,2160
9c452d99-a2e14f15-8458865f-92178374-a9e29b76,21.326,21.521,1127,1840,23,23,1.0,0.5,0,0,2498,3000,1021,0,2819,2160
9c452d99-a2e14f15-8458865f-92178374-a9e29b76,21.563,21.773,1088,1979,23,23,1.0,0.5,0,0,2498,3000,1021,0,2819,2160
9c452d99-a2e14f15-8458865f-92178374-a9e29b76,21.827,22.076,984,1697,23,23,1.0,0.5,0,0,2498,3000,1021,0,2819,2160
9c452d99-a2e14f15-8458865f-92178374-a9e29b76,22.118,22.452,1087,1436,23,23,1.0,0.5,0,0,2498,3000,1021,0,2819,2160
9c452d99-a2e14f15-8458865f-92178374-a9e29b76,22.478,22.659,1077,1697,23,23,1.0,0.5,0,0,2498,3000,1021,0,2819,2160
9c452d99-a2e14f15-8458865f-92178374-a9e29b76,22.688,22.966,1036,1913,23,23,1.0,0.5,0,0,2498,3000,1021,0,2819,2160
9c452d99-a2e14f15-8458865f-92178374-a9e29b76,22.979,23.243,1110,1875,23,23,1.0,0.5,0,0,2498,3000,1021,0,2819,2160
9c452d99-a2e14f15-8458865f-92178374-a9e29b76,23.271,23.606,1123,1506,23,23,1.0,0.5,0,0,2498,3000,1021,0,2819,2160
9c452d99-a2e14f15-8458865f-92178374-a9e29b76,23.648,23.993,1116,1286,23,23,1.0,0.5,0,0,2498,3000,1021,0,2819,2160
9c452d99-a2e14f15-8458865f-92178374-a9e29b76,24.02,24.173,1109,1583,23,23,1.0,0.5,0,0,2498,3000,1021,0,2819,2160
9c452d99-a2e14f15-8458865f-92178374-a9e29b76,24.312,24.465,1112,1702,23,23,1.0,0.5,0,0,2498,3000,1021,0,2819,2160
9c452d99-a2e14f15-8458865f-92178374-a9e29b76,24.603,24.77,1163,1544,23,23,1.0,0.5,0,0,2498,3000,1021,0,2819,2160
9c452d99-a2e14f15-8458865f-92178374-a9e29b76,25.02,25.256,1139,1448,23,23,1.0,0.5,0,0,2498,3000,1021,0,2819,2160
9c452d99-a2e14f15-8458865f-92178374-a9e29b76,25.298,25.548,1129,1240,23,23,1.0,0.5,0,0,2498,3000,1021,0,2819,2160
9c452d99-a2e14f15-8458865f-92178374-a9e29b76,25.59,25.811,1163,1503,23,23,1.0,0.5,0,0,2498,3000,1021,0,2819,2160
9c452d99-a2e14f15-8458865f-92178374-a9e29b76,25.853,25.979,1119,1837,23,23,1.0,0.5,0,0,2498,3000,1021,0,2819,2160
9c452d99-a2e14f15-8458865f-92178374-a9e29b76,26.006,26.117,1097,1810,23,23,1.0,0.5,0,0,2498,3000,1021,0,2819,2160
9c452d99-a2e14f15-8458865f-92178374-a9e29b76,26.187,26.437,1109,1351,23,23,1.0,0.5,0,0,2498,3000,1021,0,2819,2160
9c452d99-a2e14f15-8458865f-92178374-a9e29b76,26.493,26.687,1123,1065,23,23,1.0,0.5,0,0,2498,3000,1021,0,2819,2160
9c452d99-a2e14f15-8458865f-92178374-a9e29b76,26.7,26.839,1099,1055,23,23,1.0,0.5,0,0,2498,3000,1021,0,2819,2160
9c452d99-a2e14f15-8458865f-92178374-a9e29b76,26.895,27.048,745,1129,23,23,1.0,0.5,0,0,2498,3000,1021,0,2819,2160
9c452d99-a2e14f15-8458865f-92178374-a9e29b76,27.076,27.298,478,1376,23,23,1.0,0.5,0,0,2498,3000,1021,0,2819,2160
9c452d99-a2e14f15-8458865f-92178374-a9e29b76,27.311,27.465,475,1363,23,23,1.0,0.5,0,0,2498,3000,1021,0,2819,2160
9c452d99-a2e14f15-8458865f-92178374-a9e29b76,27.534,27.644,377,1065,23,23,1.0,0.5,0,0,2498,3000,1021,0,2819,2160
9c452d99-a2e14f15-8458865f-92178374-a9e29b76,27.755,27.922,616,1645,23,23,1.0,0.5,0,0,2498,3000,1021,0,2819,2160
9c452d99-a2e14f15-8458865f-92178374-a9e29b76,27.978,28.117,694,2228,23,23,1.0,0.5,0,0,2498,3000,1021,0,2819,2160
9c452d99-a2e14f15-8458865f-92178374-a9e29b76,28.255,28.381,1503,1590,23,23,1.0,0.5,0,0,2498,3000,1021,0,2819,2160
9c452d99-a2e14f15-8458865f-92178374-a9e29b76,28.519,28.783,1717,1221,23,23,1.0,0.5,0,0,2498,3000,1021,0,2819,2160
9c452d99-a2e14f15-8458865f-92178374-a9e29b76,28.894,29.103,438,1139,23,23,1.0,0.5,0,0,2498,3000,1021,0,2819,2160
9c452d99-a2e14f15-8458865f-92178374-a9e29b76,29.228,29.394,354,1335,23,23,1.0,0.5,0,0,2498,3000,1021,0,2819,2160
9c452d99-a2e14f15-8458865f-92178374-a9e29b76,29.464,29.588,504,1709,23,23,1.0,0.5,0,0,2498,3000,1021,0,2819,2160
9c452d99-a2e14f15-8458865f-92178374-a9e29b76,29.644,29.811,596,2188,23,23,1.0,0.5,0,0,2498,3000,1021,0,2819,2160
9c452d99-a2e14f15-8458865f-92178374-a9e29b76,29.936,30.297,823,2117,23,23,1.0,0.5,0,0,2498,3000,1021,0,2819,2160
9c452d99-a2e14f15-8458865f-92178374-a9e29b76,30.339,30.561,1178,2160,23,23,1.0,0.5,0,0,2498,3000,1021,0,2819,2160
9c452d99-a2e14f15-8458865f-92178374-a9e29b76,30.588,30.894,1384,2252,23,23,1.0,0.5,0,0,2498,3000,1021,0,2819,2160
9c452d99-a2e14f15-8458865f-92178374-a9e29b76,30.964,31.116,678,2035,23,23,1.0,0.5,0,0,2498,3000,1021,0,2819,2160
9c452d99-a2e14f15-8458865f-92178374-a9e29b76,31.241,31.394,512,1586,23,23,1.0,0.5,0,0,2498,3000,1021,0,2819,2160
9c452d99-a2e14f15-8458865f-92178374-a9e29b76,31.533,31.811,464,1177,23,23,1.0,0.5,0,0,2498,3000,1021,0,2819,2160
9c452d99-a2e14f15-8458865f-92178374-a9e29b76,31.852,32.117,527,1478,23,23,1.0,0.5,0,0,2498,3000,1021,0,2819,2160
9c452d99-a2e14f15-8458865f-92178374-a9e29b76,32.352,32.463,548,863,23,23,1.0,0.5,0,0,2498,3000,1021,0,2819,2160
9c452d99-a2e14f15-8458865f-92178374-a9e29b76,32.533,32.7,583,789,23,23,1.0,0.5,0,0,2498,3000,1021,0,2819,2160
9c452d99-a2e14f15-8458865f-92178374-a9e29b76,32.769,32.908,988,1476,23,23,1.0,0.5,0,0,2498,3000,1021,0,2819,2160
9c452d99-a2e14f15-8458865f-92178374-a9e29b76,32.935,33.13,909,1918,23,23,1.0,0.5,0,0,2498,3000,1021,0,2819,2160
9c452d99-a2e14f15-8458865f-92178374-a9e29b76,33.158,33.407,973,2318,23,23,1.0,0.5,0,0,2498,3000,1021,0,2819,2160
9c452d99-a2e14f15-8458865f-92178374-a9e29b76,33.449,33.685,1148,2390,23,23,1.0,0.5,0,0,2498,3000,1021,0,2819,2160
9c452d99-a2e14f15-8458865f-92178374-a9e29b76,33.74,33.866,1126,2319,23,23,1.0,0.5,0,0,2498,3000,1021,0,2819,2160
9c452d99-a2e14f15-8458865f-92178374-a9e29b76,33.88,33.99,1105,2348,23,23,1.0,0.5,0,0,2498,3000,1021,0,2819,2160
9c452d99-a2e14f15-8458865f-92178374-a9e29b76,34.033,34.296,633,2035,23,23,1.0,0.5,0,0,2498,3000,1021,0,2819,2160
9c452d99-a2e14f15-8458865f-92178374-a9e29b76,34.338,34.532,1095,1429,23,23,1.0,0.5,0,0,2498,3000,1021,0,2819,2160
9c452d99-a2e14f15-8458865f-92178374-a9e29b76,34.616,34.838,608,852,23,23,1.0,0.5,0,0,2498,3000,1021,0,2819,2160
9c452d99-a2e14f15-8458865f-92178374-a9e29b76,34.949,35.13,540,767,23,23,1.0,0.5,0,0,2498,3000,1021,0,2819,2160
9c452d99-a2e14f15-8458865f-92178374-a9e29b76,35.199,35.352,889,950,23,23,1.0,0.5,0,0,2498,3000,1021,0,2819,2160
9c452d99-a2e14f15-8458865f-92178374-a9e29b76,35.393,35.657,573,1365,23,23,1.0,0.5,0,0,2498,3000,1021,0,2819,2160
9c452d99-a2e14f15-8458865f-92178374-a9e29b76,35.685,35.976,517,1580,23,23,1.0,0.5,0,0,2498,3000,1021,0,2819,2160
9c452d99-a2e14f15-8458865f-92178374-a9e29b76,36.018,36.49,704,1860,23,23,1.0,0.5,0,0,2498,3000,1021,0,2819,2160
9c452d99-a2e14f15-8458865f-92178374-a9e29b76,36.518,36.685,593,1562,23,23,1.0,0.5,0,0,2498,3000,1021,0,2819,2160
9c452d99-a2e14f15-8458865f-92178374-a9e29b76,36.81,37.018,666,1850,23,23,1.0,0.5,0,0,2498,3000,1021,0,2819,2160
9c452d99-a2e14f15-8458865f-92178374-a9e29b76,37.073,37.337,590,2106,23,23,1.0,0.5,0,0,2498,3000,1021,0,2819,2160
9c452d99-a2e14f15-8458865f-92178374-a9e29b76,37.393,37.504,640,2333,23,23,1.0,0.5,0,0,2498,3000,1021,0,2819,2160
9c452d99-a2e14f15-8458865f-92178374-a9e29b76,37.518,37.629,634,2369,23,23,1.0,0.5,0,0,2498,3000,1021,0,2819,2160
9c452d99-a2e14f15-8458865f-92178374-a9e29b76,37.657,37.783,744,2397,23,23,1.0,0.5,0,0,2498,3000,1021,0,2819,2160
9c452d99-a2e14f15-8458865f-92178374-a9e29b76,37.796,37.92,750,2370,23,23,1.0,0.5,0,0,2498,3000,1021,0,2819,2160
9c452d99-a2e14f15-8458865f-92178374-a9e29b76,37.948,38.073,705,2005,23,23,1.0,0.5,0,0,2498,3000,1021,0,2819,2160
9c452d99-a2e14f15-8458865f-92178374-a9e29b76,38.171,38.545,730,1989,23,23,1.0,0.5,0,0,2498,3000,1021,0,2819,2160
9c452d99-a2e14f15-8458865f-92178374-a9e29b76,38.587,38.809,1014,1925,23,23,1.0,0.5,0,0,2498,3000,1021,0,2819,2160
9c452d99-a2e14f15-8458865f-92178374-a9e29b76,38.837,39.323,735,1916,23,23,1.0,0.5,0,0,2498,3000,1021,0,2819,2160
9c452d99-a2e14f15-8458865f-92178374-a9e29b76,39.42,39.768,763,1892,23,23,1.0,0.5,0,0,2498,3000,1021,0,2819,2160
9c452d99-a2e14f15-8458865f-92178374-a9e29b76,39.809,40.017,625,1870,23,23,1.0,0.5,0,0,2498,3000,1021,0,2819,2160
9c452d99-a2e14f15-8458865f-92178374-a9e29b76,40.031,40.308,697,1722,23,23,1.0,0.5,0,0,2498,3000,1021,0,2819,2160
9c452d99-a2e14f15-8458865f-92178374-a9e29b76,40.336,40.6,593,1851,23,23,1.0,0.5,0,0,2498,3000,1021,0,2819,2160
9c452d99-a2e14f15-8458865f-92178374-a9e29b76,40.614,40.891,586,1978,23,23,1.0,0.5,0,0,2498,3000,1021,0,2819,2160
9c452d99-a2e14f15-8458865f-92178374-a9e29b76,40.906,41.044,513,2050,23,23,1.0,0.5,0,0,2498,3000,1021,0,2819,2160
9c452d99-a2e14f15-8458865f-92178374-a9e29b76,41.142,41.378,599,2019,23,23,1.0,0.5,0,0,2498,3000,1021,0,2819,2160
9c452d99-a2e14f15-8458865f-92178374-a9e29b76,41.42,41.558,777,1900,23,23,1.0,0.5,0,0,2498,3000,1021,0,2819,2160
9c452d99-a2e14f15-8458865f-92178374-a9e29b76,41.669,41.878,525,1924,23,23,1.0,0.5,0,0,2498,3000,1021,0,2819,2160
9c452d99-a2e14f15-8458865f-92178374-a9e29b76,41.892,42.058,542,2070,23,23,1.0,0.5,0,0,2498,3000,1021,0,2819,2160
9c452d99-a2e14f15-8458865f-92178374-a9e29b76,42.114,42.308,693,1720,23,23,1.0,0.5,0,0,2498,3000,1021,0,2819,2160
9c452d99-a2e14f15-8458865f-92178374-a9e29b76,42.378,42.67,1512,1568,23,23,1.0,0.5,0,0,2498,3000,1021,0,2819,2160
9c452d99-a2e14f15-8458865f-92178374-a9e29b76,42.753,43.031,591,1448,23,23,1.0,0.5,0,0,2498,3000,1021,0,2819,2160
9c452d99-a2e14f15-8458865f-92178374-a9e29b76,43.086,43.351,1009,965,23,23,1.0,0.5,0,0,2498,3000,1021,0,2819,2160
9c452d99-a2e14f15-8458865f-92178374-a9e29b76,43.531,43.753,1043,2146,23,23,1.0,0.5,0,0,2498,3000,1021,0,2819,2160
9c452d99-a2e14f15-8458865f-92178374-a9e29b76,43.78,43.905,1123,2363,23,23,1.0,0.5,0,0,2498,3000,1021,0,2819,2160
9c452d99-a2e14f15-8458865f-92178374-a9e29b76,43.919,44.141,1130,2400,23,23,1.0,0.5,0,0,2498,3000,1021,0,2819,2160
9c452d99-a2e14f15-8458865f-92178374-a9e29b76,44.169,44.502,1043,2182,23,23,1.0,0.5,0,0,2498,3000,1021,0,2819,2160
9c452d99-a2e14f15-8458865f-92178374-a9e29b76,44.53,44.697,1175,2134,23,23,1.0,0.5,0,0,2498,3000,1021,0,2819,2160
9c452d99-a2e14f15-8458865f-92178374-a9e29b76,44.738,44.975,823,2136,23,23,1.0,0.5,0,0,2498,3000,1021,0,2819,2160
9c452d99-a2e14f15-8458865f-92178374-a9e29b76,45.002,45.252,1320,2142,23,23,1.0,0.5,0,0,2498,3000,1021,0,2819,2160
9c452d99-a2e14f15-8458865f-92178374-a9e29b76,45.281,45.406,1489,2221,23,23,1.0,0.5,0,0,2498,3000,1021,0,2819,2160
9c452d99-a2e14f15-8458865f-92178374-a9e29b76,45.531,45.822,1175,2158,23,23,1.0,0.5,0,0,2498,3000,1021,0,2819,2160
9c452d99-a2e14f15-8458865f-92178374-a9e29b76,45.85,46.072,1024,2074,23,23,1.0,0.5,0,0,2498,3000,1021,0,2819,2160
9c452d99-a2e14f15-8458865f-92178374-a9e29b76,46.1,46.322,1098,2199,23,23,1.0,0.5,0,0,2498,3000,1021,0,2819,2160
9c452d99-a2e14f15-8458865f-92178374-a9e29b76,46.391,46.752,1229,1573,23,23,1.0,0.5,0,0,2498,3000,1021,0,2819,2160
9c452d99-a2e14f15-8458865f-92178374-a9e29b76,46.767,46.919,1227,1552,23,23,1.0,0.5,0,0,2498,3000,1021,0,2819,2160
9c452d99-a2e14f15-8458865f-92178374-a9e29b76,46.947,47.183,1282,1300,23,23,1.0,0.5,0,0,2498,3000,1021,0,2819,2160
9c452d99-a2e14f15-8458865f-92178374-a9e29b76,47.239,47.517,1396,1047,23,23,1.0,0.5,0,0,2498,3000,1021,0,2819,2160
9c452d99-a2e14f15-8458865f-92178374-a9e29b76,47.571,47.752,1717,907,23,23,1.0,0.5,0,0,2498,3000,1021,0,2819,2160
9c452d99-a2e14f15-8458865f-92178374-a9e29b76,47.779,47.919,1627,1176,23,23,1.0,0.5,0,0,2498,3000,1021,0,2819,2160
9c452d99-a2e14f15-8458865f-92178374-a9e29b76,47.947,48.211,1667,1419,23,23,1.0,0.5,0,0,2498,3000,1021,0,2819,2160
9c452d99-a2e14f15-8458865f-92178374-a9e29b76,48.238,48.405,1589,1589,23,23,1.0,0.5,0,0,2498,3000,1021,0,2819,2160
9c452d99-a2e14f15-8458865f-92178374-a9e29b76,48.502,48.655,1655,1310,23,23,1.0,0.5,0,0,2498,3000,1021,0,2819,2160
9c452d99-a2e14f15-8458865f-92178374-a9e29b76,48.738,49.043,576,1075,23,23,1.0,0.5,0,0,2498,3000,1021,0,2819,2160
9c452d99-a2e14f15-8458865f-92178374-a9e29b76,49.168,49.474,433,1030,23,23,1.0,0.5,0,0,2498,3000,1021,0,2819,2160
9c452d99-a2e14f15-8458865f-92178374-a9e29b76,49.516,49.752,604,1312,23,23,1.0,0.5,0,0,2498,3000,1021,0,2819,2160
9c452d99-a2e14f15-8458865f-92178374-a9e29b76,49.779,50.001,573,1475,23,23,1.0,0.5,0,0,2498,3000,1021,0,2819,2160
9c452d99-a2e14f15-8458865f-92178374-a9e29b76,50.03,50.141,543,1717,23,23,1.0,0.5,0,0,2498,3000,1021,0,2819,2160
9c452d99-a2e14f15-8458865f-92178374-a9e29b76,50.154,50.266,504,1741,23,23,1.0,0.5,0,0,2498,3000,1021,0,2819,2160
9c452d99-a2e14f15-8458865f-92178374-a9e29b76,50.307,50.433,590,1873,23,23,1.0,0.5,0,0,2498,3000,1021,0,2819,2160
9c452d99-a2e14f15-8458865f-92178374-a9e29b76,50.446,50.557,580,1856,23,23,1.0,0.5,0,0,2498,3000,1021,0,2819,2160
9c452d99-a2e14f15-8458865f-92178374-a9e29b76,50.599,51.016,394,968,23,23,1.0,0.5,0,0,2498,3000,1021,0,2819,2160
9c452d99-a2e14f15-8458865f-92178374-a9e29b76,51.057,51.196,604,1160,23,23,1.0,0.5,0,0,2498,3000,1021,0,2819,2160
9c452d99-a2e14f15-8458865f-92178374-a9e29b76,51.266,51.433,1247,1388,23,23,1.0,0.5,0,0,2498,3000,1021,0,2819,2160
9c452d99-a2e14f15-8458865f-92178374-a9e29b76,51.488,51.654,704,1582,23,23,1.0,0.5,0,0,2498,3000,1021,0,2819,2160
9c452d99-a2e14f15-8458865f-92178374-a9e29b76,51.696,51.946,772,1974,23,23,1.0,0.5,0,0,2498,3000,1021,0,2819,2160
9c452d99-a2e14f15-8458865f-92178374-a9e29b76,52.002,52.112,1581,1714,23,23,1.0,0.5,0,0,2498,3000,1021,0,2819,2160
9c452d99-a2e14f15-8458865f-92178374-a9e29b76,52.126,52.252,1631,1751,23,23,1.0,0.5,0,0,2498,3000,1021,0,2819,2160
9c452d99-a2e14f15-8458865f-92178374-a9e29b76,52.39,52.556,1605,1996,23,23,1.0,0.5,0,0,2498,3000,1021,0,2819,2160
9c452d99-a2e14f15-8458865f-92178374-a9e29b76,52.599,52.766,1450,2140,23,23,1.0,0.5,0,0,2498,3000,1021,0,2819,2160
9c452d99-a2e14f15-8458865f-92178374-a9e29b76,52.835,53.182,660,2106,23,23,1.0,0.5,0,0,2498,3000,1021,0,2819,2160
9c452d99-a2e14f15-8458865f-92178374-a9e29b76,53.223,53.418,469,1859,23,23,1.0,0.5,0,0,2498,3000,1021,0,2819,2160
9c452d99-a2e14f15-8458865f-92178374-a9e29b76,53.57,53.765,656,1773,23,23,1.0,0.5,0,0,2498,3000,1021,0,2819,2160
9c452d99-a2e14f15-8458865f-92178374-a9e29b76,53.986,54.223,1169,2211,23,23,1.0,0.5,0,0,2498,3000,1021,0,2819,2160
9c452d99-a2e14f15-8458865f-92178374-a9e29b76,54.264,54.431,840,2205,23,23,1.0,0.5,0,0,2498,3000,1021,0,2819,2160
9c452d99-a2e14f15-8458865f-92178374-a9e29b76,54.472,54.736,980,2386,23,23,1.0,0.5,0,0,2498,3000,1021,0,2819,2160
9c452d99-a2e14f15-8458865f-92178374-a9e29b76,54.764,55.142,1061,1834,23,23,1.0,0.5,0,0,2498,3000,1021,0,2819,2160
9c452d99-a2e14f15-8458865f-92178374-a9e29b76,55.153,55.334,1084,1610,23,23,1.0,0.5,0,0,2498,3000,1021,0,2819,2160
9c452d99-a2e14f15-8458865f-92178374-a9e29b76,55.403,55.57,507,1524,23,23,1.0,0.5,0,0,2498,3000,1021,0,2819,2160
9c452d99-a2e14f15-8458865f-92178374-a9e29b76,55.584,55.736,533,1527,23,23,1.0,0.5,0,0,2498,3000,1021,0,2819,2160
9c452d99-a2e14f15-8458865f-92178374-a9e29b76,55.778,55.903,591,1180,23,23,1.0,0.5,0,0,2498,3000,1021,0,2819,2160
9c452d99-a2e14f15-8458865f-92178374-a9e29b76,56.028,56.153,448,1140,23,23,1.0,0.5,0,0,2498,3000,1021,0,2819,2160
9c452d99-a2e14f15-8458865f-92178374-a9e29b76,56.306,56.501,564,1394,23,23,1.0,0.5,0,0,2498,3000,1021,0,2819,2160
9c452d99-a2e14f15-8458865f-92178374-a9e29b76,56.528,56.709,589,1663,23,23,1.0,0.5,0,0,2498,3000,1021,0,2819,2160
9c452d99-a2e14f15-8458865f-92178374-a9e29b76,56.779,57.042,625,1903,23,23,1.0,0.5,0,0,2498,3000,1021,0,2819,2160
9c452d99-a2e14f15-8458865f-92178374-a9e29b76,57.056,57.236,572,2041,23,23,1.0,0.5,0,0,2498,3000,1021,0,2819,2160
9c452d99-a2e14f15-8458865f-92178374-a9e29b76,57.306,57.418,544,1223,23,23,1.0,0.5,0,0,2498,3000,1021,0,2819,2160
9c452d99-a2e14f15-8458865f-92178374-a9e29b76,57.765,57.932,400,1050,23,23,1.0,0.5,0,0,2498,3000,1021,0,2819,2160
9c452d99-a2e14f15-8458865f-92178374-a9e29b76,57.973,58.168,573,1054,23,23,1.0,0.5,0,0,2498,3000,1021,0,2819,2160
9c452d99-a2e14f15-8458865f-92178374-a9e29b76,58.195,58.432,468,1245,23,23,1.0,0.5,0,0,2498,3000,1021,0,2819,2160
9c452d99-a2e14f15-8458865f-92178374-a9e29b76,58.448,58.571,677,1269,23,23,1.0,0.5,0,0,2498,3000,1021,0,2819,2160
9c452d99-a2e14f15-8458865f-92178374-a9e29b76,58.672,58.784,719,1836,23,23,1.0,0.5,0,0,2498,3000,1021,0,2819,2160
9c452d99-a2e14f15-8458865f-92178374-a9e29b76,58.835,59.085,892,1885,23,23,1.0,0.5,0,0,2498,3000,1021,0,2819,2160
9c452d99-a2e14f15-8458865f-92178374-a9e29b76,59.099,59.254,905,1859,23,23,1.0,0.5,0,0,2498,3000,1021,0,2819,2160
9c452d99-a2e14f15-8458865f-92178374-a9e29b76,59.28,59.907,807,1770,23,23,0.93,0.0,0,0,2498,3000,1021,0,2819,2160
9c452d99-a2e14f15-8458865f-92178374-a9e29b76,59.949,60.809,560,1317,23,23,1.18,0.6,0,0,2498,3000,1021,0,2819,2160
9c452d99-a2e14f15-8458865f-92178374-a9e29b76,60.838,61.055,663,1271,23,23,1.28,0.37,0,0,2498,3000,1021,0,2819,2160
9c452d99-a2e14f15-8458865f-92178374-a9e29b76,61.083,61.321,528,1261,23,23,1.27,0.36,0,0,2498,3000,1021,0,2819,2160
9c452d99-a2e14f15-8458865f-92178374-a9e29b76,61.347,61.585,645,1347,23,23,1.34,0.52,0,0,2498,3000,1021,0,2819,2160
9c452d99-a2e14f15-8458865f-92178374-a9e29b76,61.612,61.903,758,1504,23,23,1.35,0.57,0,0,2498,3000,1021,0,2819,2160
9c452d99-a2e14f15-8458865f-92178374-a9e29b76,61.93,62.138,672,1704,23,23,1.35,0.57,0,0,2498,3000,1021,0,2819,2160
9c452d99-a2e14f15-8458865f-92178374-a9e29b76,62.207,62.366,1639,1552,23,23,1.35,0.57,0,0,2498,3000,1021,0,2819,2160
9c452d99-a2e14f15-8458865f-92178374-a9e29b76,62.514,62.722,1810,1164,23,23,1.36,0.5,0,0,2498,3000,1021,0,2819,2160
9c452d99-a2e14f15-8458865f-92178374-a9e29b76,62.777,62.988,1546,1444,23,23,1.39,0.43,0,0,2498,3000,1021,0,2819,2160
9c452d99-a2e14f15-8458865f-92178374-a9e29b76,63.069,63.374,637,1322,23,23,1.4,0.4,0,0,2498,3000,1021,0,2819,2160
9c452d99-a2e14f15-8458865f-92178374-a9e29b76,63.403,63.611,462,1326,23,23,1.41,0.37,0,0,2498,3000,1021,0,2819,2160
9c452d99-a2e14f15-8458865f-92178374-a9e29b76,63.749,64.0,367,1117,23,23,1.42,0.37,0,0,2498,3000,1021,0,2819,2160
9c452d99-a2e14f15-8458865f-92178374-a9e29b76,64.027,64.208,555,1332,23,23,1.45,0.47,0,0,2498,3000,1021,0,2819,2160
9c452d99-a2e14f15-8458865f-92178374-a9e29b76,64.266,64.763,698,2004,23,23,1.45,0.51,0,0,2498,3000,1021,0,2819,2160
9c452d99-a2e14f15-8458865f-92178374-a9e29b76,64.804,65.235,808,2074,23,23,1.46,0.57,0,0,2498,3000,1021,0,2819,2160
9c452d99-a2e14f15-8458865f-92178374-a9e29b76,65.277,65.568,600,1787,23,23,1.5,0.49,0,0,2498,3000,1021,0,2819,2160
9c452d99-a2e14f15-8458865f-92178374-a9e29b76,65.596,65.818,793,1920,23,23,1.5,0.47,0,0,2498,3000,1021,0,2819,2160
9c452d99-a2e14f15-8458865f-92178374-a9e29b76,65.849,66.041,1109,1897,23,23,1.5,0.45,0,0,2498,3000,1021,0,2819,2160
9c452d99-a2e14f15-8458865f-92178374-a9e29b76,66.151,66.262,827,1907,23,23,1.52,0.41,0,0,2498,3000,1021,0,2819,2160
9c452d99-a2e14f15-8458865f-92178374-a9e29b76,66.276,66.487,821,1904,23,23,1.52,0.41,0,0,2498,3000,1021,0,2819,2160
9c452d99-a2e14f15-8458865f-92178374-a9e29b76,66.54,66.665,1407,1772,23,23,1.53,0.49,0,0,2498,3000,1021,0,2819,2160
9c452d99-a2e14f15-8458865f-92178374-a9e29b76,66.679,66.834,1412,1776,23,23,1.53,0.49,0,0,2498,3000,1021,0,2819,2160
9c452d99-a2e14f15-8458865f-92178374-a9e29b76,66.861,66.998,1591,1609,23,23,1.53,0.52,0,0,2498,3000,1021,0,2819,2160
9c452d99-a2e14f15-8458865f-92178374-a9e29b76,67.012,67.165,1583,1601,23,23,1.53,0.55,0,0,2498,3000,1021,0,2819,2160
9c452d99-a2e14f15-8458865f-92178374-a9e29b76,67.193,67.374,1615,1379,23,23,1.53,0.55,0,0,2498,3000,1021,0,2819,2160
9c452d99-a2e14f15-8458865f-92178374-a9e29b76,67.486,67.653,1153,1412,23,23,1.53,0.55,0,0,2498,3000,1021,0,2819,2160
9c452d99-a2e14f15-8458865f-92178374-a9e29b76,67.682,68.275,1227,1667,23,23,1.53,0.55,0,0,2498,3000,1021,0,2819,2160
9c452d99-a2e14f15-8458865f-92178374-a9e29b76,68.303,68.47,1245,1432,23,23,1.63,0.37,0,0,2498,3000,1021,0,2819,2160
9c452d99-a2e14f15-8458865f-92178374-a9e29b76,68.525,68.651,448,1169,23,23,1.66,0.35,0,0,2498,3000,1021,0,2819,2160
9c452d99-a2e14f15-8458865f-92178374-a9e29b76,68.665,68.915,472,1168,23,23,1.66,0.35,0,0,2498,3000,1021,0,2819,2160
9c452d99-a2e14f15-8458865f-92178374-a9e29b76,68.928,69.041,526,1332,23,23,1.68,0.35,0,0,2498,3000,1021,0,2819,2160
9c452d99-a2e14f15-8458865f-92178374-a9e29b76,69.054,69.164,527,1349,23,23,1.68,0.4,0,0,2498,3000,1021,0,2819,2160
9c452d99-a2e14f15-8458865f-92178374-a9e29b76,69.192,69.428,561,1560,23,23,1.68,0.41,0,0,2498,3000,1021,0,2819,2160
9c452d99-a2e14f15-8458865f-92178374-a9e29b76,69.47,69.692,730,1790,23,23,1.68,0.41,0,0,2498,3000,1021,0,2819,2160
9c452d99-a2e14f15-8458865f-92178374-a9e29b76,69.72,69.984,693,2012,23,23,1.68,0.41,0,0,2498,3000,1021,0,2819,2160
9c452d99-a2e14f15-8458865f-92178374-a9e29b76,70.011,70.206,508,2135,23,23,1.68,0.41,0,0,2498,3000,1021,0,2819,2160
9c452d99-a2e14f15-8458865f-92178374-a9e29b76,70.262,70.484,766,1966,23,23,1.68,0.41,0,0,2498,3000,1021,0,2819,2160
9c452d99-a2e14f15-8458865f-92178374-a9e29b76,70.553,70.803,1113,1764,23,23,1.68,0.41,0,0,2498,3000,1021,0,2819,2160
9c452d99-a2e14f15-8458865f-92178374-a9e29b76,70.887,71.081,712,1592,23,23,1.68,0.41,0,0,2498,3000,1021,0,2819,2160
9c452d99-a2e14f15-8458865f-92178374-a9e29b76,71.137,71.387,563,1263,23,23,1.68,0.41,0,0,2498,3000,1021,0,2819,2160
9c452d99-a2e14f15-8458865f-92178374-a9e29b76,71.415,71.651,472,1104,23,23,1.68,0.41,0,0,2498,3000,1021,0,2819,2160
9c452d99-a2e14f15-8458865f-92178374-a9e29b76,71.679,71.901,664,1429,23,23,1.68,0.41,0,0,2498,3000,1021,0,2819,2160
9c452d99-a2e14f15-8458865f-92178374-a9e29b76,71.929,72.068,768,1656,23,23,1.68,0.41,0,0,2498,3000,1021,0,2819,2160
9c452d99-a2e14f15-8458865f-92178374-a9e29b76,72.165,72.29,768,1759,23,23,1.68,0.41,0,0,2498,3000,1021,0,2819,2160
9c452d99-a2e14f15-8458865f-92178374-a9e29b76,72.304,72.416,761,1722,23,23,1.68,0.41,0,0,2498,3000,1021,0,2819,2160
9c452d99-a2e14f15-8458865f-92178374-a9e29b76,72.443,72.707,709,1439,23,23,1.68,0.41,0,0,2498,3000,1021,0,2819,2160
9c452d99-a2e14f15-8458865f-92178374-a9e29b76,72.735,72.917,745,1732,23,23,1.68,0.41,0,0,2498,3000,1021,0,2819,2160
9c452d99-a2e14f15-8458865f-92178374-a9e29b76,72.986,73.268,1140,1841,23,23,1.68,0.41,0,0,2498,3000,1021,0,2819,2160
9c452d99-a2e14f15-8458865f-92178374-a9e29b76,73.348,73.542,1120,1626,23,23,1.68,0.41,0,0,2498,3000,1021,0,2819,2160
9c452d99-a2e14f15-8458865f-92178374-a9e29b76,73.57,73.805,793,1676,23,23,1.68,0.41,0,0,2498,3000,1021,0,2819,2160
9c452d99-a2e14f15-8458865f-92178374-a9e29b76,73.833,74.0,704,1890,23,23,1.68,0.41,0,0,2498,3000,1021,0,2819,2160
9c452d99-a2e14f15-8458865f-92178374-a9e29b76,74.318,74.624,694,1966,23,23,1.68,0.41,0,0,2498,3000,1021,0,2819,2160
9c452d99-a2e14f15-8458865f-92178374-a9e29b76,74.652,74.833,485,1877,23,23,1.68,0.41,0,0,2498,3000,1021,0,2819,2160
9c452d99-a2e14f15-8458865f-92178374-a9e29b76,74.86,75.067,773,1888,23,23,1.68,0.41,0,0,2498,3000,1021,0,2819,2160
9c452d99-a2e14f15-8458865f-92178374-a9e29b76,75.094,75.275,928,1742,23,23,1.68,0.41,0,0,2498,3000,1021,0,2819,2160
9c452d99-a2e14f15-8458865f-92178374-a9e29b76,75.372,75.483,1581,1593,23,23,1.68,0.41,0,0,2498,3000,1021,0,2819,2160
9c452d99-a2e14f15-8458865f-92178374-a9e29b76,75.65,75.901,1602,1454,23,23,1.68,0.41,0,0,2498,3000,1021,0,2819,2160
9c452d99-a2e14f15-8458865f-92178374-a9e29b76,75.927,76.056,1541,1727,23,23,1.68,0.41,0,0,2498,3000,1021,0,2819,2160
9c452d99-a2e14f15-8458865f-92178374-a9e29b76,76.122,76.233,1071,2237,23,23,1.68,0.41,0,0,2498,3000,1021,0,2819,2160
9c452d99-a2e14f15-8458865f-92178374-a9e29b76,76.288,76.427,869,2573,23,23,1.68,0.41,0,0,2498,3000,1021,0,2819,2160
9c452d99-a2e14f15-8458865f-92178374-a9e29b76,76.497,76.872,440,2420,23,23,1.68,0.41,0,0,2498,3000,1021,0,2819,2160
9c452d99-a2e14f15-8458865f-92178374-a9e29b76,76.9,77.108,218,2325,23,23,1.68,0.41,0,0,2498,3000,1021,0,2819,2160
9c452d99-a2e14f15-8458865f-92178374-a9e29b76,77.15,77.288,551,2374,23,23,1.68,0.41,0,0,2498,3000,1021,0,2819,2160
9c452d99-a2e14f15-8458865f-92178374-a9e29b76,77.344,77.552,1329,1992,23,23,1.68,0.41,0,0,2498,3000,1021,0,2819,2160
9c452d99-a2e14f15-8458865f-92178374-a9e29b76,77.663,77.844,1544,1679,23,23,1.68,0.41,0,0,2498,3000,1021,0,2819,2160
9c452d99-a2e14f15-8458865f-92178374-a9e29b76,77.913,78.108,601,1459,23,23,1.68,0.41,0,0,2498,3000,1021,0,2819,2160
9c452d99-a2e14f15-8458865f-92178374-a9e29b76,78.247,78.455,502,1057,23,23,1.68,0.41,0,0,2498,3000,1021,0,2819,2160
9c452d99-a2e14f15-8458865f-92178374-a9e29b76,78.593,78.871,332,1047,23,23,1.68,0.41,0,0,2498,3000,1021,0,2819,2160
9c452d99-a2e14f15-8458865f-92178374-a9e29b76,78.885,79.024,447,1067,23,23,1.68,0.41,0,0,2498,3000,1021,0,2819,2160
9c452d99-a2e14f15-8458865f-92178374-a9e29b76,79.219,79.427,542,1250,23,23,1.68,0.41,0,0,2498,3000,1021,0,2819,2160
9c452d99-a2e14f15-8458865f-92178374-a9e29b76,79.468,79.607,710,1383,23,23,1.68,0.41,0,0,2498,3000,1021,0,2819,2160
9c452d99-a2e14f15-8458865f-92178374-a9e29b76,79.829,80.038,1738,1133,23,23,1.68,0.41,0,0,2498,3000,1021,0,2819,2160
9c452d99-a2e14f15-8458865f-92178374-a9e29b76,80.066,80.232,1848,1088,23,23,1.68,0.41,0,0,2498,3000,1021,0,2819,2160
9c452d99-a2e14f15-8458865f-92178374-a9e29b76,80.288,80.677,1430,1241,23,23,1.68,0.41,0,0,2498,3000,1021,0,2819,2160
9c452d99-a2e14f15-8458865f-92178374-a9e29b76,80.732,80.954,1678,1016,23,23,1.68,0.41,0,0,2498,3000,1021,0,2819,2160
9c452d99-a2e14f15-8458865f-92178374-a9e29b76,81.024,81.249,848,975,23,23,1.68,0.41,0,0,2498,3000,1021,0,2819,2160
9c452d99-a2e14f15-8458865f-92178374-a9e29b76,81.319,81.426,620,937,23,23,1.68,0.41,0,0,2498,3000,1021,0,2819,2160
9c452d99-a2e14f15-8458865f-92178374-a9e29b76,81.662,81.982,1013,2199,23,23,1.68,0.41,0,0,2498,3000,1021,0,2819,2160
9c452d99-a2e14f15-8458865f-92178374-a9e29b76,82.023,82.342,1410,2233,23,23,1.68,0.41,0,0,2498,3000,1021,0,2819,2160
9c452d99-a2e14f15-8458865f-92178374-a9e29b76,82.356,82.495,1423,2214,23,23,1.68,0.41,0,0,2498,3000,1021,0,2819,2160
9c452d99-a2e14f15-8458865f-92178374-a9e29b76,82.565,82.676,1357,2019,23,23,1.68,0.41,0,0,2498,3000,1021,0,2819,2160
9c452d99-a2e14f15-8458865f-92178374-a9e29b76,82.69,82.912,1342,2038,23,23,1.68,0.41,0,0,2498,3000,1021,0,2819,2160
9c452d99-a2e14f15-8458865f-92178374-a9e29b76,82.926,83.065,1270,2012,23,23,1.68,0.41,0,0,2498,3000,1021,0,2819,2160
9c452d99-a2e14f15-8458865f-92178374-a9e29b76,83.106,83.218,1660,1984,23,23,1.68,0.41,0,0,2498,3000,1021,0,2819,2160
9c452d99-a2e14f15-8458865f-92178374-a9e29b76,83.232,83.537,1680,1978,23,23,1.68,0.41,0,0,2498,3000,1021,0,2819,2160
9c452d99-a2e14f15-8458865f-92178374-a9e29b76,83.565,83.745,1876,1917,23,23,1.68,0.41,0,0,2498,3000,1021,0,2819,2160
9c452d99-a2e14f15-8458865f-92178374-a9e29b76,84.175,84.509,1040,2642,23,23,1.68,0.41,0,0,2498,3000,1021,0,2819,2160
9c452d99-a2e14f15-8458865f-92178374-a9e29b76,84.55,84.759,1101,2466,23,23,1.68,0.41,0,0,2498,3000,1021,0,2819,2160
9c452d99-a2e14f15-8458865f-92178374-a9e29b76,84.884,85.009,1166,2142,23,23,1.68,0.41,0,0,2498,3000,1021,0,2819,2160
9c452d99-a2e14f15-8458865f-92178374-a9e29b76,85.092,85.217,1971,1767,23,23,1.68,0.41,0,0,2498,3000,1021,0,2819,2160
9c452d99-a2e14f15-8458865f-92178374-a9e29b76,85.259,85.384,1922,1770,23,23,1.68,0.41,0,0,2498,3000,1021,0,2819,2160
9c452d99-a2e14f15-8458865f-92178374-a9e29b76,85.398,85.634,1791,1751,23,23,1.68,0.41,0,0,2498,3000,1021,0,2819,2160
9c452d99-a2e14f15-8458865f-92178374-a9e29b76,85.994,86.175,1980,563,23,23,1.68,0.41,0,0,2498,3000,1021,0,2819,2160
9c452d99-a2e14f15-8458865f-92178374-a9e29b76,86.23,86.41,2097,487,23,23,1.68,0.41,0,0,2498,3000,1021,0,2819,2160
9c452d99-a2e14f15-8458865f-92178374-a9e29b76,86.771,86.98,930,1079,23,23,1.68,0.41,0,0,2498,3000,1021,0,2819,2160
9c452d99-a2e14f15-8458865f-92178374-a9e29b76,87.007,87.132,1218,1393,23,23,1.68,0.41,0,0,2498,3000,1021,0,2819,2160
9c452d99-a2e14f15-8458865f-92178374-a9e29b76,87.146,87.285,1229,1406,23,23,1.68,0.41,0,0,2498,3000,1021,0,2819,2160
9c452d99-a2e14f15-8458865f-92178374-a9e29b76,87.327,87.576,1119,1537,23,23,1.68,0.41,0,0,2498,3000,1021,0,2819,2160
9c452d99-a2e14f15-8458865f-92178374-a9e29b76,87.66,87.841,1410,1472,23,23,1.68,0.41,0,0,2498,3000,1021,0,2819,2160
9c452d99-a2e14f15-8458865f-92178374-a9e29b76,87.883,88.049,1493,1298,23,23,1.68,0.41,0,0,2498,3000,1021,0,2819,2160
9c452d99-a2e14f15-8458865f-92178374-a9e29b76,88.091,88.23,1302,1801,23,23,1.68,0.41,0,0,2498,3000,1021,0,2819,2160
9c452d99-a2e14f15-8458865f-92178374-a9e29b76,88.257,88.382,1276,2104,23,23,1.68,0.41,0,0,2498,3000,1021,0,2819,2160
9c452d99-a2e14f15-8458865f-92178374-a9e29b76,88.466,88.632,990,2385,23,23,1.68,0.41,0,0,2498,3000,1021,0,2819,2160
9c452d99-a2e14f15-8458865f-92178374-a9e29b76,88.66,88.91,596,2195,23,23,1.68,0.41,0,0,2498,3000,1021,0,2819,2160
9c452d99-a2e14f15-8458865f-92178374-a9e29b76,88.952,89.134,949,2020,23,23,1.68,0.41,0,0,2498,3000,1021,0,2819,2160
9c452d99-a2e14f15-8458865f-92178374-a9e29b76,89.147,89.257,980,1973,23,23,1.68,0.41,0,0,2498,3000,1021,0,2819,2160
9c452d99-a2e14f15-8458865f-92178374-a9e29b76,89.271,89.48,990,1926,23,23,1.68,0.41,0,0,2498,3000,1021,0,2819,2160
a28cb755-423caf3b-13530617-03aaff16-5ca9a2b3,0.0,0.473,987,1943,23,23,1.68,0.41,0,0,2498,3000,1021,0,2819,2160
a28cb755-423caf3b-13530617-03aaff16-5ca9a2b3,0.5,0.709,857,1760,23,23,1.68,0.41,0,0,2498,3000,1021,0,2819,2160
a28cb755-423caf3b-13530617-03aaff16-5ca9a2b3,0.737,0.903,618,1583,23,23,1.68,0.41,0,0,2498,3000,1021,0,2819,2160
a28cb755-423caf3b-13530617-03aaff16-5ca9a2b3,0.958,1.181,1578,1662,23,23,1.68,0.41,0,0,2498,3000,1021,0,2819,2160
a28cb755-423caf3b-13530617-03aaff16-5ca9a2b3,1.25,1.403,1692,1694,23,23,1.68,0.41,0,0,2498,3000,1021,0,2819,2160
a28cb755-423caf3b-13530617-03aaff16-5ca9a2b3,1.473,1.667,1139,2376,23,23,1.68,0.41,0,0,2498,3000,1021,0,2819,2160
a28cb755-423caf3b-13530617-03aaff16-5ca9a2b3,1.681,1.903,1174,2559,23,23,1.68,0.41,0,0,2498,3000,1021,0,2819,2160
a28cb755-423caf3b-13530617-03aaff16-5ca9a2b3,1.931,2.154,1403,2381,23,23,1.68,0.41,0,0,2498,3000,1021,0,2819,2160
a28cb755-423caf3b-13530617-03aaff16-5ca9a2b3,2.196,2.516,1026,2212,23,23,1.68,0.41,0,0,2498,3000,1021,0,2819,2160
a28cb755-423caf3b-13530617-03aaff16-5ca9a2b3,2.543,2.738,1068,2334,23,23,1.68,0.41,0,0,2498,3000,1021,0,2819,2160
a28cb755-423caf3b-13530617-03aaff16-5ca9a2b3,2.779,2.96,1055,1969,23,23,1.68,0.41,0,0,2498,3000,1021,0,2819,2160
a28cb755-423caf3b-13530617-03aaff16-5ca9a2b3,3.099,3.252,1244,1961,23,23,1.68,0.41,0,0,2498,3000,1021,0,2819,2160
a28cb755-423caf3b-13530617-03aaff16-5ca9a2b3,3.363,3.516,1176,2244,23,23,1.68,0.41,0,0,2498,3000,1021,0,2819,2160
a28cb755-423caf3b-13530617-03aaff16-5ca9a2b3,3.53,3.683,1160,2231,23,23,1.68,0.41,0,0,2498,3000,1021,0,2819,2160
a28cb755-423caf3b-13530617-03aaff16-5ca9a2b3,3.725,4.058,1185,1968,23,23,1.68,0.41,0,0,2498,3000,1021,0,2819,2160
a28cb755-423caf3b-13530617-03aaff16-5ca9a2b3,4.072,4.322,1142,1915,23,23,1.68,0.41,0,0,2498,3000,1021,0,2819,2160
a28cb755-423caf3b-13530617-03aaff16-5ca9a2b3,4.53,4.82,1169,2539,23,23,1.68,0.41,0,0,2498,3000,1021,0,2819,2160
a28cb755-423caf3b-13530617-03aaff16-5ca9a2b3,4.847,5.097,1459,2435,23,23,1.68,0.41,0,0,2498,3000,1021,0,2819,2160
a28cb755-423caf3b-13530617-03aaff16-5ca9a2b3,5.166,5.319,1727,1955,23,23,1.68,0.41,0,0,2498,3000,1021,0,2819,2160
a28cb755-423caf3b-13530617-03aaff16-5ca9a2b3,5.458,5.68,1911,1833,23,23,1.68,0.41,0,0,2498,3000,1021,0,2819,2160
a28cb755-423caf3b-13530617-03aaff16-5ca9a2b3,5.806,6.042,869,1795,23,23,1.68,0.41,0,0,2498,3000,1021,0,2819,2160
a28cb755-423caf3b-13530617-03aaff16-5ca9a2b3,6.069,6.306,700,1881,23,23,1.68,0.41,0,0,2498,3000,1021,0,2819,2160
a28cb755-423caf3b-13530617-03aaff16-5ca9a2b3,6.389,6.583,698,2093,23,23,1.68,0.41,0,0,2498,3000,1021,0,2819,2160
a28cb755-423caf3b-13530617-03aaff16-5ca9a2b3,6.653,6.819,638,1520,23,23,1.68,0.41,0,0,2498,3000,1021,0,2819,2160
a28cb755-423caf3b-13530617-03aaff16-5ca9a2b3,6.833,7.014,670,1535,23,23,1.68,0.41,0,0,2498,3000,1021,0,2819,2160
a28cb755-423caf3b-13530617-03aaff16-5ca9a2b3,7.111,7.251,1044,1767,23,23,1.68,0.41,0,0,2498,3000,1021,0,2819,2160
a28cb755-423caf3b-13530617-03aaff16-5ca9a2b3,7.319,7.5,1675,1736,23,23,1.68,0.41,0,0,2498,3000,1021,0,2819,2160
a28cb755-423caf3b-13530617-03aaff16-5ca9a2b3,7.528,7.833,1670,2069,23,23,1.68,0.41,0,0,2498,3000,1021,0,2819,2160
a28cb755-423caf3b-13530617-03aaff16-5ca9a2b3,7.875,8.07,1783,2278,23,23,1.68,0.41,0,0,2498,3000,1021,0,2819,2160
a28cb755-423caf3b-13530617-03aaff16-5ca9a2b3,8.278,8.486,741,2284,23,23,1.68,0.41,0,0,2498,3000,1021,0,2819,2160
a28cb755-423caf3b-13530617-03aaff16-5ca9a2b3,8.528,8.875,587,1968,23,23,1.68,0.41,0,0,2498,3000,1021,0,2819,2160
a28cb755-423caf3b-13530617-03aaff16-5ca9a2b3,8.945,9.181,540,1598,23,23,1.68,0.41,0,0,2498,3000,1021,0,2819,2160
a28cb755-423caf3b-13530617-03aaff16-5ca9a2b3,9.223,9.486,656,1362,23,23,1.68,0.41,0,0,2498,3000,1021,0,2819,2160
a28cb755-423caf3b-13530617-03aaff16-5ca9a2b3,9.542,9.695,740,1612,23,23,1.68,0.41,0,0,2498,3000,1021,0,2819,2160
a28cb755-423caf3b-13530617-03aaff16-5ca9a2b3,9.82,9.959,741,2094,23,23,1.68,0.41,0,0,2498,3000,1021,0,2819,2160
a28cb755-423caf3b-13530617-03aaff16-5ca9a2b3,9.973,10.209,761,2093,23,23,1.68,0.41,0,0,2498,3000,1021,0,2819,2160
a28cb755-423caf3b-13530617-03aaff16-5ca9a2b3,10.236,10.542,962,2146,23,23,1.68,0.41,0,0,2498,3000,1021,0,2819,2160
a28cb755-423caf3b-13530617-03aaff16-5ca9a2b3,10.583,10.874,1006,2249,23,23,1.68,0.41,0,0,2498,3000,1021,0,2819,2160
a28cb755-423caf3b-13530617-03aaff16-5ca9a2b3,10.916,11.11,1138,2159,23,23,1.68,0.41,0,0,2498,3000,1021,0,2819,2160
a28cb755-423caf3b-13530617-03aaff16-5ca9a2b3,11.193,11.318,866,2343,23,23,1.68,0.41,0,0,2498,3000,1021,0,2819,2160
a28cb755-423caf3b-13530617-03aaff16-5ca9a2b3,11.332,11.457,870,2388,23,23,1.68,0.41,0,0,2498,3000,1021,0,2819,2160
a28cb755-423caf3b-13530617-03aaff16-5ca9a2b3,11.485,11.818,802,2578,23,23,1.68,0.41,0,0,2498,3000,1021,0,2819,2160
a28cb755-423caf3b-13530617-03aaff16-5ca9a2b3,11.86,12.124,1377,2585,23,23,1.68,0.41,0,0,2498,3000,1021,0,2819,2160
a28cb755-423caf3b-13530617-03aaff16-5ca9a2b3,12.234,12.498,886,2579,23,23,1.68,0.41,0,0,2498,3000,1021,0,2819,2160
a28cb755-423caf3b-13530617-03aaff16-5ca9a2b3,12.541,12.79,1407,2531,23,23,1.68,0.41,0,0,2498,3000,1021,0,2819,2160
a28cb755-423caf3b-13530617-03aaff16-5ca9a2b3,12.832,13.012,1640,2618,23,23,1.68,0.41,0,0,2498,3000,1021,0,2819,2160
a28cb755-423caf3b-13530617-03aaff16-5ca9a2b3,13.026,13.137,1209,2544,23,23,1.68,0.41,0,0,2498,3000,1021,0,2819,2160
a28cb755-423caf3b-13530617-03aaff16-5ca9a2b3,13.248,13.36,1179,2561,23,23,1.68,0.41,0,0,2498,3000,1021,0,2819,2160
a28cb755-423caf3b-13530617-03aaff16-5ca9a2b3,13.541,13.665,1759,2612,23,23,1.68,0.41,0,0,2498,3000,1021,0,2819,2160
a28cb755-423caf3b-13530617-03aaff16-5ca9a2b3,13.734,13.874,2118,2699,23,23,1.68,0.41,0,0,2498,3000,1021,0,2819,2160
a28cb755-423caf3b-13530617-03aaff16-5ca9a2b3,13.929,14.262,1180,2466,23,23,1.68,0.41,0,0,2498,3000,1021,0,2819,2160
a28cb755-423caf3b-13530617-03aaff16-5ca9a2b3,14.304,14.707,871,2400,23,23,1.68,0.41,0,0,2498,3000,1021,0,2819,2160
a28cb755-423caf3b-13530617-03aaff16-5ca9a2b3,14.776,15.082,1415,2405,23,23,1.68,0.41,0,0,2498,3000,1021,0,2819,2160
a28cb755-423caf3b-13530617-03aaff16-5ca9a2b3,15.165,15.375,1332,2513,23,23,1.68,0.41,0,0,2498,3000,1021,0,2819,2160
a28cb755-423caf3b-13530617-03aaff16-5ca9a2b3,15.415,15.679,898,2533,23,23,1.68,0.41,0,0,2498,3000,1021,0,2819,2160
a28cb755-423caf3b-13530617-03aaff16-5ca9a2b3,15.706,15.942,1328,2509,23,23,1.68,0.41,0,0,2498,3000,1021,0,2819,2160
a28cb755-423caf3b-13530617-03aaff16-5ca9a2b3,15.97,16.179,1181,2463,23,23,1.68,0.41,0,0,2498,3000,1021,0,2819,2160
a28cb755-423caf3b-13530617-03aaff16-5ca9a2b3,16.207,16.442,1248,2194,23,23,1.68,0.41,0,0,2498,3000,1021,0,2819,2160
a28cb755-423caf3b-13530617-03aaff16-5ca9a2b3,16.498,16.678,1304,1917,23,23,1.68,0.41,0,0,2498,3000,1021,0,2819,2160
a28cb755-423caf3b-13530617-03aaff16-5ca9a2b3,16.707,16.942,1129,1967,23,23,1.68,0.41,0,0,2498,3000,1021,0,2819,2160
a28cb755-423caf3b-13530617-03aaff16-5ca9a2b3,16.97,17.18,1122,2289,23,23,1.68,0.41,0,0,2498,3000,1021,0,2819,2160
a28cb755-423caf3b-13530617-03aaff16-5ca9a2b3,17.207,17.567,1179,1871,23,23,1.68,0.41,0,0,2498,3000,1021,0,2819,2160
a28cb755-423caf3b-13530617-03aaff16-5ca9a2b3,17.595,17.776,1334,1745,23,23,1.68,0.41,0,0,2498,3000,1021,0,2819,2160
a28cb755-423caf3b-13530617-03aaff16-5ca9a2b3,17.79,18.164,1123,1802,23,23,1.68,0.41,0,0,2498,3000,1021,0,2819,2160
a28cb755-423caf3b-13530617-03aaff16-5ca9a2b3,18.178,18.414,1018,1717,23,23,1.68,0.41,0,0,2498,3000,1021,0,2819,2160
a28cb755-423caf3b-13530617-03aaff16-5ca9a2b3,18.428,18.566,1017,1709,23,23,1.68,0.41,0,0,2498,3000,1021,0,2819,2160
a28cb755-423caf3b-13530617-03aaff16-5ca9a2b3,18.595,18.817,1365,1698,23,23,1.68,0.41,0,0,2498,3000,1021,0,2819,2160
a28cb755-423caf3b-13530617-03aaff16-5ca9a2b3,18.942,19.122,1004,1793,23,23,1.68,0.41,0,0,2498,3000,1021,0,2819,2160
a28cb755-423caf3b-13530617-03aaff16-5ca9a2b3,19.137,19.261,1028,1760,23,23,1.68,0.41,0,0,2498,3000,1021,0,2819,2160
a28cb755-423caf3b-13530617-03aaff16-5ca9a2b3,19.289,19.54,1340,1729,23,23,1.68,0.41,0,0,2498,3000,1021,0,2819,2160
a28cb755-423caf3b-13530617-03aaff16-5ca9a2b3,19.581,19.844,1070,1723,23,23,1.68,0.41,0,0,2498,3000,1021,0,2819,2160
a28cb755-423caf3b-13530617-03aaff16-5ca9a2b3,20.025,20.358,1444,1738,23,23,1.68,0.41,0,0,2498,3000,1021,0,2819,2160
a28cb755-423caf3b-13530617-03aaff16-5ca9a2b3,20.4,20.691,1670,1613,23,23,1.68,0.41,0,0,2498,3000,1021,0,2819,2160
a28cb755-423caf3b-13530617-03aaff16-5ca9a2b3,20.706,20.9,1532,1714,23,23,1.68,0.41,0,0,2498,3000,1021,0,2819,2160
a28cb755-423caf3b-13530617-03aaff16-5ca9a2b3,20.997,21.359,1687,1669,23,23,1.68,0.41,0,0,2498,3000,1021,0,2819,2160
a28cb755-423caf3b-13530617-03aaff16-5ca9a2b3,21.372,21.622,1691,1619,23,23,1.68,0.41,0,0,2498,3000,1021,0,2819,2160
a28cb755-423caf3b-13530617-03aaff16-5ca9a2b3,21.691,21.858,1016,1640,23,23,1.68,0.41,0,0,2498,3000,1021,0,2819,2160
a28cb755-423caf3b-13530617-03aaff16-5ca9a2b3,21.872,22.178,1059,1645,23,23,1.68,0.41,0,0,2498,3000,1021,0,2819,2160
a28cb755-423caf3b-13530617-03aaff16-5ca9a2b3,22.206,22.428,1613,1637,23,23,1.68,0.41,0,0,2498,3000,1021,0,2819,2160
a28cb755-423caf3b-13530617-03aaff16-5ca9a2b3,22.442,22.623,1617,1621,23,23,1.68,0.41,0,0,2498,3000,1021,0,2819,2160
a28cb755-423caf3b-13530617-03aaff16-5ca9a2b3,22.803,22.914,698,1668,23,23,1.68,0.41,0,0,2498,3000,1021,0,2819,2160
a28cb755-423caf3b-13530617-03aaff16-5ca9a2b3,22.997,23.123,779,1655,23,23,1.68,0.41,0,0,2498,3000,1021,0,2819,2160
a28cb755-423caf3b-13530617-03aaff16-5ca9a2b3,23.164,23.344,812,1849,23,23,1.68,0.41,0,0,2498,3000,1021,0,2819,2160
a28cb755-423caf3b-13530617-03aaff16-5ca9a2b3,23.414,23.803,1692,1697,23,23,1.68,0.41,0,0,2498,3000,1021,0,2819,2160
a28cb755-423caf3b-13530617-03aaff16-5ca9a2b3,23.914,24.081,1800,1655,23,23,1.68,0.41,0,0,2498,3000,1021,0,2819,2160
a28cb755-423caf3b-13530617-03aaff16-5ca9a2b3,24.178,24.373,1644,1764,23,23,1.68,0.41,0,0,2498,3000,1021,0,2819,2160
a28cb755-423caf3b-13530617-03aaff16-5ca9a2b3,24.4,24.525,1823,1714,23,23,1.68,0.41,0,0,2498,3000,1021,0,2819,2160
a28cb755-423caf3b-13530617-03aaff16-5ca9a2b3,24.553,24.859,1630,1638,23,23,1.68,0.41,0,0,2498,3000,1021,0,2819,2160
a28cb755-423caf3b-13530617-03aaff16-5ca9a2b3,24.887,25.081,1554,1665,23,23,1.68,0.41,0,0,2498,3000,1021,0,2819,2160
a28cb755-423caf3b-13530617-03aaff16-5ca9a2b3,25.234,25.345,1641,1659,23,23,1.68,0.41,0,0,2498,3000,1021,0,2819,2160
a28cb755-423caf3b-13530617-03aaff16-5ca9a2b3,25.414,25.595,1769,1805,23,23,1.68,0.41,0,0,2498,3000,1021,0,2819,2160
a28cb755-423caf3b-13530617-03aaff16-5ca9a2b3,25.623,25.831,1605,2017,23,23,1.68,0.41,0,0,2498,3000,1021,0,2819,2160
a28cb755-423caf3b-13530617-03aaff16-5ca9a2b3,25.845,25.983,1605,2062,23,23,1.68,0.41,0,0,2498,3000,1021,0,2819,2160
a28cb755-423caf3b-13530617-03aaff16-5ca9a2b3,26.04,26.276,1839,1838,23,23,1.68,0.41,0,0,2498,3000,1021,0,2819,2160
a28cb755-423caf3b-13530617-03aaff16-5ca9a2b3,26.303,26.442,1670,1746,23,23,1.68,0.41,0,0,2498,3000,1021,0,2819,2160
a28cb755-423caf3b-13530617-03aaff16-5ca9a2b3,26.539,26.678,1709,1570,23,23,1.68,0.41,0,0,2498,3000,1021,0,2819,2160
a28cb755-423caf3b-13530617-03aaff16-5ca9a2b3,26.692,26.831,1703,1632,23,23,1.68,0.41,0,0,2498,3000,1021,0,2819,2160
a28cb755-423caf3b-13530617-03aaff16-5ca9a2b3,26.859,27.04,1602,1549,23,23,1.68,0.41,0,0,2498,3000,1021,0,2819,2160
a28cb755-423caf3b-13530617-03aaff16-5ca9a2b3,27.081,27.387,1543,1397,23,23,1.68,0.41,0,0,2498,3000,1021,0,2819,2160
a28cb755-423caf3b-13530617-03aaff16-5ca9a2b3,27.401,27.665,1576,1513,23,23,1.68,0.41,0,0,2498,3000,1021,0,2819,2160
a28cb755-423caf3b-13530617-03aaff16-5ca9a2b3,27.79,28.012,1642,1642,23,23,1.68,0.41,0,0,2498,3000,1021,0,2819,2160
a28cb755-423caf3b-13530617-03aaff16-5ca9a2b3,28.123,28.248,1719,1749,23,23,1.68,0.41,0,0,2498,3000,1021,0,2819,2160
a28cb755-423caf3b-13530617-03aaff16-5ca9a2b3,28.262,28.373,1742,1723,23,23,1.68,0.41,0,0,2498,3000,1021,0,2819,2160
a28cb755-423caf3b-13530617-03aaff16-5ca9a2b3,28.415,28.554,1701,2035,23,23,1.68,0.41,0,0,2498,3000,1021,0,2819,2160
a28cb755-423caf3b-13530617-03aaff16-5ca9a2b3,28.624,28.901,1632,2197,23,23,1.68,0.41,0,0,2498,3000,1021,0,2819,2160
a28cb755-423caf3b-13530617-03aaff16-5ca9a2b3,29.04,29.193,1633,1904,23,23,1.68,0.41,0,0,2498,3000,1021,0,2819,2160
a28cb755-423caf3b-13530617-03aaff16-5ca9a2b3,29.207,29.457,1714,1742,23,23,1.68,0.41,0,0,2498,3000,1021,0,2819,2160
a28cb755-423caf3b-13530617-03aaff16-5ca9a2b3,29.484,29.665,1615,1681,23,23,1.68,0.41,0,0,2498,3000,1021,0,2819,2160
a28cb755-423caf3b-13530617-03aaff16-5ca9a2b3,29.831,30.068,1620,1518,23,23,1.68,0.41,0,0,2498,3000,1021,0,2819,2160
a28cb755-423caf3b-13530617-03aaff16-5ca9a2b3,30.082,30.346,1589,1414,23,23,1.68,0.41,0,0,2498,3000,1021,0,2819,2160
a28cb755-423caf3b-13530617-03aaff16-5ca9a2b3,30.359,30.485,1648,1548,23,23,1.68,0.41,0,0,2498,3000,1021,0,2819,2160
a28cb755-423caf3b-13530617-03aaff16-5ca9a2b3,30.582,30.971,1481,1706,23,23,1.68,0.41,0,0,2498,3000,1021,0,2819,2160
a28cb755-423caf3b-13530617-03aaff16-5ca9a2b3,30.999,31.276,1225,1781,23,23,1.68,0.41,0,0,2498,3000,1021,0,2819,2160
a28cb755-423caf3b-13530617-03aaff16-5ca9a2b3,31.317,31.471,1664,1689,23,23,1.68,0.41,0,0,2498,3000,1021,0,2819,2160
a28cb755-423caf3b-13530617-03aaff16-5ca9a2b3,31.568,31.721,1738,1740,23,23,1.68,0.41,0,0,2498,3000,1021,0,2819,2160
a28cb755-423caf3b-13530617-03aaff16-5ca9a2b3,31.735,31.874,1750,1718,23,23,1.68,0.41,0,0,2498,3000,1021,0,2819,2160
a28cb755-423caf3b-13530617-03aaff16-5ca9a2b3,31.888,32.137,1925,1658,23,23,1.68,0.41,0,0,2498,3000,1021,0,2819,2160
a28cb755-423caf3b-13530617-03aaff16-5ca9a2b3,32.638,32.847,892,1811,23,23,1.68,0.41,0,0,2498,3000,1021,0,2819,2160
a28cb755-423caf3b-13530617-03aaff16-5ca9a2b3,32.888,33.027,1049,1932,23,23,1.68,0.41,0,0,2498,3000,1021,0,2819,2160
a28cb755-423caf3b-13530617-03aaff16-5ca9a2b3,33.096,33.252,1509,1978,23,23,1.68,0.41,0,0,2498,3000,1021,0,2819,2160
a28cb755-423caf3b-13530617-03aaff16-5ca9a2b3,33.295,33.527,1083,2328,23,23,1.68,0.41,0,0,2498,3000,1021,0,2819,2160
a28cb755-423caf3b-13530617-03aaff16-5ca9a2b3,33.568,33.693,822,2196,23,23,1.68,0.41,0,0,2498,3000,1021,0,2819,2160
a28cb755-423caf3b-13530617-03aaff16-5ca9a2b3,33.846,34.068,883,1689,23,23,1.68,0.41,0,0,2498,3000,1021,0,2819,2160
a28cb755-423caf3b-13530617-03aaff16-5ca9a2b3,34.096,34.263,690,1692,23,23,1.68,0.41,0,0,2498,3000,1021,0,2819,2160
a28cb755-423caf3b-13530617-03aaff16-5ca9a2b3,34.318,34.582,709,1956,23,23,1.68,0.41,0,0,2498,3000,1021,0,2819,2160
a28cb755-423caf3b-13530617-03aaff16-5ca9a2b3,34.652,34.889,1709,1858,23,23,1.68,0.41,0,0,2498,3000,1021,0,2819,2160
a28cb755-423caf3b-13530617-03aaff16-5ca9a2b3,34.93,35.193,1634,2084,23,23,1.68,0.41,0,0,2498,3000,1021,0,2819,2160
a28cb755-423caf3b-13530617-03aaff16-5ca9a2b3,35.235,35.375,1930,1611,23,23,1.68,0.41,0,0,2498,3000,1021,0,2819,2160
a28cb755-423caf3b-13530617-03aaff16-5ca9a2b3,35.43,35.583,2028,1028,23,23,1.68,0.41,0,0,2498,3000,1021,0,2819,2160
a28cb755-423caf3b-13530617-03aaff16-5ca9a2b3,35.68,35.916,1593,985,23,23,1.68,0.41,0,0,2498,3000,1021,0,2819,2160
a28cb755-423caf3b-13530617-03aaff16-5ca9a2b3,35.999,36.208,746,1220,23,23,1.68,0.41,0,0,2498,3000,1021,0,2819,2160
a28cb755-423caf3b-13530617-03aaff16-5ca9a2b3,36.277,36.513,724,1410,23,23,1.68,0.41,0,0,2498,3000,1021,0,2819,2160
a28cb755-423caf3b-13530617-03aaff16-5ca9a2b3,36.541,36.749,726,1609,23,23,1.68,0.41,0,0,2498,3000,1021,0,2819,2160
a28cb755-423caf3b-13530617-03aaff16-5ca9a2b3,36.763,37.029,681,1876,23,23,1.68,0.41,0,0,2498,3000,1021,0,2819,2160
a28cb755-423caf3b-13530617-03aaff16-5ca9a2b3,37.056,37.307,801,2055,23,23,1.68,0.41,0,0,2498,3000,1021,0,2819,2160
a28cb755-423caf3b-13530617-03aaff16-5ca9a2b3,37.322,37.529,804,2152,23,23,1.68,0.41,0,0,2498,3000,1021,0,2819,2160
a28cb755-423caf3b-13530617-03aaff16-5ca9a2b3,37.556,37.667,914,1874,23,23,1.68,0.41,0,0,2498,3000,1021,0,2819,2160
a28cb755-423caf3b-13530617-03aaff16-5ca9a2b3,37.724,37.985,1649,1740,23,23,1.68,0.41,0,0,2498,3000,1021,0,2819,2160
a28cb755-423caf3b-13530617-03aaff16-5ca9a2b3,38.055,38.265,719,1665,23,23,1.68,0.41,0,0,2498,3000,1021,0,2819,2160
a28cb755-423caf3b-13530617-03aaff16-5ca9a2b3,38.278,38.5,604,1648,23,23,1.68,0.41,0,0,2498,3000,1021,0,2819,2160
a28cb755-423caf3b-13530617-03aaff16-5ca9a2b3,38.532,38.68,876,1750,23,23,1.68,0.41,0,0,2498,3000,1021,0,2819,2160
a28cb755-423caf3b-13530617-03aaff16-5ca9a2b3,38.708,38.973,881,1869,23,23,1.68,0.41,0,0,2498,3000,1021,0,2819,2160
a28cb755-423caf3b-13530617-03aaff16-5ca9a2b3,38.986,39.166,957,1680,23,23,1.68,0.41,0,0,2498,3000,1021,0,2819,2160
a28cb755-423caf3b-13530617-03aaff16-5ca9a2b3,39.208,39.498,1339,1720,23,23,1.68,0.41,0,0,2498,3000,1021,0,2819,2160
a28cb755-423caf3b-13530617-03aaff16-5ca9a2b3,39.539,39.732,948,1635,23,23,1.68,0.41,0,0,2498,3000,1021,0,2819,2160
a28cb755-423caf3b-13530617-03aaff16-5ca9a2b3,39.774,40.063,874,1875,23,23,1.68,0.41,0,0,2498,3000,1021,0,2819,2160
a28cb755-423caf3b-13530617-03aaff16-5ca9a2b3,40.091,40.438,881,2172,23,23,1.68,0.41,0,0,2498,3000,1021,0,2819,2160
a28cb755-423caf3b-13530617-03aaff16-5ca9a2b3,40.466,40.577,934,1865,23,23,1.68,0.41,0,0,2498,3000,1021,0,2819,2160
a28cb755-423caf3b-13530617-03aaff16-5ca9a2b3,40.632,40.994,1663,1658,23,23,1.68,0.41,0,0,2498,3000,1021,0,2819,2160
a28cb755-423caf3b-13530617-03aaff16-5ca9a2b3,41.008,41.215,1763,1669,23,23,1.68,0.41,0,0,2498,3000,1021,0,2819,2160
a28cb755-423caf3b-13530617-03aaff16-5ca9a2b3,41.272,41.479,852,1643,23,23,1.68,0.41,0,0,2498,3000,1021,0,2819,2160
a28cb755-423caf3b-13530617-03aaff16-5ca9a2b3,41.508,41.757,653,1697,23,23,1.68,0.41,0,0,2498,3000,1021,0,2819,2160
a28cb755-423caf3b-13530617-03aaff16-5ca9a2b3,41.785,42.007,508,1817,23,23,1.68,0.41,0,0,2498,3000,1021,0,2819,2160
a28cb755-423caf3b-13530617-03aaff16-5ca9a2b3,42.035,42.298,610,2059,23,23,1.68,0.41,0,0,2498,3000,1021,0,2819,2160
a28cb755-423caf3b-13530617-03aaff16-5ca9a2b3,42.327,42.534,812,2142,23,23,1.68,0.41,0,0,2498,3000,1021,0,2819,2160
a28cb755-423caf3b-13530617-03aaff16-5ca9a2b3,42.577,42.842,907,1872,23,23,1.68,0.41,0,0,2498,3000,1021,0,2819,2160
a28cb755-423caf3b-13530617-03aaff16-5ca9a2b3,42.856,43.034,839,1844,23,23,1.68,0.41,0,0,2498,3000,1021,0,2819,2160
a28cb755-423caf3b-13530617-03aaff16-5ca9a2b3,43.076,43.257,812,1519,23,23,1.68,0.41,0,0,2498,3000,1021,0,2819,2160
a28cb755-423caf3b-13530617-03aaff16-5ca9a2b3,43.271,43.395,808,1494,23,23,1.68,0.41,0,0,2498,3000,1021,0,2819,2160
a28cb755-423caf3b-13530617-03aaff16-5ca9a2b3,43.507,43.673,719,1631,23,23,1.68,0.41,0,0,2498,3000,1021,0,2819,2160
a28cb755-423caf3b-13530617-03aaff16-5ca9a2b3,43.715,43.909,880,1795,23,23,1.68,0.41,0,0,2498,3000,1021,0,2819,2160
a28cb755-423caf3b-13530617-03aaff16-5ca9a2b3,43.938,44.117,629,1787,23,23,1.68,0.41,0,0,2498,3000,1021,0,2819,2160
a28cb755-423caf3b-13530617-03aaff16-5ca9a2b3,44.173,44.454,609,1428,23,23,1.68,0.41,0,0,2498,3000,1021,0,2819,2160
a28cb755-423caf3b-13530617-03aaff16-5ca9a2b3,44.507,44.66,820,1416,23,23,1.68,0.41,0,0,2498,3000,1021,0,2819,2160
a28cb755-423caf3b-13530617-03aaff16-5ca9a2b3,44.701,44.854,820,1877,23,23,1.68,0.41,0,0,2498,3000,1021,0,2819,2160
a28cb755-423caf3b-13530617-03aaff16-5ca9a2b3,44.881,45.091,833,2247,23,23,1.68,0.41,0,0,2498,3000,1021,0,2819,2160
a28cb755-423caf3b-13530617-03aaff16-5ca9a2b3,45.117,45.424,732,2383,23,23,1.68,0.41,0,0,2498,3000,1021,0,2819,2160
a28cb755-423caf3b-13530617-03aaff16-5ca9a2b3,45.465,45.756,438,2345,23,23,1.68,0.41,0,0,2498,3000,1021,0,2819,2160
a28cb755-423caf3b-13530617-03aaff16-5ca9a2b3,45.784,46.007,862,2136,23,23,1.68,0.41,0,0,2498,3000,1021,0,2819,2160
a28cb755-423caf3b-13530617-03aaff16-5ca9a2b3,46.048,46.159,888,2368,23,23,1.68,0.41,0,0,2498,3000,1021,0,2819,2160
a28cb755-423caf3b-13530617-03aaff16-5ca9a2b3,46.27,46.382,584,2404,23,23,1.68,0.41,0,0,2498,3000,1021,0,2819,2160
a28cb755-423caf3b-13530617-03aaff16-5ca9a2b3,46.548,46.743,1039,1494,23,23,1.68,0.41,0,0,2498,3000,1021,0,2819,2160
a28cb755-423caf3b-13530617-03aaff16-5ca9a2b3,46.77,46.978,747,1366,23,23,1.68,0.41,0,0,2498,3000,1021,0,2819,2160
a28cb755-423caf3b-13530617-03aaff16-5ca9a2b3,47.034,47.34,472,1239,23,23,1.68,0.41,0,0,2498,3000,1021,0,2819,2160
a28cb755-423caf3b-13530617-03aaff16-5ca9a2b3,47.354,47.562,543,1149,23,23,1.68,0.41,0,0,2498,3000,1021,0,2819,2160
a28cb755-423caf3b-13530617-03aaff16-5ca9a2b3,47.589,47.826,358,1091,23,23,1.68,0.41,0,0,2498,3000,1021,0,2819,2160
a28cb755-423caf3b-13530617-03aaff16-5ca9a2b3,47.853,48.034,810,1160,23,23,1.68,0.41,0,0,2498,3000,1021,0,2819,2160
a28cb755-423caf3b-13530617-03aaff16-5ca9a2b3,48.103,48.27,1639,1023,23,23,1.68,0.41,0,0,2498,3000,1021,0,2819,2160
a28cb755-423caf3b-13530617-03aaff16-5ca9a2b3,48.45,48.575,1015,1130,23,23,1.68,0.41,0,0,2498,3000,1021,0,2819,2160
a28cb755-423caf3b-13530617-03aaff16-5ca9a2b3,48.797,48.909,1616,1066,23,23,1.68,0.41,0,0,2498,3000,1021,0,2819,2160
a28cb755-423caf3b-13530617-03aaff16-5ca9a2b3,48.923,49.145,1614,1091,23,23,1.68,0.41,0,0,2498,3000,1021,0,2819,2160
a28cb755-423caf3b-13530617-03aaff16-5ca9a2b3,49.173,49.353,1386,1217,23,23,1.68,0.41,0,0,2498,3000,1021,0,2819,2160
a28cb755-423caf3b-13530617-03aaff16-5ca9a2b3,49.381,49.714,935,1218,23,23,1.68,0.41,0,0,2498,3000,1021,0,2819,2160
a28cb755-423caf3b-13530617-03aaff16-5ca9a2b3,49.756,49.978,905,1222,23,23,1.68,0.41,0,0,2498,3000,1021,0,2819,2160
a28cb755-423caf3b-13530617-03aaff16-5ca9a2b3,50.033,50.422,1584,1157,23,23,1.68,0.41,0,0,2498,3000,1021,0,2819,2160
a28cb755-423caf3b-13530617-03aaff16-5ca9a2b3,50.45,50.659,1448,1248,23,23,1.68,0.41,0,0,2498,3000,1021,0,2819,2160
a28cb755-423caf3b-13530617-03aaff16-5ca9a2b3,50.7,50.991,1647,960,23,23,1.68,0.41,0,0,2498,3000,1021,0,2819,2160
a28cb755-423caf3b-13530617-03aaff16-5ca9a2b3,51.2,51.311,1691,863,23,23,1.68,0.41,0,0,2498,3000,1021,0,2819,2160
a28cb755-423caf3b-13530617-03aaff16-5ca9a2b3,51.422,51.686,1844,796,23,23,1.68,0.41,0,0,2498,3000,1021,0,2819,2160
a28cb755-423caf3b-13530617-03aaff16-5ca9a2b3,51.7,51.894,1750,763,23,23,1.68,0.41,0,0,2498,3000,1021,0,2819,2160
a28cb755-423caf3b-13530617-03aaff16-5ca9a2b3,52.075,52.228,1788,1452,23,23,1.68,0.41,0,0,2498,3000,1021,0,2819,2160
a28cb755-423caf3b-13530617-03aaff16-5ca9a2b3,52.27,52.423,1396,1730,23,23,1.68,0.41,0,0,2498,3000,1021,0,2819,2160
a28cb755-423caf3b-13530617-03aaff16-5ca9a2b3,52.464,52.728,1775,2079,23,23,1.68,0.41,0,0,2498,3000,1021,0,2819,2160
a28cb755-423caf3b-13530617-03aaff16-5ca9a2b3,52.826,52.95,2039,2095,23,23,1.68,0.41,0,0,2498,3000,1021,0,2819,2160
a28cb755-423caf3b-13530617-03aaff16-5ca9a2b3,53.214,53.353,2111,2715,23,23,1.68,0.41,0,0,2498,3000,1021,0,2819,2160
a28cb755-423caf3b-13530617-03aaff16-5ca9a2b3,53.464,53.673,2124,2533,23,23,1.68,0.41,0,0,2498,3000,1021,0,2819,2160
a28cb755-423caf3b-13530617-03aaff16-5ca9a2b3,54.007,54.117,1213,2676,23,23,1.68,0.41,0,0,2498,3000,1021,0,2819,2160
a28cb755-423caf3b-13530617-03aaff16-5ca9a2b3,54.492,54.826,1235,2758,23,23,1.68,0.41,0,0,2498,3000,1021,0,2819,2160
a28cb755-423caf3b-13530617-03aaff16-5ca9a2b3,54.84,55.16,1153,2678,23,23,1.68,0.41,0,0,2498,3000,1021,0,2819,2160
a28cb755-423caf3b-13530617-03aaff16-5ca9a2b3,55.214,55.423,1307,2331,23,23,1.68,0.41,0,0,2498,3000,1021,0,2819,2160
a28cb755-423caf3b-13530617-03aaff16-5ca9a2b3,55.465,55.659,925,1968,23,23,1.68,0.41,0,0,2498,3000,1021,0,2819,2160
a28cb755-423caf3b-13530617-03aaff16-5ca9a2b3,55.798,56.021,1631,1761,23,23,1.68,0.41,0,0,2498,3000,1021,0,2819,2160
a28cb755-423caf3b-13530617-03aaff16-5ca9a2b3,56.048,56.229,1319,2123,23,23,1.68,0.41,0,0,2498,3000,1021,0,2819,2160
a28cb755-423caf3b-13530617-03aaff16-5ca9a2b3,56.27,56.396,1697,2416,23,23,1.68,0.41,0,0,2498,3000,1021,0,2819,2160
a28cb755-423caf3b-13530617-03aaff16-5ca9a2b3,56.437,56.645,2132,2766,23,23,1.68,0.41,0,0,2498,3000,1021,0,2819,2160
a28cb755-423caf3b-13530617-03aaff16-5ca9a2b3,56.701,56.937,1270,2216,23,23,1.68,0.41,0,0,2498,3000,1021,0,2819,2160
a28cb755-423caf3b-13530617-03aaff16-5ca9a2b3,56.993,57.27,1017,1910,23,23,1.68,0.41,0,0,2498,3000,1021,0,2819,2160
a28cb755-423caf3b-13530617-03aaff16-5ca9a2b3,57.326,57.508,1484,1824,23,23,1.68,0.41,0,0,2498,3000,1021,0,2819,2160
a28cb755-423caf3b-13530617-03aaff16-5ca9a2b3,57.562,57.924,1170,1866,23,23,1.68,0.41,0,0,2498,3000,1021,0,2819,2160
53ba5a31-2d6bda0a-abb7ad77-065a0f20-b4fa6b44,0.0,0.153,1407,1582,27,27,1.68,0.41,0,0,3000,2498,623,0,3217,2160
53ba5a31-2d6bda0a-abb7ad77-065a0f20-b4fa6b44,0.57,0.682,1455,1132,27,27,1.68,0.41,0,0,3000,2498,623,0,3217,2160
53ba5a31-2d6bda0a-abb7ad77-065a0f20-b4fa6b44,0.806,1.014,1718,1351,27,27,1.68,0.41,0,0,3000,2498,623,0,3217,2160
53ba5a31-2d6bda0a-abb7ad77-065a0f20-b4fa6b44,1.334,1.459,1617,1497,27,27,1.68,0.41,0,0,3000,2498,623,0,3217,2160
53ba5a31-2d6bda0a-abb7ad77-065a0f20-b4fa6b44,1.474,1.611,1613,1489,27,27,1.68,0.41,0,0,3000,2498,623,0,3217,2160
53ba5a31-2d6bda0a-abb7ad77-065a0f20-b4fa6b44,1.654,1.904,1103,1432,27,27,1.68,0.41,0,0,3000,2498,623,0,3217,2160
53ba5a31-2d6bda0a-abb7ad77-065a0f20-b4fa6b44,2.209,2.334,1720,1308,27,27,1.68,0.41,0,0,3000,2498,623,0,3217,2160
53ba5a31-2d6bda0a-abb7ad77-065a0f20-b4fa6b44,2.848,3.07,1005,1720,27,27,1.68,0.41,0,0,3000,2498,623,0,3217,2160
53ba5a31-2d6bda0a-abb7ad77-065a0f20-b4fa6b44,3.112,3.278,924,1368,27,27,1.68,0.41,0,0,3000,2498,623,0,3217,2160
53ba5a31-2d6bda0a-abb7ad77-065a0f20-b4fa6b44,3.39,3.584,1092,1769,27,27,1.68,0.41,0,0,3000,2498,623,0,3217,2160
53ba5a31-2d6bda0a-abb7ad77-065a0f20-b4fa6b44,3.626,3.89,1497,1849,27,27,1.68,0.41,0,0,3000,2498,623,0,3217,2160
53ba5a31-2d6bda0a-abb7ad77-065a0f20-b4fa6b44,3.973,4.126,1680,1720,27,27,1.68,0.41,0,0,3000,2498,623,0,3217,2160
53ba5a31-2d6bda0a-abb7ad77-065a0f20-b4fa6b44,4.307,4.459,1533,1679,27,27,1.68,0.41,0,0,3000,2498,623,0,3217,2160
53ba5a31-2d6bda0a-abb7ad77-065a0f20-b4fa6b44,4.543,4.696,1618,1772,27,27,1.68,0.41,0,0,3000,2498,623,0,3217,2160
53ba5a31-2d6bda0a-abb7ad77-065a0f20-b4fa6b44,4.723,4.862,1489,1971,27,27,1.68,0.41,0,0,3000,2498,623,0,3217,2160
53ba5a31-2d6bda0a-abb7ad77-065a0f20-b4fa6b44,4.988,5.334,1854,1923,27,27,1.68,0.41,0,0,3000,2498,623,0,3217,2160
53ba5a31-2d6bda0a-abb7ad77-065a0f20-b4fa6b44,5.362,5.557,1933,2128,27,27,1.68,0.41,0,0,3000,2498,623,0,3217,2160
53ba5a31-2d6bda0a-abb7ad77-065a0f20-b4fa6b44,5.612,5.862,1555,2075,27,27,1.68,0.41,0,0,3000,2498,623,0,3217,2160
53ba5a31-2d6bda0a-abb7ad77-065a0f20-b4fa6b44,5.96,6.182,1622,1913,27,27,1.68,0.41,0,0,3000,2498,623,0,3217,2160
53ba5a31-2d6bda0a-abb7ad77-065a0f20-b4fa6b44,6.21,6.418,1446,1851,27,27,1.68,0.41,0,0,3000,2498,623,0,3217,2160
53ba5a31-2d6bda0a-abb7ad77-065a0f20-b4fa6b44,6.46,6.655,1609,1556,27,27,1.68,0.41,0,0,3000,2498,623,0,3217,2160
53ba5a31-2d6bda0a-abb7ad77-065a0f20-b4fa6b44,7.03,7.293,1802,1502,27,27,1.68,0.41,0,0,3000,2498,623,0,3217,2160
53ba5a31-2d6bda0a-abb7ad77-065a0f20-b4fa6b44,7.39,7.501,1035,1578,27,27,1.68,0.41,0,0,3000,2498,623,0,3217,2160
53ba5a31-2d6bda0a-abb7ad77-065a0f20-b4fa6b44,7.515,7.627,1031,1611,27,27,1.68,0.41,0,0,3000,2498,623,0,3217,2160
53ba5a31-2d6bda0a-abb7ad77-065a0f20-b4fa6b44,7.654,7.891,1356,1542,27,27,1.68,0.41,0,0,3000,2498,623,0,3217,2160
53ba5a31-2d6bda0a-abb7ad77-065a0f20-b4fa6b44,7.974,8.182,1840,1749,27,27,1.68,0.41,0,0,3000,2498,623,0,3217,2160
53ba5a31-2d6bda0a-abb7ad77-065a0f20-b4fa6b44,8.21,8.336,1698,1927,27,27,1.68,0.41,0,0,3000,2498,623,0,3217,2160
53ba5a31-2d6bda0a-abb7ad77-065a0f20-b4fa6b44,8.349,8.488,1679,1908,27,27,1.68,0.41,0,0,3000,2498,623,0,3217,2160
53ba5a31-2d6bda0a-abb7ad77-065a0f20-b4fa6b44,8.571,8.877,1121,1168,27,27,1.68,0.41,0,0,3000,2498,623,0,3217,2160
53ba5a31-2d6bda0a-abb7ad77-065a0f20-b4fa6b44,8.904,9.224,910,1057,27,27,1.68,0.41,0,0,3000,2498,623,0,3217,2160
53ba5a31-2d6bda0a-abb7ad77-065a0f20-b4fa6b44,9.279,9.446,1153,1189,27,27,1.68,0.41,0,0,3000,2498,623,0,3217,2160
53ba5a31-2d6bda0a-abb7ad77-065a0f20-b4fa6b44,9.488,9.724,1438,1533,27,27,1.68,0.41,0,0,3000,2498,623,0,3217,2160
53ba5a31-2d6bda0a-abb7ad77-065a0f20-b4fa6b44,9.78,10.015,1810,1449,27,27,1.68,0.41,0,0,3000,2498,623,0,3217,2160
53ba5a31-2d6bda0a-abb7ad77-065a0f20-b4fa6b44,10.057,10.196,1433,1605,27,27,1.68,0.41,0,0,3000,2498,623,0,3217,2160
53ba5a31-2d6bda0a-abb7ad77-065a0f20-b4fa6b44,10.529,10.654,2581,2209,27,27,1.68,0.41,0,0,3000,2498,623,0,3217,2160
53ba5a31-2d6bda0a-abb7ad77-065a0f20-b4fa6b44,10.709,10.862,1778,1846,27,27,1.68,0.41,0,0,3000,2498,623,0,3217,2160
53ba5a31-2d6bda0a-abb7ad77-065a0f20-b4fa6b44,11.057,11.182,2232,679,27,27,1.68,0.41,0,0,3000,2498,623,0,3217,2160
53ba5a31-2d6bda0a-abb7ad77-065a0f20-b4fa6b44,11.307,11.487,1035,859,27,27,1.68,0.41,0,0,3000,2498,623,0,3217,2160
53ba5a31-2d6bda0a-abb7ad77-065a0f20-b4fa6b44,11.543,11.724,1319,1273,27,27,1.68,0.41,0,0,3000,2498,623,0,3217,2160
53ba5a31-2d6bda0a-abb7ad77-065a0f20-b4fa6b44,11.751,11.974,1199,1514,27,27,1.68,0.41,0,0,3000,2498,623,0,3217,2160
53ba5a31-2d6bda0a-abb7ad77-065a0f20-b4fa6b44,12.057,12.265,1040,1592,27,27,1.68,0.41,0,0,3000,2498,623,0,3217,2160
53ba5a31-2d6bda0a-abb7ad77-065a0f20-b4fa6b44,12.362,12.571,934,1227,27,27,1.68,0.41,0,0,3000,2498,623,0,3217,2160
53ba5a31-2d6bda0a-abb7ad77-065a0f20-b4fa6b44,12.584,12.765,960,1248,27,27,1.68,0.41,0,0,3000,2498,623,0,3217,2160
53ba5a31-2d6bda0a-abb7ad77-065a0f20-b4fa6b44,12.793,12.96,1127,1349,27,27,1.68,0.41,0,0,3000,2498,623,0,3217,2160
53ba5a31-2d6bda0a-abb7ad77-065a0f20-b4fa6b44,13.001,13.237,1103,1636,27,27,1.68,0.41,0,0,3000,2498,623,0,3217,2160
53ba5a31-2d6bda0a-abb7ad77-065a0f20-b4fa6b44,13.293,13.543,1416,1574,27,27,1.68,0.41,0,0,3000,2498,623,0,3217,2160
53ba5a31-2d6bda0a-abb7ad77-065a0f20-b4fa6b44,13.654,13.932,1826,1504,27,27,1.68,0.41,0,0,3000,2498,623,0,3217,2160
53ba5a31-2d6bda0a-abb7ad77-065a0f20-b4fa6b44,13.973,14.139,1290,1446,27,27,1.68,0.41,0,0,3000,2498,623,0,3217,2160
53ba5a31-2d6bda0a-abb7ad77-065a0f20-b4fa6b44,14.25,14.501,958,1377,27,27,1.68,0.41,0,0,3000,2498,623,0,3217,2160
53ba5a31-2d6bda0a-abb7ad77-065a0f20-b4fa6b44,14.543,14.737,986,1624,27,27,1.68,0.41,0,0,3000,2498,623,0,3217,2160
53ba5a31-2d6bda0a-abb7ad77-065a0f20-b4fa6b44,14.751,14.96,943,1738,27,27,1.68,0.41,0,0,3000,2498,623,0,3217,2160
53ba5a31-2d6bda0a-abb7ad77-065a0f20-b4fa6b44,14.987,15.195,1415,1677,27,27,1.68,0.41,0,0,3000,2498,623,0,3217,2160
53ba5a31-2d6bda0a-abb7ad77-065a0f20-b4fa6b44,15.223,15.362,982,1674,27,27,1.68,0.41,0,0,3000,2498,623,0,3217,2160
53ba5a31-2d6bda0a-abb7ad77-065a0f20-b4fa6b44,15.473,15.765,993,1604,27,27,1.68,0.41,0,0,3000,2498,623,0,3217,2160
53ba5a31-2d6bda0a-abb7ad77-065a0f20-b4fa6b44,15.807,15.973,1036,1205,27,27,1.68,0.41,0,0,3000,2498,623,0,3217,2160
53ba5a31-2d6bda0a-abb7ad77-065a0f20-b4fa6b44,16.07,16.182,846,1444,27,27,1.68,0.41,0,0,3000,2498,623,0,3217,2160
53ba5a31-2d6bda0a-abb7ad77-065a0f20-b4fa6b44,16.196,16.32,887,1449,27,27,1.68,0.41,0,0,3000,2498,623,0,3217,2160
53ba5a31-2d6bda0a-abb7ad77-065a0f20-b4fa6b44,16.335,16.474,1076,1530,27,27,1.68,0.41,0,0,3000,2498,623,0,3217,2160
53ba5a31-2d6bda0a-abb7ad77-065a0f20-b4fa6b44,16.585,16.849,1431,1680,27,27,1.68,0.41,0,0,3000,2498,623,0,3217,2160
53ba5a31-2d6bda0a-abb7ad77-065a0f20-b4fa6b44,16.877,17.071,1624,1648,27,27,1.68,0.41,0,0,3000,2498,623,0,3217,2160
53ba5a31-2d6bda0a-abb7ad77-065a0f20-b4fa6b44,17.112,17.265,1259,1648,27,27,1.68,0.41,0,0,3000,2498,623,0,3217,2160
53ba5a31-2d6bda0a-abb7ad77-065a0f20-b4fa6b44,17.321,17.528,1121,1880,27,27,1.68,0.41,0,0,3000,2498,623,0,3217,2160
53ba5a31-2d6bda0a-abb7ad77-065a0f20-b4fa6b44,17.611,17.831,2001,1532,27,27,1.68,0.41,0,0,3000,2498,623,0,3217,2160
53ba5a31-2d6bda0a-abb7ad77-065a0f20-b4fa6b44,17.845,18.038,2006,1525,27,27,1.68,0.41,0,0,3000,2498,623,0,3217,2160
53ba5a31-2d6bda0a-abb7ad77-065a0f20-b4fa6b44,18.134,18.466,1049,1377,27,27,1.68,0.41,0,0,3000,2498,623,0,3217,2160
53ba5a31-2d6bda0a-abb7ad77-065a0f20-b4fa6b44,18.522,18.703,849,1176,27,27,1.68,0.41,0,0,3000,2498,623,0,3217,2160
53ba5a31-2d6bda0a-abb7ad77-065a0f20-b4fa6b44,18.799,19.05,2016,1202,27,27,1.68,0.41,0,0,3000,2498,623,0,3217,2160
53ba5a31-2d6bda0a-abb7ad77-065a0f20-b4fa6b44,19.078,19.369,2106,1321,27,27,1.68,0.41,0,0,3000,2498,623,0,3217,2160
53ba5a31-2d6bda0a-abb7ad77-065a0f20-b4fa6b44,19.397,19.564,1919,1457,27,27,1.68,0.41,0,0,3000,2498,623,0,3217,2160
53ba5a31-2d6bda0a-abb7ad77-065a0f20-b4fa6b44,19.606,19.814,1545,1242,27,27,1.68,0.41,0,0,3000,2498,623,0,3217,2160
53ba5a31-2d6bda0a-abb7ad77-065a0f20-b4fa6b44,19.828,20.05,1219,1199,27,27,1.68,0.41,0,0,3000,2498,623,0,3217,2160
53ba5a31-2d6bda0a-abb7ad77-065a0f20-b4fa6b44,20.106,20.216,1423,1666,27,27,1.68,0.41,0,0,3000,2498,623,0,3217,2160
53ba5a31-2d6bda0a-abb7ad77-065a0f20-b4fa6b44,20.244,20.592,1538,1865,27,27,1.68,0.41,0,0,3000,2498,623,0,3217,2160
53ba5a31-2d6bda0a-abb7ad77-065a0f20-b4fa6b44,20.605,20.994,1475,1833,27,27,1.68,0.41,0,0,3000,2498,623,0,3217,2160
53ba5a31-2d6bda0a-abb7ad77-065a0f20-b4fa6b44,21.036,21.259,1508,2001,27,27,1.68,0.41,0,0,3000,2498,623,0,3217,2160
53ba5a31-2d6bda0a-abb7ad77-065a0f20-b4fa6b44,21.273,21.467,1500,1958,27,27,1.68,0.41,0,0,3000,2498,623,0,3217,2160
53ba5a31-2d6bda0a-abb7ad77-065a0f20-b4fa6b44,21.509,21.772,1575,1766,27,27,1.68,0.41,0,0,3000,2498,623,0,3217,2160
53ba5a31-2d6bda0a-abb7ad77-065a0f20-b4fa6b44,21.856,22.092,1302,1802,27,27,1.68,0.41,0,0,3000,2498,623,0,3217,2160
53ba5a31-2d6bda0a-abb7ad77-065a0f20-b4fa6b44,22.12,22.273,1107,1841,27,27,1.68,0.41,0,0,3000,2498,623,0,3217,2160
53ba5a31-2d6bda0a-abb7ad77-065a0f20-b4fa6b44,22.342,22.495,1717,1849,27,27,1.68,0.41,0,0,3000,2498,623,0,3217,2160
53ba5a31-2d6bda0a-abb7ad77-065a0f20-b4fa6b44,22.509,22.62,1738,1821,27,27,1.68,0.41,0,0,3000,2498,623,0,3217,2160
53ba5a31-2d6bda0a-abb7ad77-065a0f20-b4fa6b44,22.647,23.12,1544,1761,27,27,1.68,0.41,0,0,3000,2498,623,0,3217,2160
53ba5a31-2d6bda0a-abb7ad77-065a0f20-b4fa6b44,23.148,23.259,1569,1568,27,27,1.68,0.41,0,0,3000,2498,623,0,3217,2160
53ba5a31-2d6bda0a-abb7ad77-065a0f20-b4fa6b44,23.273,23.425,1583,1575,27,27,1.68,0.41,0,0,3000,2498,623,0,3217,2160
53ba5a31-2d6bda0a-abb7ad77-065a0f20-b4fa6b44,23.481,23.675,1443,1618,27,27,1.68,0.41,0,0,3000,2498,623,0,3217,2160
53ba5a31-2d6bda0a-abb7ad77-065a0f20-b4fa6b44,23.704,23.939,1435,1772,27,27,1.68,0.41,0,0,3000,2498,623,0,3217,2160
53ba5a31-2d6bda0a-abb7ad77-065a0f20-b4fa6b44,24.05,24.356,1521,1803,27,27,1.68,0.41,0,0,3000,2498,623,0,3217,2160
53ba5a31-2d6bda0a-abb7ad77-065a0f20-b4fa6b44,24.44,24.62,1730,1560,27,27,1.68,0.41,0,0,3000,2498,623,0,3217,2160
53ba5a31-2d6bda0a-abb7ad77-065a0f20-b4fa6b44,24.648,24.856,2139,1468,27,27,1.68,0.41,0,0,3000,2498,623,0,3217,2160
53ba5a31-2d6bda0a-abb7ad77-065a0f20-b4fa6b44,24.898,25.051,1816,1710,27,27,1.68,0.41,0,0,3000,2498,623,0,3217,2160
53ba5a31-2d6bda0a-abb7ad77-065a0f20-b4fa6b44,25.12,25.259,1507,1845,27,27,1.68,0.41,0,0,3000,2498,623,0,3217,2160
53ba5a31-2d6bda0a-abb7ad77-065a0f20-b4fa6b44,25.273,25.426,1482,1866,27,27,1.68,0.41,0,0,3000,2498,623,0,3217,2160
53ba5a31-2d6bda0a-abb7ad77-065a0f20-b4fa6b44,25.44,25.62,1241,1839,27,27,1.68,0.41,0,0,3000,2498,623,0,3217,2160
53ba5a31-2d6bda0a-abb7ad77-065a0f20-b4fa6b44,25.717,26.051,1508,1812,27,27,1.68,0.41,0,0,3000,2498,623,0,3217,2160
53ba5a31-2d6bda0a-abb7ad77-065a0f20-b4fa6b44,26.162,26.426,1520,1772,27,27,1.68,0.41,0,0,3000,2498,623,0,3217,2160
53ba5a31-2d6bda0a-abb7ad77-065a0f20-b4fa6b44,26.467,26.676,1164,1780,27,27,1.68,0.41,0,0,3000,2498,623,0,3217,2160
53ba5a31-2d6bda0a-abb7ad77-065a0f20-b4fa6b44,26.704,26.94,943,1752,27,27,1.68,0.41,0,0,3000,2498,623,0,3217,2160
53ba5a31-2d6bda0a-abb7ad77-065a0f20-b4fa6b44,26.981,27.176,1584,1728,27,27,1.68,0.41,0,0,3000,2498,623,0,3217,2160
53ba5a31-2d6bda0a-abb7ad77-065a0f20-b4fa6b44,27.538,27.69,1640,1782,27,27,1.68,0.41,0,0,3000,2498,623,0,3217,2160
53ba5a31-2d6bda0a-abb7ad77-065a0f20-b4fa6b44,27.788,28.024,1628,1815,27,27,1.68,0.41,0,0,3000,2498,623,0,3217,2160
53ba5a31-2d6bda0a-abb7ad77-065a0f20-b4fa6b44,28.051,28.329,1516,1766,27,27,1.68,0.41,0,0,3000,2498,623,0,3217,2160
53ba5a31-2d6bda0a-abb7ad77-065a0f20-b4fa6b44,28.412,28.691,1518,1721,27,27,1.68,0.41,0,0,3000,2498,623,0,3217,2160
53ba5a31-2d6bda0a-abb7ad77-065a0f20-b4fa6b44,28.732,29.038,1866,1645,27,27,1.68,0.41,0,0,3000,2498,623,0,3217,2160
53ba5a31-2d6bda0a-abb7ad77-065a0f20-b4fa6b44,29.191,29.593,1678,1585,27,27,1.68,0.41,0,0,3000,2498,623,0,3217,2160
53ba5a31-2d6bda0a-abb7ad77-065a0f20-b4fa6b44,29.621,29.815,1819,1435,27,27,1.68,0.41,0,0,3000,2498,623,0,3217,2160
53ba5a31-2d6bda0a-abb7ad77-065a0f20-b4fa6b44,29.857,30.037,1648,1307,27,27,1.68,0.41,0,0,3000,2498,623,0,3217,2160
53ba5a31-2d6bda0a-abb7ad77-065a0f20-b4fa6b44,30.066,30.399,2035,1180,27,27,1.68,0.41,0,0,3000,2498,623,0,3217,2160
53ba5a31-2d6bda0a-abb7ad77-065a0f20-b4fa6b44,30.607,30.774,1675,1624,27,27,1.68,0.41,0,0,3000,2498,623,0,3217,2160
53ba5a31-2d6bda0a-abb7ad77-065a0f20-b4fa6b44,30.885,31.121,1670,1710,27,27,1.68,0.41,0,0,3000,2498,623,0,3217,2160
53ba5a31-2d6bda0a-abb7ad77-065a0f20-b4fa6b44,31.149,31.371,1867,1569,27,27,1.68,0.41,0,0,3000,2498,623,0,3217,2160
53ba5a31-2d6bda0a-abb7ad77-065a0f20-b4fa6b44,31.385,31.566,1745,1589,27,27,1.68,0.41,0,0,3000,2498,623,0,3217,2160
53ba5a31-2d6bda0a-abb7ad77-065a0f20-b4fa6b44,31.691,31.816,2041,1178,27,27,1.68,0.41,0,0,3000,2498,623,0,3217,2160
53ba5a31-2d6bda0a-abb7ad77-065a0f20-b4fa6b44,31.83,31.941,2014,1173,27,27,1.68,0.41,0,0,3000,2498,623,0,3217,2160
53ba5a31-2d6bda0a-abb7ad77-065a0f20-b4fa6b44,31.969,32.177,1686,1110,27,27,1.68,0.41,0,0,3000,2498,623,0,3217,2160
53ba5a31-2d6bda0a-abb7ad77-065a0f20-b4fa6b44,32.288,32.399,1903,1179,27,27,1.68,0.41,0,0,3000,2498,623,0,3217,2160
53ba5a31-2d6bda0a-abb7ad77-065a0f20-b4fa6b44,32.413,32.566,1907,1245,27,27,1.68,0.41,0,0,3000,2498,623,0,3217,2160
53ba5a31-2d6bda0a-abb7ad77-065a0f20-b4fa6b44,32.705,32.885,1595,1159,27,27,1.68,0.41,0,0,3000,2498,623,0,3217,2160
53ba5a31-2d6bda0a-abb7ad77-065a0f20-b4fa6b44,32.941,33.052,1184,1156,27,27,1.68,0.41,0,0,3000,2498,623,0,3217,2160
53ba5a31-2d6bda0a-abb7ad77-065a0f20-b4fa6b44,33.289,33.58,1869,1167,27,27,1.68,0.41,0,0,3000,2498,623,0,3217,2160
53ba5a31-2d6bda0a-abb7ad77-065a0f20-b4fa6b44,33.691,33.886,2205,1118,27,27,1.68,0.41,0,0,3000,2498,623,0,3217,2160
53ba5a31-2d6bda0a-abb7ad77-065a0f20-b4fa6b44,33.899,34.052,2138,1157,27,27,1.68,0.41,0,0,3000,2498,623,0,3217,2160
53ba5a31-2d6bda0a-abb7ad77-065a0f20-b4fa6b44,34.135,34.247,2124,852,27,27,1.68,0.41,0,0,3000,2498,623,0,3217,2160
53ba5a31-2d6bda0a-abb7ad77-065a0f20-b4fa6b44,34.261,34.427,2149,843,27,27,1.68,0.41,0,0,3000,2498,623,0,3217,2160
53ba5a31-2d6bda0a-abb7ad77-065a0f20-b4fa6b44,34.455,34.594,2370,794,27,27,1.68,0.41,0,0,3000,2498,623,0,3217,2160
53ba5a31-2d6bda0a-abb7ad77-065a0f20-b4fa6b44,34.719,34.914,2014,768,27,27,1.68,0.41,0,0,3000,2498,623,0,3217,2160
53ba5a31-2d6bda0a-abb7ad77-065a0f20-b4fa6b44,34.997,35.219,1024,948,27,27,1.68,0.41,0,0,3000,2498,623,0,3217,2160
53ba5a31-2d6bda0a-abb7ad77-065a0f20-b4fa6b44,35.233,35.373,1004,980,27,27,1.68,0.41,0,0,3000,2498,623,0,3217,2160
53ba5a31-2d6bda0a-abb7ad77-065a0f20-b4fa6b44,35.386,35.636,1120,978,27,27,1.68,0.41,0,0,3000,2498,623,0,3217,2160
53ba5a31-2d6bda0a-abb7ad77-065a0f20-b4fa6b44,35.72,35.983,2015,736,27,27,1.68,0.41,0,0,3000,2498,623,0,3217,2160
53ba5a31-2d6bda0a-abb7ad77-065a0f20-b4fa6b44,36.026,36.345,1805,771,27,27,1.68,0.41,0,0,3000,2498,623,0,3217,2160
53ba5a31-2d6bda0a-abb7ad77-065a0f20-b4fa6b44,36.4,36.554,1080,991,27,27,1.68,0.41,0,0,3000,2498,623,0,3217,2160
53ba5a31-2d6bda0a-abb7ad77-065a0f20-b4fa6b44,36.568,36.692,1049,995,27,27,1.68,0.41,0,0,3000,2498,623,0,3217,2160
53ba5a31-2d6bda0a-abb7ad77-065a0f20-b4fa6b44,36.72,36.956,884,1034,27,27,1.68,0.41,0,0,3000,2498,623,0,3217,2160
53ba5a31-2d6bda0a-abb7ad77-065a0f20-b4fa6b44,36.983,37.122,1128,1019,27,27,1.68,0.41,0,0,3000,2498,623,0,3217,2160
53ba5a31-2d6bda0a-abb7ad77-065a0f20-b4fa6b44,37.22,37.484,1358,1353,27,27,1.68,0.41,0,0,3000,2498,623,0,3217,2160
53ba5a31-2d6bda0a-abb7ad77-065a0f20-b4fa6b44,37.539,37.844,1105,1092,27,27,1.68,0.41,0,0,3000,2498,623,0,3217,2160
53ba5a31-2d6bda0a-abb7ad77-065a0f20-b4fa6b44,37.886,38.066,765,999,27,27,1.68,0.41,0,0,3000,2498,623,0,3217,2160
53ba5a31-2d6bda0a-abb7ad77-065a0f20-b4fa6b44,38.205,38.427,554,929,27,27,1.68,0.41,0,0,3000,2498,623,0,3217,2160
53ba5a31-2d6bda0a-abb7ad77-065a0f20-b4fa6b44,38.483,38.65,451,825,27,27,1.68,0.41,0,0,3000,2498,623,0,3217,2160
53ba5a31-2d6bda0a-abb7ad77-065a0f20-b4fa6b44,38.663,38.775,511,830,27,27,1.68,0.41,0,0,3000,2498,623,0,3217,2160
53ba5a31-2d6bda0a-abb7ad77-065a0f20-b4fa6b44,38.816,39.094,1171,953,27,27,1.68,0.41,0,0,3000,2498,623,0,3217,2160
53ba5a31-2d6bda0a-abb7ad77-065a0f20-b4fa6b44,39.275,39.442,2392,822,27,27,1.68,0.41,0,0,3000,2498,623,0,3217,2160
53ba5a31-2d6bda0a-abb7ad77-065a0f20-b4fa6b44,39.469,39.608,2336,813,27,27,1.68,0.41,0,0,3000,2498,623,0,3217,2160
53ba5a31-2d6bda0a-abb7ad77-065a0f20-b4fa6b44,39.622,39.885,2446,809,27,27,1.68,0.41,0,0,3000,2498,623,0,3217,2160
53ba5a31-2d6bda0a-abb7ad77-065a0f20-b4fa6b44,39.899,40.052,2484,794,27,27,1.68,0.41,0,0,3000,2498,623,0,3217,2160
53ba5a31-2d6bda0a-abb7ad77-065a0f20-b4fa6b44,40.149,40.385,2212,945,27,27,1.68,0.41,0,0,3000,2498,623,0,3217,2160
53ba5a31-2d6bda0a-abb7ad77-065a0f20-b4fa6b44,40.76,40.871,727,912,27,27,1.68,0.41,0,0,3000,2498,623,0,3217,2160
53ba5a31-2d6bda0a-abb7ad77-065a0f20-b4fa6b44,40.913,41.024,530,944,27,27,1.68,0.41,0,0,3000,2498,623,0,3217,2160
53ba5a31-2d6bda0a-abb7ad77-065a0f20-b4fa6b44,41.163,41.441,1070,960,27,27,1.68,0.41,0,0,3000,2498,623,0,3217,2160
53ba5a31-2d6bda0a-abb7ad77-065a0f20-b4fa6b44,41.482,41.649,649,972,27,27,1.68,0.41,0,0,3000,2498,623,0,3217,2160
53ba5a31-2d6bda0a-abb7ad77-065a0f20-b4fa6b44,41.788,42.052,1092,973,27,27,1.68,0.41,0,0,3000,2498,623,0,3217,2160
53ba5a31-2d6bda0a-abb7ad77-065a0f20-b4fa6b44,42.065,42.315,1174,992,27,27,1.68,0.41,0,0,3000,2498,623,0,3217,2160
53ba5a31-2d6bda0a-abb7ad77-065a0f20-b4fa6b44,42.426,42.593,2298,868,27,27,1.68,0.41,0,0,3000,2498,623,0,3217,2160
53ba5a31-2d6bda0a-abb7ad77-065a0f20-b4fa6b44,42.649,42.801,2180,900,27,27,1.68,0.41,0,0,3000,2498,623,0,3217,2160
53ba5a31-2d6bda0a-abb7ad77-065a0f20-b4fa6b44,42.829,42.941,2408,856,27,27,1.68,0.41,0,0,3000,2498,623,0,3217,2160
53ba5a31-2d6bda0a-abb7ad77-065a0f20-b4fa6b44,42.954,43.191,2451,869,27,27,1.68,0.41,0,0,3000,2498,623,0,3217,2160
53ba5a31-2d6bda0a-abb7ad77-065a0f20-b4fa6b44,43.204,43.398,2382,967,27,27,1.68,0.41,0,0,3000,2498,623,0,3217,2160
53ba5a31-2d6bda0a-abb7ad77-065a0f20-b4fa6b44,43.593,43.968,2525,778,27,27,1.68,0.41,0,0,3000,2498,623,0,3217,2160
53ba5a31-2d6bda0a-abb7ad77-065a0f20-b4fa6b44,43.982,44.148,2493,746,27,27,1.68,0.41,0,0,3000,2498,623,0,3217,2160
53ba5a31-2d6bda0a-abb7ad77-065a0f20-b4fa6b44,44.218,44.37,2218,762,27,27,1.68,0.41,0,0,3000,2498,623,0,3217,2160
53ba5a31-2d6bda0a-abb7ad77-065a0f20-b4fa6b44,44.495,44.662,2445,778,27,27,1.68,0.41,0,0,3000,2498,623,0,3217,2160
53ba5a31-2d6bda0a-abb7ad77-065a0f20-b4fa6b44,44.676,44.843,2455,780,27,27,1.68,0.41,0,0,3000,2498,623,0,3217,2160
53ba5a31-2d6bda0a-abb7ad77-065a0f20-b4fa6b44,44.995,45.106,2193,1209,27,27,1.68,0.41,0,0,3000,2498,623,0,3217,2160
53ba5a31-2d6bda0a-abb7ad77-065a0f20-b4fa6b44,45.384,45.578,1863,1303,27,27,1.68,0.41,0,0,3000,2498,623,0,3217,2160
53ba5a31-2d6bda0a-abb7ad77-065a0f20-b4fa6b44,45.634,45.814,2197,1235,27,27,1.68,0.41,0,0,3000,2498,623,0,3217,2160
53ba5a31-2d6bda0a-abb7ad77-065a0f20-b4fa6b44,45.856,46.134,2077,1436,27,27,1.68,0.41,0,0,3000,2498,623,0,3217,2160
53ba5a31-2d6bda0a-abb7ad77-065a0f20-b4fa6b44,46.162,46.44,1873,1437,27,27,1.68,0.41,0,0,3000,2498,623,0,3217,2160
53ba5a31-2d6bda0a-abb7ad77-065a0f20-b4fa6b44,46.467,46.62,2082,1361,27,27,1.68,0.41,0,0,3000,2498,623,0,3217,2160
53ba5a31-2d6bda0a-abb7ad77-065a0f20-b4fa6b44,46.69,46.815,1625,1488,27,27,1.68,0.41,0,0,3000,2498,623,0,3217,2160
53ba5a31-2d6bda0a-abb7ad77-065a0f20-b4fa6b44,46.954,47.217,1410,1264,27,27,1.68,0.41,0,0,3000,2498,623,0,3217,2160
53ba5a31-2d6bda0a-abb7ad77-065a0f20-b4fa6b44,47.356,47.606,1333,1131,27,27,1.68,0.41,0,0,3000,2498,623,0,3217,2160
53ba5a31-2d6bda0a-abb7ad77-065a0f20-b4fa6b44,47.621,47.731,1169,1159,27,27,1.68,0.41,0,0,3000,2498,623,0,3217,2160
53ba5a31-2d6bda0a-abb7ad77-065a0f20-b4fa6b44,47.8,47.926,2177,1004,27,27,1.68,0.41,0,0,3000,2498,623,0,3217,2160
53ba5a31-2d6bda0a-abb7ad77-065a0f20-b4fa6b44,47.94,48.078,2212,986,27,27,1.68,0.41,0,0,3000,2498,623,0,3217,2160
53ba5a31-2d6bda0a-abb7ad77-065a0f20-b4fa6b44,48.301,48.439,1755,1313,27,27,1.68,0.41,0,0,3000,2498,623,0,3217,2160
53ba5a31-2d6bda0a-abb7ad77-065a0f20-b4fa6b44,48.536,48.648,1673,1778,27,27,1.68,0.41,0,0,3000,2498,623,0,3217,2160
53ba5a31-2d6bda0a-abb7ad77-065a0f20-b4fa6b44,48.662,48.773,1698,1787,27,27,1.68,0.41,0,0,3000,2498,623,0,3217,2160
53ba5a31-2d6bda0a-abb7ad77-065a0f20-b4fa6b44,48.8,48.981,1600,1955,27,27,1.68,0.41,0,0,3000,2498,623,0,3217,2160
53ba5a31-2d6bda0a-abb7ad77-065a0f20-b4fa6b44,49.092,49.3,1727,1610,27,27,1.68,0.41,0,0,3000,2498,623,0,3217,2160
53ba5a31-2d6bda0a-abb7ad77-065a0f20-b4fa6b44,49.342,49.467,1516,1362,27,27,1.68,0.41,0,0,3000,2498,623,0,3217,2160
53ba5a31-2d6bda0a-abb7ad77-065a0f20-b4fa6b44,49.481,49.648,1544,1396,27,27,1.68,0.41,0,0,3000,2498,623,0,3217,2160
53ba5a31-2d6bda0a-abb7ad77-065a0f20-b4fa6b44,49.662,49.786,1792,1336,27,27,1.68,0.41,0,0,3000,2498,623,0,3217,2160
53ba5a31-2d6bda0a-abb7ad77-065a0f20-b4fa6b44,49.884,50.023,1878,1414,27,27,1.68,0.41,0,0,3000,2498,623,0,3217,2160
53ba5a31-2d6bda0a-abb7ad77-065a0f20-b4fa6b44,50.036,50.19,1868,1348,27,27,1.68,0.41,0,0,3000,2498,623,0,3217,2160
53ba5a31-2d6bda0a-abb7ad77-065a0f20-b4fa6b44,50.231,50.467,1651,1404,27,27,1.68,0.41,0,0,3000,2498,623,0,3217,2160
53ba5a31-2d6bda0a-abb7ad77-065a0f20-b4fa6b44,50.495,50.731,1874,1351,27,27,1.68,0.41,0,0,3000,2498,623,0,3217,2160
53ba5a31-2d6bda0a-abb7ad77-065a0f20-b4fa6b44,50.787,51.009,1664,1385,27,27,1.68,0.41,0,0,3000,2498,623,0,3217,2160
53ba5a31-2d6bda0a-abb7ad77-065a0f20-b4fa6b44,51.105,51.217,1857,1350,27,27,1.68,0.41,0,0,3000,2498,623,0,3217,2160
53ba5a31-2d6bda0a-abb7ad77-065a0f20-b4fa6b44,51.231,51.355,1886,1307,27,27,1.68,0.41,0,0,3000,2498,623,0,3217,2160
53ba5a31-2d6bda0a-abb7ad77-065a0f20-b4fa6b44,51.702,51.814,1685,1298,27,27,1.68,0.41,0,0,3000,2498,623,0,3217,2160
53ba5a31-2d6bda0a-abb7ad77-065a0f20-b4fa6b44,51.856,52.092,1819,1518,27,27,1.68,0.41,0,0,3000,2498,623,0,3217,2160
53ba5a31-2d6bda0a-abb7ad77-065a0f20-b4fa6b44,52.12,52.342,1583,1620,27,27,1.68,0.41,0,0,3000,2498,623,0,3217,2160
53ba5a31-2d6bda0a-abb7ad77-065a0f20-b4fa6b44,52.369,52.647,1832,1432,27,27,1.68,0.41,0,0,3000,2498,623,0,3217,2160
53ba5a31-2d6bda0a-abb7ad77-065a0f20-b4fa6b44,52.73,53.05,1813,1413,27,27,1.68,0.41,0,0,3000,2498,623,0,3217,2160
53ba5a31-2d6bda0a-abb7ad77-065a0f20-b4fa6b44,53.106,53.23,2167,1323,27,27,1.68,0.41,0,0,3000,2498,623,0,3217,2160
53ba5a31-2d6bda0a-abb7ad77-065a0f20-b4fa6b44,53.258,53.369,2224,1299,27,27,1.68,0.41,0,0,3000,2498,623,0,3217,2160
53ba5a31-2d6bda0a-abb7ad77-065a0f20-b4fa6b44,53.466,53.661,1796,1314,27,27,1.68,0.41,0,0,3000,2498,623,0,3217,2160
53ba5a31-2d6bda0a-abb7ad77-065a0f20-b4fa6b44,53.717,53.883,2088,864,27,27,1.68,0.41,0,0,3000,2498,623,0,3217,2160
53ba5a31-2d6bda0a-abb7ad77-065a0f20-b4fa6b44,53.994,54.202,1968,747,27,27,1.68,0.41,0,0,3000,2498,623,0,3217,2160
53ba5a31-2d6bda0a-abb7ad77-065a0f20-b4fa6b44,54.23,54.439,1983,948,27,27,1.68,0.41,0,0,3000,2498,623,0,3217,2160
53ba5a31-2d6bda0a-abb7ad77-065a0f20-b4fa6b44,54.466,54.606,1938,1491,27,27,1.68,0.41,0,0,3000,2498,623,0,3217,2160
53ba5a31-2d6bda0a-abb7ad77-065a0f20-b4fa6b44,54.619,54.869,1937,1492,27,27,1.68,0.41,0,0,3000,2498,623,0,3217,2160
53ba5a31-2d6bda0a-abb7ad77-065a0f20-b4fa6b44,54.939,55.133,2095,640,27,27,1.68,0.41,0,0,3000,2498,623,0,3217,2160
53ba5a31-2d6bda0a-abb7ad77-065a0f20-b4fa6b44,55.147,55.258,2076,660,27,27,1.68,0.41,0,0,3000,2498,623,0,3217,2160
53ba5a31-2d6bda0a-abb7ad77-065a0f20-b4fa6b44,55.314,55.508,2045,1561,27,27,1.68,0.41,0,0,3000,2498,623,0,3217,2160
53ba5a31-2d6bda0a-abb7ad77-065a0f20-b4fa6b44,55.55,55.939,1845,1776,27,27,1.68,0.41,0,0,3000,2498,623,0,3217,2160
53ba5a31-2d6bda0a-abb7ad77-065a0f20-b4fa6b44,55.966,56.105,1416,1626,27,27,1.68,0.41,0,0,3000,2498,623,0,3217,2160
53ba5a31-2d6bda0a-abb7ad77-065a0f20-b4fa6b44,56.466,56.786,2122,1388,27,27,1.68,0.41,0,0,3000,2498,623,0,3217,2160
53ba5a31-2d6bda0a-abb7ad77-065a0f20-b4fa6b44,56.813,57.021,2077,1516,27,27,1.68,0.41,0,0,3000,2498,623,0,3217,2160
53ba5a31-2d6bda0a-abb7ad77-065a0f20-b4fa6b44,57.063,57.299,1900,1723,27,27,1.68,0.41,0,0,3000,2498,623,0,3217,2160
53ba5a31-2d6bda0a-abb7ad77-065a0f20-b4fa6b44,57.368,57.521,2084,1599,27,27,1.68,0.41,0,0,3000,2498,623,0,3217,2160
53ba5a31-2d6bda0a-abb7ad77-065a0f20-b4fa6b44,57.549,57.785,2009,1794,27,27,1.68,0.41,0,0,3000,2498,623,0,3217,2160
53ba5a31-2d6bda0a-abb7ad77-065a0f20-b4fa6b44,57.869,58.132,1009,1640,27,27,1.68,0.41,0,0,3000,2498,623,0,3217,2160
53ba5a31-2d6bda0a-abb7ad77-065a0f20-b4fa6b44,58.146,58.315,946,1391,27,27,1.68,0.41,0,0,3000,2498,623,0,3217,2160
53ba5a31-2d6bda0a-abb7ad77-065a0f20-b4fa6b44,58.33,58.465,1015,1396,27,27,1.68,0.41,0,0,3000,2498,623,0,3217,2160
53ba5a31-2d6bda0a-abb7ad77-065a0f20-b4fa6b44,58.632,58.868,1990,1492,27,27,1.68,0.41,0,0,3000,2498,623,0,3217,2160
53ba5a31-2d6bda0a-abb7ad77-065a0f20-b4fa6b44,58.895,59.118,2125,1634,27,27,1.68,0.41,0,0,3000,2498,623,0,3217,2160
53ba5a31-2d6bda0a-abb7ad77-065a0f20-b4fa6b44,59.145,59.424,2163,1727,27,27,1.68,0.41,0,0,3000,2498,623,0,3217,2160
53ba5a31-2d6bda0a-abb7ad77-065a0f20-b4fa6b44,59.437,59.715,2007,1748,27,27,1.68,0.41,0,0,3000,2498,623,0,3217,2160
53ba5a31-2d6bda0a-abb7ad77-065a0f20-b4fa6b44,59.729,60.062,1942,1697,27,27,1.68,0.41,0,0,3000,2498,623,0,3217,2160
53ba5a31-2d6bda0a-abb7ad77-065a0f20-b4fa6b44,60.076,60.353,2083,1592,27,27,1.68,0.41,0,0,3000,2498,623,0,3217,2160
53ba5a31-2d6bda0a-abb7ad77-065a0f20-b4fa6b44,60.395,60.548,2167,1784,27,27,1.68,0.41,0,0,3000,2498,623,0,3217,2160
53ba5a31-2d6bda0a-abb7ad77-065a0f20-b4fa6b44,60.59,60.798,1896,1907,27,27,1.68,0.41,0,0,3000,2498,623,0,3217,2160
53ba5a31-2d6bda0a-abb7ad77-065a0f20-b4fa6b44,60.826,61.103,1647,1979,27,27,1.68,0.41,0,0,3000,2498,623,0,3217,2160
53ba5a31-2d6bda0a-abb7ad77-065a0f20-b4fa6b44,61.145,61.27,1203,1874,27,27,1.68,0.41,0,0,3000,2498,623,0,3217,2160
53ba5a31-2d6bda0a-abb7ad77-065a0f20-b4fa6b44,61.395,61.686,2044,1696,27,27,1.68,0.41,0,0,3000,2498,623,0,3217,2160
53ba5a31-2d6bda0a-abb7ad77-065a0f20-b4fa6b44,61.714,61.895,2249,1692,27,27,1.68,0.41,0,0,3000,2498,623,0,3217,2160
53ba5a31-2d6bda0a-abb7ad77-065a0f20-b4fa6b44,61.909,62.3,2264,1705,27,27,1.68,0.41,0,0,3000,2498,623,0,3217,2160
53ba5a31-2d6bda0a-abb7ad77-065a0f20-b4fa6b44,62.325,62.533,1989,1672,27,27,1.68,0.41,0,0,3000,2498,623,0,3217,2160
53ba5a31-2d6bda0a-abb7ad77-065a0f20-b4fa6b44,62.645,62.909,2191,1662,27,27,1.68,0.41,0,0,3000,2498,623,0,3217,2160
53ba5a31-2d6bda0a-abb7ad77-065a0f20-b4fa6b44,62.95,63.229,2100,1823,27,27,1.68,0.41,0,0,3000,2498,623,0,3217,2160
53ba5a31-2d6bda0a-abb7ad77-065a0f20-b4fa6b44,63.256,63.52,1991,1915,27,27,1.68,0.41,0,0,3000,2498,623,0,3217,2160
53ba5a31-2d6bda0a-abb7ad77-065a0f20-b4fa6b44,63.548,63.77,2116,1665,27,27,1.68,0.41,0,0,3000,2498,623,0,3217,2160
53ba5a31-2d6bda0a-abb7ad77-065a0f20-b4fa6b44,63.993,64.186,977,1461,27,27,1.68,0.41,0,0,3000,2498,623,0,3217,2160
53ba5a31-2d6bda0a-abb7ad77-065a0f20-b4fa6b44,64.201,64.339,1093,1530,27,27,1.68,0.41,0,0,3000,2498,623,0,3217,2160
53ba5a31-2d6bda0a-abb7ad77-065a0f20-b4fa6b44,64.423,64.645,1074,1650,27,27,1.68,0.41,0,0,3000,2498,623,0,3217,2160
53ba5a31-2d6bda0a-abb7ad77-065a0f20-b4fa6b44,64.714,65.048,2027,1523,27,27,1.68,0.41,0,0,3000,2498,623,0,3217,2160
53ba5a31-2d6bda0a-abb7ad77-065a0f20-b4fa6b44,65.089,65.284,2185,1521,27,27,1.68,0.41,0,0,3000,2498,623,0,3217,2160
53ba5a31-2d6bda0a-abb7ad77-065a0f20-b4fa6b44,65.381,65.548,2145,1798,27,27,1.68,0.41,0,0,3000,2498,623,0,3217,2160
53ba5a31-2d6bda0a-abb7ad77-065a0f20-b4fa6b44,65.645,65.895,1990,1930,27,27,1.68,0.41,0,0,3000,2498,623,0,3217,2160
53ba5a31-2d6bda0a-abb7ad77-065a0f20-b4fa6b44,65.923,66.145,2181,1735,27,27,1.68,0.41,0,0,3000,2498,623,0,3217,2160
53ba5a31-2d6bda0a-abb7ad77-065a0f20-b4fa6b44,66.173,66.423,2004,1611,27,27,1.68,0.41,0,0,3000,2498,623,0,3217,2160
53ba5a31-2d6bda0a-abb7ad77-065a0f20-b4fa6b44,66.464,66.686,2128,1520,27,27,1.68,0.41,0,0,3000,2498,623,0,3217,2160
53ba5a31-2d6bda0a-abb7ad77-065a0f20-b4fa6b44,66.714,66.95,1976,1654,27,27,1.68,0.41,0,0,3000,2498,623,0,3217,2160
53ba5a31-2d6bda0a-abb7ad77-065a0f20-b4fa6b44,66.978,67.27,2113,1748,27,27,1.68,0.41,0,0,3000,2498,623,0,3217,2160
53ba5a31-2d6bda0a-abb7ad77-065a0f20-b4fa6b44,67.284,67.52,1980,1768,27,27,1.68,0.41,0,0,3000,2498,623,0,3217,2160
53ba5a31-2d6bda0a-abb7ad77-065a0f20-b4fa6b44,67.826,67.95,1033,1538,27,27,1.68,0.41,0,0,3000,2498,623,0,3217,2160
53ba5a31-2d6bda0a-abb7ad77-065a0f20-b4fa6b44,67.964,68.13,1074,1540,27,27,1.68,0.41,0,0,3000,2498,623,0,3217,2160
53ba5a31-2d6bda0a-abb7ad77-065a0f20-b4fa6b44,68.186,68.311,2005,1504,27,27,1.68,0.41,0,0,3000,2498,623,0,3217,2160
53ba5a31-2d6bda0a-abb7ad77-065a0f20-b4fa6b44,68.464,68.686,2072,1569,27,27,1.68,0.41,0,0,3000,2498,623,0,3217,2160
53ba5a31-2d6bda0a-abb7ad77-065a0f20-b4fa6b44,68.7,68.991,1902,1734,27,27,1.68,0.41,0,0,3000,2498,623,0,3217,2160
53ba5a31-2d6bda0a-abb7ad77-065a0f20-b4fa6b44,69.103,69.352,2176,1677,27,27,1.68,0.41,0,0,3000,2498,623,0,3217,2160
53ba5a31-2d6bda0a-abb7ad77-065a0f20-b4fa6b44,69.38,69.588,1996,1763,27,27,1.68,0.41,0,0,3000,2498,623,0,3217,2160
53ba5a31-2d6bda0a-abb7ad77-065a0f20-b4fa6b44,69.602,69.727,2145,1831,27,27,1.68,0.41,0,0,3000,2498,623,0,3217,2160
53ba5a31-2d6bda0a-abb7ad77-065a0f20-b4fa6b44,69.769,70.116,1915,2012,27,27,1.68,0.41,0,0,3000,2498,623,0,3217,2160
53ba5a31-2d6bda0a-abb7ad77-065a0f20-b4fa6b44,70.172,70.366,2177,1855,27,27,1.68,0.41,0,0,3000,2498,623,0,3217,2160
53ba5a31-2d6bda0a-abb7ad77-065a0f20-b4fa6b44,70.394,70.685,2235,1721,27,27,1.68,0.41,0,0,3000,2498,623,0,3217,2160
53ba5a31-2d6bda0a-abb7ad77-065a0f20-b4fa6b44,70.7,70.839,2256,1714,27,27,1.68,0.41,0,0,3000,2498,623,0,3217,2160
53ba5a31-2d6bda0a-abb7ad77-065a0f20-b4fa6b44,70.866,71.102,2288,1613,27,27,1.68,0.41,0,0,3000,2498,623,0,3217,2160
53ba5a31-2d6bda0a-abb7ad77-065a0f20-b4fa6b44,71.13,71.282,2092,1553,27,27,1.68,0.41,0,0,3000,2498,623,0,3217,2160
53ba5a31-2d6bda0a-abb7ad77-065a0f20-b4fa6b44,71.31,71.421,2296,1708,27,27,1.68,0.41,0,0,3000,2498,623,0,3217,2160
53ba5a31-2d6bda0a-abb7ad77-065a0f20-b4fa6b44,71.463,71.727,2367,1906,27,27,1.68,0.41,0,0,3000,2498,623,0,3217,2160
53ba5a31-2d6bda0a-abb7ad77-065a0f20-b4fa6b44,71.852,72.116,1967,1840,27,27,1.68,0.41,0,0,3000,2498,623,0,3217,2160
53ba5a31-2d6bda0a-abb7ad77-065a0f20-b4fa6b44,72.143,72.296,1845,1947,27,27,1.68,0.41,0,0,3000,2498,623,0,3217,2160
53ba5a31-2d6bda0a-abb7ad77-065a0f20-b4fa6b44,72.324,72.546,2183,1687,27,27,1.68,0.41,0,0,3000,2498,623,0,3217,2160
53ba5a31-2d6bda0a-abb7ad77-065a0f20-b4fa6b44,72.56,72.837,2200,1673,27,27,1.68,0.41,0,0,3000,2498,623,0,3217,2160
53ba5a31-2d6bda0a-abb7ad77-065a0f20-b4fa6b44,72.962,73.074,965,1653,27,27,1.68,0.41,0,0,3000,2498,623,0,3217,2160
53ba5a31-2d6bda0a-abb7ad77-065a0f20-b4fa6b44,73.087,73.31,1031,1642,27,27,1.68,0.41,0,0,3000,2498,623,0,3217,2160
53ba5a31-2d6bda0a-abb7ad77-065a0f20-b4fa6b44,73.337,73.532,928,1686,27,27,1.68,0.41,0,0,3000,2498,623,0,3217,2160
53ba5a31-2d6bda0a-abb7ad77-065a0f20-b4fa6b44,73.559,73.67,1660,1761,27,27,1.68,0.41,0,0,3000,2498,623,0,3217,2160
53ba5a31-2d6bda0a-abb7ad77-065a0f20-b4fa6b44,73.795,73.99,1588,2051,27,27,1.68,0.41,0,0,3000,2498,623,0,3217,2160
53ba5a31-2d6bda0a-abb7ad77-065a0f20-b4fa6b44,74.143,74.309,1242,2059,27,27,1.68,0.41,0,0,3000,2498,623,0,3217,2160
53ba5a31-2d6bda0a-abb7ad77-065a0f20-b4fa6b44,74.393,74.698,1484,2077,27,27,1.68,0.41,0,0,3000,2498,623,0,3217,2160
53ba5a31-2d6bda0a-abb7ad77-065a0f20-b4fa6b44,74.727,74.948,1489,1923,27,27,1.68,0.41,0,0,3000,2498,623,0,3217,2160
53ba5a31-2d6bda0a-abb7ad77-065a0f20-b4fa6b44,75.032,75.297,302,1830,27,27,1.68,0.41,0,0,3000,2498,623,0,3217,2160
53ba5a31-2d6bda0a-abb7ad77-065a0f20-b4fa6b44,75.313,75.421,364,1852,27,27,1.68,0.41,0,0,3000,2498,623,0,3217,2160
53ba5a31-2d6bda0a-abb7ad77-065a0f20-b4fa6b44,75.463,75.601,553,1758,27,27,1.68,0.41,0,0,3000,2498,623,0,3217,2160
53ba5a31-2d6bda0a-abb7ad77-065a0f20-b4fa6b44,75.629,75.865,492,2032,27,27,1.68,0.41,0,0,3000,2498,623,0,3217,2160
53ba5a31-2d6bda0a-abb7ad77-065a0f20-b4fa6b44,75.879,76.129,738,2154,27,27,1.68,0.41,0,0,3000,2498,623,0,3217,2160
53ba5a31-2d6bda0a-abb7ad77-065a0f20-b4fa6b44,76.379,76.629,2252,1457,27,27,1.68,0.41,0,0,3000,2498,623,0,3217,2160
53ba5a31-2d6bda0a-abb7ad77-065a0f20-b4fa6b44,76.657,76.92,1757,1396,27,27,1.68,0.41,0,0,3000,2498,623,0,3217,2160
53ba5a31-2d6bda0a-abb7ad77-065a0f20-b4fa6b44,77.129,77.337,1758,1408,27,27,1.68,0.41,0,0,3000,2498,623,0,3217,2160
53ba5a31-2d6bda0a-abb7ad77-065a0f20-b4fa6b44,77.365,77.559,1618,1654,27,27,1.68,0.41,0,0,3000,2498,623,0,3217,2160
53ba5a31-2d6bda0a-abb7ad77-065a0f20-b4fa6b44,77.573,77.767,1640,1797,27,27,1.68,0.41,0,0,3000,2498,623,0,3217,2160
53ba5a31-2d6bda0a-abb7ad77-065a0f20-b4fa6b44,77.781,78.031,1585,2002,27,27,1.68,0.41,0,0,3000,2498,623,0,3217,2160
53ba5a31-2d6bda0a-abb7ad77-065a0f20-b4fa6b44,78.059,78.309,1491,2117,27,27,1.68,0.41,0,0,3000,2498,623,0,3217,2160
53ba5a31-2d6bda0a-abb7ad77-065a0f20-b4fa6b44,78.406,78.809,1565,1770,27,27,1.68,0.41,0,0,3000,2498,623,0,3217,2160
53ba5a31-2d6bda0a-abb7ad77-065a0f20-b4fa6b44,78.85,79.142,1788,1387,27,27,1.68,0.41,0,0,3000,2498,623,0,3217,2160
53ba5a31-2d6bda0a-abb7ad77-065a0f20-b4fa6b44,79.42,79.614,1121,1029,27,27,1.68,0.41,0,0,3000,2498,623,0,3217,2160
53ba5a31-2d6bda0a-abb7ad77-065a0f20-b4fa6b44,79.726,79.836,1916,732,27,27,1.68,0.41,0,0,3000,2498,623,0,3217,2160
53ba5a31-2d6bda0a-abb7ad77-065a0f20-b4fa6b44,80.183,80.35,1461,1598,27,27,1.68,0.41,0,0,3000,2498,623,0,3217,2160
53ba5a31-2d6bda0a-abb7ad77-065a0f20-b4fa6b44,80.394,80.864,1337,1693,27,27,1.68,0.41,0,0,3000,2498,623,0,3217,2160
53ba5a31-2d6bda0a-abb7ad77-065a0f20-b4fa6b44,80.906,81.394,1641,1610,27,27,1.08,0.02,0,0,3000,2498,623,0,3217,2160
53ba5a31-2d6bda0a-abb7ad77-065a0f20-b4fa6b44,81.45,81.683,1072,1596,27,27,1.11,0.53,0,0,3000,2498,623,0,3217,2160
53ba5a31-2d6bda0a-abb7ad77-065a0f20-b4fa6b44,81.726,81.933,1020,1257,27,27,1.13,0.63,0,0,3000,2498,623,0,3217,2160
53ba5a31-2d6bda0a-abb7ad77-065a0f20-b4fa6b44,82.09,82.226,1405,2008,27,27,1.17,0.53,0,0,3000,2498,623,0,3217,2160
53ba5a31-2d6bda0a-abb7ad77-065a0f20-b4fa6b44,82.253,82.392,1785,2122,27,27,1.17,0.47,0,0,3000,2498,623,0,3217,2160
53ba5a31-2d6bda0a-abb7ad77-065a0f20-b4fa6b44,82.49,82.795,1729,2252,27,27,1.17,0.47,0,0,3000,2498,623,0,3217,2160
53ba5a31-2d6bda0a-abb7ad77-065a0f20-b4fa6b44,82.864,83.017,1921,2235,27,27,1.17,0.47,0,0,3000,2498,623,0,3217,2160
53ba5a31-2d6bda0a-abb7ad77-065a0f20-b4fa6b44,83.158,83.282,2511,2109,27,27,1.17,0.47,0,0,3000,2498,623,0,3217,2160
53ba5a31-2d6bda0a-abb7ad77-065a0f20-b4fa6b44,83.296,83.406,2487,2060,27,27,1.17,0.47,0,0,3000,2498,623,0,3217,2160
53ba5a31-2d6bda0a-abb7ad77-065a0f20-b4fa6b44,83.42,83.559,2628,1924,27,27,1.17,0.47,0,0,3000,2498,623,0,3217,2160
53ba5a31-2d6bda0a-abb7ad77-065a0f20-b4fa6b44,83.6,83.712,2624,1934,27,27,1.17,0.47,0,0,3000,2498,623,0,3217,2160
53ba5a31-2d6bda0a-abb7ad77-065a0f20-b4fa6b44,83.781,84.059,1954,1783,27,27,1.17,0.47,0,0,3000,2498,623,0,3217,2160
53ba5a31-2d6bda0a-abb7ad77-065a0f20-b4fa6b44,84.086,84.198,1786,1636,27,27,1.17,0.47,0,0,3000,2498,623,0,3217,2160
53ba5a31-2d6bda0a-abb7ad77-065a0f20-b4fa6b44,84.212,84.503,1773,1617,27,27,1.17,0.47,0,0,3000,2498,623,0,3217,2160
cb1f25ef-87f09c2a-0f656ffe-f63022ab-8b305520,0.0,0.181,1517,1843,23,23,1.17,0.47,0,0,2498,3000,1021,0,2819,2160
cb1f25ef-87f09c2a-0f656ffe-f63022ab-8b305520,0.208,0.347,1330,1817,23,23,1.17,0.47,0,0,2498,3000,1021,0,2819,2160
cb1f25ef-87f09c2a-0f656ffe-f63022ab-8b305520,0.568,0.679,777,1461,23,23,1.17,0.47,0,0,2498,3000,1021,0,2819,2160
cb1f25ef-87f09c2a-0f656ffe-f63022ab-8b305520,0.748,0.886,899,1383,23,23,1.17,0.47,0,0,2498,3000,1021,0,2819,2160
cb1f25ef-87f09c2a-0f656ffe-f63022ab-8b305520,1.011,1.122,923,1182,23,23,1.17,0.47,0,0,2498,3000,1021,0,2819,2160
cb1f25ef-87f09c2a-0f656ffe-f63022ab-8b305520,1.665,1.775,1238,2192,23,23,1.17,0.47,0,0,2498,3000,1021,0,2819,2160
cb1f25ef-87f09c2a-0f656ffe-f63022ab-8b305520,2.108,2.22,1238,1272,23,23,1.17,0.47,0,0,2498,3000,1021,0,2819,2160
cb1f25ef-87f09c2a-0f656ffe-f63022ab-8b305520,2.234,2.344,994,1324,23,23,1.17,0.47,0,0,2498,3000,1021,0,2819,2160
cb1f25ef-87f09c2a-0f656ffe-f63022ab-8b305520,2.358,2.553,975,1385,23,23,1.17,0.47,0,0,2498,3000,1021,0,2819,2160
cb1f25ef-87f09c2a-0f656ffe-f63022ab-8b305520,2.567,2.678,972,1341,23,23,1.17,0.47,0,0,2498,3000,1021,0,2819,2160
cb1f25ef-87f09c2a-0f656ffe-f63022ab-8b305520,2.775,2.9,1236,1420,23,23,1.17,0.47,0,0,2498,3000,1021,0,2819,2160
cb1f25ef-87f09c2a-0f656ffe-f63022ab-8b305520,2.998,3.248,1214,1495,23,23,1.17,0.47,0,0,2498,3000,1021,0,2819,2160
cb1f25ef-87f09c2a-0f656ffe-f63022ab-8b305520,3.331,3.581,1038,1471,23,23,1.17,0.47,0,0,2498,3000,1021,0,2819,2160
cb1f25ef-87f09c2a-0f656ffe-f63022ab-8b305520,3.803,3.928,1011,1858,23,23,1.17,0.47,0,0,2498,3000,1021,0,2819,2160
cb1f25ef-87f09c2a-0f656ffe-f63022ab-8b305520,4.011,4.122,1244,1973,23,23,1.17,0.47,0,0,2498,3000,1021,0,2819,2160
cb1f25ef-87f09c2a-0f656ffe-f63022ab-8b305520,4.136,4.248,1282,2003,23,23,1.17,0.47,0,0,2498,3000,1021,0,2819,2160
cb1f25ef-87f09c2a-0f656ffe-f63022ab-8b305520,4.665,4.775,1261,2447,23,23,1.17,0.47,0,0,2498,3000,1021,0,2819,2160
cb1f25ef-87f09c2a-0f656ffe-f63022ab-8b305520,4.803,4.984,1259,2227,23,23,1.17,0.47,0,0,2498,3000,1021,0,2819,2160
cb1f25ef-87f09c2a-0f656ffe-f63022ab-8b305520,5.053,5.22,1206,2538,23,23,1.17,0.47,0,0,2498,3000,1021,0,2819,2160
cb1f25ef-87f09c2a-0f656ffe-f63022ab-8b305520,5.233,5.553,1186,2606,23,23,1.17,0.47,0,0,2498,3000,1021,0,2819,2160
cb1f25ef-87f09c2a-0f656ffe-f63022ab-8b305520,5.636,5.873,1189,2606,23,23,1.17,0.47,0,0,2498,3000,1021,0,2819,2160
cb1f25ef-87f09c2a-0f656ffe-f63022ab-8b305520,5.929,6.262,1354,1818,23,23,1.17,0.47,0,0,2498,3000,1021,0,2819,2160
cb1f25ef-87f09c2a-0f656ffe-f63022ab-8b305520,6.276,6.582,1308,2063,23,23,1.17,0.47,0,0,2498,3000,1021,0,2819,2160
cb1f25ef-87f09c2a-0f656ffe-f63022ab-8b305520,6.596,6.79,1360,2160,23,23,1.17,0.47,0,0,2498,3000,1021,0,2819,2160
cb1f25ef-87f09c2a-0f656ffe-f63022ab-8b305520,6.818,6.929,1461,1866,23,23,1.17,0.47,0,0,2498,3000,1021,0,2819,2160
cb1f25ef-87f09c2a-0f656ffe-f63022ab-8b305520,6.942,7.22,1420,1873,23,23,1.17,0.47,0,0,2498,3000,1021,0,2819,2160
cb1f25ef-87f09c2a-0f656ffe-f63022ab-8b305520,7.263,7.401,1289,1977,23,23,1.17,0.47,0,0,2498,3000,1021,0,2819,2160
cb1f25ef-87f09c2a-0f656ffe-f63022ab-8b305520,7.429,7.679,1331,2213,23,23,1.17,0.47,0,0,2498,3000,1021,0,2819,2160
cb1f25ef-87f09c2a-0f656ffe-f63022ab-8b305520,7.693,7.817,1360,2280,23,23,1.17,0.47,0,0,2498,3000,1021,0,2819,2160
cb1f25ef-87f09c2a-0f656ffe-f63022ab-8b305520,7.873,8.096,1629,2099,23,23,1.17,0.47,0,0,2498,3000,1021,0,2819,2160
cb1f25ef-87f09c2a-0f656ffe-f63022ab-8b305520,8.249,8.47,1157,1991,23,23,1.17,0.47,0,0,2498,3000,1021,0,2819,2160
cb1f25ef-87f09c2a-0f656ffe-f63022ab-8b305520,8.512,8.789,1434,1994,23,23,1.17,0.47,0,0,2498,3000,1021,0,2819,2160
cb1f25ef-87f09c2a-0f656ffe-f63022ab-8b305520,8.858,9.22,1323,1991,23,23,1.17,0.47,0,0,2498,3000,1021,0,2819,2160
cb1f25ef-87f09c2a-0f656ffe-f63022ab-8b305520,9.275,9.4,1759,1321,23,23,1.17,0.47,0,0,2498,3000,1021,0,2819,2160
cb1f25ef-87f09c2a-0f656ffe-f63022ab-8b305520,9.414,9.525,1773,1292,23,23,1.17,0.47,0,0,2498,3000,1021,0,2819,2160
cb1f25ef-87f09c2a-0f656ffe-f63022ab-8b305520,9.581,9.831,1620,1237,23,23,1.17,0.47,0,0,2498,3000,1021,0,2819,2160
cb1f25ef-87f09c2a-0f656ffe-f63022ab-8b305520,9.872,10.012,1328,1566,23,23,1.17,0.47,0,0,2498,3000,1021,0,2819,2160
cb1f25ef-87f09c2a-0f656ffe-f63022ab-8b305520,10.178,10.359,1261,2173,23,23,1.17,0.47,0,0,2498,3000,1021,0,2819,2160
cb1f25ef-87f09c2a-0f656ffe-f63022ab-8b305520,10.47,10.637,808,2158,23,23,1.17,0.47,0,0,2498,3000,1021,0,2819,2160
cb1f25ef-87f09c2a-0f656ffe-f63022ab-8b305520,10.72,10.901,467,2238,23,23,1.17,0.47,0,0,2498,3000,1021,0,2819,2160
cb1f25ef-87f09c2a-0f656ffe-f63022ab-8b305520,11.039,11.206,1182,2131,23,23,1.17,0.47,0,0,2498,3000,1021,0,2819,2160
cb1f25ef-87f09c2a-0f656ffe-f63022ab-8b305520,11.275,11.512,1424,2035,23,23,1.17,0.47,0,0,2498,3000,1021,0,2819,2160
cb1f25ef-87f09c2a-0f656ffe-f63022ab-8b305520,11.609,11.734,1248,1872,23,23,1.17,0.47,0,0,2498,3000,1021,0,2819,2160
cb1f25ef-87f09c2a-0f656ffe-f63022ab-8b305520,11.748,11.929,1281,1897,23,23,1.17,0.47,0,0,2498,3000,1021,0,2819,2160
cb1f25ef-87f09c2a-0f656ffe-f63022ab-8b305520,11.942,12.164,1354,1848,23,23,1.17,0.47,0,0,2498,3000,1021,0,2819,2160
cb1f25ef-87f09c2a-0f656ffe-f63022ab-8b305520,12.206,12.429,1292,1690,23,23,1.17,0.47,0,0,2498,3000,1021,0,2819,2160
cb1f25ef-87f09c2a-0f656ffe-f63022ab-8b305520,12.442,12.65,1465,1541,23,23,1.17,0.47,0,0,2498,3000,1021,0,2819,2160
cb1f25ef-87f09c2a-0f656ffe-f63022ab-8b305520,12.692,12.872,1418,1529,23,23,1.17,0.47,0,0,2498,3000,1021,0,2819,2160
cb1f25ef-87f09c2a-0f656ffe-f63022ab-8b305520,12.914,13.081,1540,1614,23,23,1.17,0.47,0,0,2498,3000,1021,0,2819,2160
cb1f25ef-87f09c2a-0f656ffe-f63022ab-8b305520,13.122,13.344,1295,1550,23,23,1.17,0.47,0,0,2498,3000,1021,0,2819,2160
cb1f25ef-87f09c2a-0f656ffe-f63022ab-8b305520,13.386,13.733,1615,1283,23,23,1.17,0.47,0,0,2498,3000,1021,0,2819,2160
cb1f25ef-87f09c2a-0f656ffe-f63022ab-8b305520,13.748,14.011,1708,1213,23,23,1.17,0.47,0,0,2498,3000,1021,0,2819,2160
cb1f25ef-87f09c2a-0f656ffe-f63022ab-8b305520,14.039,14.414,1869,1092,23,23,1.17,0.47,0,0,2498,3000,1021,0,2819,2160
cb1f25ef-87f09c2a-0f656ffe-f63022ab-8b305520,14.498,14.608,2142,958,23,23,1.17,0.47,0,0,2498,3000,1021,0,2819,2160
cb1f25ef-87f09c2a-0f656ffe-f63022ab-8b305520,14.719,15.053,1725,1196,23,23,1.17,0.47,0,0,2498,3000,1021,0,2819,2160
cb1f25ef-87f09c2a-0f656ffe-f63022ab-8b305520,15.067,15.361,1651,1220,23,23,1.17,0.47,0,0,2498,3000,1021,0,2819,2160
cb1f25ef-87f09c2a-0f656ffe-f63022ab-8b305520,15.375,15.581,1650,1256,23,23,1.17,0.47,0,0,2498,3000,1021,0,2819,2160
cb1f25ef-87f09c2a-0f656ffe-f63022ab-8b305520,15.609,15.983,1850,1170,23,23,1.17,0.47,0,0,2498,3000,1021,0,2819,2160
cb1f25ef-87f09c2a-0f656ffe-f63022ab-8b305520,15.998,16.219,1846,1119,23,23,1.17,0.47,0,0,2498,3000,1021,0,2819,2160
cb1f25ef-87f09c2a-0f656ffe-f63022ab-8b305520,16.233,16.441,1710,1198,23,23,1.17,0.47,0,0,2498,3000,1021,0,2819,2160
cb1f25ef-87f09c2a-0f656ffe-f63022ab-8b305520,16.511,16.899,1821,1148,23,23,1.17,0.47,0,0,2498,3000,1021,0,2819,2160
cb1f25ef-87f09c2a-0f656ffe-f63022ab-8b305520,16.914,17.038,1656,1233,23,23,1.17,0.47,0,0,2498,3000,1021,0,2819,2160
cb1f25ef-87f09c2a-0f656ffe-f63022ab-8b305520,17.053,17.233,1647,1233,23,23,1.17,0.47,0,0,2498,3000,1021,0,2819,2160
cb1f25ef-87f09c2a-0f656ffe-f63022ab-8b305520,17.247,17.552,1714,1255,23,23,1.17,0.47,0,0,2498,3000,1021,0,2819,2160
cb1f25ef-87f09c2a-0f656ffe-f63022ab-8b305520,17.567,17.789,1650,1259,23,23,1.17,0.47,0,0,2498,3000,1021,0,2819,2160
cb1f25ef-87f09c2a-0f656ffe-f63022ab-8b305520,17.831,18.164,1810,1175,23,23,1.17,0.47,0,0,2498,3000,1021,0,2819,2160
cb1f25ef-87f09c2a-0f656ffe-f63022ab-8b305520,18.177,18.413,1669,1248,23,23,1.17,0.47,0,0,2498,3000,1021,0,2819,2160
cb1f25ef-87f09c2a-0f656ffe-f63022ab-8b305520,18.58,18.788,1600,1558,23,23,1.17,0.47,0,0,2498,3000,1021,0,2819,2160
cb1f25ef-87f09c2a-0f656ffe-f63022ab-8b305520,18.802,18.927,1597,1544,23,23,1.17,0.47,0,0,2498,3000,1021,0,2819,2160
cb1f25ef-87f09c2a-0f656ffe-f63022ab-8b305520,18.954,19.427,1719,1235,23,23,1.17,0.47,0,0,2498,3000,1021,0,2819,2160
cb1f25ef-87f09c2a-0f656ffe-f63022ab-8b305520,19.455,19.746,1849,1150,23,23,1.17,0.47,0,0,2498,3000,1021,0,2819,2160
cb1f25ef-87f09c2a-0f656ffe-f63022ab-8b305520,19.885,20.135,1720,1188,23,23,1.17,0.47,0,0,2498,3000,1021,0,2819,2160
cb1f25ef-87f09c2a-0f656ffe-f63022ab-8b305520,20.218,20.427,1861,1090,23,23,1.17,0.47,0,0,2498,3000,1021,0,2819,2160
cb1f25ef-87f09c2a-0f656ffe-f63022ab-8b305520,20.537,20.829,2083,957,23,23,1.17,0.47,0,0,2498,3000,1021,0,2819,2160
cb1f25ef-87f09c2a-0f656ffe-f63022ab-8b305520,20.857,21.121,1914,1115,23,23,1.17,0.47,0,0,2498,3000,1021,0,2819,2160
cb1f25ef-87f09c2a-0f656ffe-f63022ab-8b305520,21.163,21.454,1725,1233,23,23,1.17,0.47,0,0,2498,3000,1021,0,2819,2160
cb1f25ef-87f09c2a-0f656ffe-f63022ab-8b305520,21.468,21.815,1861,1181,23,23,1.17,0.47,0,0,2498,3000,1021,0,2819,2160
cb1f25ef-87f09c2a-0f656ffe-f63022ab-8b305520,21.926,22.175,1843,1184,23,23,1.17,0.47,0,0,2498,3000,1021,0,2819,2160
cb1f25ef-87f09c2a-0f656ffe-f63022ab-8b305520,22.204,22.481,2124,1008,23,23,1.17,0.47,0,0,2498,3000,1021,0,2819,2160
cb1f25ef-87f09c2a-0f656ffe-f63022ab-8b305520,22.509,22.815,1864,1078,23,23,1.17,0.47,0,0,2498,3000,1021,0,2819,2160
cb1f25ef-87f09c2a-0f656ffe-f63022ab-8b305520,22.926,23.163,1840,1156,23,23,1.17,0.47,0,0,2498,3000,1021,0,2819,2160
cb1f25ef-87f09c2a-0f656ffe-f63022ab-8b305520,23.204,23.426,1678,1231,23,23,1.17,0.47,0,0,2498,3000,1021,0,2819,2160
cb1f25ef-87f09c2a-0f656ffe-f63022ab-8b305520,23.454,23.662,1855,1144,23,23,1.17,0.47,0,0,2498,3000,1021,0,2819,2160
cb1f25ef-87f09c2a-0f656ffe-f63022ab-8b305520,23.76,23.87,2093,1049,23,23,1.17,0.47,0,0,2498,3000,1021,0,2819,2160
cb1f25ef-87f09c2a-0f656ffe-f63022ab-8b305520,23.954,24.066,2049,1009,23,23,1.17,0.47,0,0,2498,3000,1021,0,2819,2160
cb1f25ef-87f09c2a-0f656ffe-f63022ab-8b305520,24.204,24.329,2217,774,23,23,1.17,0.47,0,0,2498,3000,1021,0,2819,2160
cb1f25ef-87f09c2a-0f656ffe-f63022ab-8b305520,24.523,24.634,1843,1138,23,23,1.17,0.47,0,0,2498,3000,1021,0,2819,2160
cb1f25ef-87f09c2a-0f656ffe-f63022ab-8b305520,24.773,24.912,1622,1280,23,23,1.17,0.47,0,0,2498,3000,1021,0,2819,2160
cb1f25ef-87f09c2a-0f656ffe-f63022ab-8b305520,24.926,25.231,1647,1307,23,23,1.17,0.47,0,0,2498,3000,1021,0,2819,2160
cb1f25ef-87f09c2a-0f656ffe-f63022ab-8b305520,25.258,25.536,1813,1187,23,23,1.17,0.47,0,0,2498,3000,1021,0,2819,2160
cb1f25ef-87f09c2a-0f656ffe-f63022ab-8b305520,25.578,25.827,1672,1268,23,23,1.17,0.47,0,0,2498,3000,1021,0,2819,2160
cb1f25ef-87f09c2a-0f656ffe-f63022ab-8b305520,25.841,26.036,1822,1188,23,23,1.17,0.47,0,0,2498,3000,1021,0,2819,2160
cb1f25ef-87f09c2a-0f656ffe-f63022ab-8b305520,26.078,26.258,1638,1286,23,23,1.17,0.47,0,0,2498,3000,1021,0,2819,2160
cb1f25ef-87f09c2a-0f656ffe-f63022ab-8b305520,26.285,26.453,1486,1405,23,23,1.17,0.47,0,0,2498,3000,1021,0,2819,2160
cb1f25ef-87f09c2a-0f656ffe-f63022ab-8b305520,26.634,26.758,1524,1715,23,23,1.17,0.47,0,0,2498,3000,1021,0,2819,2160
cb1f25ef-87f09c2a-0f656ffe-f63022ab-8b305520,26.771,26.981,1449,1770,23,23,1.17,0.47,0,0,2498,3000,1021,0,2819,2160
cb1f25ef-87f09c2a-0f656ffe-f63022ab-8b305520,27.035,27.368,1399,1959,23,23,1.17,0.47,0,0,2498,3000,1021,0,2819,2160
cb1f25ef-87f09c2a-0f656ffe-f63022ab-8b305520,27.424,27.577,1797,1803,23,23,1.17,0.47,0,0,2498,3000,1021,0,2819,2160
cb1f25ef-87f09c2a-0f656ffe-f63022ab-8b305520,27.605,28.077,1994,1807,23,23,1.17,0.47,0,0,2498,3000,1021,0,2819,2160
cb1f25ef-87f09c2a-0f656ffe-f63022ab-8b305520,28.105,28.257,1723,1640,23,23,1.17,0.47,0,0,2498,3000,1021,0,2819,2160
cb1f25ef-87f09c2a-0f656ffe-f63022ab-8b305520,28.34,28.563,1784,1622,23,23,1.17,0.47,0,0,2498,3000,1021,0,2819,2160
cb1f25ef-87f09c2a-0f656ffe-f63022ab-8b305520,28.674,28.813,1438,1729,23,23,1.17,0.47,0,0,2498,3000,1021,0,2819,2160
cb1f25ef-87f09c2a-0f656ffe-f63022ab-8b305520,28.855,29.021,1964,1802,23,23,1.17,0.47,0,0,2498,3000,1021,0,2819,2160
cb1f25ef-87f09c2a-0f656ffe-f63022ab-8b305520,29.035,29.244,2014,1842,23,23,1.17,0.47,0,0,2498,3000,1021,0,2819,2160
cb1f25ef-87f09c2a-0f656ffe-f63022ab-8b305520,29.257,29.506,2009,1830,23,23,1.17,0.47,0,0,2498,3000,1021,0,2819,2160
cb1f25ef-87f09c2a-0f656ffe-f63022ab-8b305520,29.603,29.84,1880,1803,23,23,1.17,0.47,0,0,2498,3000,1021,0,2819,2160
cb1f25ef-87f09c2a-0f656ffe-f63022ab-8b305520,29.853,29.993,1871,1786,23,23,1.17,0.47,0,0,2498,3000,1021,0,2819,2160
cb1f25ef-87f09c2a-0f656ffe-f63022ab-8b305520,30.02,30.27,1755,1613,23,23,1.17,0.47,0,0,2498,3000,1021,0,2819,2160
cb1f25ef-87f09c2a-0f656ffe-f63022ab-8b305520,30.312,30.548,1963,1616,23,23,1.17,0.47,0,0,2498,3000,1021,0,2819,2160
cb1f25ef-87f09c2a-0f656ffe-f63022ab-8b305520,30.589,30.742,1971,1768,23,23,1.17,0.47,0,0,2498,3000,1021,0,2819,2160
cb1f25ef-87f09c2a-0f656ffe-f63022ab-8b305520,30.77,31.076,1985,1929,23,23,1.17,0.47,0,0,2498,3000,1021,0,2819,2160
cb1f25ef-87f09c2a-0f656ffe-f63022ab-8b305520,31.089,31.284,1996,1820,23,23,1.17,0.47,0,0,2498,3000,1021,0,2819,2160
cb1f25ef-87f09c2a-0f656ffe-f63022ab-8b305520,31.325,31.576,1792,1630,23,23,1.17,0.47,0,0,2498,3000,1021,0,2819,2160
cb1f25ef-87f09c2a-0f656ffe-f63022ab-8b305520,31.603,31.811,1931,1714,23,23,1.17,0.47,0,0,2498,3000,1021,0,2819,2160
cb1f25ef-87f09c2a-0f656ffe-f63022ab-8b305520,31.867,32.186,1073,1622,23,23,1.17,0.47,0,0,2498,3000,1021,0,2819,2160
cb1f25ef-87f09c2a-0f656ffe-f63022ab-8b305520,32.242,32.505,1747,1387,23,23,1.17,0.47,0,0,2498,3000,1021,0,2819,2160
cb1f25ef-87f09c2a-0f656ffe-f63022ab-8b305520,32.534,32.826,1942,1268,23,23,1.17,0.47,0,0,2498,3000,1021,0,2819,2160
cb1f25ef-87f09c2a-0f656ffe-f63022ab-8b305520,33.089,33.27,894,1136,23,23,1.17,0.47,0,0,2498,3000,1021,0,2819,2160
cb1f25ef-87f09c2a-0f656ffe-f63022ab-8b305520,33.284,33.395,888,1190,23,23,1.17,0.47,0,0,2498,3000,1021,0,2819,2160
cb1f25ef-87f09c2a-0f656ffe-f63022ab-8b305520,33.409,33.576,811,1171,23,23,1.17,0.47,0,0,2498,3000,1021,0,2819,2160
cb1f25ef-87f09c2a-0f656ffe-f63022ab-8b305520,33.603,33.825,970,1291,23,23,1.17,0.47,0,0,2498,3000,1021,0,2819,2160
cb1f25ef-87f09c2a-0f656ffe-f63022ab-8b305520,33.839,34.075,1112,1287,23,23,1.17,0.47,0,0,2498,3000,1021,0,2819,2160
cb1f25ef-87f09c2a-0f656ffe-f63022ab-8b305520,34.089,34.311,1036,1153,23,23,1.17,0.47,0,0,2498,3000,1021,0,2819,2160
cb1f25ef-87f09c2a-0f656ffe-f63022ab-8b305520,34.353,34.604,1674,1241,23,23,1.17,0.47,0,0,2498,3000,1021,0,2819,2160
cb1f25ef-87f09c2a-0f656ffe-f63022ab-8b305520,34.715,34.922,1106,1921,23,23,1.17,0.47,0,0,2498,3000,1021,0,2819,2160
cb1f25ef-87f09c2a-0f656ffe-f63022ab-8b305520,34.951,35.103,1011,2103,23,23,1.17,0.47,0,0,2498,3000,1021,0,2819,2160
cb1f25ef-87f09c2a-0f656ffe-f63022ab-8b305520,35.284,35.437,1024,1136,23,23,1.17,0.47,0,0,2498,3000,1021,0,2819,2160
cb1f25ef-87f09c2a-0f656ffe-f63022ab-8b305520,35.452,35.592,1020,1139,23,23,1.17,0.47,0,0,2498,3000,1021,0,2819,2160
cb1f25ef-87f09c2a-0f656ffe-f63022ab-8b305520,35.617,35.784,810,1065,23,23,1.17,0.47,0,0,2498,3000,1021,0,2819,2160
cb1f25ef-87f09c2a-0f656ffe-f63022ab-8b305520,35.798,35.937,816,1095,23,23,1.17,0.47,0,0,2498,3000,1021,0,2819,2160
cb1f25ef-87f09c2a-0f656ffe-f63022ab-8b305520,35.979,36.256,1004,1165,23,23,1.17,0.47,0,0,2498,3000,1021,0,2819,2160
cb1f25ef-87f09c2a-0f656ffe-f63022ab-8b305520,36.27,36.451,1017,1290,23,23,1.17,0.47,0,0,2498,3000,1021,0,2819,2160
cb1f25ef-87f09c2a-0f656ffe-f63022ab-8b305520,36.465,36.59,1007,1254,23,23,1.17,0.47,0,0,2498,3000,1021,0,2819,2160
cb1f25ef-87f09c2a-0f656ffe-f63022ab-8b305520,36.632,36.855,1048,1495,23,23,1.17,0.47,0,0,2498,3000,1021,0,2819,2160
cb1f25ef-87f09c2a-0f656ffe-f63022ab-8b305520,37.089,37.242,925,2225,23,23,1.17,0.47,0,0,2498,3000,1021,0,2819,2160
cb1f25ef-87f09c2a-0f656ffe-f63022ab-8b305520,37.256,37.409,934,2193,23,23,1.17,0.47,0,0,2498,3000,1021,0,2819,2160
cb1f25ef-87f09c2a-0f656ffe-f63022ab-8b305520,37.478,37.756,1018,1321,23,23,1.17,0.47,0,0,2498,3000,1021,0,2819,2160
cb1f25ef-87f09c2a-0f656ffe-f63022ab-8b305520,37.769,38.061,945,1221,23,23,1.17,0.47,0,0,2498,3000,1021,0,2819,2160
cb1f25ef-87f09c2a-0f656ffe-f63022ab-8b305520,38.089,38.242,1045,1325,23,23,1.17,0.47,0,0,2498,3000,1021,0,2819,2160
cb1f25ef-87f09c2a-0f656ffe-f63022ab-8b305520,38.381,38.589,1050,1323,23,23,1.17,0.47,0,0,2498,3000,1021,0,2819,2160
cb1f25ef-87f09c2a-0f656ffe-f63022ab-8b305520,38.617,38.867,935,1198,23,23,1.17,0.47,0,0,2498,3000,1021,0,2819,2160
cb1f25ef-87f09c2a-0f656ffe-f63022ab-8b305520,38.922,39.116,830,1091,23,23,1.17,0.47,0,0,2498,3000,1021,0,2819,2160
cb1f25ef-87f09c2a-0f656ffe-f63022ab-8b305520,39.159,39.589,495,1060,23,23,1.17,0.47,0,0,2498,3000,1021,0,2819,2160
cb1f25ef-87f09c2a-0f656ffe-f63022ab-8b305520,39.617,39.812,938,1204,23,23,1.17,0.47,0,0,2498,3000,1021,0,2819,2160
cb1f25ef-87f09c2a-0f656ffe-f63022ab-8b305520,39.853,39.979,536,967,23,23,1.17,0.47,0,0,2498,3000,1021,0,2819,2160
cb1f25ef-87f09c2a-0f656ffe-f63022ab-8b305520,40.117,40.311,395,927,23,23,1.17,0.47,0,0,2498,3000,1021,0,2819,2160
cb1f25ef-87f09c2a-0f656ffe-f63022ab-8b305520,40.326,40.534,303,859,23,23,1.17,0.47,0,0,2498,3000,1021,0,2819,2160
cb1f25ef-87f09c2a-0f656ffe-f63022ab-8b305520,40.548,40.686,346,871,23,23,1.17,0.47,0,0,2498,3000,1021,0,2819,2160
cb1f25ef-87f09c2a-0f656ffe-f63022ab-8b305520,40.701,40.95,436,962,23,23,1.17,0.47,0,0,2498,3000,1021,0,2819,2160
cb1f25ef-87f09c2a-0f656ffe-f63022ab-8b305520,41.254,41.53,2124,835,23,23,1.17,0.47,0,0,2498,3000,1021,0,2819,2160
cb1f25ef-87f09c2a-0f656ffe-f63022ab-8b305520,41.599,41.737,2327,717,23,23,1.17,0.47,0,0,2498,3000,1021,0,2819,2160
cb1f25ef-87f09c2a-0f656ffe-f63022ab-8b305520,41.75,41.888,2274,735,23,23,1.17,0.47,0,0,2498,3000,1021,0,2819,2160
cb1f25ef-87f09c2a-0f656ffe-f63022ab-8b305520,42.124,42.402,531,952,23,23,1.17,0.47,0,0,2498,3000,1021,0,2819,2160
cb1f25ef-87f09c2a-0f656ffe-f63022ab-8b305520,42.416,42.68,400,961,23,23,1.17,0.47,0,0,2498,3000,1021,0,2819,2160
cb1f25ef-87f09c2a-0f656ffe-f63022ab-8b305520,42.735,43.027,934,1004,23,23,1.17,0.47,0,0,2498,3000,1021,0,2819,2160
cb1f25ef-87f09c2a-0f656ffe-f63022ab-8b305520,43.041,43.181,507,988,23,23,1.17,0.47,0,0,2498,3000,1021,0,2819,2160
cb1f25ef-87f09c2a-0f656ffe-f63022ab-8b305520,43.194,43.388,500,990,23,23,1.17,0.47,0,0,2498,3000,1021,0,2819,2160
cb1f25ef-87f09c2a-0f656ffe-f63022ab-8b305520,43.416,43.611,375,926,23,23,1.17,0.47,0,0,2498,3000,1021,0,2819,2160
cb1f25ef-87f09c2a-0f656ffe-f63022ab-8b305520,43.777,44.014,483,977,23,23,1.17,0.47,0,0,2498,3000,1021,0,2819,2160
cb1f25ef-87f09c2a-0f656ffe-f63022ab-8b305520,44.069,44.25,995,993,23,23,1.17,0.47,0,0,2498,3000,1021,0,2819,2160
cb1f25ef-87f09c2a-0f656ffe-f63022ab-8b305520,44.278,44.5,1105,1320,23,23,1.17,0.47,0,0,2498,3000,1021,0,2819,2160
cb1f25ef-87f09c2a-0f656ffe-f63022ab-8b305520,44.541,44.804,513,1060,23,23,1.17,0.47,0,0,2498,3000,1021,0,2819,2160
cb1f25ef-87f09c2a-0f656ffe-f63022ab-8b305520,44.916,45.082,754,1296,23,23,1.17,0.47,0,0,2498,3000,1021,0,2819,2160
cb1f25ef-87f09c2a-0f656ffe-f63022ab-8b305520,45.124,45.402,809,1499,23,23,1.17,0.47,0,0,2498,3000,1021,0,2819,2160
cb1f25ef-87f09c2a-0f656ffe-f63022ab-8b305520,45.43,45.582,839,1758,23,23,1.17,0.47,0,0,2498,3000,1021,0,2819,2160
cb1f25ef-87f09c2a-0f656ffe-f63022ab-8b305520,45.61,45.804,686,2051,23,23,1.17,0.47,0,0,2498,3000,1021,0,2819,2160
cb1f25ef-87f09c2a-0f656ffe-f63022ab-8b305520,45.873,46.013,495,2267,23,23,1.17,0.47,0,0,2498,3000,1021,0,2819,2160
cb1f25ef-87f09c2a-0f656ffe-f63022ab-8b305520,46.151,46.332,242,2327,23,23,1.17,0.47,0,0,2498,3000,1021,0,2819,2160
cb1f25ef-87f09c2a-0f656ffe-f63022ab-8b305520,46.402,46.735,987,2262,23,23,1.17,0.47,0,0,2498,3000,1021,0,2819,2160
cb1f25ef-87f09c2a-0f656ffe-f63022ab-8b305520,46.749,46.943,1069,2249,23,23,1.17,0.47,0,0,2498,3000,1021,0,2819,2160
cb1f25ef-87f09c2a-0f656ffe-f63022ab-8b305520,47.026,47.234,807,2173,23,23,1.17,0.47,0,0,2498,3000,1021,0,2819,2160
cb1f25ef-87f09c2a-0f656ffe-f63022ab-8b305520,47.262,47.514,1050,2173,23,23,1.17,0.47,0,0,2498,3000,1021,0,2819,2160
cb1f25ef-87f09c2a-0f656ffe-f63022ab-8b305520,47.528,47.832,1024,2259,23,23,1.17,0.47,0,0,2498,3000,1021,0,2819,2160
cb1f25ef-87f09c2a-0f656ffe-f63022ab-8b305520,47.859,48.082,695,2253,23,23,1.17,0.47,0,0,2498,3000,1021,0,2819,2160
cb1f25ef-87f09c2a-0f656ffe-f63022ab-8b305520,48.109,48.513,1079,2055,23,23,1.17,0.47,0,0,2498,3000,1021,0,2819,2160
cb1f25ef-87f09c2a-0f656ffe-f63022ab-8b305520,48.527,48.831,1157,2038,23,23,1.17,0.47,0,0,2498,3000,1021,0,2819,2160
cb1f25ef-87f09c2a-0f656ffe-f63022ab-8b305520,48.931,49.248,1616,2033,23,23,1.17,0.47,0,0,2498,3000,1021,0,2819,2160
cb1f25ef-87f09c2a-0f656ffe-f63022ab-8b305520,49.332,49.47,997,2065,23,23,1.17,0.47,0,0,2498,3000,1021,0,2819,2160
cb1f25ef-87f09c2a-0f656ffe-f63022ab-8b305520,49.512,49.706,495,2278,23,23,1.17,0.47,0,0,2498,3000,1021,0,2819,2160
cb1f25ef-87f09c2a-0f656ffe-f63022ab-8b305520,49.859,50.053,538,1935,23,23,1.17,0.47,0,0,2498,3000,1021,0,2819,2160
cb1f25ef-87f09c2a-0f656ffe-f63022ab-8b305520,50.081,50.387,720,1687,23,23,1.17,0.47,0,0,2498,3000,1021,0,2819,2160
cb1f25ef-87f09c2a-0f656ffe-f63022ab-8b305520,50.4,50.608,827,1880,23,23,1.17,0.47,0,0,2498,3000,1021,0,2819,2160
cb1f25ef-87f09c2a-0f656ffe-f63022ab-8b305520,50.651,50.817,773,2062,23,23,1.17,0.47,0,0,2498,3000,1021,0,2819,2160
cb1f25ef-87f09c2a-0f656ffe-f63022ab-8b305520,50.901,51.248,1609,1910,23,23,1.17,0.47,0,0,2498,3000,1021,0,2819,2160
cb1f25ef-87f09c2a-0f656ffe-f63022ab-8b305520,51.317,51.442,465,2010,23,23,1.17,0.47,0,0,2498,3000,1021,0,2819,2160
cb1f25ef-87f09c2a-0f656ffe-f63022ab-8b305520,51.581,51.915,269,2213,23,23,1.17,0.47,0,0,2498,3000,1021,0,2819,2160
cb1f25ef-87f09c2a-0f656ffe-f63022ab-8b305520,51.942,52.108,656,2166,23,23,1.17,0.47,0,0,2498,3000,1021,0,2819,2160
cb1f25ef-87f09c2a-0f656ffe-f63022ab-8b305520,52.234,52.428,874,2211,23,23,1.17,0.47,0,0,2498,3000,1021,0,2819,2160
cb1f25ef-87f09c2a-0f656ffe-f63022ab-8b305520,52.553,52.817,1076,2034,23,23,1.17,0.47,0,0,2498,3000,1021,0,2819,2160
cb1f25ef-87f09c2a-0f656ffe-f63022ab-8b305520,52.858,53.012,1199,1732,23,23,1.17,0.47,0,0,2498,3000,1021,0,2819,2160
cb1f25ef-87f09c2a-0f656ffe-f63022ab-8b305520,53.081,53.317,823,1502,23,23,1.17,0.47,0,0,2498,3000,1021,0,2819,2160
cb1f25ef-87f09c2a-0f656ffe-f63022ab-8b305520,53.345,53.567,1081,1564,23,23,1.17,0.47,0,0,2498,3000,1021,0,2819,2160
cb1f25ef-87f09c2a-0f656ffe-f63022ab-8b305520,53.582,53.904,997,1186,23,23,1.17,0.47,0,0,2498,3000,1021,0,2819,2160
cb1f25ef-87f09c2a-0f656ffe-f63022ab-8b305520,53.919,54.261,961,1307,23,23,1.17,0.47,0,0,2498,3000,1021,0,2819,2160
cb1f25ef-87f09c2a-0f656ffe-f63022ab-8b305520,54.289,54.609,687,1315,23,23,1.17,0.47,0,0,2498,3000,1021,0,2819,2160
cb1f25ef-87f09c2a-0f656ffe-f63022ab-8b305520,54.664,54.859,1290,1361,23,23,1.17,0.47,0,0,2498,3000,1021,0,2819,2160
cb1f25ef-87f09c2a-0f656ffe-f63022ab-8b305520,54.901,55.095,1377,1585,23,23,1.17,0.47,0,0,2498,3000,1021,0,2819,2160
cb1f25ef-87f09c2a-0f656ffe-f63022ab-8b305520,55.109,55.332,1306,1728,23,23,1.17,0.47,0,0,2498,3000,1021,0,2819,2160
cb1f25ef-87f09c2a-0f656ffe-f63022ab-8b305520,55.36,55.665,1348,1891,23,23,1.17,0.47,0,0,2498,3000,1021,0,2819,2160
cb1f25ef-87f09c2a-0f656ffe-f63022ab-8b305520,55.749,55.887,1811,1371,23,23,1.17,0.47,0,0,2498,3000,1021,0,2819,2160
cb1f25ef-87f09c2a-0f656ffe-f63022ab-8b305520,56.345,56.609,1765,1141,23,23,1.17,0.47,0,0,2498,3000,1021,0,2819,2160
cb1f25ef-87f09c2a-0f656ffe-f63022ab-8b305520,56.623,56.734,1671,1198,23,23,1.17,0.47,0,0,2498,3000,1021,0,2819,2160
cb1f25ef-87f09c2a-0f656ffe-f63022ab-8b305520,56.916,57.068,1764,402,23,23,1.17,0.47,0,0,2498,3000,1021,0,2819,2160
cb1f25ef-87f09c2a-0f656ffe-f63022ab-8b305520,57.082,57.401,1755,424,23,23,1.17,0.47,0,0,2498,3000,1021,0,2819,2160
cb1f25ef-87f09c2a-0f656ffe-f63022ab-8b305520,57.679,57.859,1946,1652,23,23,1.17,0.47,0,0,2498,3000,1021,0,2819,2160
cb1f25ef-87f09c2a-0f656ffe-f63022ab-8b305520,57.956,58.276,2009,1848,23,23,1.17,0.47,0,0,2498,3000,1021,0,2819,2160
cb1f25ef-87f09c2a-0f656ffe-f63022ab-8b305520,58.374,58.72,2293,2156,23,23,1.17,0.47,0,0,2498,3000,1021,0,2819,2160
cb1f25ef-87f09c2a-0f656ffe-f63022ab-8b305520,58.776,58.999,2162,1163,23,23,1.17,0.47,0,0,2498,3000,1021,0,2819,2160
cb1f25ef-87f09c2a-0f656ffe-f63022ab-8b305520,59.04,59.29,2268,925,23,23,1.17,0.47,0,0,2498,3000,1021,0,2819,2160
cb1f25ef-87f09c2a-0f656ffe-f63022ab-8b305520,59.318,59.554,2033,1030,23,23,1.17,0.47,0,0,2498,3000,1021,0,2819,2160
cb1f25ef-87f09c2a-0f656ffe-f63022ab-8b305520,59.583,59.721,1680,1201,23,23,1.17,0.47,0,0,2498,3000,1021,0,2819,2160
cb1f25ef-87f09c2a-0f656ffe-f63022ab-8b305520,59.929,60.039,1605,1644,23,23,1.17,0.47,0,0,2498,3000,1021,0,2819,2160
cb1f25ef-87f09c2a-0f656ffe-f63022ab-8b305520,60.151,60.276,2005,1322,23,23,1.17,0.47,0,0,2498,3000,1021,0,2819,2160
cb1f25ef-87f09c2a-0f656ffe-f63022ab-8b305520,60.374,60.526,881,1335,23,23,1.17,0.47,0,0,2498,3000,1021,0,2819,2160
cb1f25ef-87f09c2a-0f656ffe-f63022ab-8b305520,60.609,60.901,1220,2406,23,23,1.17,0.47,0,0,2498,3000,1021,0,2819,2160
cb1f25ef-87f09c2a-0f656ffe-f63022ab-8b305520,60.929,61.18,1248,2564,23,23,1.17,0.47,0,0,2498,3000,1021,0,2819,2160
cb1f25ef-87f09c2a-0f656ffe-f63022ab-8b305520,61.193,61.61,1204,2637,23,23,1.17,0.47,0,0,2498,3000,1021,0,2819,2160
cb1f25ef-87f09c2a-0f656ffe-f63022ab-8b305520,61.75,61.957,1133,2611,23,23,1.17,0.47,0,0,2498,3000,1021,0,2819,2160
cb1f25ef-87f09c2a-0f656ffe-f63022ab-8b305520,61.999,62.152,1194,2693,23,23,1.17,0.47,0,0,2498,3000,1021,0,2819,2160
cb1f25ef-87f09c2a-0f656ffe-f63022ab-8b305520,62.193,62.402,1031,2730,23,23,1.17,0.47,0,0,2498,3000,1021,0,2819,2160
cb1f25ef-87f09c2a-0f656ffe-f63022ab-8b305520,62.43,62.693,843,2852,23,23,1.17,0.47,0,0,2498,3000,1021,0,2819,2160
cb1f25ef-87f09c2a-0f656ffe-f63022ab-8b305520,62.736,62.916,1171,2695,23,23,1.17,0.47,0,0,2498,3000,1021,0,2819,2160
cb1f25ef-87f09c2a-0f656ffe-f63022ab-8b305520,62.93,63.194,1224,2616,23,23,1.17,0.47,0,0,2498,3000,1021,0,2819,2160
cb1f25ef-87f09c2a-0f656ffe-f63022ab-8b305520,63.25,63.471,1203,2584,23,23,1.17,0.47,0,0,2498,3000,1021,0,2819,2160
cb1f25ef-87f09c2a-0f656ffe-f63022ab-8b305520,63.513,63.763,1062,2718,23,23,1.17,0.47,0,0,2498,3000,1021,0,2819,2160
cb1f25ef-87f09c2a-0f656ffe-f63022ab-8b305520,63.791,64.0,1266,2653,23,23,1.17,0.47,0,0,2498,3000,1021,0,2819,2160
cb1f25ef-87f09c2a-0f656ffe-f63022ab-8b305520,64.041,64.68,1152,1982,23,23,1.17,0.47,0,0,2498,3000,1021,0,2819,2160
8afc3991-7ec1912b-b24d9633-3c4b0f57-17c0e8f4,0.0,0.125,1135,1933,23,23,1.17,0.47,0,0,2498,3000,1021,0,2819,2160
8afc3991-7ec1912b-b24d9633-3c4b0f57-17c0e8f4,0.195,0.306,1140,1814,23,23,1.17,0.47,0,0,2498,3000,1021,0,2819,2160
8afc3991-7ec1912b-b24d9633-3c4b0f57-17c0e8f4,0.5,0.667,1475,1549,23,23,1.17,0.47,0,0,2498,3000,1021,0,2819,2160
8afc3991-7ec1912b-b24d9633-3c4b0f57-17c0e8f4,0.736,0.876,1128,1779,23,23,1.17,0.47,0,0,2498,3000,1021,0,2819,2160
8afc3991-7ec1912b-b24d9633-3c4b0f57-17c0e8f4,0.917,1.154,1452,1328,23,23,1.17,0.47,0,0,2498,3000,1021,0,2819,2160
8afc3991-7ec1912b-b24d9633-3c4b0f57-17c0e8f4,1.167,1.32,1448,1369,23,23,1.17,0.47,0,0,2498,3000,1021,0,2819,2160
8afc3991-7ec1912b-b24d9633-3c4b0f57-17c0e8f4,1.375,1.486,1732,603,23,23,1.17,0.47,0,0,2498,3000,1021,0,2819,2160
8afc3991-7ec1912b-b24d9633-3c4b0f57-17c0e8f4,1.501,1.612,1728,577,23,23,1.17,0.47,0,0,2498,3000,1021,0,2819,2160
8afc3991-7ec1912b-b24d9633-3c4b0f57-17c0e8f4,1.709,2.042,1432,1436,23,23,1.17,0.47,0,0,2498,3000,1021,0,2819,2160
8afc3991-7ec1912b-b24d9633-3c4b0f57-17c0e8f4,2.057,2.195,1482,1385,23,23,1.17,0.47,0,0,2498,3000,1021,0,2819,2160
8afc3991-7ec1912b-b24d9633-3c4b0f57-17c0e8f4,2.321,2.431,1458,1531,23,23,1.17,0.47,0,0,2498,3000,1021,0,2819,2160
8afc3991-7ec1912b-b24d9633-3c4b0f57-17c0e8f4,2.487,2.669,1860,2098,23,23,1.17,0.47,0,0,2498,3000,1021,0,2819,2160
8afc3991-7ec1912b-b24d9633-3c4b0f57-17c0e8f4,2.931,3.071,1189,2310,23,23,1.17,0.47,0,0,2498,3000,1021,0,2819,2160
8afc3991-7ec1912b-b24d9633-3c4b0f57-17c0e8f4,3.112,3.292,1238,2466,23,23,1.17,0.47,0,0,2498,3000,1021,0,2819,2160
8afc3991-7ec1912b-b24d9633-3c4b0f57-17c0e8f4,3.376,3.487,1530,2376,23,23,1.17,0.47,0,0,2498,3000,1021,0,2819,2160
8afc3991-7ec1912b-b24d9633-3c4b0f57-17c0e8f4,3.557,3.709,957,2113,23,23,1.17,0.47,0,0,2498,3000,1021,0,2819,2160
8afc3991-7ec1912b-b24d9633-3c4b0f57-17c0e8f4,3.807,3.973,837,1717,23,23,1.17,0.47,0,0,2498,3000,1021,0,2819,2160
8afc3991-7ec1912b-b24d9633-3c4b0f57-17c0e8f4,4.25,4.528,1207,2434,23,23,1.17,0.47,0,0,2498,3000,1021,0,2819,2160
8afc3991-7ec1912b-b24d9633-3c4b0f57-17c0e8f4,4.583,4.819,644,1780,23,23,1.17,0.47,0,0,2498,3000,1021,0,2819,2160
8afc3991-7ec1912b-b24d9633-3c4b0f57-17c0e8f4,4.875,5.069,539,1503,23,23,1.17,0.47,0,0,2498,3000,1021,0,2819,2160
8afc3991-7ec1912b-b24d9633-3c4b0f57-17c0e8f4,5.125,5.236,690,1954,23,23,1.17,0.47,0,0,2498,3000,1021,0,2819,2160
8afc3991-7ec1912b-b24d9633-3c4b0f57-17c0e8f4,5.347,5.472,911,2120,23,23,1.17,0.47,0,0,2498,3000,1021,0,2819,2160
8afc3991-7ec1912b-b24d9633-3c4b0f57-17c0e8f4,5.485,5.638,903,2090,23,23,1.17,0.47,0,0,2498,3000,1021,0,2819,2160
8afc3991-7ec1912b-b24d9633-3c4b0f57-17c0e8f4,5.651,5.804,767,1577,23,23,1.17,0.47,0,0,2498,3000,1021,0,2819,2160
8afc3991-7ec1912b-b24d9633-3c4b0f57-17c0e8f4,5.818,5.984,771,1592,23,23,1.17,0.47,0,0,2498,3000,1021,0,2819,2160
8afc3991-7ec1912b-b24d9633-3c4b0f57-17c0e8f4,6.234,6.443,1343,2325,23,23,1.17,0.47,0,0,2498,3000,1021,0,2819,2160
8afc3991-7ec1912b-b24d9633-3c4b0f57-17c0e8f4,6.485,6.776,1147,2213,23,23,1.17,0.47,0,0,2498,3000,1021,0,2819,2160
8afc3991-7ec1912b-b24d9633-3c4b0f57-17c0e8f4,6.79,7.109,1154,2052,23,23,1.17,0.47,0,0,2498,3000,1021,0,2819,2160
8afc3991-7ec1912b-b24d9633-3c4b0f57-17c0e8f4,7.137,7.304,1235,2309,23,23,1.17,0.47,0,0,2498,3000,1021,0,2819,2160
8afc3991-7ec1912b-b24d9633-3c4b0f57-17c0e8f4,7.387,7.54,1177,2583,23,23,1.17,0.47,0,0,2498,3000,1021,0,2819,2160
8afc3991-7ec1912b-b24d9633-3c4b0f57-17c0e8f4,7.707,7.887,1409,2669,23,23,1.17,0.47,0,0,2498,3000,1021,0,2819,2160
8afc3991-7ec1912b-b24d9633-3c4b0f57-17c0e8f4,7.915,8.234,1706,2514,23,23,1.17,0.47,0,0,2498,3000,1021,0,2819,2160
8afc3991-7ec1912b-b24d9633-3c4b0f57-17c0e8f4,8.248,8.471,1771,2329,23,23,1.17,0.47,0,0,2498,3000,1021,0,2819,2160
8afc3991-7ec1912b-b24d9633-3c4b0f57-17c0e8f4,8.568,8.777,1569,2174,23,23,1.17,0.47,0,0,2498,3000,1021,0,2819,2160
8afc3991-7ec1912b-b24d9633-3c4b0f57-17c0e8f4,8.818,9.026,1892,1981,23,23,1.17,0.47,0,0,2498,3000,1021,0,2819,2160
8afc3991-7ec1912b-b24d9633-3c4b0f57-17c0e8f4,9.151,9.387,1922,2041,23,23,1.17,0.47,0,0,2498,3000,1021,0,2819,2160
8afc3991-7ec1912b-b24d9633-3c4b0f57-17c0e8f4,9.429,9.693,1419,2102,23,23,1.17,0.47,0,0,2498,3000,1021,0,2819,2160
8afc3991-7ec1912b-b24d9633-3c4b0f57-17c0e8f4,9.72,9.915,1153,2123,23,23,1.17,0.47,0,0,2498,3000,1021,0,2819,2160
8afc3991-7ec1912b-b24d9633-3c4b0f57-17c0e8f4,9.943,10.207,863,2000,23,23,1.17,0.47,0,0,2498,3000,1021,0,2819,2160
8afc3991-7ec1912b-b24d9633-3c4b0f57-17c0e8f4,10.234,10.526,1154,2096,23,23,1.17,0.47,0,0,2498,3000,1021,0,2819,2160
8afc3991-7ec1912b-b24d9633-3c4b0f57-17c0e8f4,10.54,10.706,1168,2184,23,23,1.17,0.47,0,0,2498,3000,1021,0,2819,2160
8afc3991-7ec1912b-b24d9633-3c4b0f57-17c0e8f4,10.734,10.957,1400,2418,23,23,1.17,0.47,0,0,2498,3000,1021,0,2819,2160
8afc3991-7ec1912b-b24d9633-3c4b0f57-17c0e8f4,11.026,11.276,1569,2549,23,23,1.17,0.47,0,0,2498,3000,1021,0,2819,2160
8afc3991-7ec1912b-b24d9633-3c4b0f57-17c0e8f4,11.303,11.54,1206,2393,23,23,1.17,0.47,0,0,2498,3000,1021,0,2819,2160
8afc3991-7ec1912b-b24d9633-3c4b0f57-17c0e8f4,11.567,11.817,1153,2217,23,23,1.17,0.47,0,0,2498,3000,1021,0,2819,2160
8afc3991-7ec1912b-b24d9633-3c4b0f57-17c0e8f4,11.971,12.082,1162,2187,23,23,1.17,0.47,0,0,2498,3000,1021,0,2819,2160
8afc3991-7ec1912b-b24d9633-3c4b0f57-17c0e8f4,12.359,12.637,518,1982,23,23,1.17,0.47,0,0,2498,3000,1021,0,2819,2160
8afc3991-7ec1912b-b24d9633-3c4b0f57-17c0e8f4,12.665,12.845,570,1741,23,23,1.17,0.47,0,0,2498,3000,1021,0,2819,2160
8afc3991-7ec1912b-b24d9633-3c4b0f57-17c0e8f4,12.873,13.109,937,1633,23,23,1.17,0.47,0,0,2498,3000,1021,0,2819,2160
8afc3991-7ec1912b-b24d9633-3c4b0f57-17c0e8f4,13.124,13.374,730,1502,23,23,1.17,0.47,0,0,2498,3000,1021,0,2819,2160
8afc3991-7ec1912b-b24d9633-3c4b0f57-17c0e8f4,13.401,13.762,850,1713,23,23,1.17,0.47,0,0,2498,3000,1021,0,2819,2160
8afc3991-7ec1912b-b24d9633-3c4b0f57-17c0e8f4,13.804,14.012,672,1384,23,23,1.17,0.47,0,0,2498,3000,1021,0,2819,2160
8afc3991-7ec1912b-b24d9633-3c4b0f57-17c0e8f4,14.026,14.15,679,1413,23,23,1.17,0.47,0,0,2498,3000,1021,0,2819,2160
8afc3991-7ec1912b-b24d9633-3c4b0f57-17c0e8f4,14.193,14.374,821,1697,23,23,1.17,0.47,0,0,2498,3000,1021,0,2819,2160
8afc3991-7ec1912b-b24d9633-3c4b0f57-17c0e8f4,14.401,14.706,1057,1962,23,23,1.17,0.47,0,0,2498,3000,1021,0,2819,2160
8afc3991-7ec1912b-b24d9633-3c4b0f57-17c0e8f4,14.734,14.9,1180,2088,23,23,1.17,0.47,0,0,2498,3000,1021,0,2819,2160
8afc3991-7ec1912b-b24d9633-3c4b0f57-17c0e8f4,14.957,15.137,1281,1758,23,23,1.17,0.47,0,0,2498,3000,1021,0,2819,2160
8afc3991-7ec1912b-b24d9633-3c4b0f57-17c0e8f4,15.164,15.373,1169,1981,23,23,1.17,0.47,0,0,2498,3000,1021,0,2819,2160
8afc3991-7ec1912b-b24d9633-3c4b0f57-17c0e8f4,15.484,15.706,1173,2165,23,23,1.17,0.47,0,0,2498,3000,1021,0,2819,2160
8afc3991-7ec1912b-b24d9633-3c4b0f57-17c0e8f4,15.72,15.956,1186,2024,23,23,1.17,0.47,0,0,2498,3000,1021,0,2819,2160
8afc3991-7ec1912b-b24d9633-3c4b0f57-17c0e8f4,15.97,16.275,1172,1955,23,23,1.17,0.47,0,0,2498,3000,1021,0,2819,2160
8afc3991-7ec1912b-b24d9633-3c4b0f57-17c0e8f4,16.317,16.497,1187,2131,23,23,1.17,0.47,0,0,2498,3000,1021,0,2819,2160
8afc3991-7ec1912b-b24d9633-3c4b0f57-17c0e8f4,16.539,16.816,1180,1817,23,23,1.17,0.47,0,0,2498,3000,1021,0,2819,2160
8afc3991-7ec1912b-b24d9633-3c4b0f57-17c0e8f4,16.858,17.094,1279,1526,23,23,1.17,0.47,0,0,2498,3000,1021,0,2819,2160
8afc3991-7ec1912b-b24d9633-3c4b0f57-17c0e8f4,17.135,17.621,1473,1307,23,23,1.17,0.47,0,0,2498,3000,1021,0,2819,2160
8afc3991-7ec1912b-b24d9633-3c4b0f57-17c0e8f4,17.635,17.844,1493,1156,23,23,1.17,0.47,0,0,2498,3000,1021,0,2819,2160
8afc3991-7ec1912b-b24d9633-3c4b0f57-17c0e8f4,17.899,18.204,1478,1334,23,23,1.17,0.47,0,0,2498,3000,1021,0,2819,2160
8afc3991-7ec1912b-b24d9633-3c4b0f57-17c0e8f4,18.232,18.344,1541,1114,23,23,1.17,0.47,0,0,2498,3000,1021,0,2819,2160
8afc3991-7ec1912b-b24d9633-3c4b0f57-17c0e8f4,18.358,18.496,1557,1110,23,23,1.17,0.47,0,0,2498,3000,1021,0,2819,2160
8afc3991-7ec1912b-b24d9633-3c4b0f57-17c0e8f4,18.608,18.788,1458,1320,23,23,1.17,0.47,0,0,2498,3000,1021,0,2819,2160
8afc3991-7ec1912b-b24d9633-3c4b0f57-17c0e8f4,19.927,20.08,1445,1069,23,23,1.17,0.47,0,0,2498,3000,1021,0,2819,2160
8afc3991-7ec1912b-b24d9633-3c4b0f57-17c0e8f4,20.094,20.232,1471,1053,23,23,1.17,0.47,0,0,2498,3000,1021,0,2819,2160
8afc3991-7ec1912b-b24d9633-3c4b0f57-17c0e8f4,20.246,20.58,1509,1261,23,23,1.17,0.47,0,0,2498,3000,1021,0,2819,2160
8afc3991-7ec1912b-b24d9633-3c4b0f57-17c0e8f4,20.663,20.9,1490,1315,23,23,1.17,0.47,0,0,2498,3000,1021,0,2819,2160
8afc3991-7ec1912b-b24d9633-3c4b0f57-17c0e8f4,20.955,21.066,1546,1389,23,23,1.17,0.47,0,0,2498,3000,1021,0,2819,2160
8afc3991-7ec1912b-b24d9633-3c4b0f57-17c0e8f4,21.163,21.288,1663,1125,23,23,1.17,0.47,0,0,2498,3000,1021,0,2819,2160
8afc3991-7ec1912b-b24d9633-3c4b0f57-17c0e8f4,21.51,21.622,1711,666,23,23,1.17,0.47,0,0,2498,3000,1021,0,2819,2160
8afc3991-7ec1912b-b24d9633-3c4b0f57-17c0e8f4,21.996,22.149,1654,1669,23,23,1.17,0.47,0,0,2498,3000,1021,0,2819,2160
8afc3991-7ec1912b-b24d9633-3c4b0f57-17c0e8f4,22.232,22.398,1635,568,23,23,1.17,0.47,0,0,2498,3000,1021,0,2819,2160
8afc3991-7ec1912b-b24d9633-3c4b0f57-17c0e8f4,22.468,22.621,1646,649,23,23,1.17,0.47,0,0,2498,3000,1021,0,2819,2160
8afc3991-7ec1912b-b24d9633-3c4b0f57-17c0e8f4,22.634,22.745,1693,608,23,23,1.17,0.47,0,0,2498,3000,1021,0,2819,2160
8afc3991-7ec1912b-b24d9633-3c4b0f57-17c0e8f4,22.774,22.912,1571,940,23,23,1.17,0.47,0,0,2498,3000,1021,0,2819,2160
8afc3991-7ec1912b-b24d9633-3c4b0f57-17c0e8f4,22.954,23.245,1686,596,23,23,1.17,0.47,0,0,2498,3000,1021,0,2819,2160
8afc3991-7ec1912b-b24d9633-3c4b0f57-17c0e8f4,23.26,23.371,1644,652,23,23,1.17,0.47,0,0,2498,3000,1021,0,2819,2160
8afc3991-7ec1912b-b24d9633-3c4b0f57-17c0e8f4,23.384,23.51,1643,641,23,23,1.17,0.47,0,0,2498,3000,1021,0,2819,2160
8afc3991-7ec1912b-b24d9633-3c4b0f57-17c0e8f4,23.565,23.718,1394,955,23,23,1.17,0.47,0,0,2498,3000,1021,0,2819,2160
8afc3991-7ec1912b-b24d9633-3c4b0f57-17c0e8f4,23.76,23.967,1216,1326,23,23,1.17,0.47,0,0,2498,3000,1021,0,2819,2160
8afc3991-7ec1912b-b24d9633-3c4b0f57-17c0e8f4,24.024,24.134,1624,1073,23,23,1.17,0.47,0,0,2498,3000,1021,0,2819,2160
8afc3991-7ec1912b-b24d9633-3c4b0f57-17c0e8f4,24.231,24.357,1742,1923,23,23,1.17,0.47,0,0,2498,3000,1021,0,2819,2160
8afc3991-7ec1912b-b24d9633-3c4b0f57-17c0e8f4,24.398,24.746,1942,2115,23,23,1.17,0.47,0,0,2498,3000,1021,0,2819,2160
8afc3991-7ec1912b-b24d9633-3c4b0f57-17c0e8f4,24.788,24.996,1517,2059,23,23,1.17,0.47,0,0,2498,3000,1021,0,2819,2160
8afc3991-7ec1912b-b24d9633-3c4b0f57-17c0e8f4,25.038,25.246,1856,1661,23,23,1.17,0.47,0,0,2498,3000,1021,0,2819,2160
8afc3991-7ec1912b-b24d9633-3c4b0f57-17c0e8f4,25.329,25.482,1908,1779,23,23,1.17,0.47,0,0,2498,3000,1021,0,2819,2160
8afc3991-7ec1912b-b24d9633-3c4b0f57-17c0e8f4,25.496,25.677,1711,1699,23,23,1.17,0.47,0,0,2498,3000,1021,0,2819,2160
8afc3991-7ec1912b-b24d9633-3c4b0f57-17c0e8f4,25.732,25.968,939,1740,23,23,1.17,0.47,0,0,2498,3000,1021,0,2819,2160
8afc3991-7ec1912b-b24d9633-3c4b0f57-17c0e8f4,25.996,26.205,746,1844,23,23,1.17,0.47,0,0,2498,3000,1021,0,2819,2160
8afc3991-7ec1912b-b24d9633-3c4b0f57-17c0e8f4,26.246,26.496,753,1410,23,23,1.17,0.47,0,0,2498,3000,1021,0,2819,2160
8afc3991-7ec1912b-b24d9633-3c4b0f57-17c0e8f4,26.538,26.705,801,1628,23,23,1.17,0.47,0,0,2498,3000,1021,0,2819,2160
8afc3991-7ec1912b-b24d9633-3c4b0f57-17c0e8f4,26.788,26.969,938,1895,23,23,1.17,0.47,0,0,2498,3000,1021,0,2819,2160
8afc3991-7ec1912b-b24d9633-3c4b0f57-17c0e8f4,27.01,27.371,1026,2114,23,23,1.17,0.47,0,0,2498,3000,1021,0,2819,2160
8afc3991-7ec1912b-b24d9633-3c4b0f57-17c0e8f4,27.385,27.567,986,2229,23,23,1.17,0.47,0,0,2498,3000,1021,0,2819,2160
8afc3991-7ec1912b-b24d9633-3c4b0f57-17c0e8f4,27.58,27.885,990,2344,23,23,1.17,0.47,0,0,2498,3000,1021,0,2819,2160
8afc3991-7ec1912b-b24d9633-3c4b0f57-17c0e8f4,27.899,28.135,902,2281,23,23,1.17,0.47,0,0,2498,3000,1021,0,2819,2160
8afc3991-7ec1912b-b24d9633-3c4b0f57-17c0e8f4,28.149,28.329,993,2225,23,23,1.17,0.47,0,0,2498,3000,1021,0,2819,2160
8afc3991-7ec1912b-b24d9633-3c4b0f57-17c0e8f4,28.412,28.718,880,1498,23,23,1.17,0.47,0,0,2498,3000,1021,0,2819,2160
8afc3991-7ec1912b-b24d9633-3c4b0f57-17c0e8f4,28.732,29.191,1028,1429,23,23,1.17,0.47,0,0,2498,3000,1021,0,2819,2160
8afc3991-7ec1912b-b24d9633-3c4b0f57-17c0e8f4,29.218,29.426,835,1380,23,23,1.17,0.47,0,0,2498,3000,1021,0,2819,2160
8afc3991-7ec1912b-b24d9633-3c4b0f57-17c0e8f4,29.593,29.788,842,1406,23,23,1.17,0.47,0,0,2498,3000,1021,0,2819,2160
8afc3991-7ec1912b-b24d9633-3c4b0f57-17c0e8f4,29.829,30.176,1021,1438,23,23,1.17,0.47,0,0,2498,3000,1021,0,2819,2160
8afc3991-7ec1912b-b24d9633-3c4b0f57-17c0e8f4,30.204,30.523,809,1485,23,23,1.17,0.47,0,0,2498,3000,1021,0,2819,2160
8afc3991-7ec1912b-b24d9633-3c4b0f57-17c0e8f4,30.759,30.967,820,1495,23,23,1.17,0.47,0,0,2498,3000,1021,0,2819,2160
8afc3991-7ec1912b-b24d9633-3c4b0f57-17c0e8f4,31.036,31.272,765,1451,23,23,1.17,0.47,0,0,2498,3000,1021,0,2819,2160
8afc3991-7ec1912b-b24d9633-3c4b0f57-17c0e8f4,31.299,31.522,887,1515,23,23,1.17,0.47,0,0,2498,3000,1021,0,2819,2160
8afc3991-7ec1912b-b24d9633-3c4b0f57-17c0e8f4,31.577,31.899,1187,1423,23,23,1.17,0.47,0,0,2498,3000,1021,0,2819,2160
8afc3991-7ec1912b-b24d9633-3c4b0f57-17c0e8f4,31.928,32.244,970,1358,23,23,1.17,0.47,0,0,2498,3000,1021,0,2819,2160
8afc3991-7ec1912b-b24d9633-3c4b0f57-17c0e8f4,32.313,32.535,1364,1322,23,23,1.17,0.47,0,0,2498,3000,1021,0,2819,2160
8afc3991-7ec1912b-b24d9633-3c4b0f57-17c0e8f4,32.549,32.799,1478,1305,23,23,1.17,0.47,0,0,2498,3000,1021,0,2819,2160
8afc3991-7ec1912b-b24d9633-3c4b0f57-17c0e8f4,32.813,33.063,1111,1354,23,23,1.17,0.47,0,0,2498,3000,1021,0,2819,2160
8afc3991-7ec1912b-b24d9633-3c4b0f57-17c0e8f4,33.118,33.285,971,1538,23,23,1.17,0.47,0,0,2498,3000,1021,0,2819,2160
8afc3991-7ec1912b-b24d9633-3c4b0f57-17c0e8f4,33.299,33.494,956,1477,23,23,1.17,0.47,0,0,2498,3000,1021,0,2819,2160
8afc3991-7ec1912b-b24d9633-3c4b0f57-17c0e8f4,33.535,33.701,870,1566,23,23,1.17,0.47,0,0,2498,3000,1021,0,2819,2160
8afc3991-7ec1912b-b24d9633-3c4b0f57-17c0e8f4,33.729,33.91,1199,1481,23,23,1.17,0.47,0,0,2498,3000,1021,0,2819,2160
8afc3991-7ec1912b-b24d9633-3c4b0f57-17c0e8f4,33.965,34.09,1552,1316,23,23,1.17,0.47,0,0,2498,3000,1021,0,2819,2160
8afc3991-7ec1912b-b24d9633-3c4b0f57-17c0e8f4,34.105,34.215,1546,1296,23,23,1.17,0.47,0,0,2498,3000,1021,0,2819,2160
8afc3991-7ec1912b-b24d9633-3c4b0f57-17c0e8f4,34.326,34.465,1202,1410,23,23,1.17,0.47,0,0,2498,3000,1021,0,2819,2160
8afc3991-7ec1912b-b24d9633-3c4b0f57-17c0e8f4,34.59,34.743,1388,1360,23,23,1.17,0.47,0,0,2498,3000,1021,0,2819,2160
8afc3991-7ec1912b-b24d9633-3c4b0f57-17c0e8f4,34.785,34.951,842,1449,23,23,1.17,0.47,0,0,2498,3000,1021,0,2819,2160
8afc3991-7ec1912b-b24d9633-3c4b0f57-17c0e8f4,34.965,35.132,874,1461,23,23,1.17,0.47,0,0,2498,3000,1021,0,2819,2160
8afc3991-7ec1912b-b24d9633-3c4b0f57-17c0e8f4,35.146,35.271,860,1657,23,23,1.17,0.47,0,0,2498,3000,1021,0,2819,2160
8afc3991-7ec1912b-b24d9633-3c4b0f57-17c0e8f4,35.327,35.438,922,1966,23,23,1.17,0.47,0,0,2498,3000,1021,0,2819,2160
8afc3991-7ec1912b-b24d9633-3c4b0f57-17c0e8f4,35.494,35.634,976,1854,23,23,1.17,0.47,0,0,2498,3000,1021,0,2819,2160
8afc3991-7ec1912b-b24d9633-3c4b0f57-17c0e8f4,35.661,35.938,908,1931,23,23,1.17,0.47,0,0,2498,3000,1021,0,2819,2160
8afc3991-7ec1912b-b24d9633-3c4b0f57-17c0e8f4,35.951,36.202,924,1753,23,23,1.17,0.47,0,0,2498,3000,1021,0,2819,2160
8afc3991-7ec1912b-b24d9633-3c4b0f57-17c0e8f4,36.258,36.465,870,1979,23,23,1.17,0.47,0,0,2498,3000,1021,0,2819,2160
8afc3991-7ec1912b-b24d9633-3c4b0f57-17c0e8f4,36.493,36.646,624,1964,23,23,1.17,0.47,0,0,2498,3000,1021,0,2819,2160
8afc3991-7ec1912b-b24d9633-3c4b0f57-17c0e8f4,36.73,36.979,966,1693,23,23,1.17,0.47,0,0,2498,3000,1021,0,2819,2160
8afc3991-7ec1912b-b24d9633-3c4b0f57-17c0e8f4,37.007,37.298,778,1521,23,23,1.17,0.47,0,0,2498,3000,1021,0,2819,2160
8afc3991-7ec1912b-b24d9633-3c4b0f57-17c0e8f4,37.312,37.52,778,1403,23,23,1.17,0.47,0,0,2498,3000,1021,0,2819,2160
8afc3991-7ec1912b-b24d9633-3c4b0f57-17c0e8f4,37.715,37.895,848,1488,23,23,1.17,0.47,0,0,2498,3000,1021,0,2819,2160
8afc3991-7ec1912b-b24d9633-3c4b0f57-17c0e8f4,37.909,38.048,817,1510,23,23,1.17,0.47,0,0,2498,3000,1021,0,2819,2160
8afc3991-7ec1912b-b24d9633-3c4b0f57-17c0e8f4,38.062,38.326,744,1470,23,23,1.17,0.47,0,0,2498,3000,1021,0,2819,2160
8afc3991-7ec1912b-b24d9633-3c4b0f57-17c0e8f4,38.367,38.492,817,1545,23,23,1.17,0.47,0,0,2498,3000,1021,0,2819,2160
8afc3991-7ec1912b-b24d9633-3c4b0f57-17c0e8f4,38.659,38.826,1551,1345,23,23,1.17,0.47,0,0,2498,3000,1021,0,2819,2160
8afc3991-7ec1912b-b24d9633-3c4b0f57-17c0e8f4,38.84,39.09,1500,1364,23,23,1.17,0.47,0,0,2498,3000,1021,0,2819,2160
8afc3991-7ec1912b-b24d9633-3c4b0f57-17c0e8f4,39.159,39.409,856,1500,23,23,1.17,0.47,0,0,2498,3000,1021,0,2819,2160
8afc3991-7ec1912b-b24d9633-3c4b0f57-17c0e8f4,39.423,39.687,815,1490,23,23,1.17,0.47,0,0,2498,3000,1021,0,2819,2160
8afc3991-7ec1912b-b24d9633-3c4b0f57-17c0e8f4,39.7,39.853,827,1514,23,23,1.17,0.47,0,0,2498,3000,1021,0,2819,2160
8afc3991-7ec1912b-b24d9633-3c4b0f57-17c0e8f4,39.895,40.145,512,1195,23,23,1.17,0.47,0,0,2498,3000,1021,0,2819,2160
8afc3991-7ec1912b-b24d9633-3c4b0f57-17c0e8f4,40.214,40.339,741,1463,23,23,1.17,0.47,0,0,2498,3000,1021,0,2819,2160
8afc3991-7ec1912b-b24d9633-3c4b0f57-17c0e8f4,40.409,40.561,350,1262,23,23,1.17,0.47,0,0,2498,3000,1021,0,2819,2160
8afc3991-7ec1912b-b24d9633-3c4b0f57-17c0e8f4,40.59,40.7,419,1253,23,23,1.17,0.47,0,0,2498,3000,1021,0,2819,2160
8afc3991-7ec1912b-b24d9633-3c4b0f57-17c0e8f4,40.714,40.993,425,1151,23,23,1.17,0.47,0,0,2498,3000,1021,0,2819,2160
8afc3991-7ec1912b-b24d9633-3c4b0f57-17c0e8f4,41.007,41.242,364,1130,23,23,1.17,0.47,0,0,2498,3000,1021,0,2819,2160
8afc3991-7ec1912b-b24d9633-3c4b0f57-17c0e8f4,41.284,41.478,299,995,23,23,1.17,0.47,0,0,2498,3000,1021,0,2819,2160
8afc3991-7ec1912b-b24d9633-3c4b0f57-17c0e8f4,41.492,41.617,320,1023,23,23,1.17,0.47,0,0,2498,3000,1021,0,2819,2160
8afc3991-7ec1912b-b24d9633-3c4b0f57-17c0e8f4,41.631,42.019,391,1078,23,23,1.17,0.47,0,0,2498,3000,1021,0,2819,2160
8afc3991-7ec1912b-b24d9633-3c4b0f57-17c0e8f4,42.033,42.479,395,1101,23,23,1.17,0.47,0,0,2498,3000,1021,0,2819,2160
8afc3991-7ec1912b-b24d9633-3c4b0f57-17c0e8f4,42.505,42.714,593,1096,23,23,1.17,0.47,0,0,2498,3000,1021,0,2819,2160
8afc3991-7ec1912b-b24d9633-3c4b0f57-17c0e8f4,43.199,43.422,424,1132,23,23,1.17,0.47,0,0,2498,3000,1021,0,2819,2160
8afc3991-7ec1912b-b24d9633-3c4b0f57-17c0e8f4,43.435,43.852,374,1097,23,23,1.17,0.47,0,0,2498,3000,1021,0,2819,2160
8afc3991-7ec1912b-b24d9633-3c4b0f57-17c0e8f4,43.894,44.24,459,1071,23,23,1.17,0.47,0,0,2498,3000,1021,0,2819,2160
8afc3991-7ec1912b-b24d9633-3c4b0f57-17c0e8f4,44.282,44.575,376,1103,23,23,1.17,0.47,0,0,2498,3000,1021,0,2819,2160
8afc3991-7ec1912b-b24d9633-3c4b0f57-17c0e8f4,44.601,44.81,738,1101,23,23,1.17,0.47,0,0,2498,3000,1021,0,2819,2160
8afc3991-7ec1912b-b24d9633-3c4b0f57-17c0e8f4,44.838,45.241,377,1081,23,23,1.17,0.47,0,0,2498,3000,1021,0,2819,2160
8afc3991-7ec1912b-b24d9633-3c4b0f57-17c0e8f4,45.254,45.561,419,1133,23,23,1.17,0.47,0,0,2498,3000,1021,0,2819,2160
8afc3991-7ec1912b-b24d9633-3c4b0f57-17c0e8f4,45.575,45.81,372,1123,23,23,1.17,0.47,0,0,2498,3000,1021,0,2819,2160
8afc3991-7ec1912b-b24d9633-3c4b0f57-17c0e8f4,46.213,46.324,1836,1065,23,23,1.17,0.47,0,0,2498,3000,1021,0,2819,2160
8afc3991-7ec1912b-b24d9633-3c4b0f57-17c0e8f4,46.505,46.698,2247,1100,23,23,1.17,0.47,0,0,2498,3000,1021,0,2819,2160
8afc3991-7ec1912b-b24d9633-3c4b0f57-17c0e8f4,46.712,46.88,2208,1082,23,23,1.17,0.47,0,0,2498,3000,1021,0,2819,2160
8afc3991-7ec1912b-b24d9633-3c4b0f57-17c0e8f4,46.922,47.157,2187,1135,23,23,1.17,0.47,0,0,2498,3000,1021,0,2819,2160
8afc3991-7ec1912b-b24d9633-3c4b0f57-17c0e8f4,47.171,47.351,2199,1138,23,23,1.17,0.47,0,0,2498,3000,1021,0,2819,2160
8afc3991-7ec1912b-b24d9633-3c4b0f57-17c0e8f4,47.365,47.575,2206,1159,23,23,1.17,0.47,0,0,2498,3000,1021,0,2819,2160
8afc3991-7ec1912b-b24d9633-3c4b0f57-17c0e8f4,48.116,48.228,295,1074,23,23,1.17,0.47,0,0,2498,3000,1021,0,2819,2160
8afc3991-7ec1912b-b24d9633-3c4b0f57-17c0e8f4,48.241,48.436,357,1068,23,23,1.17,0.47,0,0,2498,3000,1021,0,2819,2160
8afc3991-7ec1912b-b24d9633-3c4b0f57-17c0e8f4,48.45,48.617,369,1087,23,23,1.17,0.47,0,0,2498,3000,1021,0,2819,2160
8afc3991-7ec1912b-b24d9633-3c4b0f57-17c0e8f4,48.63,48.825,371,1111,23,23,1.17,0.47,0,0,2498,3000,1021,0,2819,2160
8afc3991-7ec1912b-b24d9633-3c4b0f57-17c0e8f4,48.84,49.186,406,1169,23,23,1.17,0.47,0,0,2498,3000,1021,0,2819,2160
8afc3991-7ec1912b-b24d9633-3c4b0f57-17c0e8f4,49.201,49.367,390,1321,23,23,1.17,0.47,0,0,2498,3000,1021,0,2819,2160
8afc3991-7ec1912b-b24d9633-3c4b0f57-17c0e8f4,49.533,49.644,591,1863,23,23,1.17,0.47,0,0,2498,3000,1021,0,2819,2160
8afc3991-7ec1912b-b24d9633-3c4b0f57-17c0e8f4,49.686,49.936,694,2081,23,23,1.17,0.47,0,0,2498,3000,1021,0,2819,2160
8afc3991-7ec1912b-b24d9633-3c4b0f57-17c0e8f4,49.978,50.186,1153,2229,23,23,1.17,0.47,0,0,2498,3000,1021,0,2819,2160
8afc3991-7ec1912b-b24d9633-3c4b0f57-17c0e8f4,50.256,50.448,1310,2179,23,23,1.17,0.47,0,0,2498,3000,1021,0,2819,2160
8afc3991-7ec1912b-b24d9633-3c4b0f57-17c0e8f4,50.503,50.655,1140,2106,23,23,1.17,0.47,0,0,2498,3000,1021,0,2819,2160
8afc3991-7ec1912b-b24d9633-3c4b0f57-17c0e8f4,50.738,50.972,358,1111,23,23,1.17,0.47,0,0,2498,3000,1021,0,2819,2160
8afc3991-7ec1912b-b24d9633-3c4b0f57-17c0e8f4,51.236,51.347,474,1297,23,23,1.17,0.47,0,0,2498,3000,1021,0,2819,2160
8afc3991-7ec1912b-b24d9633-3c4b0f57-17c0e8f4,51.458,51.597,1387,2269,23,23,1.17,0.47,0,0,2498,3000,1021,0,2819,2160
8afc3991-7ec1912b-b24d9633-3c4b0f57-17c0e8f4,51.625,51.736,1434,2333,23,23,1.17,0.47,0,0,2498,3000,1021,0,2819,2160
8afc3991-7ec1912b-b24d9633-3c4b0f57-17c0e8f4,51.792,52.208,1175,2261,23,23,1.17,0.47,0,0,2498,3000,1021,0,2819,2160
8afc3991-7ec1912b-b24d9633-3c4b0f57-17c0e8f4,52.222,52.472,1177,2241,23,23,1.17,0.47,0,0,2498,3000,1021,0,2819,2160
8afc3991-7ec1912b-b24d9633-3c4b0f57-17c0e8f4,52.486,52.875,1228,2217,23,23,1.17,0.47,0,0,2498,3000,1021,0,2819,2160
8afc3991-7ec1912b-b24d9633-3c4b0f57-17c0e8f4,52.944,53.098,1246,2032,23,23,1.17,0.47,0,0,2498,3000,1021,0,2819,2160
8afc3991-7ec1912b-b24d9633-3c4b0f57-17c0e8f4,53.194,53.36,1999,2110,23,23,1.17,0.47,0,0,2498,3000,1021,0,2819,2160
8afc3991-7ec1912b-b24d9633-3c4b0f57-17c0e8f4,53.374,53.499,1970,2094,23,23,1.17,0.47,0,0,2498,3000,1021,0,2819,2160
8afc3991-7ec1912b-b24d9633-3c4b0f57-17c0e8f4,53.805,53.958,2137,2522,23,23,1.17,0.47,0,0,2498,3000,1021,0,2819,2160
8afc3991-7ec1912b-b24d9633-3c4b0f57-17c0e8f4,54.028,54.18,1773,2505,23,23,1.17,0.47,0,0,2498,3000,1021,0,2819,2160
8afc3991-7ec1912b-b24d9633-3c4b0f57-17c0e8f4,54.319,54.527,1295,2155,23,23,1.17,0.47,0,0,2498,3000,1021,0,2819,2160
8afc3991-7ec1912b-b24d9633-3c4b0f57-17c0e8f4,54.583,54.819,1374,2122,23,23,1.17,0.47,0,0,2498,3000,1021,0,2819,2160
8afc3991-7ec1912b-b24d9633-3c4b0f57-17c0e8f4,54.875,55.042,797,2041,23,23,1.17,0.47,0,0,2498,3000,1021,0,2819,2160
8afc3991-7ec1912b-b24d9633-3c4b0f57-17c0e8f4,55.139,55.347,868,2344,23,23,1.17,0.47,0,0,2498,3000,1021,0,2819,2160
8afc3991-7ec1912b-b24d9633-3c4b0f57-17c0e8f4,55.375,55.514,912,2510,23,23,1.17,0.47,0,0,2498,3000,1021,0,2819,2160
8afc3991-7ec1912b-b24d9633-3c4b0f57-17c0e8f4,55.653,55.764,1544,2511,23,23,1.17,0.47,0,0,2498,3000,1021,0,2819,2160
8afc3991-7ec1912b-b24d9633-3c4b0f57-17c0e8f4,55.778,56.013,1526,2494,23,23,1.17,0.47,0,0,2498,3000,1021,0,2819,2160
8afc3991-7ec1912b-b24d9633-3c4b0f57-17c0e8f4,56.055,56.221,1016,2438,23,23,1.17,0.47,0,0,2498,3000,1021,0,2819,2160
8afc3991-7ec1912b-b24d9633-3c4b0f57-17c0e8f4,56.235,56.61,1142,2542,23,23,1.17,0.47,0,0,2498,3000,1021,0,2819,2160
8afc3991-7ec1912b-b24d9633-3c4b0f57-17c0e8f4,56.624,56.846,1268,2552,23,23,1.17,0.47,0,0,2498,3000,1021,0,2819,2160
8afc3991-7ec1912b-b24d9633-3c4b0f57-17c0e8f4,56.874,57.137,1159,2490,23,23,1.17,0.47,0,0,2498,3000,1021,0,2819,2160
8afc3991-7ec1912b-b24d9633-3c4b0f57-17c0e8f4,57.165,57.526,1163,2254,23,23,1.17,0.47,0,0,2498,3000,1021,0,2819,2160
8afc3991-7ec1912b-b24d9633-3c4b0f57-17c0e8f4,57.554,57.901,1158,2154,23,23,1.17,0.47,0,0,2498,3000,1021,0,2819,2160
8afc3991-7ec1912b-b24d9633-3c4b0f57-17c0e8f4,57.915,58.151,1209,2080,23,23,1.17,0.47,0,0,2498,3000,1021,0,2819,2160
8afc3991-7ec1912b-b24d9633-3c4b0f57-17c0e8f4,58.304,58.471,1146,2242,23,23,1.17,0.47,0,0,2498,3000,1021,0,2819,2160
8afc3991-7ec1912b-b24d9633-3c4b0f57-17c0e8f4,58.498,58.832,1165,2475,23,23,1.17,0.47,0,0,2498,3000,1021,0,2819,2160
8afc3991-7ec1912b-b24d9633-3c4b0f57-17c0e8f4,58.846,59.04,1180,2527,23,23,1.17,0.47,0,0,2498,3000,1021,0,2819,2160
8afc3991-7ec1912b-b24d9633-3c4b0f57-17c0e8f4,59.067,59.361,1267,2119,23,23,1.17,0.47,0,0,2498,3000,1021,0,2819,2160
8afc3991-7ec1912b-b24d9633-3c4b0f57-17c0e8f4,59.389,59.639,1159,1987,23,23,1.17,0.47,0,0,2498,3000,1021,0,2819,2160
8afc3991-7ec1912b-b24d9633-3c4b0f57-17c0e8f4,59.667,59.986,1276,1863,23,23,1.17,0.47,0,0,2498,3000,1021,0,2819,2160
8afc3991-7ec1912b-b24d9633-3c4b0f57-17c0e8f4,60.0,60.195,1290,1716,23,23,1.17,0.47,0,0,2498,3000,1021,0,2819,2160
8afc3991-7ec1912b-b24d9633-3c4b0f57-17c0e8f4,60.25,60.569,856,1860,23,23,1.17,0.47,0,0,2498,3000,1021,0,2819,2160
8afc3991-7ec1912b-b24d9633-3c4b0f57-17c0e8f4,60.583,60.792,995,1892,23,23,1.17,0.47,0,0,2498,3000,1021,0,2819,2160
8afc3991-7ec1912b-b24d9633-3c4b0f57-17c0e8f4,60.876,61.084,1079,1923,23,23,1.17,0.47,0,0,2498,3000,1021,0,2819,2160
8afc3991-7ec1912b-b24d9633-3c4b0f57-17c0e8f4,61.126,61.348,1486,1925,23,23,1.17,0.47,0,0,2498,3000,1021,0,2819,2160
8afc3991-7ec1912b-b24d9633-3c4b0f57-17c0e8f4,61.459,61.57,990,1811,23,23,1.17,0.47,0,0,2498,3000,1021,0,2819,2160
8afc3991-7ec1912b-b24d9633-3c4b0f57-17c0e8f4,61.584,61.751,1003,1853,23,23,1.17,0.47,0,0,2498,3000,1021,0,2819,2160
8afc3991-7ec1912b-b24d9633-3c4b0f57-17c0e8f4,61.765,61.876,995,1798,23,23,1.17,0.47,0,0,2498,3000,1021,0,2819,2160
8afc3991-7ec1912b-b24d9633-3c4b0f57-17c0e8f4,61.904,62.056,1089,1855,23,23,1.17,0.47,0,0,2498,3000,1021,0,2819,2160
8afc3991-7ec1912b-b24d9633-3c4b0f57-17c0e8f4,62.112,62.432,1456,1958,23,23,1.17,0.47,0,0,2498,3000,1021,0,2819,2160
8afc3991-7ec1912b-b24d9633-3c4b0f57-17c0e8f4,62.445,62.654,1424,1992,23,23,1.17,0.47,0,0,2498,3000,1021,0,2819,2160
8afc3991-7ec1912b-b24d9633-3c4b0f57-17c0e8f4,62.876,63.043,1398,1984,23,23,1.17,0.47,0,0,2498,3000,1021,0,2819,2160
8afc3991-7ec1912b-b24d9633-3c4b0f57-17c0e8f4,63.126,63.612,1181,2035,23,23,1.17,0.47,0,0,2498,3000,1021,0,2819,2160
8afc3991-7ec1912b-b24d9633-3c4b0f57-17c0e8f4,63.668,63.876,1445,2013,23,23,1.17,0.47,0,0,2498,3000,1021,0,2819,2160
8afc3991-7ec1912b-b24d9633-3c4b0f57-17c0e8f4,63.987,64.14,1500,2002,23,23,1.17,0.47,0,0,2498,3000,1021,0,2819,2160
8afc3991-7ec1912b-b24d9633-3c4b0f57-17c0e8f4,64.154,64.293,1480,2009,23,23,1.17,0.47,0,0,2498,3000,1021,0,2819,2160
8afc3991-7ec1912b-b24d9633-3c4b0f57-17c0e8f4,64.321,64.626,1101,1915,23,23,1.17,0.47,0,0,2498,3000,1021,0,2819,2160
8afc3991-7ec1912b-b24d9633-3c4b0f57-17c0e8f4,64.751,65.043,962,1882,23,23,1.17,0.47,0,0,2498,3000,1021,0,2819,2160
8afc3991-7ec1912b-b24d9633-3c4b0f57-17c0e8f4,65.14,65.279,380,2291,23,23,1.17,0.47,0,0,2498,3000,1021,0,2819,2160
8afc3991-7ec1912b-b24d9633-3c4b0f57-17c0e8f4,65.474,65.696,306,2382,23,23,1.17,0.47,0,0,2498,3000,1021,0,2819,2160
8afc3991-7ec1912b-b24d9633-3c4b0f57-17c0e8f4,65.737,65.89,275,2311,23,23,1.17,0.47,0,0,2498,3000,1021,0,2819,2160
8afc3991-7ec1912b-b24d9633-3c4b0f57-17c0e8f4,65.904,66.043,517,2262,23,23,1.17,0.47,0,0,2498,3000,1021,0,2819,2160
8afc3991-7ec1912b-b24d9633-3c4b0f57-17c0e8f4,66.14,66.279,371,2414,23,23,1.17,0.47,0,0,2498,3000,1021,0,2819,2160
8afc3991-7ec1912b-b24d9633-3c4b0f57-17c0e8f4,66.529,66.64,194,2569,23,23,1.17,0.47,0,0,2498,3000,1021,0,2819,2160
8afc3991-7ec1912b-b24d9633-3c4b0f57-17c0e8f4,66.669,66.835,590,2543,23,23,1.17,0.47,0,0,2498,3000,1021,0,2819,2160
8afc3991-7ec1912b-b24d9633-3c4b0f57-17c0e8f4,66.891,67.015,138,2521,23,23,1.17,0.47,0,0,2498,3000,1021,0,2819,2160
8afc3991-7ec1912b-b24d9633-3c4b0f57-17c0e8f4,67.029,67.14,179,2506,23,23,1.17,0.47,0,0,2498,3000,1021,0,2819,2160
8afc3991-7ec1912b-b24d9633-3c4b0f57-17c0e8f4,67.36,67.636,2110,2599,23,23,1.17,0.47,0,0,2498,3000,1021,0,2819,2160
8afc3991-7ec1912b-b24d9633-3c4b0f57-17c0e8f4,67.886,68.275,1199,2638,23,23,1.17,0.47,0,0,2498,3000,1021,0,2819,2160
8afc3991-7ec1912b-b24d9633-3c4b0f57-17c0e8f4,68.302,68.58,898,2487,23,23,1.17,0.47,0,0,2498,3000,1021,0,2819,2160
8afc3991-7ec1912b-b24d9633-3c4b0f57-17c0e8f4,68.649,68.788,1565,2379,23,23,1.17,0.47,0,0,2498,3000,1021,0,2819,2160
8afc3991-7ec1912b-b24d9633-3c4b0f57-17c0e8f4,68.941,69.122,1929,1749,23,23,1.17,0.47,0,0,2498,3000,1021,0,2819,2160
8afc3991-7ec1912b-b24d9633-3c4b0f57-17c0e8f4,69.163,69.33,1746,2049,23,23,1.17,0.47,0,0,2498,3000,1021,0,2819,2160
8afc3991-7ec1912b-b24d9633-3c4b0f57-17c0e8f4,69.385,69.649,1619,2390,23,23,1.17,0.47,0,0,2498,3000,1021,0,2819,2160
8afc3991-7ec1912b-b24d9633-3c4b0f57-17c0e8f4,69.663,69.816,1654,2461,23,23,1.17,0.47,0,0,2498,3000,1021,0,2819,2160
8afc3991-7ec1912b-b24d9633-3c4b0f57-17c0e8f4,69.885,70.08,2299,1528,23,23,1.17,0.47,0,0,2498,3000,1021,0,2819,2160
8afc3991-7ec1912b-b24d9633-3c4b0f57-17c0e8f4,70.094,70.219,2235,1558,23,23,1.17,0.47,0,0,2498,3000,1021,0,2819,2160
8afc3991-7ec1912b-b24d9633-3c4b0f57-17c0e8f4,70.302,70.496,1841,1612,23,23,1.17,0.47,0,0,2498,3000,1021,0,2819,2160
8afc3991-7ec1912b-b24d9633-3c4b0f57-17c0e8f4,70.525,70.677,1753,1967,23,23,1.17,0.47,0,0,2498,3000,1021,0,2819,2160
8afc3991-7ec1912b-b24d9633-3c4b0f57-17c0e8f4,70.705,71.024,1933,2058,23,23,1.17,0.47,0,0,2498,3000,1021,0,2819,2160
8afc3991-7ec1912b-b24d9633-3c4b0f57-17c0e8f4,71.094,71.26,2076,2487,23,23,1.17,0.47,0,0,2498,3000,1021,0,2819,2160
8afc3991-7ec1912b-b24d9633-3c4b0f57-17c0e8f4,71.274,71.552,2145,2612,23,23,1.17,0.47,0,0,2498,3000,1021,0,2819,2160
8afc3991-7ec1912b-b24d9633-3c4b0f57-17c0e8f4,71.622,72.025,1192,2685,23,23,1.17,0.47,0,0,2498,3000,1021,0,2819,2160
8afc3991-7ec1912b-b24d9633-3c4b0f57-17c0e8f4,72.066,72.177,1187,2803,23,23,1.17,0.47,0,0,2498,3000,1021,0,2819,2160
8afc3991-7ec1912b-b24d9633-3c4b0f57-17c0e8f4,72.191,72.344,1217,2760,23,23,1.17,0.47,0,0,2498,3000,1021,0,2819,2160
8afc3991-7ec1912b-b24d9633-3c4b0f57-17c0e8f4,72.539,72.677,936,1190,23,23,1.17,0.47,0,0,2498,3000,1021,0,2819,2160
8afc3991-7ec1912b-b24d9633-3c4b0f57-17c0e8f4,72.913,73.025,1502,1128,23,23,1.17,0.47,0,0,2498,3000,1021,0,2819,2160
8afc3991-7ec1912b-b24d9633-3c4b0f57-17c0e8f4,73.428,73.567,1496,1072,23,23,1.17,0.47,0,0,2498,3000,1021,0,2819,2160
8afc3991-7ec1912b-b24d9633-3c4b0f57-17c0e8f4,73.72,73.83,1732,478,23,23,1.17,0.47,0,0,2498,3000,1021,0,2819,2160
8afc3991-7ec1912b-b24d9633-3c4b0f57-17c0e8f4,73.845,73.983,1737,488,23,23,1.17,0.47,0,0,2498,3000,1021,0,2819,2160
8afc3991-7ec1912b-b24d9633-3c4b0f57-17c0e8f4,73.998,74.15,1709,530,23,23,1.17,0.47,0,0,2498,3000,1021,0,2819,2160
8afc3991-7ec1912b-b24d9633-3c4b0f57-17c0e8f4,74.178,74.33,1868,441,23,23,1.17,0.47,0,0,2498,3000,1021,0,2819,2160
8afc3991-7ec1912b-b24d9633-3c4b0f57-17c0e8f4,74.345,74.456,1874,493,23,23,1.17,0.47,0,0,2498,3000,1021,0,2819,2160
8afc3991-7ec1912b-b24d9633-3c4b0f57-17c0e8f4,74.525,74.695,1788,397,23,23,1.17,0.47,0,0,2498,3000,1021,0,2819,2160
8afc3991-7ec1912b-b24d9633-3c4b0f57-17c0e8f4,74.724,74.942,2230,550,23,23,1.17,0.47,0,0,2498,3000,1021,0,2819,2160
8afc3991-7ec1912b-b24d9633-3c4b0f57-17c0e8f4,74.983,75.164,2298,859,23,23,1.17,0.47,0,0,2498,3000,1021,0,2819,2160
8afc3991-7ec1912b-b24d9633-3c4b0f57-17c0e8f4,75.817,75.956,616,1139,23,23,1.17,0.47,0,0,2498,3000,1021,0,2819,2160
8afc3991-7ec1912b-b24d9633-3c4b0f57-17c0e8f4,75.997,76.358,992,1271,23,23,1.17,0.47,0,0,2498,3000,1021,0,2819,2160
8afc3991-7ec1912b-b24d9633-3c4b0f57-17c0e8f4,76.456,76.65,1379,1262,23,23,1.17,0.47,0,0,2498,3000,1021,0,2819,2160
5c61db80-672e0874-ba236081-53d2f8ad-ab8d2efb,0.0,0.333,1323,1274,23,23,1.17,0.47,0,0,2498,3000,1021,0,2819,2160
5c61db80-672e0874-ba236081-53d2f8ad-ab8d2efb,0.389,0.528,968,1453,23,23,1.17,0.47,0,0,2498,3000,1021,0,2819,2160
5c61db80-672e0874-ba236081-53d2f8ad-ab8d2efb,0.556,0.681,1088,1679,23,23,1.17,0.47,0,0,2498,3000,1021,0,2819,2160
5c61db80-672e0874-ba236081-53d2f8ad-ab8d2efb,0.736,1.0,1127,1953,23,23,1.17,0.47,0,0,2498,3000,1021,0,2819,2160
5c61db80-672e0874-ba236081-53d2f8ad-ab8d2efb,1.097,1.209,1499,1846,23,23,1.17,0.47,0,0,2498,3000,1021,0,2819,2160
5c61db80-672e0874-ba236081-53d2f8ad-ab8d2efb,1.25,1.487,1459,1841,23,23,1.17,0.47,0,0,2498,3000,1021,0,2819,2160
5c61db80-672e0874-ba236081-53d2f8ad-ab8d2efb,1.514,1.806,1659,1738,23,23,1.17,0.47,0,0,2498,3000,1021,0,2819,2160
5c61db80-672e0874-ba236081-53d2f8ad-ab8d2efb,1.889,2.043,780,1654,23,23,1.17,0.47,0,0,2498,3000,1021,0,2819,2160
5c61db80-672e0874-ba236081-53d2f8ad-ab8d2efb,2.112,2.222,1060,2082,23,23,1.17,0.47,0,0,2498,3000,1021,0,2819,2160
5c61db80-672e0874-ba236081-53d2f8ad-ab8d2efb,2.25,2.501,1053,2651,23,23,1.17,0.47,0,0,2498,3000,1021,0,2819,2160
5c61db80-672e0874-ba236081-53d2f8ad-ab8d2efb,2.654,2.959,1328,2419,23,23,1.17,0.47,0,0,2498,3000,1021,0,2819,2160
5c61db80-672e0874-ba236081-53d2f8ad-ab8d2efb,3.0,3.195,1553,2485,23,23,1.17,0.47,0,0,2498,3000,1021,0,2819,2160
5c61db80-672e0874-ba236081-53d2f8ad-ab8d2efb,3.223,3.446,1487,2537,23,23,1.17,0.47,0,0,2498,3000,1021,0,2819,2160
5c61db80-672e0874-ba236081-53d2f8ad-ab8d2efb,3.487,3.71,1117,2585,23,23,1.17,0.47,0,0,2498,3000,1021,0,2819,2160
5c61db80-672e0874-ba236081-53d2f8ad-ab8d2efb,3.737,3.959,1401,2561,23,23,1.17,0.47,0,0,2498,3000,1021,0,2819,2160
5c61db80-672e0874-ba236081-53d2f8ad-ab8d2efb,3.987,4.348,1570,2574,23,23,1.17,0.47,0,0,2498,3000,1021,0,2819,2160
5c61db80-672e0874-ba236081-53d2f8ad-ab8d2efb,4.403,4.626,1385,2540,23,23,1.17,0.47,0,0,2498,3000,1021,0,2819,2160
5c61db80-672e0874-ba236081-53d2f8ad-ab8d2efb,4.64,5.181,1386,2519,23,23,1.17,0.47,0,0,2498,3000,1021,0,2819,2160
5c61db80-672e0874-ba236081-53d2f8ad-ab8d2efb,5.195,5.307,1323,2496,23,23,1.17,0.47,0,0,2498,3000,1021,0,2819,2160
5c61db80-672e0874-ba236081-53d2f8ad-ab8d2efb,5.32,5.64,1486,2385,23,23,1.17,0.47,0,0,2498,3000,1021,0,2819,2160
5c61db80-672e0874-ba236081-53d2f8ad-ab8d2efb,5.667,5.918,1676,2402,23,23,1.17,0.47,0,0,2498,3000,1021,0,2819,2160
5c61db80-672e0874-ba236081-53d2f8ad-ab8d2efb,5.987,6.112,2073,2651,23,23,1.17,0.47,0,0,2498,3000,1021,0,2819,2160
5c61db80-672e0874-ba236081-53d2f8ad-ab8d2efb,6.279,6.446,1599,1798,23,23,1.17,0.47,0,0,2498,3000,1021,0,2819,2160
5c61db80-672e0874-ba236081-53d2f8ad-ab8d2efb,6.57,6.877,913,1671,23,23,1.17,0.47,0,0,2498,3000,1021,0,2819,2160
5c61db80-672e0874-ba236081-53d2f8ad-ab8d2efb,6.89,7.21,900,1765,23,23,1.17,0.47,0,0,2498,3000,1021,0,2819,2160
5c61db80-672e0874-ba236081-53d2f8ad-ab8d2efb,7.237,7.418,982,1847,23,23,1.17,0.47,0,0,2498,3000,1021,0,2819,2160
5c61db80-672e0874-ba236081-53d2f8ad-ab8d2efb,7.459,7.584,777,1365,23,23,1.17,0.47,0,0,2498,3000,1021,0,2819,2160
5c61db80-672e0874-ba236081-53d2f8ad-ab8d2efb,7.598,7.71,807,1396,23,23,1.17,0.47,0,0,2498,3000,1021,0,2819,2160
5c61db80-672e0874-ba236081-53d2f8ad-ab8d2efb,7.751,7.863,965,1804,23,23,1.17,0.47,0,0,2498,3000,1021,0,2819,2160
5c61db80-672e0874-ba236081-53d2f8ad-ab8d2efb,7.918,8.154,1034,2228,23,23,1.17,0.47,0,0,2498,3000,1021,0,2819,2160
5c61db80-672e0874-ba236081-53d2f8ad-ab8d2efb,8.21,8.405,778,1885,23,23,1.17,0.47,0,0,2498,3000,1021,0,2819,2160
5c61db80-672e0874-ba236081-53d2f8ad-ab8d2efb,8.46,8.709,684,1407,23,23,1.17,0.47,0,0,2498,3000,1021,0,2819,2160
5c61db80-672e0874-ba236081-53d2f8ad-ab8d2efb,8.737,8.96,636,1600,23,23,1.17,0.47,0,0,2498,3000,1021,0,2819,2160
5c61db80-672e0874-ba236081-53d2f8ad-ab8d2efb,9.001,9.279,734,1260,23,23,1.17,0.47,0,0,2498,3000,1021,0,2819,2160
5c61db80-672e0874-ba236081-53d2f8ad-ab8d2efb,9.307,9.474,724,1530,23,23,1.17,0.47,0,0,2498,3000,1021,0,2819,2160
5c61db80-672e0874-ba236081-53d2f8ad-ab8d2efb,9.584,9.696,779,1789,23,23,1.17,0.47,0,0,2498,3000,1021,0,2819,2160
5c61db80-672e0874-ba236081-53d2f8ad-ab8d2efb,9.71,9.849,769,1830,23,23,1.17,0.47,0,0,2498,3000,1021,0,2819,2160
5c61db80-672e0874-ba236081-53d2f8ad-ab8d2efb,9.891,10.015,801,2119,23,23,1.17,0.47,0,0,2498,3000,1021,0,2819,2160
5c61db80-672e0874-ba236081-53d2f8ad-ab8d2efb,10.127,10.446,855,2286,23,23,1.17,0.47,0,0,2498,3000,1021,0,2819,2160
5c61db80-672e0874-ba236081-53d2f8ad-ab8d2efb,10.474,10.627,1127,2188,23,23,1.17,0.47,0,0,2498,3000,1021,0,2819,2160
5c61db80-672e0874-ba236081-53d2f8ad-ab8d2efb,10.738,10.945,1030,2195,23,23,1.17,0.47,0,0,2498,3000,1021,0,2819,2160
5c61db80-672e0874-ba236081-53d2f8ad-ab8d2efb,10.973,11.262,749,1892,23,23,1.17,0.47,0,0,2498,3000,1021,0,2819,2160
5c61db80-672e0874-ba236081-53d2f8ad-ab8d2efb,11.304,11.538,753,1599,23,23,1.17,0.47,0,0,2498,3000,1021,0,2819,2160
5c61db80-672e0874-ba236081-53d2f8ad-ab8d2efb,11.565,11.718,835,1783,23,23,1.17,0.47,0,0,2498,3000,1021,0,2819,2160
5c61db80-672e0874-ba236081-53d2f8ad-ab8d2efb,11.814,12.148,959,2284,23,23,1.17,0.47,0,0,2498,3000,1021,0,2819,2160
5c61db80-672e0874-ba236081-53d2f8ad-ab8d2efb,12.162,12.287,951,2273,23,23,1.17,0.47,0,0,2498,3000,1021,0,2819,2160
5c61db80-672e0874-ba236081-53d2f8ad-ab8d2efb,12.301,12.454,975,2306,23,23,1.17,0.47,0,0,2498,3000,1021,0,2819,2160
5c61db80-672e0874-ba236081-53d2f8ad-ab8d2efb,12.662,12.967,1019,2170,23,23,1.17,0.47,0,0,2498,3000,1021,0,2819,2160
5c61db80-672e0874-ba236081-53d2f8ad-ab8d2efb,13.079,13.356,1292,2097,23,23,1.17,0.47,0,0,2498,3000,1021,0,2819,2160
5c61db80-672e0874-ba236081-53d2f8ad-ab8d2efb,13.384,13.745,1015,2085,23,23,1.17,0.47,0,0,2498,3000,1021,0,2819,2160
5c61db80-672e0874-ba236081-53d2f8ad-ab8d2efb,13.8,13.995,1057,2289,23,23,1.17,0.47,0,0,2498,3000,1021,0,2819,2160
5c61db80-672e0874-ba236081-53d2f8ad-ab8d2efb,14.079,14.273,1009,2351,23,23,1.17,0.47,0,0,2498,3000,1021,0,2819,2160
5c61db80-672e0874-ba236081-53d2f8ad-ab8d2efb,14.37,14.55,960,2536,23,23,1.17,0.47,0,0,2498,3000,1021,0,2819,2160
5c61db80-672e0874-ba236081-53d2f8ad-ab8d2efb,14.634,14.745,1222,2460,23,23,1.17,0.47,0,0,2498,3000,1021,0,2819,2160
5c61db80-672e0874-ba236081-53d2f8ad-ab8d2efb,14.883,15.133,1485,2487,23,23,1.17,0.47,0,0,2498,3000,1021,0,2819,2160
5c61db80-672e0874-ba236081-53d2f8ad-ab8d2efb,15.203,15.37,1307,2588,23,23,1.17,0.47,0,0,2498,3000,1021,0,2819,2160
5c61db80-672e0874-ba236081-53d2f8ad-ab8d2efb,15.384,15.537,1306,2556,23,23,1.17,0.47,0,0,2498,3000,1021,0,2819,2160
5c61db80-672e0874-ba236081-53d2f8ad-ab8d2efb,15.55,15.8,1145,2568,23,23,1.17,0.47,0,0,2498,3000,1021,0,2819,2160
5c61db80-672e0874-ba236081-53d2f8ad-ab8d2efb,15.87,16.05,733,2640,23,23,1.17,0.47,0,0,2498,3000,1021,0,2819,2160
5c61db80-672e0874-ba236081-53d2f8ad-ab8d2efb,16.093,16.245,400,2683,23,23,1.17,0.47,0,0,2498,3000,1021,0,2819,2160
5c61db80-672e0874-ba236081-53d2f8ad-ab8d2efb,16.286,16.495,998,2543,23,23,1.17,0.47,0,0,2498,3000,1021,0,2819,2160
5c61db80-672e0874-ba236081-53d2f8ad-ab8d2efb,16.509,16.675,1118,2506,23,23,1.17,0.47,0,0,2498,3000,1021,0,2819,2160
5c61db80-672e0874-ba236081-53d2f8ad-ab8d2efb,16.717,16.966,1436,2466,23,23,1.17,0.47,0,0,2498,3000,1021,0,2819,2160
5c61db80-672e0874-ba236081-53d2f8ad-ab8d2efb,16.981,17.189,1189,2574,23,23,1.17,0.47,0,0,2498,3000,1021,0,2819,2160
5c61db80-672e0874-ba236081-53d2f8ad-ab8d2efb,17.314,17.55,1307,2233,23,23,1.17,0.47,0,0,2498,3000,1021,0,2819,2160
5c61db80-672e0874-ba236081-53d2f8ad-ab8d2efb,17.579,17.883,1262,1850,23,23,1.17,0.47,0,0,2498,3000,1021,0,2819,2160
5c61db80-672e0874-ba236081-53d2f8ad-ab8d2efb,17.911,18.133,1052,1781,23,23,1.17,0.47,0,0,2498,3000,1021,0,2819,2160
5c61db80-672e0874-ba236081-53d2f8ad-ab8d2efb,18.176,18.411,997,1516,23,23,1.17,0.47,0,0,2498,3000,1021,0,2819,2160
5c61db80-672e0874-ba236081-53d2f8ad-ab8d2efb,18.466,18.745,1825,1518,23,23,1.17,0.47,0,0,2498,3000,1021,0,2819,2160
5c61db80-672e0874-ba236081-53d2f8ad-ab8d2efb,18.772,18.911,1743,1654,23,23,1.17,0.47,0,0,2498,3000,1021,0,2819,2160
5c61db80-672e0874-ba236081-53d2f8ad-ab8d2efb,18.994,19.203,905,1683,23,23,1.17,0.47,0,0,2498,3000,1021,0,2819,2160
5c61db80-672e0874-ba236081-53d2f8ad-ab8d2efb,19.342,19.55,934,1949,23,23,1.17,0.47,0,0,2498,3000,1021,0,2819,2160
5c61db80-672e0874-ba236081-53d2f8ad-ab8d2efb,19.676,20.008,1648,1888,23,23,1.17,0.47,0,0,2498,3000,1021,0,2819,2160
5c61db80-672e0874-ba236081-53d2f8ad-ab8d2efb,20.064,20.37,887,1830,23,23,1.17,0.47,0,0,2498,3000,1021,0,2819,2160
5c61db80-672e0874-ba236081-53d2f8ad-ab8d2efb,20.592,20.759,944,1653,23,23,1.17,0.47,0,0,2498,3000,1021,0,2819,2160
5c61db80-672e0874-ba236081-53d2f8ad-ab8d2efb,20.883,21.106,853,1742,23,23,1.17,0.47,0,0,2498,3000,1021,0,2819,2160
5c61db80-672e0874-ba236081-53d2f8ad-ab8d2efb,21.133,21.481,882,1420,23,23,1.17,0.47,0,0,2498,3000,1021,0,2819,2160
5c61db80-672e0874-ba236081-53d2f8ad-ab8d2efb,21.509,21.745,774,1429,23,23,1.17,0.47,0,0,2498,3000,1021,0,2819,2160
5c61db80-672e0874-ba236081-53d2f8ad-ab8d2efb,21.787,22.05,946,1775,23,23,1.17,0.47,0,0,2498,3000,1021,0,2819,2160
5c61db80-672e0874-ba236081-53d2f8ad-ab8d2efb,22.093,22.314,997,1968,23,23,1.17,0.47,0,0,2498,3000,1021,0,2819,2160
5c61db80-672e0874-ba236081-53d2f8ad-ab8d2efb,22.383,22.592,1686,1868,23,23,1.17,0.47,0,0,2498,3000,1021,0,2819,2160
5c61db80-672e0874-ba236081-53d2f8ad-ab8d2efb,22.661,22.815,1935,1436,23,23,1.17,0.47,0,0,2498,3000,1021,0,2819,2160
5c61db80-672e0874-ba236081-53d2f8ad-ab8d2efb,22.898,23.009,1809,1442,23,23,1.17,0.47,0,0,2498,3000,1021,0,2819,2160
5c61db80-672e0874-ba236081-53d2f8ad-ab8d2efb,23.162,23.384,1712,1650,23,23,1.17,0.47,0,0,2498,3000,1021,0,2819,2160
5c61db80-672e0874-ba236081-53d2f8ad-ab8d2efb,23.453,23.746,933,1704,23,23,1.17,0.47,0,0,2498,3000,1021,0,2819,2160
5c61db80-672e0874-ba236081-53d2f8ad-ab8d2efb,23.802,24.037,830,1498,23,23,1.17,0.47,0,0,2498,3000,1021,0,2819,2160
5c61db80-672e0874-ba236081-53d2f8ad-ab8d2efb,24.162,24.495,882,1630,23,23,1.17,0.47,0,0,2498,3000,1021,0,2819,2160
5c61db80-672e0874-ba236081-53d2f8ad-ab8d2efb,24.509,24.801,923,1866,23,23,1.17,0.47,0,0,2498,3000,1021,0,2819,2160
5c61db80-672e0874-ba236081-53d2f8ad-ab8d2efb,24.843,25.12,951,2081,23,23,1.17,0.47,0,0,2498,3000,1021,0,2819,2160
5c61db80-672e0874-ba236081-53d2f8ad-ab8d2efb,25.148,25.453,930,1777,23,23,1.17,0.47,0,0,2498,3000,1021,0,2819,2160
5c61db80-672e0874-ba236081-53d2f8ad-ab8d2efb,25.481,25.828,881,1467,23,23,1.17,0.47,0,0,2498,3000,1021,0,2819,2160
5c61db80-672e0874-ba236081-53d2f8ad-ab8d2efb,25.857,26.079,754,1401,23,23,1.17,0.47,0,0,2498,3000,1021,0,2819,2160
5c61db80-672e0874-ba236081-53d2f8ad-ab8d2efb,26.134,26.356,865,1630,23,23,1.17,0.47,0,0,2498,3000,1021,0,2819,2160
5c61db80-672e0874-ba236081-53d2f8ad-ab8d2efb,26.384,26.537,940,1817,23,23,1.17,0.47,0,0,2498,3000,1021,0,2819,2160
5c61db80-672e0874-ba236081-53d2f8ad-ab8d2efb,26.62,26.76,977,1805,23,23,1.17,0.47,0,0,2498,3000,1021,0,2819,2160
5c61db80-672e0874-ba236081-53d2f8ad-ab8d2efb,26.774,27.093,973,1812,23,23,1.17,0.47,0,0,2498,3000,1021,0,2819,2160
5c61db80-672e0874-ba236081-53d2f8ad-ab8d2efb,27.134,27.287,970,2065,23,23,1.17,0.47,0,0,2498,3000,1021,0,2819,2160
5c61db80-672e0874-ba236081-53d2f8ad-ab8d2efb,27.427,27.718,968,1842,23,23,1.17,0.47,0,0,2498,3000,1021,0,2819,2160
5c61db80-672e0874-ba236081-53d2f8ad-ab8d2efb,27.76,27.996,1064,1711,23,23,1.17,0.47,0,0,2498,3000,1021,0,2819,2160
5c61db80-672e0874-ba236081-53d2f8ad-ab8d2efb,28.01,28.204,949,1755,23,23,1.17,0.47,0,0,2498,3000,1021,0,2819,2160
5c61db80-672e0874-ba236081-53d2f8ad-ab8d2efb,28.371,28.551,949,1734,23,23,1.17,0.47,0,0,2498,3000,1021,0,2819,2160
5c61db80-672e0874-ba236081-53d2f8ad-ab8d2efb,28.565,29.037,873,1611,23,23,1.17,0.47,0,0,2498,3000,1021,0,2819,2160
5c61db80-672e0874-ba236081-53d2f8ad-ab8d2efb,29.051,29.288,922,1577,23,23,1.17,0.47,0,0,2498,3000,1021,0,2819,2160
5c61db80-672e0874-ba236081-53d2f8ad-ab8d2efb,29.315,29.649,845,1397,23,23,1.17,0.47,0,0,2498,3000,1021,0,2819,2160
5c61db80-672e0874-ba236081-53d2f8ad-ab8d2efb,29.732,29.913,910,1548,23,23,1.17,0.47,0,0,2498,3000,1021,0,2819,2160
5c61db80-672e0874-ba236081-53d2f8ad-ab8d2efb,29.982,30.149,973,1875,23,23,1.17,0.47,0,0,2498,3000,1021,0,2819,2160
5c61db80-672e0874-ba236081-53d2f8ad-ab8d2efb,30.288,30.496,982,2008,23,23,1.17,0.47,0,0,2498,3000,1021,0,2819,2160
5c61db80-672e0874-ba236081-53d2f8ad-ab8d2efb,30.566,30.816,1641,1880,23,23,1.17,0.47,0,0,2498,3000,1021,0,2819,2160
5c61db80-672e0874-ba236081-53d2f8ad-ab8d2efb,30.899,31.204,936,1760,23,23,1.17,0.47,0,0,2498,3000,1021,0,2819,2160
5c61db80-672e0874-ba236081-53d2f8ad-ab8d2efb,31.329,31.454,849,1519,23,23,1.17,0.47,0,0,2498,3000,1021,0,2819,2160
5c61db80-672e0874-ba236081-53d2f8ad-ab8d2efb,31.468,31.58,881,1549,23,23,1.17,0.47,0,0,2498,3000,1021,0,2819,2160
5c61db80-672e0874-ba236081-53d2f8ad-ab8d2efb,31.788,32.052,573,1403,23,23,1.17,0.47,0,0,2498,3000,1021,0,2819,2160
5c61db80-672e0874-ba236081-53d2f8ad-ab8d2efb,32.219,32.468,796,1375,23,23,1.17,0.47,0,0,2498,3000,1021,0,2819,2160
5c61db80-672e0874-ba236081-53d2f8ad-ab8d2efb,32.482,32.691,702,1307,23,23,1.17,0.47,0,0,2498,3000,1021,0,2819,2160
5c61db80-672e0874-ba236081-53d2f8ad-ab8d2efb,32.719,33.136,915,1301,23,23,1.17,0.47,0,0,2498,3000,1021,0,2819,2160
5c61db80-672e0874-ba236081-53d2f8ad-ab8d2efb,33.15,33.512,1052,1336,23,23,1.17,0.47,0,0,2498,3000,1021,0,2819,2160
5c61db80-672e0874-ba236081-53d2f8ad-ab8d2efb,33.552,33.692,1340,1378,23,23,1.17,0.47,0,0,2498,3000,1021,0,2819,2160
5c61db80-672e0874-ba236081-53d2f8ad-ab8d2efb,33.774,33.993,764,1337,23,23,1.17,0.47,0,0,2498,3000,1021,0,2819,2160
5c61db80-672e0874-ba236081-53d2f8ad-ab8d2efb,34.021,34.311,605,1325,23,23,1.17,0.47,0,0,2498,3000,1021,0,2819,2160
5c61db80-672e0874-ba236081-53d2f8ad-ab8d2efb,34.338,34.643,850,1320,23,23,1.17,0.47,0,0,2498,3000,1021,0,2819,2160
5c61db80-672e0874-ba236081-53d2f8ad-ab8d2efb,34.656,34.948,709,1303,23,23,1.17,0.47,0,0,2498,3000,1021,0,2819,2160
5c61db80-672e0874-ba236081-53d2f8ad-ab8d2efb,35.129,35.281,466,932,23,23,1.17,0.47,0,0,2498,3000,1021,0,2819,2160
5c61db80-672e0874-ba236081-53d2f8ad-ab8d2efb,35.42,35.753,924,1025,23,23,1.17,0.47,0,0,2498,3000,1021,0,2819,2160
5c61db80-672e0874-ba236081-53d2f8ad-ab8d2efb,35.934,36.129,593,989,23,23,1.17,0.47,0,0,2498,3000,1021,0,2819,2160
5c61db80-672e0874-ba236081-53d2f8ad-ab8d2efb,36.156,36.434,296,875,23,23,1.17,0.47,0,0,2498,3000,1021,0,2819,2160
5c61db80-672e0874-ba236081-53d2f8ad-ab8d2efb,36.767,36.934,2080,896,23,23,1.17,0.47,0,0,2498,3000,1021,0,2819,2160
5c61db80-672e0874-ba236081-53d2f8ad-ab8d2efb,37.434,37.545,994,1736,23,23,1.17,0.47,0,0,2498,3000,1021,0,2819,2160
5c61db80-672e0874-ba236081-53d2f8ad-ab8d2efb,37.573,37.753,1091,2029,23,23,1.17,0.47,0,0,2498,3000,1021,0,2819,2160
5c61db80-672e0874-ba236081-53d2f8ad-ab8d2efb,37.893,38.074,1365,1819,23,23,1.17,0.47,0,0,2498,3000,1021,0,2819,2160
5c61db80-672e0874-ba236081-53d2f8ad-ab8d2efb,38.171,38.42,1278,1672,23,23,1.17,0.47,0,0,2498,3000,1021,0,2819,2160
5c61db80-672e0874-ba236081-53d2f8ad-ab8d2efb,38.477,38.698,971,1507,23,23,1.17,0.47,0,0,2498,3000,1021,0,2819,2160
5c61db80-672e0874-ba236081-53d2f8ad-ab8d2efb,38.726,39.046,1132,1192,23,23,1.17,0.47,0,0,2498,3000,1021,0,2819,2160
5c61db80-672e0874-ba236081-53d2f8ad-ab8d2efb,39.06,39.213,1018,1144,23,23,1.17,0.47,0,0,2498,3000,1021,0,2819,2160
5c61db80-672e0874-ba236081-53d2f8ad-ab8d2efb,39.407,39.699,1854,1013,23,23,1.17,0.47,0,0,2498,3000,1021,0,2819,2160
5c61db80-672e0874-ba236081-53d2f8ad-ab8d2efb,39.713,39.879,1862,1019,23,23,1.17,0.47,0,0,2498,3000,1021,0,2819,2160
5c61db80-672e0874-ba236081-53d2f8ad-ab8d2efb,39.963,40.088,872,1266,23,23,1.17,0.47,0,0,2498,3000,1021,0,2819,2160
5c61db80-672e0874-ba236081-53d2f8ad-ab8d2efb,40.185,40.56,865,1478,23,23,1.17,0.47,0,0,2498,3000,1021,0,2819,2160
5c61db80-672e0874-ba236081-53d2f8ad-ab8d2efb,40.587,40.786,850,1292,23,23,1.17,0.47,0,0,2498,3000,1021,0,2819,2160
5c61db80-672e0874-ba236081-53d2f8ad-ab8d2efb,40.841,41.13,885,1677,23,23,1.17,0.47,0,0,2498,3000,1021,0,2819,2160
5c61db80-672e0874-ba236081-53d2f8ad-ab8d2efb,41.157,41.365,870,1403,23,23,1.17,0.47,0,0,2498,3000,1021,0,2819,2160
5c61db80-672e0874-ba236081-53d2f8ad-ab8d2efb,41.38,41.616,680,1333,23,23,1.17,0.47,0,0,2498,3000,1021,0,2819,2160
5c61db80-672e0874-ba236081-53d2f8ad-ab8d2efb,41.644,41.921,900,1338,23,23,1.17,0.47,0,0,2498,3000,1021,0,2819,2160
5c61db80-672e0874-ba236081-53d2f8ad-ab8d2efb,41.991,42.171,977,1951,23,23,1.17,0.47,0,0,2498,3000,1021,0,2819,2160
5c61db80-672e0874-ba236081-53d2f8ad-ab8d2efb,42.185,42.407,971,1924,23,23,1.17,0.47,0,0,2498,3000,1021,0,2819,2160
5c61db80-672e0874-ba236081-53d2f8ad-ab8d2efb,42.463,42.63,1000,1615,23,23,1.17,0.47,0,0,2498,3000,1021,0,2819,2160
5c61db80-672e0874-ba236081-53d2f8ad-ab8d2efb,42.672,42.81,1472,1835,23,23,1.17,0.47,0,0,2498,3000,1021,0,2819,2160
5c61db80-672e0874-ba236081-53d2f8ad-ab8d2efb,42.894,43.06,1443,2137,23,23,1.17,0.47,0,0,2498,3000,1021,0,2819,2160
5c61db80-672e0874-ba236081-53d2f8ad-ab8d2efb,43.13,43.296,947,2297,23,23,1.17,0.47,0,0,2498,3000,1021,0,2819,2160
5c61db80-672e0874-ba236081-53d2f8ad-ab8d2efb,43.311,43.602,955,2242,23,23,1.17,0.47,0,0,2498,3000,1021,0,2819,2160
5c61db80-672e0874-ba236081-53d2f8ad-ab8d2efb,43.672,43.811,875,1812,23,23,1.17,0.47,0,0,2498,3000,1021,0,2819,2160
5c61db80-672e0874-ba236081-53d2f8ad-ab8d2efb,43.963,44.214,832,1345,23,23,1.17,0.47,0,0,2498,3000,1021,0,2819,2160
5c61db80-672e0874-ba236081-53d2f8ad-ab8d2efb,44.255,44.478,984,1337,23,23,1.17,0.47,0,0,2498,3000,1021,0,2819,2160
5c61db80-672e0874-ba236081-53d2f8ad-ab8d2efb,44.506,44.742,800,1320,23,23,1.17,0.47,0,0,2498,3000,1021,0,2819,2160
5c61db80-672e0874-ba236081-53d2f8ad-ab8d2efb,44.769,44.88,650,1301,23,23,1.17,0.47,0,0,2498,3000,1021,0,2819,2160
5c61db80-672e0874-ba236081-53d2f8ad-ab8d2efb,44.894,45.034,678,1304,23,23,1.17,0.47,0,0,2498,3000,1021,0,2819,2160
5c61db80-672e0874-ba236081-53d2f8ad-ab8d2efb,45.062,45.242,865,1282,23,23,1.17,0.47,0,0,2498,3000,1021,0,2819,2160
5c61db80-672e0874-ba236081-53d2f8ad-ab8d2efb,45.298,45.423,696,1281,23,23,1.17,0.47,0,0,2498,3000,1021,0,2819,2160
5c61db80-672e0874-ba236081-53d2f8ad-ab8d2efb,45.437,45.548,710,1324,23,23,1.17,0.47,0,0,2498,3000,1021,0,2819,2160
5c61db80-672e0874-ba236081-53d2f8ad-ab8d2efb,45.562,45.839,916,1342,23,23,1.17,0.47,0,0,2498,3000,1021,0,2819,2160
5c61db80-672e0874-ba236081-53d2f8ad-ab8d2efb,45.895,46.159,745,1337,23,23,1.17,0.47,0,0,2498,3000,1021,0,2819,2160
5c61db80-672e0874-ba236081-53d2f8ad-ab8d2efb,46.187,46.465,529,1272,23,23,1.17,0.47,0,0,2498,3000,1021,0,2819,2160
5c61db80-672e0874-ba236081-53d2f8ad-ab8d2efb,46.478,46.729,715,1310,23,23,1.17,0.47,0,0,2498,3000,1021,0,2819,2160
5c61db80-672e0874-ba236081-53d2f8ad-ab8d2efb,46.742,47.048,921,1300,23,23,1.17,0.47,0,0,2498,3000,1021,0,2819,2160
5c61db80-672e0874-ba236081-53d2f8ad-ab8d2efb,47.076,47.284,744,1335,23,23,1.17,0.47,0,0,2498,3000,1021,0,2819,2160
5c61db80-672e0874-ba236081-53d2f8ad-ab8d2efb,47.298,47.548,921,1328,23,23,1.17,0.47,0,0,2498,3000,1021,0,2819,2160
5c61db80-672e0874-ba236081-53d2f8ad-ab8d2efb,47.562,47.811,927,1455,23,23,1.17,0.47,0,0,2498,3000,1021,0,2819,2160
5c61db80-672e0874-ba236081-53d2f8ad-ab8d2efb,47.825,47.991,825,1555,23,23,1.17,0.47,0,0,2498,3000,1021,0,2819,2160
5c61db80-672e0874-ba236081-53d2f8ad-ab8d2efb,48.018,48.197,922,1804,23,23,1.17,0.47,0,0,2498,3000,1021,0,2819,2160
5c61db80-672e0874-ba236081-53d2f8ad-ab8d2efb,48.239,48.461,1056,2070,23,23,1.17,0.47,0,0,2498,3000,1021,0,2819,2160
5c61db80-672e0874-ba236081-53d2f8ad-ab8d2efb,48.503,48.683,1648,1575,23,23,1.17,0.47,0,0,2498,3000,1021,0,2819,2160
5c61db80-672e0874-ba236081-53d2f8ad-ab8d2efb,48.808,49.059,1934,1290,23,23,1.17,0.47,0,0,2498,3000,1021,0,2819,2160
5c61db80-672e0874-ba236081-53d2f8ad-ab8d2efb,49.1,49.21,1872,1320,23,23,1.17,0.47,0,0,2498,3000,1021,0,2819,2160
5c61db80-672e0874-ba236081-53d2f8ad-ab8d2efb,49.489,49.599,866,1367,23,23,1.17,0.47,0,0,2498,3000,1021,0,2819,2160
5c61db80-672e0874-ba236081-53d2f8ad-ab8d2efb,49.669,49.863,652,1326,23,23,1.17,0.47,0,0,2498,3000,1021,0,2819,2160
5c61db80-672e0874-ba236081-53d2f8ad-ab8d2efb,49.919,50.322,964,1337,23,23,1.17,0.47,0,0,2498,3000,1021,0,2819,2160
5c61db80-672e0874-ba236081-53d2f8ad-ab8d2efb,50.336,50.572,1103,1328,23,23,1.17,0.47,0,0,2498,3000,1021,0,2819,2160
5c61db80-672e0874-ba236081-53d2f8ad-ab8d2efb,50.599,50.918,938,1338,23,23,1.17,0.47,0,0,2498,3000,1021,0,2819,2160
5c61db80-672e0874-ba236081-53d2f8ad-ab8d2efb,50.961,51.252,707,1351,23,23,1.17,0.47,0,0,2498,3000,1021,0,2819,2160
5c61db80-672e0874-ba236081-53d2f8ad-ab8d2efb,51.296,51.46,951,1367,23,23,1.17,0.47,0,0,2498,3000,1021,0,2819,2160
5c61db80-672e0874-ba236081-53d2f8ad-ab8d2efb,51.502,51.641,881,2109,23,23,1.17,0.47,0,0,2498,3000,1021,0,2819,2160
5c61db80-672e0874-ba236081-53d2f8ad-ab8d2efb,51.711,52.113,956,2175,23,23,1.17,0.47,0,0,2498,3000,1021,0,2819,2160
5c61db80-672e0874-ba236081-53d2f8ad-ab8d2efb,52.127,52.418,1061,2054,23,23,1.17,0.47,0,0,2498,3000,1021,0,2819,2160
5c61db80-672e0874-ba236081-53d2f8ad-ab8d2efb,52.474,52.78,802,1317,23,23,1.17,0.47,0,0,2498,3000,1021,0,2819,2160
5c61db80-672e0874-ba236081-53d2f8ad-ab8d2efb,52.794,53.044,978,1343,23,23,1.17,0.47,0,0,2498,3000,1021,0,2819,2160
5c61db80-672e0874-ba236081-53d2f8ad-ab8d2efb,53.071,53.294,784,1347,23,23,1.17,0.47,0,0,2498,3000,1021,0,2819,2160
5c61db80-672e0874-ba236081-53d2f8ad-ab8d2efb,53.308,53.529,1007,1345,23,23,1.17,0.47,0,0,2498,3000,1021,0,2819,2160
5c61db80-672e0874-ba236081-53d2f8ad-ab8d2efb,53.557,53.696,794,1330,23,23,1.17,0.47,0,0,2498,3000,1021,0,2819,2160
5c61db80-672e0874-ba236081-53d2f8ad-ab8d2efb,53.821,53.946,907,1337,23,23,1.17,0.47,0,0,2498,3000,1021,0,2819,2160
5c61db80-672e0874-ba236081-53d2f8ad-ab8d2efb,53.96,54.141,911,1328,23,23,1.17,0.47,0,0,2498,3000,1021,0,2819,2160
5c61db80-672e0874-ba236081-53d2f8ad-ab8d2efb,54.155,54.376,737,1322,23,23,1.17,0.47,0,0,2498,3000,1021,0,2819,2160
5c61db80-672e0874-ba236081-53d2f8ad-ab8d2efb,54.418,54.89,924,1335,23,23,1.17,0.47,0,0,2498,3000,1021,0,2819,2160
5c61db80-672e0874-ba236081-53d2f8ad-ab8d2efb,54.919,55.071,1104,1297,23,23,1.17,0.47,0,0,2498,3000,1021,0,2819,2160
5c61db80-672e0874-ba236081-53d2f8ad-ab8d2efb,55.242,55.419,962,1338,23,23,1.17,0.47,0,0,2498,3000,1021,0,2819,2160
5c61db80-672e0874-ba236081-53d2f8ad-ab8d2efb,55.46,55.641,1149,1374,23,23,1.17,0.47,0,0,2498,3000,1021,0,2819,2160
5c61db80-672e0874-ba236081-53d2f8ad-ab8d2efb,55.684,55.821,964,1396,23,23,1.17,0.47,0,0,2498,3000,1021,0,2819,2160
5c61db80-672e0874-ba236081-53d2f8ad-ab8d2efb,55.89,56.029,1036,2020,23,23,1.17,0.47,0,0,2498,3000,1021,0,2819,2160
5c61db80-672e0874-ba236081-53d2f8ad-ab8d2efb,56.057,56.334,952,2391,23,23,1.17,0.47,0,0,2498,3000,1021,0,2819,2160
5c61db80-672e0874-ba236081-53d2f8ad-ab8d2efb,56.404,56.612,1092,2037,23,23,1.17,0.47,0,0,2498,3000,1021,0,2819,2160
5c61db80-672e0874-ba236081-53d2f8ad-ab8d2efb,56.737,57.028,881,1440,23,23,1.17,0.47,0,0,2498,3000,1021,0,2819,2160
5c61db80-672e0874-ba236081-53d2f8ad-ab8d2efb,57.056,57.157,763,1399,23,23,1.17,0.47,0,0,2498,3000,1021,0,2819,2160
5c61db80-672e0874-ba236081-53d2f8ad-ab8d2efb,57.348,57.473,491,2517,23,23,1.17,0.47,0,0,2498,3000,1021,0,2819,2160
5c61db80-672e0874-ba236081-53d2f8ad-ab8d2efb,57.514,57.834,425,2660,23,23,1.17,0.47,0,0,2498,3000,1021,0,2819,2160
5c61db80-672e0874-ba236081-53d2f8ad-ab8d2efb,57.89,58.167,991,2578,23,23,1.17,0.47,0,0,2498,3000,1021,0,2819,2160
5c61db80-672e0874-ba236081-53d2f8ad-ab8d2efb,58.181,58.293,1004,2605,23,23,1.17,0.47,0,0,2498,3000,1021,0,2819,2160
5c61db80-672e0874-ba236081-53d2f8ad-ab8d2efb,58.334,58.473,1465,2607,23,23,1.17,0.47,0,0,2498,3000,1021,0,2819,2160
5c61db80-672e0874-ba236081-53d2f8ad-ab8d2efb,58.598,58.793,1020,2603,23,23,1.17,0.47,0,0,2498,3000,1021,0,2819,2160
5c61db80-672e0874-ba236081-53d2f8ad-ab8d2efb,58.834,59.056,1644,2577,23,23,1.17,0.47,0,0,2498,3000,1021,0,2819,2160
5c61db80-672e0874-ba236081-53d2f8ad-ab8d2efb,59.098,59.223,1788,2685,23,23,1.17,0.47,0,0,2498,3000,1021,0,2819,2160
5c61db80-672e0874-ba236081-53d2f8ad-ab8d2efb,59.237,59.361,1748,2672,23,23,1.17,0.47,0,0,2498,3000,1021,0,2819,2160
5c61db80-672e0874-ba236081-53d2f8ad-ab8d2efb,59.39,59.556,1557,2393,23,23,1.17,0.47,0,0,2498,3000,1021,0,2819,2160
5c61db80-672e0874-ba236081-53d2f8ad-ab8d2efb,59.626,59.806,1756,1994,23,23,1.17,0.47,0,0,2498,3000,1021,0,2819,2160
5c61db80-672e0874-ba236081-53d2f8ad-ab8d2efb,59.848,60.057,1743,2291,23,23,1.17,0.47,0,0,2498,3000,1021,0,2819,2160
5c61db80-672e0874-ba236081-53d2f8ad-ab8d2efb,60.084,60.334,1673,2451,23,23,1.17,0.47,0,0,2498,3000,1021,0,2819,2160
5c61db80-672e0874-ba236081-53d2f8ad-ab8d2efb,60.348,60.627,1661,2669,23,23,1.17,0.47,0,0,2498,3000,1021,0,2819,2160
5c61db80-672e0874-ba236081-53d2f8ad-ab8d2efb,60.764,61.112,1775,2506,23,23,1.17,0.47,0,0,2498,3000,1021,0,2819,2160
5c61db80-672e0874-ba236081-53d2f8ad-ab8d2efb,61.14,61.265,1970,2477,23,23,1.17,0.47,0,0,2498,3000,1021,0,2819,2160
5c61db80-672e0874-ba236081-53d2f8ad-ab8d2efb,61.376,61.584,1875,2574,23,23,1.17,0.47,0,0,2498,3000,1021,0,2819,2160
5c61db80-672e0874-ba236081-53d2f8ad-ab8d2efb,61.654,61.779,1697,2604,23,23,1.17,0.47,0,0,2498,3000,1021,0,2819,2160
5c61db80-672e0874-ba236081-53d2f8ad-ab8d2efb,61.89,62.043,1733,2574,23,23,1.17,0.47,0,0,2498,3000,1021,0,2819,2160
5c61db80-672e0874-ba236081-53d2f8ad-ab8d2efb,62.168,62.377,1843,2362,23,23,1.17,0.47,0,0,2498,3000,1021,0,2819,2160
5c61db80-672e0874-ba236081-53d2f8ad-ab8d2efb,62.404,62.737,1684,2574,23,23,1.17,0.47,0,0,2498,3000,1021,0,2819,2160
5c61db80-672e0874-ba236081-53d2f8ad-ab8d2efb,62.765,63.154,1870,2562,23,23,1.17,0.47,0,0,2498,3000,1021,0,2819,2160
5c61db80-672e0874-ba236081-53d2f8ad-ab8d2efb,63.196,63.363,1970,2293,23,23,1.17,0.47,0,0,2498,3000,1021,0,2819,2160
5c61db80-672e0874-ba236081-53d2f8ad-ab8d2efb,63.474,63.641,1811,2470,23,23,1.17,0.47,0,0,2498,3000,1021,0,2819,2160
5c61db80-672e0874-ba236081-53d2f8ad-ab8d2efb,63.752,63.96,1847,2509,23,23,1.17,0.47,0,0,2498,3000,1021,0,2819,2160
5c61db80-672e0874-ba236081-53d2f8ad-ab8d2efb,63.987,64.377,1734,2616,23,23,1.17,0.47,0,0,2498,3000,1021,0,2819,2160
5c61db80-672e0874-ba236081-53d2f8ad-ab8d2efb,64.404,64.71,1907,2537,23,23,1.17,0.47,0,0,2498,3000,1021,0,2819,2160
5c61db80-672e0874-ba236081-53d2f8ad-ab8d2efb,64.808,65.113,1951,2105,23,23,1.17,0.47,0,0,2498,3000,1021,0,2819,2160
5c61db80-672e0874-ba236081-53d2f8ad-ab8d2efb,65.141,65.446,1728,2055,23,23,1.17,0.47,0,0,2498,3000,1021,0,2819,2160
5c61db80-672e0874-ba236081-53d2f8ad-ab8d2efb,65.558,65.821,1709,2313,23,23,1.17,0.47,0,0,2498,3000,1021,0,2819,2160
5c61db80-672e0874-ba236081-53d2f8ad-ab8d2efb,65.835,66.155,1775,2478,23,23,1.17,0.47,0,0,2498,3000,1021,0,2819,2160
5c61db80-672e0874-ba236081-53d2f8ad-ab8d2efb,66.294,66.432,1838,2530,23,23,1.17,0.47,0,0,2498,3000,1021,0,2819,2160
5c61db80-672e0874-ba236081-53d2f8ad-ab8d2efb,66.447,66.571,1854,2522,23,23,1.17,0.47,0,0,2498,3000,1021,0,2819,2160
5c61db80-672e0874-ba236081-53d2f8ad-ab8d2efb,66.585,66.711,1892,2349,23,23,1.17,0.47,0,0,2498,3000,1021,0,2819,2160
5c61db80-672e0874-ba236081-53d2f8ad-ab8d2efb,66.724,66.835,1936,2385,23,23,1.17,0.47,0,0,2498,3000,1021,0,2819,2160
5c61db80-672e0874-ba236081-53d2f8ad-ab8d2efb,66.877,67.072,1819,2178,23,23,1.17,0.47,0,0,2498,3000,1021,0,2819,2160
5c61db80-672e0874-ba236081-53d2f8ad-ab8d2efb,67.085,67.197,1794,2294,23,23,1.17,0.47,0,0,2498,3000,1021,0,2819,2160
5c61db80-672e0874-ba236081-53d2f8ad-ab8d2efb,67.378,67.558,1867,2155,23,23,1.17,0.47,0,0,2498,3000,1021,0,2819,2160
5c61db80-672e0874-ba236081-53d2f8ad-ab8d2efb,67.669,67.808,1688,2127,23,23,1.17,0.47,0,0,2498,3000,1021,0,2819,2160
5c61db80-672e0874-ba236081-53d2f8ad-ab8d2efb,67.961,68.225,1746,1944,23,23,1.17,0.47,0,0,2498,3000,1021,0,2819,2160
5c61db80-672e0874-ba236081-53d2f8ad-ab8d2efb,68.378,68.655,1929,1707,23,23,1.17,0.47,0,0,2498,3000,1021,0,2819,2160
5c61db80-672e0874-ba236081-53d2f8ad-ab8d2efb,68.683,68.877,1823,1618,23,23,1.17,0.47,0,0,2498,3000,1021,0,2819,2160
5c61db80-672e0874-ba236081-53d2f8ad-ab8d2efb,69.002,69.418,1939,1414,23,23,1.17,0.47,0,0,2498,3000,1021,0,2819,2160
5c61db80-672e0874-ba236081-53d2f8ad-ab8d2efb,69.46,69.877,1844,1586,23,23,1.17,0.47,0,0,2498,3000,1021,0,2819,2160
5c61db80-672e0874-ba236081-53d2f8ad-ab8d2efb,69.905,70.113,1713,1813,23,23,1.17,0.47,0,0,2498,3000,1021,0,2819,2160
5c61db80-672e0874-ba236081-53d2f8ad-ab8d2efb,70.127,70.501,1740,1948,23,23,1.17,0.47,0,0,2498,3000,1021,0,2819,2160
5c61db80-672e0874-ba236081-53d2f8ad-ab8d2efb,70.543,70.891,1902,1564,23,23,1.17,0.47,0,0,2498,3000,1021,0,2819,2160
5c61db80-672e0874-ba236081-53d2f8ad-ab8d2efb,70.96,71.099,944,1705,23,23,1.17,0.47,0,0,2498,3000,1021,0,2819,2160
5c61db80-672e0874-ba236081-53d2f8ad-ab8d2efb,71.183,71.363,965,2102,23,23,1.17,0.47,0,0,2498,3000,1021,0,2819,2160
5c61db80-672e0874-ba236081-53d2f8ad-ab8d2efb,71.391,71.697,948,2386,23,23,1.17,0.47,0,0,2498,3000,1021,0,2819,2160
5c61db80-672e0874-ba236081-53d2f8ad-ab8d2efb,71.821,71.932,1049,2584,23,23,1.17,0.47,0,0,2498,3000,1021,0,2819,2160
5c61db80-672e0874-ba236081-53d2f8ad-ab8d2efb,71.947,72.21,1058,2591,23,23,1.17,0.47,0,0,2498,3000,1021,0,2819,2160
5c61db80-672e0874-ba236081-53d2f8ad-ab8d2efb,72.308,72.474,1240,2467,23,23,1.17,0.47,0,0,2498,3000,1021,0,2819,2160
5c61db80-672e0874-ba236081-53d2f8ad-ab8d2efb,72.584,72.918,1009,2561,23,23,1.17,0.47,0,0,2498,3000,1021,0,2819,2160
5c61db80-672e0874-ba236081-53d2f8ad-ab8d2efb,72.931,73.265,1003,2646,23,23,1.17,0.47,0,0,2498,3000,1021,0,2819,2160
5c61db80-672e0874-ba236081-53d2f8ad-ab8d2efb,73.321,73.487,991,1969,23,23,1.17,0.47,0,0,2498,3000,1021,0,2819,2160
5c61db80-672e0874-ba236081-53d2f8ad-ab8d2efb,73.626,73.78,960,2146,23,23,1.17,0.47,0,0,2498,3000,1021,0,2819,2160
5c61db80-672e0874-ba236081-53d2f8ad-ab8d2efb,73.793,73.904,916,2115,23,23,1.17,0.47,0,0,2498,3000,1021,0,2819,2160
5c61db80-672e0874-ba236081-53d2f8ad-ab8d2efb,73.932,74.071,877,2343,23,23,1.17,0.47,0,0,2498,3000,1021,0,2819,2160
5c61db80-672e0874-ba236081-53d2f8ad-ab8d2efb,74.085,74.224,898,2387,23,23,1.17,0.47,0,0,2498,3000,1021,0,2819,2160
5c61db80-672e0874-ba236081-53d2f8ad-ab8d2efb,74.237,74.404,885,2376,23,23,1.17,0.47,0,0,2498,3000,1021,0,2819,2160
5c61db80-672e0874-ba236081-53d2f8ad-ab8d2efb,74.46,74.821,888,2525,23,23,1.17,0.47,0,0,2498,3000,1021,0,2819,2160
5c61db80-672e0874-ba236081-53d2f8ad-ab8d2efb,74.849,74.96,885,2588,23,23,1.17,0.47,0,0,2498,3000,1021,0,2819,2160
5c61db80-672e0874-ba236081-53d2f8ad-ab8d2efb,74.988,75.168,1030,2609,23,23,1.17,0.47,0,0,2498,3000,1021,0,2819,2160
5c61db80-672e0874-ba236081-53d2f8ad-ab8d2efb,75.265,75.627,1041,2574,23,23,1.17,0.47,0,0,2498,3000,1021,0,2819,2160
5c61db80-672e0874-ba236081-53d2f8ad-ab8d2efb,75.641,75.946,936,2382,23,23,1.17,0.47,0,0,2498,3000,1021,0,2819,2160
5c61db80-672e0874-ba236081-53d2f8ad-ab8d2efb,75.974,76.363,750,2091,23,23,1.17,0.47,0,0,2498,3000,1021,0,2819,2160
5c61db80-672e0874-ba236081-53d2f8ad-ab8d2efb,76.391,76.543,888,1943,23,23,1.17,0.47,0,0,2498,3000,1021,0,2819,2160
5c61db80-672e0874-ba236081-53d2f8ad-ab8d2efb,76.682,76.793,826,1902,23,23,1.17,0.47,0,0,2498,3000,1021,0,2819,2160
5c61db80-672e0874-ba236081-53d2f8ad-ab8d2efb,76.891,77.03,745,1653,23,23,1.17,0.47,0,0,2498,3000,1021,0,2819,2160
5c61db80-672e0874-ba236081-53d2f8ad-ab8d2efb,77.141,77.279,649,1306,23,23,1.17,0.47,0,0,2498,3000,1021,0,2819,2160
5c61db80-672e0874-ba236081-53d2f8ad-ab8d2efb,77.306,77.473,679,1367,23,23,1.17,0.47,0,0,2498,3000,1021,0,2819,2160
5c61db80-672e0874-ba236081-53d2f8ad-ab8d2efb,77.543,77.654,679,1608,23,23,1.17,0.47,0,0,2498,3000,1021,0,2819,2160
5c61db80-672e0874-ba236081-53d2f8ad-ab8d2efb,77.764,78.001,788,2421,23,23,1.17,0.47,0,0,2498,3000,1021,0,2819,2160
5c61db80-672e0874-ba236081-53d2f8ad-ab8d2efb,78.057,78.307,947,1838,23,23,1.17,0.47,0,0,2498,3000,1021,0,2819,2160
5c61db80-672e0874-ba236081-53d2f8ad-ab8d2efb,78.376,78.5,819,2340,23,23,1.17,0.47,0,0,2498,3000,1021,0,2819,2160
5c61db80-672e0874-ba236081-53d2f8ad-ab8d2efb,78.543,78.667,658,2619,23,23,1.17,0.47,0,0,2498,3000,1021,0,2819,2160
5c61db80-672e0874-ba236081-53d2f8ad-ab8d2efb,78.681,78.82,620,2608,23,23,1.17,0.47,0,0,2498,3000,1021,0,2819,2160
5c61db80-672e0874-ba236081-53d2f8ad-ab8d2efb,78.904,79.014,444,2685,23,23,1.17,0.47,0,0,2498,3000,1021,0,2819,2160
5c61db80-672e0874-ba236081-53d2f8ad-ab8d2efb,79.028,79.14,472,2668,23,23,1.17,0.47,0,0,2498,3000,1021,0,2819,2160
5c61db80-672e0874-ba236081-53d2f8ad-ab8d2efb,79.181,79.403,1002,2525,23,23,1.17,0.47,0,0,2498,3000,1021,0,2819,2160
5c61db80-672e0874-ba236081-53d2f8ad-ab8d2efb,79.459,79.653,638,2643,23,23,1.17,0.47,0,0,2498,3000,1021,0,2819,2160
5c61db80-672e0874-ba236081-53d2f8ad-ab8d2efb,79.68,79.791,1002,2529,23,23,1.17,0.47,0,0,2498,3000,1021,0,2819,2160
5c61db80-672e0874-ba236081-53d2f8ad-ab8d2efb,79.931,80.083,1270,2545,23,23,1.17,0.47,0,0,2498,3000,1021,0,2819,2160
5c61db80-672e0874-ba236081-53d2f8ad-ab8d2efb,80.167,80.361,984,2524,23,23,1.17,0.47,0,0,2498,3000,1021,0,2819,2160
5c61db80-672e0874-ba236081-53d2f8ad-ab8d2efb,80.402,80.541,284,2627,23,23,1.17,0.47,0,0,2498,3000,1021,0,2819,2160
5c61db80-672e0874-ba236081-53d2f8ad-ab8d2efb,80.555,80.875,273,2615,23,23,1.17,0.47,0,0,2498,3000,1021,0,2819,2160
5c61db80-672e0874-ba236081-53d2f8ad-ab8d2efb,80.889,81.069,215,2600,23,23,1.17,0.47,0,0,2498,3000,1021,0,2819,2160
5c61db80-672e0874-ba236081-53d2f8ad-ab8d2efb,81.097,81.292,539,2650,23,23,1.17,0.47,0,0,2498,3000,1021,0,2819,2160
5c61db80-672e0874-ba236081-53d2f8ad-ab8d2efb,81.333,81.445,1057,2633,23,23,1.17,0.47,0,0,2498,3000,1021,0,2819,2160
5c61db80-672e0874-ba236081-53d2f8ad-ab8d2efb,81.542,81.708,1376,2728,23,23,1.17,0.47,0,0,2498,3000,1021,0,2819,2160
5c61db80-672e0874-ba236081-53d2f8ad-ab8d2efb,81.736,81.861,1407,2788,23,23,1.17,0.47,0,0,2498,3000,1021,0,2819,2160
5c61db80-672e0874-ba236081-53d2f8ad-ab8d2efb,81.93,82.042,1899,2752,23,23,1.17,0.47,0,0,2498,3000,1021,0,2819,2160
5c61db80-672e0874-ba236081-53d2f8ad-ab8d2efb,82.18,82.306,1414,2629,23,23,1.17,0.47,0,0,2498,3000,1021,0,2819,2160
5c61db80-672e0874-ba236081-53d2f8ad-ab8d2efb,82.375,82.569,2086,2730,23,23,1.17,0.47,0,0,2498,3000,1021,0,2819,2160
5c61db80-672e0874-ba236081-53d2f8ad-ab8d2efb,82.652,82.778,1854,1874,23,23,1.17,0.47,0,0,2498,3000,1021,0,2819,2160
5c61db80-672e0874-ba236081-53d2f8ad-ab8d2efb,83.084,83.224,2075,1308,23,23,1.17,0.47,0,0,2498,3000,1021,0,2819,2160
5c61db80-672e0874-ba236081-53d2f8ad-ab8d2efb,83.39,83.501,1982,801,23,23,1.17,0.47,0,0,2498,3000,1021,0,2819,2160
5c61db80-672e0874-ba236081-53d2f8ad-ab8d2efb,83.63,83.889,1719,836,23,23,1.17,0.47,0,0,2498,3000,1021,0,2819,2160
5c61db80-672e0874-ba236081-53d2f8ad-ab8d2efb,83.918,84.127,1913,859,23,23,1.17,0.47,0,0,2498,3000,1021,0,2819,2160
5c61db80-672e0874-ba236081-53d2f8ad-ab8d2efb,84.154,84.377,1716,889,23,23,1.17,0.47,0,0,2498,3000,1021,0,2819,2160
5c61db80-672e0874-ba236081-53d2f8ad-ab8d2efb,84.432,84.543,944,1167,23,23,1.17,0.47,0,0,2498,3000,1021,0,2819,2160
5c61db80-672e0874-ba236081-53d2f8ad-ab8d2efb,84.557,84.668,984,1179,23,23,1.17,0.47,0,0,2498,3000,1021,0,2819,2160
5c61db80-672e0874-ba236081-53d2f8ad-ab8d2efb,85.015,85.308,1529,1073,23,23,1.17,0.47,0,0,2498,3000,1021,0,2819,2160
5c61db80-672e0874-ba236081-53d2f8ad-ab8d2efb,85.349,85.585,1176,1127,23,23,1.17,0.47,0,0,2498,3000,1021,0,2819,2160
5c61db80-672e0874-ba236081-53d2f8ad-ab8d2efb,85.627,85.82,981,1172,23,23,1.17,0.47,0,0,2498,3000,1021,0,2819,2160
5c61db80-672e0874-ba236081-53d2f8ad-ab8d2efb,85.848,86.016,853,1346,23,23,1.17,0.47,0,0,2498,3000,1021,0,2819,2160
5c61db80-672e0874-ba236081-53d2f8ad-ab8d2efb,86.071,86.293,978,1587,23,23,1.17,0.47,0,0,2498,3000,1021,0,2819,2160
5c61db80-672e0874-ba236081-53d2f8ad-ab8d2efb,86.335,86.515,1172,1140,23,23,1.17,0.47,0,0,2498,3000,1021,0,2819,2160
5c61db80-672e0874-ba236081-53d2f8ad-ab8d2efb,86.529,86.654,1152,1101,23,23,1.17,0.47,0,0,2498,3000,1021,0,2819,2160
5c61db80-672e0874-ba236081-53d2f8ad-ab8d2efb,86.681,86.89,907,1128,23,23,1.17,0.47,0,0,2498,3000,1021,0,2819,2160
5c61db80-672e0874-ba236081-53d2f8ad-ab8d2efb,86.917,87.224,1110,1290,23,23,1.17,0.47,0,0,2498,3000,1021,0,2819,2160
5c61db80-672e0874-ba236081-53d2f8ad-ab8d2efb,87.265,87.418,1488,1191,23,23,1.17,0.47,0,0,2498,3000,1021,0,2819,2160
5c61db80-672e0874-ba236081-53d2f8ad-ab8d2efb,87.459,87.585,1319,1662,23,23,1.17,0.47,0,0,2498,3000,1021,0,2819,2160
5c61db80-672e0874-ba236081-53d2f8ad-ab8d2efb,87.627,88.072,1240,1805,23,23,1.17,0.47,0,0,2498,3000,1021,0,2819,2160
1793e4df-5b1fd824-cb5d0f43-bc3531f4-40cf6c54,0.0,0.125,1857,1184,27,27,1.17,0.47,0,0,3000,2498,623,0,3217,2160
1793e4df-5b1fd824-cb5d0f43-bc3531f4-40cf6c54,0.168,0.459,1906,831,27,27,1.17,0.47,0,0,3000,2498,623,0,3217,2160
1793e4df-5b1fd824-cb5d0f43-bc3531f4-40cf6c54,0.514,0.639,1304,657,27,27,1.17,0.47,0,0,3000,2498,623,0,3217,2160
1793e4df-5b1fd824-cb5d0f43-bc3531f4-40cf6c54,0.653,0.778,1276,620,27,27,1.17,0.47,0,0,3000,2498,623,0,3217,2160
1793e4df-5b1fd824-cb5d0f43-bc3531f4-40cf6c54,0.917,1.042,982,539,27,27,1.17,0.47,0,0,3000,2498,623,0,3217,2160
1793e4df-5b1fd824-cb5d0f43-bc3531f4-40cf6c54,1.083,1.195,1330,637,27,27,1.17,0.47,0,0,3000,2498,623,0,3217,2160
1793e4df-5b1fd824-cb5d0f43-bc3531f4-40cf6c54,1.264,1.376,1130,871,27,27,1.17,0.47,0,0,3000,2498,623,0,3217,2160
1793e4df-5b1fd824-cb5d0f43-bc3531f4-40cf6c54,1.945,2.056,1310,1609,27,27,1.17,0.47,0,0,3000,2498,623,0,3217,2160
1793e4df-5b1fd824-cb5d0f43-bc3531f4-40cf6c54,2.195,2.32,1329,1222,27,27,1.17,0.47,0,0,3000,2498,623,0,3217,2160
1793e4df-5b1fd824-cb5d0f43-bc3531f4-40cf6c54,2.417,2.583,2166,1171,27,27,1.17,0.47,0,0,3000,2498,623,0,3217,2160
1793e4df-5b1fd824-cb5d0f43-bc3531f4-40cf6c54,2.695,2.945,1222,1079,27,27,1.17,0.47,0,0,3000,2498,623,0,3217,2160
1793e4df-5b1fd824-cb5d0f43-bc3531f4-40cf6c54,3.292,3.403,1491,1899,27,27,1.17,0.47,0,0,3000,2498,623,0,3217,2160
1793e4df-5b1fd824-cb5d0f43-bc3531f4-40cf6c54,3.598,3.723,1844,1850,27,27,1.17,0.47,0,0,3000,2498,623,0,3217,2160
1793e4df-5b1fd824-cb5d0f43-bc3531f4-40cf6c54,3.737,3.917,1869,1904,27,27,1.17,0.47,0,0,3000,2498,623,0,3217,2160
1793e4df-5b1fd824-cb5d0f43-bc3531f4-40cf6c54,3.931,4.07,1867,2057,27,27,1.17,0.47,0,0,3000,2498,623,0,3217,2160
1793e4df-5b1fd824-cb5d0f43-bc3531f4-40cf6c54,4.084,4.237,1850,2003,27,27,1.17,0.47,0,0,3000,2498,623,0,3217,2160
1793e4df-5b1fd824-cb5d0f43-bc3531f4-40cf6c54,4.389,4.626,1948,1911,27,27,1.17,0.47,0,0,3000,2498,623,0,3217,2160
1793e4df-5b1fd824-cb5d0f43-bc3531f4-40cf6c54,4.652,4.833,2131,1819,27,27,1.17,0.47,0,0,3000,2498,623,0,3217,2160
1793e4df-5b1fd824-cb5d0f43-bc3531f4-40cf6c54,5.152,5.333,1540,1876,27,27,1.17,0.47,0,0,3000,2498,623,0,3217,2160
1793e4df-5b1fd824-cb5d0f43-bc3531f4-40cf6c54,5.347,5.458,1718,1969,27,27,1.17,0.47,0,0,3000,2498,623,0,3217,2160
1793e4df-5b1fd824-cb5d0f43-bc3531f4-40cf6c54,5.472,5.625,1736,1925,27,27,1.17,0.47,0,0,3000,2498,623,0,3217,2160
1793e4df-5b1fd824-cb5d0f43-bc3531f4-40cf6c54,5.653,5.819,1997,1899,27,27,1.17,0.47,0,0,3000,2498,623,0,3217,2160
1793e4df-5b1fd824-cb5d0f43-bc3531f4-40cf6c54,5.846,5.958,1746,1992,27,27,1.17,0.47,0,0,3000,2498,623,0,3217,2160
1793e4df-5b1fd824-cb5d0f43-bc3531f4-40cf6c54,5.972,6.152,1715,1995,27,27,1.17,0.47,0,0,3000,2498,623,0,3217,2160
1793e4df-5b1fd824-cb5d0f43-bc3531f4-40cf6c54,6.18,6.375,1604,1910,27,27,1.17,0.47,0,0,3000,2498,623,0,3217,2160
1793e4df-5b1fd824-cb5d0f43-bc3531f4-40cf6c54,6.388,6.541,1599,1885,27,27,1.17,0.47,0,0,3000,2498,623,0,3217,2160
1793e4df-5b1fd824-cb5d0f43-bc3531f4-40cf6c54,6.555,6.763,1610,2012,27,27,1.17,0.47,0,0,3000,2498,623,0,3217,2160
1793e4df-5b1fd824-cb5d0f43-bc3531f4-40cf6c54,6.777,6.902,1600,2001,27,27,1.17,0.47,0,0,3000,2498,623,0,3217,2160
1793e4df-5b1fd824-cb5d0f43-bc3531f4-40cf6c54,6.999,7.236,1649,1843,27,27,1.17,0.47,0,0,3000,2498,623,0,3217,2160
1793e4df-5b1fd824-cb5d0f43-bc3531f4-40cf6c54,7.319,7.555,1578,1942,27,27,1.17,0.47,0,0,3000,2498,623,0,3217,2160
1793e4df-5b1fd824-cb5d0f43-bc3531f4-40cf6c54,7.583,7.819,1703,1684,27,27,1.17,0.47,0,0,3000,2498,623,0,3217,2160
1793e4df-5b1fd824-cb5d0f43-bc3531f4-40cf6c54,7.846,7.957,1516,1589,27,27,1.17,0.47,0,0,3000,2498,623,0,3217,2160
1793e4df-5b1fd824-cb5d0f43-bc3531f4-40cf6c54,8.11,8.276,1239,1666,27,27,1.17,0.47,0,0,3000,2498,623,0,3217,2160
1793e4df-5b1fd824-cb5d0f43-bc3531f4-40cf6c54,8.359,8.499,1265,1982,27,27,1.17,0.47,0,0,3000,2498,623,0,3217,2160
1793e4df-5b1fd824-cb5d0f43-bc3531f4-40cf6c54,8.596,8.735,1797,1857,27,27,1.17,0.47,0,0,3000,2498,623,0,3217,2160
1793e4df-5b1fd824-cb5d0f43-bc3531f4-40cf6c54,8.748,8.86,1822,1865,27,27,1.17,0.47,0,0,3000,2498,623,0,3217,2160
1793e4df-5b1fd824-cb5d0f43-bc3531f4-40cf6c54,8.915,9.054,2088,1784,27,27,1.17,0.47,0,0,3000,2498,623,0,3217,2160
1793e4df-5b1fd824-cb5d0f43-bc3531f4-40cf6c54,9.165,9.566,1738,2064,27,27,1.17,0.47,0,0,3000,2498,623,0,3217,2160
1793e4df-5b1fd824-cb5d0f43-bc3531f4-40cf6c54,9.595,9.719,1350,2027,27,27,1.17,0.47,0,0,3000,2498,623,0,3217,2160
1793e4df-5b1fd824-cb5d0f43-bc3531f4-40cf6c54,9.913,10.247,1311,1989,27,27,1.17,0.47,0,0,3000,2498,623,0,3217,2160
1793e4df-5b1fd824-cb5d0f43-bc3531f4-40cf6c54,10.301,10.621,1839,1884,27,27,1.17,0.47,0,0,3000,2498,623,0,3217,2160
1793e4df-5b1fd824-cb5d0f43-bc3531f4-40cf6c54,10.635,10.871,1989,1906,27,27,1.17,0.47,0,0,3000,2498,623,0,3217,2160
1793e4df-5b1fd824-cb5d0f43-bc3531f4-40cf6c54,10.899,11.149,1676,1813,27,27,1.17,0.47,0,0,3000,2498,623,0,3217,2160
1793e4df-5b1fd824-cb5d0f43-bc3531f4-40cf6c54,11.177,11.371,1899,1808,27,27,1.17,0.47,0,0,3000,2498,623,0,3217,2160
1793e4df-5b1fd824-cb5d0f43-bc3531f4-40cf6c54,11.399,11.51,2140,1335,27,27,1.17,0.47,0,0,3000,2498,623,0,3217,2160
1793e4df-5b1fd824-cb5d0f43-bc3531f4-40cf6c54,11.524,11.691,2158,1336,27,27,1.17,0.47,0,0,3000,2498,623,0,3217,2160
1793e4df-5b1fd824-cb5d0f43-bc3531f4-40cf6c54,11.718,11.886,2273,1437,27,27,1.17,0.47,0,0,3000,2498,623,0,3217,2160
1793e4df-5b1fd824-cb5d0f43-bc3531f4-40cf6c54,11.996,12.205,1840,1749,27,27,1.17,0.47,0,0,3000,2498,623,0,3217,2160
1793e4df-5b1fd824-cb5d0f43-bc3531f4-40cf6c54,12.218,12.33,1826,1765,27,27,1.17,0.47,0,0,3000,2498,623,0,3217,2160
1793e4df-5b1fd824-cb5d0f43-bc3531f4-40cf6c54,12.371,12.566,1596,1820,27,27,1.17,0.47,0,0,3000,2498,623,0,3217,2160
1793e4df-5b1fd824-cb5d0f43-bc3531f4-40cf6c54,12.579,12.691,1570,1837,27,27,1.17,0.47,0,0,3000,2498,623,0,3217,2160
1793e4df-5b1fd824-cb5d0f43-bc3531f4-40cf6c54,12.816,13.024,1318,1746,27,27,1.17,0.47,0,0,3000,2498,623,0,3217,2160
1793e4df-5b1fd824-cb5d0f43-bc3531f4-40cf6c54,13.095,13.276,1216,833,27,27,1.17,0.47,0,0,3000,2498,623,0,3217,2160
1793e4df-5b1fd824-cb5d0f43-bc3531f4-40cf6c54,13.302,13.496,1046,1123,27,27,1.17,0.47,0,0,3000,2498,623,0,3217,2160
1793e4df-5b1fd824-cb5d0f43-bc3531f4-40cf6c54,13.538,13.663,853,1272,27,27,1.17,0.47,0,0,3000,2498,623,0,3217,2160
1793e4df-5b1fd824-cb5d0f43-bc3531f4-40cf6c54,13.732,13.997,1534,1770,27,27,1.17,0.47,0,0,3000,2498,623,0,3217,2160
1793e4df-5b1fd824-cb5d0f43-bc3531f4-40cf6c54,14.038,14.302,1615,1905,27,27,1.17,0.47,0,0,3000,2498,623,0,3217,2160
1793e4df-5b1fd824-cb5d0f43-bc3531f4-40cf6c54,14.33,14.469,1570,1608,27,27,1.17,0.47,0,0,3000,2498,623,0,3217,2160
1793e4df-5b1fd824-cb5d0f43-bc3531f4-40cf6c54,14.483,14.691,1588,1616,27,27,1.17,0.47,0,0,3000,2498,623,0,3217,2160
1793e4df-5b1fd824-cb5d0f43-bc3531f4-40cf6c54,14.816,14.941,1656,1368,27,27,1.17,0.47,0,0,3000,2498,623,0,3217,2160
1793e4df-5b1fd824-cb5d0f43-bc3531f4-40cf6c54,15.163,15.399,1779,1391,27,27,1.17,0.47,0,0,3000,2498,623,0,3217,2160
1793e4df-5b1fd824-cb5d0f43-bc3531f4-40cf6c54,15.427,15.635,1553,1400,27,27,1.17,0.47,0,0,3000,2498,623,0,3217,2160
1793e4df-5b1fd824-cb5d0f43-bc3531f4-40cf6c54,15.677,15.844,1948,1345,27,27,1.17,0.47,0,0,3000,2498,623,0,3217,2160
1793e4df-5b1fd824-cb5d0f43-bc3531f4-40cf6c54,15.858,16.065,1908,1342,27,27,1.17,0.47,0,0,3000,2498,623,0,3217,2160
1793e4df-5b1fd824-cb5d0f43-bc3531f4-40cf6c54,16.08,16.26,1999,1286,27,27,1.17,0.47,0,0,3000,2498,623,0,3217,2160
1793e4df-5b1fd824-cb5d0f43-bc3531f4-40cf6c54,16.316,16.524,1305,1241,27,27,1.17,0.47,0,0,3000,2498,623,0,3217,2160
1793e4df-5b1fd824-cb5d0f43-bc3531f4-40cf6c54,16.621,17.08,1497,1303,27,27,1.17,0.47,0,0,3000,2498,623,0,3217,2160
1793e4df-5b1fd824-cb5d0f43-bc3531f4-40cf6c54,17.121,17.358,1561,1381,27,27,1.17,0.47,0,0,3000,2498,623,0,3217,2160
1793e4df-5b1fd824-cb5d0f43-bc3531f4-40cf6c54,17.384,17.621,1345,1214,27,27,1.17,0.47,0,0,3000,2498,623,0,3217,2160
1793e4df-5b1fd824-cb5d0f43-bc3531f4-40cf6c54,17.635,17.745,1350,1209,27,27,1.17,0.47,0,0,3000,2498,623,0,3217,2160
1793e4df-5b1fd824-cb5d0f43-bc3531f4-40cf6c54,17.76,18.038,1457,1302,27,27,1.17,0.47,0,0,3000,2498,623,0,3217,2160
1793e4df-5b1fd824-cb5d0f43-bc3531f4-40cf6c54,18.121,18.607,1651,1365,27,27,1.17,0.47,0,0,3000,2498,623,0,3217,2160
1793e4df-5b1fd824-cb5d0f43-bc3531f4-40cf6c54,18.635,18.927,1477,1188,27,27,1.17,0.47,0,0,3000,2498,623,0,3217,2160
1793e4df-5b1fd824-cb5d0f43-bc3531f4-40cf6c54,18.982,19.134,1949,1310,27,27,1.17,0.47,0,0,3000,2498,623,0,3217,2160
1793e4df-5b1fd824-cb5d0f43-bc3531f4-40cf6c54,19.148,19.37,1936,1296,27,27,1.17,0.47,0,0,3000,2498,623,0,3217,2160
1793e4df-5b1fd824-cb5d0f43-bc3531f4-40cf6c54,19.496,19.635,1911,1325,27,27,1.17,0.47,0,0,3000,2498,623,0,3217,2160
1793e4df-5b1fd824-cb5d0f43-bc3531f4-40cf6c54,19.732,20.037,1469,1339,27,27,1.17,0.47,0,0,3000,2498,623,0,3217,2160
1793e4df-5b1fd824-cb5d0f43-bc3531f4-40cf6c54,20.148,20.37,1904,1334,27,27,1.17,0.47,0,0,3000,2498,623,0,3217,2160
1793e4df-5b1fd824-cb5d0f43-bc3531f4-40cf6c54,20.426,20.704,1547,1442,27,27,1.17,0.47,0,0,3000,2498,623,0,3217,2160
1793e4df-5b1fd824-cb5d0f43-bc3531f4-40cf6c54,20.759,20.967,1752,1501,27,27,1.17,0.47,0,0,3000,2498,623,0,3217,2160
1793e4df-5b1fd824-cb5d0f43-bc3531f4-40cf6c54,20.996,21.37,1590,1668,27,27,1.17,0.47,0,0,3000,2498,623,0,3217,2160
1793e4df-5b1fd824-cb5d0f43-bc3531f4-40cf6c54,21.509,21.967,1544,1342,27,27,1.17,0.47,0,0,3000,2498,623,0,3217,2160
1793e4df-5b1fd824-cb5d0f43-bc3531f4-40cf6c54,22.01,22.37,1812,1337,27,27,1.17,0.47,0,0,3000,2498,623,0,3217,2160
1793e4df-5b1fd824-cb5d0f43-bc3531f4-40cf6c54,22.384,22.62,1655,1356,27,27,1.17,0.47,0,0,3000,2498,623,0,3217,2160
1793e4df-5b1fd824-cb5d0f43-bc3531f4-40cf6c54,22.773,22.939,1643,1433,27,27,1.17,0.47,0,0,3000,2498,623,0,3217,2160
1793e4df-5b1fd824-cb5d0f43-bc3531f4-40cf6c54,22.967,23.12,1593,1378,27,27,1.17,0.47,0,0,3000,2498,623,0,3217,2160
1793e4df-5b1fd824-cb5d0f43-bc3531f4-40cf6c54,23.162,23.453,1244,1100,27,27,1.17,0.47,0,0,3000,2498,623,0,3217,2160
1793e4df-5b1fd824-cb5d0f43-bc3531f4-40cf6c54,23.466,23.661,1283,1091,27,27,1.17,0.47,0,0,3000,2498,623,0,3217,2160
1793e4df-5b1fd824-cb5d0f43-bc3531f4-40cf6c54,23.717,23.953,1287,839,27,27,1.17,0.47,0,0,3000,2498,623,0,3217,2160
1793e4df-5b1fd824-cb5d0f43-bc3531f4-40cf6c54,24.008,24.176,1274,991,27,27,1.17,0.47,0,0,3000,2498,623,0,3217,2160
1793e4df-5b1fd824-cb5d0f43-bc3531f4-40cf6c54,24.189,24.411,1360,1060,27,27,1.17,0.47,0,0,3000,2498,623,0,3217,2160
1793e4df-5b1fd824-cb5d0f43-bc3531f4-40cf6c54,24.425,24.578,1298,1089,27,27,1.17,0.47,0,0,3000,2498,623,0,3217,2160
1793e4df-5b1fd824-cb5d0f43-bc3531f4-40cf6c54,24.758,24.966,1755,1243,27,27,1.17,0.47,0,0,3000,2498,623,0,3217,2160
1793e4df-5b1fd824-cb5d0f43-bc3531f4-40cf6c54,24.994,25.133,1409,1122,27,27,1.17,0.47,0,0,3000,2498,623,0,3217,2160
1793e4df-5b1fd824-cb5d0f43-bc3531f4-40cf6c54,25.147,25.328,1414,1084,27,27,1.17,0.47,0,0,3000,2498,623,0,3217,2160
1793e4df-5b1fd824-cb5d0f43-bc3531f4-40cf6c54,25.411,25.619,2133,1140,27,27,1.17,0.47,0,0,3000,2498,623,0,3217,2160
1793e4df-5b1fd824-cb5d0f43-bc3531f4-40cf6c54,25.827,25.995,1216,1088,27,27,1.17,0.47,0,0,3000,2498,623,0,3217,2160
1793e4df-5b1fd824-cb5d0f43-bc3531f4-40cf6c54,26.119,26.341,1228,916,27,27,1.17,0.47,0,0,3000,2498,623,0,3217,2160
1793e4df-5b1fd824-cb5d0f43-bc3531f4-40cf6c54,26.508,26.702,1302,1058,27,27,1.17,0.47,0,0,3000,2498,623,0,3217,2160
1793e4df-5b1fd824-cb5d0f43-bc3531f4-40cf6c54,26.716,26.98,1201,905,27,27,1.17,0.47,0,0,3000,2498,623,0,3217,2160
1793e4df-5b1fd824-cb5d0f43-bc3531f4-40cf6c54,27.008,27.23,915,828,27,27,1.17,0.47,0,0,3000,2498,623,0,3217,2160
1793e4df-5b1fd824-cb5d0f43-bc3531f4-40cf6c54,27.244,27.368,878,853,27,27,1.17,0.47,0,0,3000,2498,623,0,3217,2160
1793e4df-5b1fd824-cb5d0f43-bc3531f4-40cf6c54,27.383,27.535,818,891,27,27,1.17,0.47,0,0,3000,2498,623,0,3217,2160
1793e4df-5b1fd824-cb5d0f43-bc3531f4-40cf6c54,27.661,27.896,1248,986,27,27,1.17,0.47,0,0,3000,2498,623,0,3217,2160
1793e4df-5b1fd824-cb5d0f43-bc3531f4-40cf6c54,27.925,28.188,1307,1155,27,27,1.17,0.47,0,0,3000,2498,623,0,3217,2160
1793e4df-5b1fd824-cb5d0f43-bc3531f4-40cf6c54,28.202,28.494,1449,1167,27,27,1.17,0.47,0,0,3000,2498,623,0,3217,2160
1793e4df-5b1fd824-cb5d0f43-bc3531f4-40cf6c54,28.508,28.772,1347,1075,27,27,1.17,0.47,0,0,3000,2498,623,0,3217,2160
1793e4df-5b1fd824-cb5d0f43-bc3531f4-40cf6c54,28.785,28.911,1313,912,27,27,1.17,0.47,0,0,3000,2498,623,0,3217,2160
1793e4df-5b1fd824-cb5d0f43-bc3531f4-40cf6c54,28.925,29.035,1293,931,27,27,1.17,0.47,0,0,3000,2498,623,0,3217,2160
1793e4df-5b1fd824-cb5d0f43-bc3531f4-40cf6c54,29.063,29.299,1348,1128,27,27,1.17,0.47,0,0,3000,2498,623,0,3217,2160
1793e4df-5b1fd824-cb5d0f43-bc3531f4-40cf6c54,29.341,29.48,1496,1410,27,27,1.17,0.47,0,0,3000,2498,623,0,3217,2160
1793e4df-5b1fd824-cb5d0f43-bc3531f4-40cf6c54,29.563,29.744,1652,1611,27,27,1.17,0.47,0,0,3000,2498,623,0,3217,2160
1793e4df-5b1fd824-cb5d0f43-bc3531f4-40cf6c54,29.813,30.049,2031,1334,27,27,1.17,0.47,0,0,3000,2498,623,0,3217,2160
1793e4df-5b1fd824-cb5d0f43-bc3531f4-40cf6c54,30.174,30.285,1238,1074,27,27,1.17,0.47,0,0,3000,2498,623,0,3217,2160
1793e4df-5b1fd824-cb5d0f43-bc3531f4-40cf6c54,30.299,30.493,1271,1042,27,27,1.17,0.47,0,0,3000,2498,623,0,3217,2160
1793e4df-5b1fd824-cb5d0f43-bc3531f4-40cf6c54,30.508,30.785,1216,970,27,27,1.17,0.47,0,0,3000,2498,623,0,3217,2160
1793e4df-5b1fd824-cb5d0f43-bc3531f4-40cf6c54,30.799,31.131,1296,1126,27,27,1.17,0.47,0,0,3000,2498,623,0,3217,2160
1793e4df-5b1fd824-cb5d0f43-bc3531f4-40cf6c54,31.146,31.354,1432,1093,27,27,1.17,0.47,0,0,3000,2498,623,0,3217,2160
1793e4df-5b1fd824-cb5d0f43-bc3531f4-40cf6c54,31.368,31.549,1308,1096,27,27,1.17,0.47,0,0,3000,2498,623,0,3217,2160
1793e4df-5b1fd824-cb5d0f43-bc3531f4-40cf6c54,31.59,31.772,1489,1296,27,27,1.17,0.47,0,0,3000,2498,623,0,3217,2160
1793e4df-5b1fd824-cb5d0f43-bc3531f4-40cf6c54,31.8,31.981,1323,1109,27,27,1.17,0.47,0,0,3000,2498,623,0,3217,2160
1793e4df-5b1fd824-cb5d0f43-bc3531f4-40cf6c54,32.146,32.412,1315,1099,27,27,1.17,0.47,0,0,3000,2498,623,0,3217,2160
1793e4df-5b1fd824-cb5d0f43-bc3531f4-40cf6c54,32.425,32.66,1467,1116,27,27,1.17,0.47,0,0,3000,2498,623,0,3217,2160
1793e4df-5b1fd824-cb5d0f43-bc3531f4-40cf6c54,32.673,32.882,1561,1274,27,27,1.17,0.47,0,0,3000,2498,623,0,3217,2160
1793e4df-5b1fd824-cb5d0f43-bc3531f4-40cf6c54,32.951,33.062,1916,1353,27,27,1.17,0.47,0,0,3000,2498,623,0,3217,2160
1793e4df-5b1fd824-cb5d0f43-bc3531f4-40cf6c54,33.076,33.201,1824,1330,27,27,1.17,0.47,0,0,3000,2498,623,0,3217,2160
1793e4df-5b1fd824-cb5d0f43-bc3531f4-40cf6c54,33.257,33.534,1352,1244,27,27,1.17,0.47,0,0,3000,2498,623,0,3217,2160
1793e4df-5b1fd824-cb5d0f43-bc3531f4-40cf6c54,33.548,33.715,1304,1126,27,27,1.17,0.47,0,0,3000,2498,623,0,3217,2160
1793e4df-5b1fd824-cb5d0f43-bc3531f4-40cf6c54,33.854,34.117,1321,1353,27,27,1.17,0.47,0,0,3000,2498,623,0,3217,2160
1793e4df-5b1fd824-cb5d0f43-bc3531f4-40cf6c54,34.131,34.409,1337,1441,27,27,1.17,0.47,0,0,3000,2498,623,0,3217,2160
1793e4df-5b1fd824-cb5d0f43-bc3531f4-40cf6c54,34.548,34.812,1344,1147,27,27,1.17,0.47,0,0,3000,2498,623,0,3217,2160
1793e4df-5b1fd824-cb5d0f43-bc3531f4-40cf6c54,34.839,35.048,1777,1221,27,27,1.17,0.47,0,0,3000,2498,623,0,3217,2160
1793e4df-5b1fd824-cb5d0f43-bc3531f4-40cf6c54,35.076,35.229,2102,1177,27,27,1.17,0.47,0,0,3000,2498,623,0,3217,2160
1793e4df-5b1fd824-cb5d0f43-bc3531f4-40cf6c54,35.243,35.409,2064,1188,27,27,1.17,0.47,0,0,3000,2498,623,0,3217,2160
1793e4df-5b1fd824-cb5d0f43-bc3531f4-40cf6c54,35.464,35.686,2332,858,27,27,1.17,0.47,0,0,3000,2498,623,0,3217,2160
1793e4df-5b1fd824-cb5d0f43-bc3531f4-40cf6c54,35.742,35.95,1460,909,27,27,1.17,0.47,0,0,3000,2498,623,0,3217,2160
1793e4df-5b1fd824-cb5d0f43-bc3531f4-40cf6c54,35.979,36.131,1237,903,27,27,1.17,0.47,0,0,3000,2498,623,0,3217,2160
1793e4df-5b1fd824-cb5d0f43-bc3531f4-40cf6c54,36.145,36.269,1218,885,27,27,1.17,0.47,0,0,3000,2498,623,0,3217,2160
1793e4df-5b1fd824-cb5d0f43-bc3531f4-40cf6c54,36.297,36.617,1082,824,27,27,1.17,0.47,0,0,3000,2498,623,0,3217,2160
1793e4df-5b1fd824-cb5d0f43-bc3531f4-40cf6c54,36.645,36.895,957,897,27,27,1.17,0.47,0,0,3000,2498,623,0,3217,2160
1793e4df-5b1fd824-cb5d0f43-bc3531f4-40cf6c54,36.923,37.117,1210,835,27,27,1.17,0.47,0,0,3000,2498,623,0,3217,2160
1793e4df-5b1fd824-cb5d0f43-bc3531f4-40cf6c54,37.228,37.34,1170,732,27,27,1.17,0.47,0,0,3000,2498,623,0,3217,2160
1793e4df-5b1fd824-cb5d0f43-bc3531f4-40cf6c54,37.423,37.63,631,616,27,27,1.17,0.47,0,0,3000,2498,623,0,3217,2160
1793e4df-5b1fd824-cb5d0f43-bc3531f4-40cf6c54,37.77,37.936,465,471,27,27,1.17,0.47,0,0,3000,2498,623,0,3217,2160
1793e4df-5b1fd824-cb5d0f43-bc3531f4-40cf6c54,38.033,38.411,1237,688,27,27,1.17,0.47,0,0,3000,2498,623,0,3217,2160
1793e4df-5b1fd824-cb5d0f43-bc3531f4-40cf6c54,38.602,38.769,1300,761,27,27,1.17,0.47,0,0,3000,2498,623,0,3217,2160
1793e4df-5b1fd824-cb5d0f43-bc3531f4-40cf6c54,38.825,38.95,1293,948,27,27,1.17,0.47,0,0,3000,2498,623,0,3217,2160
1793e4df-5b1fd824-cb5d0f43-bc3531f4-40cf6c54,39.062,39.255,907,848,27,27,1.17,0.47,0,0,3000,2498,623,0,3217,2160
1793e4df-5b1fd824-cb5d0f43-bc3531f4-40cf6c54,39.283,39.423,925,1063,27,27,1.17,0.47,0,0,3000,2498,623,0,3217,2160
1793e4df-5b1fd824-cb5d0f43-bc3531f4-40cf6c54,39.464,39.769,1076,1419,27,27,1.17,0.47,0,0,3000,2498,623,0,3217,2160
1793e4df-5b1fd824-cb5d0f43-bc3531f4-40cf6c54,39.839,40.172,1268,751,27,27,1.17,0.47,0,0,3000,2498,623,0,3217,2160
1793e4df-5b1fd824-cb5d0f43-bc3531f4-40cf6c54,40.436,40.741,2712,432,27,27,1.17,0.47,0,0,3000,2498,623,0,3217,2160
1793e4df-5b1fd824-cb5d0f43-bc3531f4-40cf6c54,40.755,41.006,2699,410,27,27,1.17,0.47,0,0,3000,2498,623,0,3217,2160
1793e4df-5b1fd824-cb5d0f43-bc3531f4-40cf6c54,41.033,41.464,2381,519,27,27,1.17,0.47,0,0,3000,2498,623,0,3217,2160
1793e4df-5b1fd824-cb5d0f43-bc3531f4-40cf6c54,41.507,41.729,1942,582,27,27,1.17,0.47,0,0,3000,2498,623,0,3217,2160
1793e4df-5b1fd824-cb5d0f43-bc3531f4-40cf6c54,41.77,41.978,2117,799,27,27,1.17,0.47,0,0,3000,2498,623,0,3217,2160
1793e4df-5b1fd824-cb5d0f43-bc3531f4-40cf6c54,42.006,42.242,2346,500,27,27,1.17,0.47,0,0,3000,2498,623,0,3217,2160
1793e4df-5b1fd824-cb5d0f43-bc3531f4-40cf6c54,42.312,42.493,1494,709,27,27,1.17,0.47,0,0,3000,2498,623,0,3217,2160
1793e4df-5b1fd824-cb5d0f43-bc3531f4-40cf6c54,42.59,42.769,1214,690,27,27,1.17,0.47,0,0,3000,2498,623,0,3217,2160
1793e4df-5b1fd824-cb5d0f43-bc3531f4-40cf6c54,42.895,43.033,1364,678,27,27,1.17,0.47,0,0,3000,2498,623,0,3217,2160
1793e4df-5b1fd824-cb5d0f43-bc3531f4-40cf6c54,43.048,43.214,1367,783,27,27,1.17,0.47,0,0,3000,2498,623,0,3217,2160
1793e4df-5b1fd824-cb5d0f43-bc3531f4-40cf6c54,43.242,43.478,1446,979,27,27,1.17,0.47,0,0,3000,2498,623,0,3217,2160
1793e4df-5b1fd824-cb5d0f43-bc3531f4-40cf6c54,43.492,43.728,1512,1069,27,27,1.17,0.47,0,0,3000,2498,623,0,3217,2160
1793e4df-5b1fd824-cb5d0f43-bc3531f4-40cf6c54,43.769,43.908,2107,957,27,27,1.17,0.47,0,0,3000,2498,623,0,3217,2160
1793e4df-5b1fd824-cb5d0f43-bc3531f4-40cf6c54,43.922,44.144,2121,943,27,27,1.17,0.47,0,0,3000,2498,623,0,3217,2160
1793e4df-5b1fd824-cb5d0f43-bc3531f4-40cf6c54,44.158,44.339,2075,814,27,27,1.17,0.47,0,0,3000,2498,623,0,3217,2160
1793e4df-5b1fd824-cb5d0f43-bc3531f4-40cf6c54,44.394,44.561,1439,977,27,27,1.17,0.47,0,0,3000,2498,623,0,3217,2160
1793e4df-5b1fd824-cb5d0f43-bc3531f4-40cf6c54,44.575,44.783,1419,959,27,27,1.17,0.47,0,0,3000,2498,623,0,3217,2160
1793e4df-5b1fd824-cb5d0f43-bc3531f4-40cf6c54,44.811,44.922,1330,1008,27,27,1.17,0.47,0,0,3000,2498,623,0,3217,2160
1793e4df-5b1fd824-cb5d0f43-bc3531f4-40cf6c54,44.935,45.047,1301,993,27,27,1.17,0.47,0,0,3000,2498,623,0,3217,2160
1793e4df-5b1fd824-cb5d0f43-bc3531f4-40cf6c54,45.089,45.575,1103,657,27,27,1.17,0.47,0,0,3000,2498,623,0,3217,2160
1793e4df-5b1fd824-cb5d0f43-bc3531f4-40cf6c54,45.615,45.838,984,656,27,27,1.17,0.47,0,0,3000,2498,623,0,3217,2160
1793e4df-5b1fd824-cb5d0f43-bc3531f4-40cf6c54,45.88,46.046,1222,661,27,27,1.17,0.47,0,0,3000,2498,623,0,3217,2160
1793e4df-5b1fd824-cb5d0f43-bc3531f4-40cf6c54,46.185,46.324,1250,758,27,27,1.17,0.47,0,0,3000,2498,623,0,3217,2160
1793e4df-5b1fd824-cb5d0f43-bc3531f4-40cf6c54,46.393,46.518,1340,1553,27,27,1.17,0.47,0,0,3000,2498,623,0,3217,2160
1793e4df-5b1fd824-cb5d0f43-bc3531f4-40cf6c54,46.782,46.935,801,1619,27,27,1.17,0.47,0,0,3000,2498,623,0,3217,2160
1793e4df-5b1fd824-cb5d0f43-bc3531f4-40cf6c54,46.99,47.324,1251,2072,27,27,1.17,0.47,0,0,3000,2498,623,0,3217,2160
1793e4df-5b1fd824-cb5d0f43-bc3531f4-40cf6c54,47.407,47.671,1044,2119,27,27,1.17,0.47,0,0,3000,2498,623,0,3217,2160
1793e4df-5b1fd824-cb5d0f43-bc3531f4-40cf6c54,47.726,47.934,1188,1795,27,27,1.17,0.47,0,0,3000,2498,623,0,3217,2160
1793e4df-5b1fd824-cb5d0f43-bc3531f4-40cf6c54,47.948,48.185,1008,1772,27,27,1.17,0.47,0,0,3000,2498,623,0,3217,2160
1793e4df-5b1fd824-cb5d0f43-bc3531f4-40cf6c54,48.226,48.49,876,1374,27,27,1.17,0.47,0,0,3000,2498,623,0,3217,2160
1793e4df-5b1fd824-cb5d0f43-bc3531f4-40cf6c54,48.546,48.712,945,1523,27,27,1.17,0.47,0,0,3000,2498,623,0,3217,2160
1793e4df-5b1fd824-cb5d0f43-bc3531f4-40cf6c54,48.74,48.921,1115,1842,27,27,1.17,0.47,0,0,3000,2498,623,0,3217,2160
1793e4df-5b1fd824-cb5d0f43-bc3531f4-40cf6c54,49.031,49.503,1162,1938,27,27,1.17,0.47,0,0,3000,2498,623,0,3217,2160
1793e4df-5b1fd824-cb5d0f43-bc3531f4-40cf6c54,49.545,49.726,1087,1588,27,27,1.17,0.47,0,0,3000,2498,623,0,3217,2160
1793e4df-5b1fd824-cb5d0f43-bc3531f4-40cf6c54,49.754,49.906,1308,1545,27,27,1.17,0.47,0,0,3000,2498,623,0,3217,2160
1793e4df-5b1fd824-cb5d0f43-bc3531f4-40cf6c54,50.003,50.142,1265,1736,27,27,1.17,0.47,0,0,3000,2498,623,0,3217,2160
1793e4df-5b1fd824-cb5d0f43-bc3531f4-40cf6c54,50.281,50.406,2049,1820,27,27,1.17,0.47,0,0,3000,2498,623,0,3217,2160
1793e4df-5b1fd824-cb5d0f43-bc3531f4-40cf6c54,50.42,50.545,1999,1842,27,27,1.17,0.47,0,0,3000,2498,623,0,3217,2160
1793e4df-5b1fd824-cb5d0f43-bc3531f4-40cf6c54,50.559,50.809,1949,1902,27,27,1.17,0.47,0,0,3000,2498,623,0,3217,2160
1793e4df-5b1fd824-cb5d0f43-bc3531f4-40cf6c54,50.85,51.045,1307,1951,27,27,1.17,0.47,0,0,3000,2498,623,0,3217,2160
1793e4df-5b1fd824-cb5d0f43-bc3531f4-40cf6c54,51.267,51.42,564,2051,27,27,1.17,0.47,0,0,3000,2498,623,0,3217,2160
1793e4df-5b1fd824-cb5d0f43-bc3531f4-40cf6c54,51.475,51.656,491,1975,27,27,1.17,0.47,0,0,3000,2498,623,0,3217,2160
1793e4df-5b1fd824-cb5d0f43-bc3531f4-40cf6c54,51.712,51.892,1540,2064,27,27,1.17,0.47,0,0,3000,2498,623,0,3217,2160
1793e4df-5b1fd824-cb5d0f43-bc3531f4-40cf6c54,51.947,52.072,1521,2029,27,27,1.17,0.47,0,0,3000,2498,623,0,3217,2160
1793e4df-5b1fd824-cb5d0f43-bc3531f4-40cf6c54,52.17,52.475,1648,2096,27,27,1.17,0.47,0,0,3000,2498,623,0,3217,2160
1793e4df-5b1fd824-cb5d0f43-bc3531f4-40cf6c54,52.489,52.711,1619,2004,27,27,1.17,0.47,0,0,3000,2498,623,0,3217,2160
1793e4df-5b1fd824-cb5d0f43-bc3531f4-40cf6c54,52.725,52.975,1634,2080,27,27,1.17,0.47,0,0,3000,2498,623,0,3217,2160
1793e4df-5b1fd824-cb5d0f43-bc3531f4-40cf6c54,52.989,53.225,1618,1712,27,27,1.17,0.47,0,0,3000,2498,623,0,3217,2160
1793e4df-5b1fd824-cb5d0f43-bc3531f4-40cf6c54,53.433,53.558,1803,1507,27,27,1.17,0.47,0,0,3000,2498,623,0,3217,2160
1793e4df-5b1fd824-cb5d0f43-bc3531f4-40cf6c54,53.641,53.919,1956,1602,27,27,1.17,0.47,0,0,3000,2498,623,0,3217,2160
1793e4df-5b1fd824-cb5d0f43-bc3531f4-40cf6c54,53.933,54.058,2016,1656,27,27,1.17,0.47,0,0,3000,2498,623,0,3217,2160
1793e4df-5b1fd824-cb5d0f43-bc3531f4-40cf6c54,54.141,54.336,2639,2043,27,27,1.17,0.47,0,0,3000,2498,623,0,3217,2160
1793e4df-5b1fd824-cb5d0f43-bc3531f4-40cf6c54,54.377,54.682,2581,2175,27,27,1.17,0.47,0,0,3000,2498,623,0,3217,2160
1793e4df-5b1fd824-cb5d0f43-bc3531f4-40cf6c54,54.751,54.975,1664,1597,27,27,1.17,0.47,0,0,3000,2498,623,0,3217,2160
1793e4df-5b1fd824-cb5d0f43-bc3531f4-40cf6c54,55.058,55.308,1833,1594,27,27,1.17,0.47,0,0,3000,2498,623,0,3217,2160
1793e4df-5b1fd824-cb5d0f43-bc3531f4-40cf6c54,55.349,55.641,2060,1386,27,27,1.17,0.47,0,0,3000,2498,623,0,3217,2160
1793e4df-5b1fd824-cb5d0f43-bc3531f4-40cf6c54,55.654,55.765,1901,1534,27,27,1.17,0.47,0,0,3000,2498,623,0,3217,2160
1793e4df-5b1fd824-cb5d0f43-bc3531f4-40cf6c54,55.905,56.085,1867,1681,27,27,1.17,0.47,0,0,3000,2498,623,0,3217,2160
1793e4df-5b1fd824-cb5d0f43-bc3531f4-40cf6c54,56.141,56.335,2159,1876,27,27,1.17,0.47,0,0,3000,2498,623,0,3217,2160
1793e4df-5b1fd824-cb5d0f43-bc3531f4-40cf6c54,56.39,56.571,1980,1409,27,27,1.17,0.47,0,0,3000,2498,623,0,3217,2160
1793e4df-5b1fd824-cb5d0f43-bc3531f4-40cf6c54,56.641,57.057,2223,971,27,27,1.17,0.47,0,0,3000,2498,623,0,3217,2160
1793e4df-5b1fd824-cb5d0f43-bc3531f4-40cf6c54,57.251,57.376,2056,1258,27,27,1.17,0.47,0,0,3000,2498,623,0,3217,2160
1793e4df-5b1fd824-cb5d0f43-bc3531f4-40cf6c54,57.405,57.529,2231,853,27,27,1.17,0.47,0,0,3000,2498,623,0,3217,2160
1793e4df-5b1fd824-cb5d0f43-bc3531f4-40cf6c54,57.627,57.737,2279,774,27,27,1.17,0.47,0,0,3000,2498,623,0,3217,2160
1793e4df-5b1fd824-cb5d0f43-bc3531f4-40cf6c54,57.751,58.181,2258,813,27,27,1.17,0.47,0,0,3000,2498,623,0,3217,2160
1793e4df-5b1fd824-cb5d0f43-bc3531f4-40cf6c54,58.307,58.487,2046,855,27,27,1.17,0.47,0,0,3000,2498,623,0,3217,2160
1793e4df-5b1fd824-cb5d0f43-bc3531f4-40cf6c54,58.557,58.696,2258,740,27,27,1.17,0.47,0,0,3000,2498,623,0,3217,2160
1793e4df-5b1fd824-cb5d0f43-bc3531f4-40cf6c54,58.709,58.862,2267,783,27,27,1.17,0.47,0,0,3000,2498,623,0,3217,2160
1793e4df-5b1fd824-cb5d0f43-bc3531f4-40cf6c54,58.918,59.14,2015,1014,27,27,1.17,0.47,0,0,3000,2498,623,0,3217,2160
1793e4df-5b1fd824-cb5d0f43-bc3531f4-40cf6c54,59.252,59.432,1183,967,27,27,1.17,0.47,0,0,3000,2498,623,0,3217,2160
1793e4df-5b1fd824-cb5d0f43-bc3531f4-40cf6c54,59.445,59.584,1202,959,27,27,1.17,0.47,0,0,3000,2498,623,0,3217,2160
1793e4df-5b1fd824-cb5d0f43-bc3531f4-40cf6c54,59.641,59.89,2187,854,27,27,1.17,0.47,0,0,3000,2498,623,0,3217,2160
1793e4df-5b1fd824-cb5d0f43-bc3531f4-40cf6c54,59.904,60.279,2249,831,27,27,1.17,0.47,0,0,3000,2498,623,0,3217,2160
1793e4df-5b1fd824-cb5d0f43-bc3531f4-40cf6c54,60.459,60.599,2258,829,27,27,1.17,0.47,0,0,3000,2498,623,0,3217,2160
1793e4df-5b1fd824-cb5d0f43-bc3531f4-40cf6c54,60.613,60.877,2255,844,27,27,1.17,0.47,0,0,3000,2498,623,0,3217,2160
1793e4df-5b1fd824-cb5d0f43-bc3531f4-40cf6c54,60.89,61.001,2164,863,27,27,1.17,0.47,0,0,3000,2498,623,0,3217,2160
1793e4df-5b1fd824-cb5d0f43-bc3531f4-40cf6c54,61.169,61.376,2187,858,27,27,1.17,0.47,0,0,3000,2498,623,0,3217,2160
1793e4df-5b1fd824-cb5d0f43-bc3531f4-40cf6c54,61.683,61.793,2218,852,27,27,1.17,0.47,0,0,3000,2498,623,0,3217,2160
1793e4df-5b1fd824-cb5d0f43-bc3531f4-40cf6c54,61.905,62.029,2027,959,27,27,1.17,0.47,0,0,3000,2498,623,0,3217,2160
1793e4df-5b1fd824-cb5d0f43-bc3531f4-40cf6c54,62.043,62.182,2015,979,27,27,1.17,0.47,0,0,3000,2498,623,0,3217,2160
1793e4df-5b1fd824-cb5d0f43-bc3531f4-40cf6c54,62.21,62.418,2254,802,27,27,1.17,0.47,0,0,3000,2498,623,0,3217,2160
1793e4df-5b1fd824-cb5d0f43-bc3531f4-40cf6c54,62.432,62.626,2242,839,27,27,1.17,0.47,0,0,3000,2498,623,0,3217,2160
1793e4df-5b1fd824-cb5d0f43-bc3531f4-40cf6c54,62.807,63.015,2224,823,27,27,1.17,0.47,0,0,3000,2498,623,0,3217,2160
1793e4df-5b1fd824-cb5d0f43-bc3531f4-40cf6c54,63.21,63.446,1197,889,27,27,1.17,0.47,0,0,3000,2498,623,0,3217,2160
1793e4df-5b1fd824-cb5d0f43-bc3531f4-40cf6c54,63.501,63.765,2268,814,27,27,1.17,0.47,0,0,3000,2498,623,0,3217,2160
1793e4df-5b1fd824-cb5d0f43-bc3531f4-40cf6c54,63.779,63.89,2298,791,27,27,1.17,0.47,0,0,3000,2498,623,0,3217,2160
1793e4df-5b1fd824-cb5d0f43-bc3531f4-40cf6c54,63.904,64.098,2318,794,27,27,1.17,0.47,0,0,3000,2498,623,0,3217,2160
1793e4df-5b1fd824-cb5d0f43-bc3531f4-40cf6c54,64.14,64.251,2235,827,27,27,1.17,0.47,0,0,3000,2498,623,0,3217,2160
1793e4df-5b1fd824-cb5d0f43-bc3531f4-40cf6c54,64.32,64.639,2047,1335,27,27,1.17,0.47,0,0,3000,2498,623,0,3217,2160
1793e4df-5b1fd824-cb5d0f43-bc3531f4-40cf6c54,64.68,64.82,2232,889,27,27,1.17,0.47,0,0,3000,2498,623,0,3217,2160
1793e4df-5b1fd824-cb5d0f43-bc3531f4-40cf6c54,64.833,65.139,2251,827,27,27,1.17,0.47,0,0,3000,2498,623,0,3217,2160
1793e4df-5b1fd824-cb5d0f43-bc3531f4-40cf6c54,65.25,65.389,2179,845,27,27,1.17,0.47,0,0,3000,2498,623,0,3217,2160
1793e4df-5b1fd824-cb5d0f43-bc3531f4-40cf6c54,65.472,65.749,2236,842,27,27,1.17,0.47,0,0,3000,2498,623,0,3217,2160
1793e4df-5b1fd824-cb5d0f43-bc3531f4-40cf6c54,65.778,65.972,2024,834,27,27,1.17,0.47,0,0,3000,2498,623,0,3217,2160
1793e4df-5b1fd824-cb5d0f43-bc3531f4-40cf6c54,66.0,66.236,2262,841,27,27,1.17,0.47,0,0,3000,2498,623,0,3217,2160
1793e4df-5b1fd824-cb5d0f43-bc3531f4-40cf6c54,66.306,66.431,2074,794,27,27,1.17,0.47,0,0,3000,2498,623,0,3217,2160
1793e4df-5b1fd824-cb5d0f43-bc3531f4-40cf6c54,66.556,66.736,2223,840,27,27,1.17,0.47,0,0,3000,2498,623,0,3217,2160
1793e4df-5b1fd824-cb5d0f43-bc3531f4-40cf6c54,66.916,67.166,2255,858,27,27,1.17,0.47,0,0,3000,2498,623,0,3217,2160
1793e4df-5b1fd824-cb5d0f43-bc3531f4-40cf6c54,67.181,67.389,2265,847,27,27,1.17,0.47,0,0,3000,2498,623,0,3217,2160
1793e4df-5b1fd824-cb5d0f43-bc3531f4-40cf6c54,67.403,67.528,2244,862,27,27,1.17,0.47,0,0,3000,2498,623,0,3217,2160
1793e4df-5b1fd824-cb5d0f43-bc3531f4-40cf6c54,67.652,67.861,2018,817,27,27,1.17,0.47,0,0,3000,2498,623,0,3217,2160
1793e4df-5b1fd824-cb5d0f43-bc3531f4-40cf6c54,67.902,68.056,2308,793,27,27,1.17,0.47,0,0,3000,2498,623,0,3217,2160
1793e4df-5b1fd824-cb5d0f43-bc3531f4-40cf6c54,68.069,68.208,2247,845,27,27,1.17,0.47,0,0,3000,2498,623,0,3217,2160
1793e4df-5b1fd824-cb5d0f43-bc3531f4-40cf6c54,68.222,68.416,2209,854,27,27,1.17,0.47,0,0,3000,2498,623,0,3217,2160
1793e4df-5b1fd824-cb5d0f43-bc3531f4-40cf6c54,69.096,69.208,1701,1702,27,27,1.17,0.47,0,0,3000,2498,623,0,3217,2160
1793e4df-5b1fd824-cb5d0f43-bc3531f4-40cf6c54,69.291,69.402,1656,1923,27,27,1.17,0.47,0,0,3000,2498,623,0,3217,2160
1793e4df-5b1fd824-cb5d0f43-bc3531f4-40cf6c54,69.499,69.611,2039,1938,27,27,1.17,0.47,0,0,3000,2498,623,0,3217,2160
1793e4df-5b1fd824-cb5d0f43-bc3531f4-40cf6c54,69.735,69.945,2498,2134,27,27,1.17,0.47,0,0,3000,2498,623,0,3217,2160
1793e4df-5b1fd824-cb5d0f43-bc3531f4-40cf6c54,69.986,70.097,2002,1977,27,27,1.17,0.47,0,0,3000,2498,623,0,3217,2160
1793e4df-5b1fd824-cb5d0f43-bc3531f4-40cf6c54,70.195,70.431,2250,760,27,27,1.17,0.47,0,0,3000,2498,623,0,3217,2160
1793e4df-5b1fd824-cb5d0f43-bc3531f4-40cf6c54,70.445,70.75,2248,803,27,27,1.17,0.47,0,0,3000,2498,623,0,3217,2160
1793e4df-5b1fd824-cb5d0f43-bc3531f4-40cf6c54,70.764,71.223,2258,814,27,27,1.17,0.47,0,0,3000,2498,623,0,3217,2160
1793e4df-5b1fd824-cb5d0f43-bc3531f4-40cf6c54,71.278,71.404,1913,1260,27,27,1.17,0.47,0,0,3000,2498,623,0,3217,2160
1793e4df-5b1fd824-cb5d0f43-bc3531f4-40cf6c54,71.486,71.986,1459,1790,27,27,1.17,0.47,0,0,3000,2498,623,0,3217,2160
