image,timestamp_start_fixation,timestamp_end_fixation,x_position,y_position,angular_resolution_x_pixels_per_degree,angular_resolution_y_pixels_per_degree,window_width,window_level,xmin_shown_from_image,ymin_shown_from_image,xmax_shown_from_image,ymax_shown_from_image,xmin_in_screen_coordinates,ymin_in_screen_coordinates,xmax_in_screen_coordinates,ymax_in_screen_coordinates
a28cb755-423caf3b-13530617-03aaff16-5ca9a2b3,0.027,0.152,1539,1727,23,23,0.99,0.51,0,0,2498,3000,1021,0,2819,2160
a28cb755-423caf3b-13530617-03aaff16-5ca9a2b3,0.166,0.362,1534,1739,23,23,0.99,0.51,0,0,2498,3000,1021,0,2819,2160
a28cb755-423caf3b-13530617-03aaff16-5ca9a2b3,0.417,0.612,971,1633,23,23,0.99,0.51,0,0,2498,3000,1021,0,2819,2160
a28cb755-423caf3b-13530617-03aaff16-5ca9a2b3,0.653,0.904,966,2337,23,23,0.99,0.51,0,0,2498,3000,1021,0,2819,2160
a28cb755-423caf3b-13530617-03aaff16-5ca9a2b3,0.96,1.071,1730,2122,23,23,0.99,0.51,0,0,2498,3000,1021,0,2819,2160
a28cb755-423caf3b-13530617-03aaff16-5ca9a2b3,1.085,1.211,1711,2071,23,23,0.99,0.51,0,0,2498,3000,1021,0,2819,2160
a28cb755-423caf3b-13530617-03aaff16-5ca9a2b3,1.224,1.351,1686,2068,23,23,0.99,0.51,0,0,2498,3000,1021,0,2819,2160
a28cb755-423caf3b-13530617-03aaff16-5ca9a2b3,1.377,1.642,1841,2030,23,23,0.99,0.51,0,0,2498,3000,1021,0,2819,2160
a28cb755-423caf3b-13530617-03aaff16-5ca9a2b3,1.823,1.935,1660,2670,23,23,0.99,0.51,0,0,2498,3000,1021,0,2819,2160
a28cb755-423caf3b-13530617-03aaff16-5ca9a2b3,2.323,2.449,707,2358,23,23,0.99,0.51,0,0,2498,3000,1021,0,2819,2160
a28cb755-423caf3b-13530617-03aaff16-5ca9a2b3,2.632,2.868,875,2073,23,23,0.99,0.51,0,0,2498,3000,1021,0,2819,2160
a28cb755-423caf3b-13530617-03aaff16-5ca9a2b3,2.895,3.062,918,2394,23,23,0.99,0.51,0,0,2498,3000,1021,0,2819,2160
a28cb755-423caf3b-13530617-03aaff16-5ca9a2b3,3.075,3.216,913,2415,23,23,0.99,0.51,0,0,2498,3000,1021,0,2819,2160
a28cb755-423caf3b-13530617-03aaff16-5ca9a2b3,3.229,3.34,942,2402,23,23,0.99,0.51,0,0,2498,3000,1021,0,2819,2160
a28cb755-423caf3b-13530617-03aaff16-5ca9a2b3,3.395,3.566,1610,2455,23,23,0.99,0.51,0,0,2498,3000,1021,0,2819,2160
a28cb755-423caf3b-13530617-03aaff16-5ca9a2b3,3.578,3.772,1618,2469,23,23,0.99,0.51,0,0,2498,3000,1021,0,2819,2160
a28cb755-423caf3b-13530617-03aaff16-5ca9a2b3,3.911,4.105,1688,983,23,23,0.99,0.51,0,0,2498,3000,1021,0,2819,2160
a28cb755-423caf3b-13530617-03aaff16-5ca9a2b3,4.342,4.676,723,1513,23,23,0.99,0.51,0,0,2498,3000,1021,0,2819,2160
a28cb755-423caf3b-13530617-03aaff16-5ca9a2b3,4.801,4.996,865,2093,23,23,0.99,0.51,0,0,2498,3000,1021,0,2819,2160
a28cb755-423caf3b-13530617-03aaff16-5ca9a2b3,5.01,5.205,877,2095,23,23,0.99,0.51,0,0,2498,3000,1021,0,2819,2160
a28cb755-423caf3b-13530617-03aaff16-5ca9a2b3,5.234,5.512,991,1941,23,23,0.99,0.51,0,0,2498,3000,1021,0,2819,2160
a28cb755-423caf3b-13530617-03aaff16-5ca9a2b3,5.553,5.706,1887,1919,23,23,0.99,0.51,0,0,2498,3000,1021,0,2819,2160
a28cb755-423caf3b-13530617-03aaff16-5ca9a2b3,5.775,5.917,1957,1889,23,23,0.99,0.51,0,0,2498,3000,1021,0,2819,2160
a28cb755-423caf3b-13530617-03aaff16-5ca9a2b3,6.082,6.375,1809,2579,23,23,0.99,0.51,0,0,2498,3000,1021,0,2819,2160
a28cb755-423caf3b-13530617-03aaff16-5ca9a2b3,6.849,7.029,403,2523,23,23,0.99,0.51,0,0,2498,3000,1021,0,2819,2160
a28cb755-423caf3b-13530617-03aaff16-5ca9a2b3,7.057,7.251,531,2396,23,23,0.99,0.51,0,0,2498,3000,1021,0,2819,2160
a28cb755-423caf3b-13530617-03aaff16-5ca9a2b3,7.335,7.502,898,2551,23,23,0.99,0.51,0,0,2498,3000,1021,0,2819,2160
a28cb755-423caf3b-13530617-03aaff16-5ca9a2b3,7.641,7.753,786,2476,23,23,0.99,0.51,0,0,2498,3000,1021,0,2819,2160
a28cb755-423caf3b-13530617-03aaff16-5ca9a2b3,7.961,8.212,766,2140,23,23,0.99,0.51,0,0,2498,3000,1021,0,2819,2160
a28cb755-423caf3b-13530617-03aaff16-5ca9a2b3,8.227,8.462,787,2159,23,23,0.99,0.51,0,0,2498,3000,1021,0,2819,2160
a28cb755-423caf3b-13530617-03aaff16-5ca9a2b3,8.56,8.741,1080,1206,23,23,0.99,0.51,0,0,2498,3000,1021,0,2819,2160
a28cb755-423caf3b-13530617-03aaff16-5ca9a2b3,8.853,9.13,493,1162,23,23,0.99,0.51,0,0,2498,3000,1021,0,2819,2160
a28cb755-423caf3b-13530617-03aaff16-5ca9a2b3,9.159,9.353,625,1077,23,23,0.99,0.51,0,0,2498,3000,1021,0,2819,2160
a28cb755-423caf3b-13530617-03aaff16-5ca9a2b3,9.506,9.618,747,1448,23,23,0.99,0.51,0,0,2498,3000,1021,0,2819,2160
a28cb755-423caf3b-13530617-03aaff16-5ca9a2b3,9.631,9.757,794,1456,23,23,0.99,0.51,0,0,2498,3000,1021,0,2819,2160
a28cb755-423caf3b-13530617-03aaff16-5ca9a2b3,9.882,10.049,1198,1497,23,23,0.99,0.51,0,0,2498,3000,1021,0,2819,2160
a28cb755-423caf3b-13530617-03aaff16-5ca9a2b3,10.064,10.244,1173,1527,23,23,0.99,0.51,0,0,2498,3000,1021,0,2819,2160
a28cb755-423caf3b-13530617-03aaff16-5ca9a2b3,10.3,10.536,848,1184,23,23,0.99,0.51,0,0,2498,3000,1021,0,2819,2160
a28cb755-423caf3b-13530617-03aaff16-5ca9a2b3,10.676,10.816,739,300,23,23,0.99,0.51,0,0,2498,3000,1021,0,2819,2160
a28cb755-423caf3b-13530617-03aaff16-5ca9a2b3,10.829,10.983,732,315,23,23,0.99,0.51,0,0,2498,3000,1021,0,2819,2160
a28cb755-423caf3b-13530617-03aaff16-5ca9a2b3,10.996,12.04,574,243,23,23,0.99,0.51,0,0,2498,3000,1021,0,2819,2160
a28cb755-423caf3b-13530617-03aaff16-5ca9a2b3,12.082,12.332,656,665,23,23,0.99,0.51,0,0,2498,3000,1021,0,2819,2160
a28cb755-423caf3b-13530617-03aaff16-5ca9a2b3,12.388,12.569,899,1902,23,23,0.99,0.51,0,0,2498,3000,1021,0,2819,2160
a28cb755-423caf3b-13530617-03aaff16-5ca9a2b3,12.584,12.806,922,1923,23,23,0.99,0.51,0,0,2498,3000,1021,0,2819,2160
a28cb755-423caf3b-13530617-03aaff16-5ca9a2b3,12.861,12.986,1467,1271,23,23,0.99,0.51,0,0,2498,3000,1021,0,2819,2160
a28cb755-423caf3b-13530617-03aaff16-5ca9a2b3,13.0,13.209,1432,1303,23,23,0.99,0.51,0,0,2498,3000,1021,0,2819,2160
a28cb755-423caf3b-13530617-03aaff16-5ca9a2b3,13.293,13.53,902,1304,23,23,0.99,0.51,0,0,2498,3000,1021,0,2819,2160
a28cb755-423caf3b-13530617-03aaff16-5ca9a2b3,13.557,13.919,886,1298,23,23,0.99,0.51,0,0,2498,3000,1021,0,2819,2160
a28cb755-423caf3b-13530617-03aaff16-5ca9a2b3,13.975,14.378,839,1716,23,23,0.99,0.51,0,0,2498,3000,1021,0,2819,2160
a28cb755-423caf3b-13530617-03aaff16-5ca9a2b3,14.42,14.699,1269,2045,23,23,0.99,0.51,0,0,2498,3000,1021,0,2819,2160
a28cb755-423caf3b-13530617-03aaff16-5ca9a2b3,14.712,14.824,1260,2051,23,23,0.99,0.51,0,0,2498,3000,1021,0,2819,2160
a28cb755-423caf3b-13530617-03aaff16-5ca9a2b3,14.838,15.144,1755,1959,23,23,0.99,0.51,0,0,2498,3000,1021,0,2819,2160
a28cb755-423caf3b-13530617-03aaff16-5ca9a2b3,16.494,16.634,1349,2983,23,23,0.99,0.51,0,0,2498,3000,1021,0,2819,2160
a28cb755-423caf3b-13530617-03aaff16-5ca9a2b3,16.884,17.023,1616,2785,23,23,0.99,0.51,0,0,2498,3000,1021,0,2819,2160
a28cb755-423caf3b-13530617-03aaff16-5ca9a2b3,17.719,17.886,206,2515,23,23,0.99,0.51,0,0,2498,3000,1021,0,2819,2160
a28cb755-423caf3b-13530617-03aaff16-5ca9a2b3,18.262,18.433,911,2501,23,23,0.99,0.51,0,0,2498,3000,1021,0,2819,2160
a28cb755-423caf3b-13530617-03aaff16-5ca9a2b3,18.736,18.86,1703,1984,23,23,0.99,0.51,0,0,2498,3000,1021,0,2819,2160
a28cb755-423caf3b-13530617-03aaff16-5ca9a2b3,19.307,19.542,1617,1004,23,23,0.99,0.51,0,0,2498,3000,1021,0,2819,2160
a28cb755-423caf3b-13530617-03aaff16-5ca9a2b3,19.627,19.737,1595,1057,23,23,0.99,0.51,0,0,2498,3000,1021,0,2819,2160
a28cb755-423caf3b-13530617-03aaff16-5ca9a2b3,19.752,19.892,1602,1109,23,23,0.99,0.51,0,0,2498,3000,1021,0,2819,2160
a28cb755-423caf3b-13530617-03aaff16-5ca9a2b3,19.933,21.716,1797,1686,23,23,0.99,0.51,0,0,2498,3000,1021,0,2819,2160
a28cb755-423caf3b-13530617-03aaff16-5ca9a2b3,21.729,22.008,1903,1342,23,23,1.0,0.5,0,0,2498,3000,1021,0,2819,2160
a28cb755-423caf3b-13530617-03aaff16-5ca9a2b3,22.021,22.216,1885,1342,23,23,1.0,0.5,0,0,2498,3000,1021,0,2819,2160
a28cb755-423caf3b-13530617-03aaff16-5ca9a2b3,22.242,22.507,1611,1435,23,23,1.0,0.5,0,0,2498,3000,1021,0,2819,2160
a28cb755-423caf3b-13530617-03aaff16-5ca9a2b3,22.521,22.758,1623,1417,23,23,1.0,0.5,0,0,2498,3000,1021,0,2819,2160
a28cb755-423caf3b-13530617-03aaff16-5ca9a2b3,22.773,22.911,1642,1445,23,23,1.0,0.5,0,0,2498,3000,1021,0,2819,2160
a28cb755-423caf3b-13530617-03aaff16-5ca9a2b3,22.953,23.428,1755,1717,23,23,1.0,0.5,0,0,2498,3000,1021,0,2819,2160
a28cb755-423caf3b-13530617-03aaff16-5ca9a2b3,23.468,24.0,1664,1839,23,23,1.01,0.25,0,0,2498,3000,1021,0,2819,2160
a28cb755-423caf3b-13530617-03aaff16-5ca9a2b3,24.04,24.191,1521,1824,23,23,1.27,0.76,0,0,2498,3000,1021,0,2819,2160
a28cb755-423caf3b-13530617-03aaff16-5ca9a2b3,24.205,24.32,1515,1787,23,23,1.29,0.77,0,0,2498,3000,1021,0,2819,2160
a28cb755-423caf3b-13530617-03aaff16-5ca9a2b3,24.372,24.622,1172,2327,23,23,1.26,0.58,0,0,2498,3000,1021,0,2819,2160
a28cb755-423caf3b-13530617-03aaff16-5ca9a2b3,24.652,24.778,875,2668,23,23,1.25,0.51,0,0,2498,3000,1021,0,2819,2160
a28cb755-423caf3b-13530617-03aaff16-5ca9a2b3,24.791,24.942,907,2683,23,23,1.25,0.49,0,0,2498,3000,1021,0,2819,2160
a28cb755-423caf3b-13530617-03aaff16-5ca9a2b3,24.999,25.138,931,2482,23,23,1.3,0.49,0,0,2498,3000,1021,0,2819,2160
a28cb755-423caf3b-13530617-03aaff16-5ca9a2b3,25.235,25.723,971,2722,23,23,1.36,0.5,0,0,2498,3000,1021,0,2819,2160
a28cb755-423caf3b-13530617-03aaff16-5ca9a2b3,25.839,25.946,763,1632,23,23,1.35,0.57,0,0,2498,3000,1021,0,2819,2160
a28cb755-423caf3b-13530617-03aaff16-5ca9a2b3,25.959,26.113,750,1602,23,23,1.3,0.57,0,0,2498,3000,1021,0,2819,2160
a28cb755-423caf3b-13530617-03aaff16-5ca9a2b3,26.156,26.808,597,1219,23,23,1.17,0.55,0,0,2498,3000,1021,0,2819,2160
a28cb755-423caf3b-13530617-03aaff16-5ca9a2b3,26.937,27.226,1043,1624,23,23,1.05,0.38,0,0,2498,3000,1021,0,2819,2160
a28cb755-423caf3b-13530617-03aaff16-5ca9a2b3,27.254,27.518,1162,2057,23,23,1.05,0.36,0,0,2498,3000,1021,0,2819,2160
a28cb755-423caf3b-13530617-03aaff16-5ca9a2b3,27.532,27.797,1007,1931,23,23,1.05,0.42,0,0,2498,3000,1021,0,2819,2160
a28cb755-423caf3b-13530617-03aaff16-5ca9a2b3,27.852,28.325,1795,1856,23,23,1.05,0.43,0,0,2498,3000,1021,0,2819,2160
a28cb755-423caf3b-13530617-03aaff16-5ca9a2b3,28.381,28.761,1733,2512,23,23,1.05,0.48,0,0,2498,3000,1021,0,2819,2160
a28cb755-423caf3b-13530617-03aaff16-5ca9a2b3,28.801,28.966,1830,1976,23,23,1.06,0.57,0,0,2498,3000,1021,0,2819,2160
a28cb755-423caf3b-13530617-03aaff16-5ca9a2b3,29.092,29.246,1895,1836,23,23,1.06,0.57,0,0,2498,3000,1021,0,2819,2160
a28cb755-423caf3b-13530617-03aaff16-5ca9a2b3,29.26,29.495,1904,1804,23,23,1.05,0.52,0,0,2498,3000,1021,0,2819,2160
a28cb755-423caf3b-13530617-03aaff16-5ca9a2b3,29.551,29.955,1670,1702,23,23,1.04,0.51,0,0,2498,3000,1021,0,2819,2160
a28cb755-423caf3b-13530617-03aaff16-5ca9a2b3,29.983,30.205,1768,1775,23,23,1.01,0.48,0,0,2498,3000,1021,0,2819,2160
a28cb755-423caf3b-13530617-03aaff16-5ca9a2b3,30.261,30.511,717,2037,23,23,1.0,0.45,0,0,2498,3000,1021,0,2819,2160
a28cb755-423caf3b-13530617-03aaff16-5ca9a2b3,30.791,31.027,817,2266,23,23,1.0,0.43,0,0,2498,3000,1021,0,2819,2160
a28cb755-423caf3b-13530617-03aaff16-5ca9a2b3,31.168,31.42,871,2429,23,23,0.98,0.38,0,0,2498,3000,1021,0,2819,2160
a28cb755-423caf3b-13530617-03aaff16-5ca9a2b3,31.57,32.154,703,2235,23,23,0.94,0.3,0,0,2498,3000,1021,0,2819,2160
a28cb755-423caf3b-13530617-03aaff16-5ca9a2b3,32.168,32.42,959,2124,23,23,0.95,0.4,0,0,2498,3000,1021,0,2819,2160
a28cb755-423caf3b-13530617-03aaff16-5ca9a2b3,32.49,32.671,986,1903,23,23,0.98,0.47,0,0,2498,3000,1021,0,2819,2160
a28cb755-423caf3b-13530617-03aaff16-5ca9a2b3,32.711,33.24,847,2130,23,23,1.0,0.5,0,0,2498,3000,1021,0,2819,2160
a28cb755-423caf3b-13530617-03aaff16-5ca9a2b3,33.256,33.365,842,2104,23,23,1.02,0.56,0,0,2498,3000,1021,0,2819,2160
a28cb755-423caf3b-13530617-03aaff16-5ca9a2b3,33.394,33.518,1442,1991,23,23,1.02,0.56,0,0,2498,3000,1021,0,2819,2160
a28cb755-423caf3b-13530617-03aaff16-5ca9a2b3,33.574,33.685,1872,1844,23,23,1.02,0.56,0,0,2498,3000,1021,0,2819,2160
a28cb755-423caf3b-13530617-03aaff16-5ca9a2b3,33.7,34.035,1841,1835,23,23,1.02,0.56,0,0,2498,3000,1021,0,2819,2160
a28cb755-423caf3b-13530617-03aaff16-5ca9a2b3,34.062,34.548,1792,2409,23,23,1.03,0.58,0,0,2498,3000,1021,0,2819,2160
a28cb755-423caf3b-13530617-03aaff16-5ca9a2b3,34.562,34.855,1704,2404,23,23,1.03,0.55,0,0,2498,3000,1021,0,2819,2160
a28cb755-423caf3b-13530617-03aaff16-5ca9a2b3,34.91,35.217,1639,2721,23,23,1.03,0.55,0,0,2498,3000,1021,0,2819,2160
a28cb755-423caf3b-13530617-03aaff16-5ca9a2b3,35.244,35.62,1296,2786,23,23,1.03,0.55,0,0,2498,3000,1021,0,2819,2160
a28cb755-423caf3b-13530617-03aaff16-5ca9a2b3,35.663,35.885,848,2464,23,23,1.02,0.51,0,0,2498,3000,1021,0,2819,2160
a28cb755-423caf3b-13530617-03aaff16-5ca9a2b3,35.912,36.191,407,2466,23,23,1.02,0.51,0,0,2498,3000,1021,0,2819,2160
a28cb755-423caf3b-13530617-03aaff16-5ca9a2b3,36.218,36.737,852,2409,23,23,1.02,0.51,0,0,2498,3000,1021,0,2819,2160
a28cb755-423caf3b-13530617-03aaff16-5ca9a2b3,36.749,37.124,881,2414,23,23,1.02,0.51,0,0,2498,3000,1021,0,2819,2160
a28cb755-423caf3b-13530617-03aaff16-5ca9a2b3,37.138,37.416,905,2414,23,23,1.02,0.51,0,0,2498,3000,1021,0,2819,2160
a28cb755-423caf3b-13530617-03aaff16-5ca9a2b3,37.472,37.695,1567,2499,23,23,1.02,0.51,0,0,2498,3000,1021,0,2819,2160
a28cb755-423caf3b-13530617-03aaff16-5ca9a2b3,37.877,38.001,2239,2579,23,23,1.02,0.51,0,0,2498,3000,1021,0,2819,2160
a28cb755-423caf3b-13530617-03aaff16-5ca9a2b3,38.112,38.488,1901,1105,23,23,1.02,0.51,0,0,2498,3000,1021,0,2819,2160
a28cb755-423caf3b-13530617-03aaff16-5ca9a2b3,38.517,38.738,1543,1133,23,23,1.02,0.51,0,0,2498,3000,1021,0,2819,2160
a28cb755-423caf3b-13530617-03aaff16-5ca9a2b3,38.808,38.933,1448,2347,23,23,1.02,0.51,0,0,2498,3000,1021,0,2819,2160
a28cb755-423caf3b-13530617-03aaff16-5ca9a2b3,39.058,39.365,1486,2843,23,23,1.02,0.51,0,0,2498,3000,1021,0,2819,2160
a28cb755-423caf3b-13530617-03aaff16-5ca9a2b3,39.393,39.642,870,2631,23,23,1.02,0.51,0,0,2498,3000,1021,0,2819,2160
a28cb755-423caf3b-13530617-03aaff16-5ca9a2b3,39.754,40.102,843,2592,23,23,1.02,0.51,0,0,2498,3000,1021,0,2819,2160
a28cb755-423caf3b-13530617-03aaff16-5ca9a2b3,40.117,40.715,856,2577,23,23,1.02,0.51,0,0,2498,3000,1021,0,2819,2160
a28cb755-423caf3b-13530617-03aaff16-5ca9a2b3,40.728,40.869,861,2571,23,23,1.02,0.51,0,0,2498,3000,1021,0,2819,2160
a28cb755-423caf3b-13530617-03aaff16-5ca9a2b3,40.882,41.119,815,2587,23,23,1.02,0.51,0,0,2498,3000,1021,0,2819,2160
a28cb755-423caf3b-13530617-03aaff16-5ca9a2b3,41.177,41.58,755,2054,23,23,1.02,0.51,0,0,2498,3000,1021,0,2819,2160
a28cb755-423caf3b-13530617-03aaff16-5ca9a2b3,41.593,41.885,825,2189,23,23,1.02,0.51,0,0,2498,3000,1021,0,2819,2160
a28cb755-423caf3b-13530617-03aaff16-5ca9a2b3,41.898,42.26,836,2195,23,23,1.02,0.51,0,0,2498,3000,1021,0,2819,2160
a28cb755-423caf3b-13530617-03aaff16-5ca9a2b3,42.275,42.58,905,2059,23,23,1.02,0.56,0,0,2498,3000,1021,0,2819,2160
a28cb755-423caf3b-13530617-03aaff16-5ca9a2b3,42.652,42.873,756,1888,23,23,1.02,0.54,0,0,2498,3000,1021,0,2819,2160
a28cb755-423caf3b-13530617-03aaff16-5ca9a2b3,42.984,43.373,772,1584,23,23,1.02,0.47,0,0,2498,3000,1021,0,2819,2160
a28cb755-423caf3b-13530617-03aaff16-5ca9a2b3,43.401,43.75,751,1777,23,23,1.02,0.46,0,0,2498,3000,1021,0,2819,2160
a28cb755-423caf3b-13530617-03aaff16-5ca9a2b3,43.819,44.0,799,2028,23,23,1.01,0.5,0,0,2498,3000,1021,0,2819,2160
a28cb755-423caf3b-13530617-03aaff16-5ca9a2b3,44.041,44.625,809,2305,23,23,1.01,0.51,0,0,2498,3000,1021,0,2819,2160
a28cb755-423caf3b-13530617-03aaff16-5ca9a2b3,44.639,44.779,744,2223,23,23,1.01,0.59,0,0,2498,3000,1021,0,2819,2160
a28cb755-423caf3b-13530617-03aaff16-5ca9a2b3,44.793,44.989,740,2222,23,23,1.01,0.59,0,0,2498,3000,1021,0,2819,2160
a28cb755-423caf3b-13530617-03aaff16-5ca9a2b3,45.023,45.531,874,2119,23,23,1.01,0.57,0,0,2498,3000,1021,0,2819,2160
a28cb755-423caf3b-13530617-03aaff16-5ca9a2b3,45.586,45.937,1697,1879,23,23,1.01,0.53,0,0,2498,3000,1021,0,2819,2160
a28cb755-423caf3b-13530617-03aaff16-5ca9a2b3,45.991,46.117,1719,1942,23,23,1.01,0.53,0,0,2498,3000,1021,0,2819,2160
a28cb755-423caf3b-13530617-03aaff16-5ca9a2b3,46.132,46.338,1788,1924,23,23,1.01,0.53,0,0,2498,3000,1021,0,2819,2160
a28cb755-423caf3b-13530617-03aaff16-5ca9a2b3,46.576,46.715,1825,2512,23,23,1.01,0.53,0,0,2498,3000,1021,0,2819,2160
a28cb755-423caf3b-13530617-03aaff16-5ca9a2b3,46.798,47.173,1594,2679,23,23,1.01,0.53,0,0,2498,3000,1021,0,2819,2160
a28cb755-423caf3b-13530617-03aaff16-5ca9a2b3,47.187,47.312,1600,2710,23,23,1.01,0.53,0,0,2498,3000,1021,0,2819,2160
a28cb755-423caf3b-13530617-03aaff16-5ca9a2b3,47.327,47.635,1387,2809,23,23,1.01,0.53,0,0,2498,3000,1021,0,2819,2160
a28cb755-423caf3b-13530617-03aaff16-5ca9a2b3,47.65,47.786,1184,2802,23,23,1.01,0.53,0,0,2498,3000,1021,0,2819,2160
a28cb755-423caf3b-13530617-03aaff16-5ca9a2b3,47.8,47.927,1164,2779,23,23,1.01,0.53,0,0,2498,3000,1021,0,2819,2160
a28cb755-423caf3b-13530617-03aaff16-5ca9a2b3,47.953,48.233,936,2663,23,23,1.01,0.53,0,0,2498,3000,1021,0,2819,2160
a28cb755-423caf3b-13530617-03aaff16-5ca9a2b3,48.259,48.398,1270,2673,23,23,1.01,0.53,0,0,2498,3000,1021,0,2819,2160
a28cb755-423caf3b-13530617-03aaff16-5ca9a2b3,48.412,48.607,1295,2666,23,23,1.01,0.53,0,0,2498,3000,1021,0,2819,2160
a28cb755-423caf3b-13530617-03aaff16-5ca9a2b3,48.65,48.857,835,2179,23,23,1.01,0.53,0,0,2498,3000,1021,0,2819,2160
a28cb755-423caf3b-13530617-03aaff16-5ca9a2b3,48.916,49.637,1079,1386,23,23,1.01,0.53,0,0,2498,3000,1021,0,2819,2160
a28cb755-423caf3b-13530617-03aaff16-5ca9a2b3,49.652,50.222,1082,1369,23,23,1.01,0.53,0,0,2498,3000,1021,0,2819,2160
a28cb755-423caf3b-13530617-03aaff16-5ca9a2b3,50.263,50.751,992,1628,23,23,1.01,0.53,0,0,2498,3000,1021,0,2819,2160
a28cb755-423caf3b-13530617-03aaff16-5ca9a2b3,50.764,50.986,999,1625,23,23,1.0,0.63,0,0,2498,3000,1021,0,2819,2160
a28cb755-423caf3b-13530617-03aaff16-5ca9a2b3,51.015,51.154,1007,2043,23,23,0.97,0.55,0,0,2498,3000,1021,0,2819,2160
a28cb755-423caf3b-13530617-03aaff16-5ca9a2b3,51.225,51.572,1109,2913,23,23,0.97,0.52,0,0,2498,3000,1021,0,2819,2160
a28cb755-423caf3b-13530617-03aaff16-5ca9a2b3,51.6,51.905,1272,2897,23,23,0.96,0.47,0,0,2498,3000,1021,0,2819,2160
a28cb755-423caf3b-13530617-03aaff16-5ca9a2b3,51.935,52.674,723,2668,23,23,0.94,0.37,0,0,2498,3000,1021,0,2819,2160
a28cb755-423caf3b-13530617-03aaff16-5ca9a2b3,52.728,53.353,1308,2859,23,23,0.93,0.46,0,0,2498,3000,1021,0,2819,2160
a28cb755-423caf3b-13530617-03aaff16-5ca9a2b3,53.367,53.744,1129,2814,23,23,0.93,0.64,0,0,2498,3000,1021,0,2819,2160
a28cb755-423caf3b-13530617-03aaff16-5ca9a2b3,53.758,53.926,1114,2840,23,23,0.93,0.7,0,0,2498,3000,1021,0,2819,2160
a28cb755-423caf3b-13530617-03aaff16-5ca9a2b3,53.941,54.147,1096,2813,23,23,0.9,0.8,0,0,2498,3000,1021,0,2819,2160
a28cb755-423caf3b-13530617-03aaff16-5ca9a2b3,54.233,54.552,1430,2426,23,23,0.9,0.82,0,0,2498,3000,1021,0,2819,2160
a28cb755-423caf3b-13530617-03aaff16-5ca9a2b3,54.592,54.914,1758,2347,23,23,0.89,0.66,0,0,2498,3000,1021,0,2819,2160
a28cb755-423caf3b-13530617-03aaff16-5ca9a2b3,55.025,55.318,1411,2315,23,23,0.79,0.51,0,0,2498,3000,1021,0,2819,2160
a28cb755-423caf3b-13530617-03aaff16-5ca9a2b3,55.331,55.436,1288,2379,23,23,0.76,0.45,0,0,2498,3000,1021,0,2819,2160
a28cb755-423caf3b-13530617-03aaff16-5ca9a2b3,55.457,55.623,1247,2386,23,23,0.75,0.41,0,0,2498,3000,1021,0,2819,2160
a28cb755-423caf3b-13530617-03aaff16-5ca9a2b3,55.636,55.888,1233,2380,23,23,0.74,0.39,0,0,2498,3000,1021,0,2819,2160
a28cb755-423caf3b-13530617-03aaff16-5ca9a2b3,55.9,56.082,1253,2397,23,23,0.72,0.44,0,0,2498,3000,1021,0,2819,2160
a28cb755-423caf3b-13530617-03aaff16-5ca9a2b3,56.151,56.625,1282,2924,23,23,0.72,0.45,0,0,2498,3000,1021,0,2819,2160
a28cb755-423caf3b-13530617-03aaff16-5ca9a2b3,56.653,56.974,1283,2898,23,23,0.71,0.58,0,0,2498,3000,1021,0,2819,2160
a28cb755-423caf3b-13530617-03aaff16-5ca9a2b3,57.042,57.195,1280,2383,23,23,0.71,0.7,0,0,2498,3000,1021,0,2819,2160
a28cb755-423caf3b-13530617-03aaff16-5ca9a2b3,57.309,57.435,1251,2338,23,23,0.71,0.7,0,0,2498,3000,1021,0,2819,2160
a28cb755-423caf3b-13530617-03aaff16-5ca9a2b3,57.45,57.794,1287,2368,23,23,0.72,0.61,0,0,2498,3000,1021,0,2819,2160
a28cb755-423caf3b-13530617-03aaff16-5ca9a2b3,57.822,58.227,1174,1891,23,23,0.72,0.53,0,0,2498,3000,1021,0,2819,2160
a28cb755-423caf3b-13530617-03aaff16-5ca9a2b3,58.344,58.548,870,2436,23,23,0.67,0.39,0,0,2498,3000,1021,0,2819,2160
a28cb755-423caf3b-13530617-03aaff16-5ca9a2b3,58.561,58.67,852,2479,23,23,0.66,0.4,0,0,2498,3000,1021,0,2819,2160
a28cb755-423caf3b-13530617-03aaff16-5ca9a2b3,58.769,59.074,811,2428,23,23,0.64,0.48,0,0,2498,3000,1021,0,2819,2160
a28cb755-423caf3b-13530617-03aaff16-5ca9a2b3,59.158,59.312,883,2395,23,23,0.62,0.54,0,0,2498,3000,1021,0,2819,2160
a28cb755-423caf3b-13530617-03aaff16-5ca9a2b3,59.562,59.771,928,2613,23,23,0.6,0.64,0,0,2498,3000,1021,0,2819,2160
a28cb755-423caf3b-13530617-03aaff16-5ca9a2b3,59.785,59.965,924,2585,23,23,0.59,0.68,0,0,2498,3000,1021,0,2819,2160
a28cb755-423caf3b-13530617-03aaff16-5ca9a2b3,59.993,60.33,844,2418,23,23,0.59,0.68,0,0,2498,3000,1021,0,2819,2160
a28cb755-423caf3b-13530617-03aaff16-5ca9a2b3,60.343,60.828,851,2412,23,23,0.59,0.69,0,0,2498,3000,1021,0,2819,2160
a28cb755-423caf3b-13530617-03aaff16-5ca9a2b3,60.87,61.204,831,2092,23,23,0.57,0.61,0,0,2498,3000,1021,0,2819,2160
a28cb755-423caf3b-13530617-03aaff16-5ca9a2b3,61.246,61.734,818,2266,23,23,0.57,0.6,0,0,2498,3000,1021,0,2819,2160
a28cb755-423caf3b-13530617-03aaff16-5ca9a2b3,61.761,62.011,891,2609,23,23,0.57,0.56,0,0,2498,3000,1021,0,2819,2160
a28cb755-423caf3b-13530617-03aaff16-5ca9a2b3,62.026,62.722,905,2608,23,23,0.57,0.56,0,0,2498,3000,1021,0,2819,2160
a28cb755-423caf3b-13530617-03aaff16-5ca9a2b3,62.75,62.861,885,2599,23,23,0.57,0.6,0,0,2498,3000,1021,0,2819,2160
a28cb755-423caf3b-13530617-03aaff16-5ca9a2b3,63.042,63.167,964,2683,23,23,0.57,0.61,0,0,2498,3000,1021,0,2819,2160
a28cb755-423caf3b-13530617-03aaff16-5ca9a2b3,63.181,63.32,965,2664,23,23,0.57,0.61,0,0,2498,3000,1021,0,2819,2160
a28cb755-423caf3b-13530617-03aaff16-5ca9a2b3,63.432,64.072,819,2391,23,23,0.57,0.61,0,0,2498,3000,1021,0,2819,2160
a28cb755-423caf3b-13530617-03aaff16-5ca9a2b3,64.086,64.199,827,2404,23,23,0.57,0.61,0,0,2498,3000,1021,0,2819,2160
a28cb755-423caf3b-13530617-03aaff16-5ca9a2b3,64.211,64.336,867,2420,23,23,0.57,0.61,0,0,2498,3000,1021,0,2819,2160
a28cb755-423caf3b-13530617-03aaff16-5ca9a2b3,64.684,64.809,836,2495,23,23,0.57,0.61,0,0,2498,3000,1021,0,2819,2160
a28cb755-423caf3b-13530617-03aaff16-5ca9a2b3,64.894,65.116,663,2302,23,23,0.57,0.61,0,0,2498,3000,1021,0,2819,2160
a28cb755-423caf3b-13530617-03aaff16-5ca9a2b3,65.255,65.506,773,2063,23,23,0.57,0.61,0,0,2498,3000,1021,0,2819,2160
a28cb755-423caf3b-13530617-03aaff16-5ca9a2b3,65.784,65.895,742,2179,23,23,0.57,0.61,0,0,2498,3000,1021,0,2819,2160
a28cb755-423caf3b-13530617-03aaff16-5ca9a2b3,65.909,66.034,763,2149,23,23,0.57,0.61,0,0,2498,3000,1021,0,2819,2160
a28cb755-423caf3b-13530617-03aaff16-5ca9a2b3,66.048,66.173,774,2177,23,23,0.57,0.61,0,0,2498,3000,1021,0,2819,2160
a28cb755-423caf3b-13530617-03aaff16-5ca9a2b3,66.313,66.454,720,2300,23,23,0.57,0.61,0,0,2498,3000,1021,0,2819,2160
a28cb755-423caf3b-13530617-03aaff16-5ca9a2b3,66.703,67.023,666,2380,23,23,0.57,0.61,0,0,2498,3000,1021,0,2819,2160
a28cb755-423caf3b-13530617-03aaff16-5ca9a2b3,67.093,67.413,760,1897,23,23,0.57,0.61,0,0,2498,3000,1021,0,2819,2160
a28cb755-423caf3b-13530617-03aaff16-5ca9a2b3,67.456,67.987,759,1691,23,23,0.57,0.61,0,0,2498,3000,1021,0,2819,2160
a28cb755-423caf3b-13530617-03aaff16-5ca9a2b3,68.011,68.136,756,1697,23,23,0.57,0.61,0,0,2498,3000,1021,0,2819,2160
a28cb755-423caf3b-13530617-03aaff16-5ca9a2b3,68.332,68.457,737,1867,23,23,0.57,0.61,0,0,2498,3000,1021,0,2819,2160
a28cb755-423caf3b-13530617-03aaff16-5ca9a2b3,68.471,68.596,792,2069,23,23,0.57,0.61,0,0,2498,3000,1021,0,2819,2160
a28cb755-423caf3b-13530617-03aaff16-5ca9a2b3,68.639,68.75,784,2087,23,23,0.57,0.61,0,0,2498,3000,1021,0,2819,2160
a28cb755-423caf3b-13530617-03aaff16-5ca9a2b3,68.987,69.125,778,2365,23,23,0.57,0.61,0,0,2498,3000,1021,0,2819,2160
a28cb755-423caf3b-13530617-03aaff16-5ca9a2b3,69.139,69.251,776,2316,23,23,0.57,0.61,0,0,2498,3000,1021,0,2819,2160
a28cb755-423caf3b-13530617-03aaff16-5ca9a2b3,69.265,69.375,753,2358,23,23,0.57,0.61,0,0,2498,3000,1021,0,2819,2160
a28cb755-423caf3b-13530617-03aaff16-5ca9a2b3,69.417,69.682,695,2388,23,23,0.57,0.61,0,0,2498,3000,1021,0,2819,2160
a28cb755-423caf3b-13530617-03aaff16-5ca9a2b3,69.696,69.876,697,2351,23,23,0.57,0.61,0,0,2498,3000,1021,0,2819,2160
a28cb755-423caf3b-13530617-03aaff16-5ca9a2b3,69.988,70.447,692,2174,23,23,0.57,0.61,0,0,2498,3000,1021,0,2819,2160
a28cb755-423caf3b-13530617-03aaff16-5ca9a2b3,70.461,70.809,736,2267,23,23,0.57,0.61,0,0,2498,3000,1021,0,2819,2160
a28cb755-423caf3b-13530617-03aaff16-5ca9a2b3,70.823,71.213,663,2256,23,23,0.57,0.61,0,0,2498,3000,1021,0,2819,2160
a28cb755-423caf3b-13530617-03aaff16-5ca9a2b3,71.227,71.465,647,2271,23,23,0.57,0.61,0,0,2498,3000,1021,0,2819,2160
a28cb755-423caf3b-13530617-03aaff16-5ca9a2b3,71.604,71.784,666,1897,23,23,0.57,0.61,0,0,2498,3000,1021,0,2819,2160
a28cb755-423caf3b-13530617-03aaff16-5ca9a2b3,71.923,72.036,725,1922,23,23,0.57,0.61,0,0,2498,3000,1021,0,2819,2160
a28cb755-423caf3b-13530617-03aaff16-5ca9a2b3,72.216,72.522,788,2131,23,23,0.57,0.61,0,0,2498,3000,1021,0,2819,2160
a28cb755-423caf3b-13530617-03aaff16-5ca9a2b3,72.841,72.981,820,2307,23,23,0.57,0.61,0,0,2498,3000,1021,0,2819,2160
a28cb755-423caf3b-13530617-03aaff16-5ca9a2b3,72.994,73.105,809,2369,23,23,0.57,0.61,0,0,2498,3000,1021,0,2819,2160
a28cb755-423caf3b-13530617-03aaff16-5ca9a2b3,73.189,73.316,819,2325,23,23,0.57,0.61,0,0,2498,3000,1021,0,2819,2160
a28cb755-423caf3b-13530617-03aaff16-5ca9a2b3,73.344,73.454,821,2298,23,23,0.57,0.61,0,0,2498,3000,1021,0,2819,2160
a28cb755-423caf3b-13530617-03aaff16-5ca9a2b3,73.468,73.607,810,2256,23,23,0.57,0.61,0,0,2498,3000,1021,0,2819,2160
a28cb755-423caf3b-13530617-03aaff16-5ca9a2b3,73.621,73.817,787,2238,23,23,0.57,0.61,0,0,2498,3000,1021,0,2819,2160
a28cb755-423caf3b-13530617-03aaff16-5ca9a2b3,73.833,74.149,888,2010,23,23,0.57,0.61,0,0,2498,3000,1021,0,2819,2160
a28cb755-423caf3b-13530617-03aaff16-5ca9a2b3,74.163,74.276,904,1986,23,23,0.57,0.61,0,0,2498,3000,1021,0,2819,2160
a28cb755-423caf3b-13530617-03aaff16-5ca9a2b3,74.289,74.414,827,2160,23,23,0.57,0.61,0,0,2498,3000,1021,0,2819,2160
a28cb755-423caf3b-13530617-03aaff16-5ca9a2b3,74.428,74.581,810,2164,23,23,0.57,0.61,0,0,2498,3000,1021,0,2819,2160
a28cb755-423caf3b-13530617-03aaff16-5ca9a2b3,74.623,75.069,753,2274,23,23,0.57,0.61,0,0,2498,3000,1021,0,2819,2160
a28cb755-423caf3b-13530617-03aaff16-5ca9a2b3,75.137,75.332,860,2630,23,23,0.57,0.61,0,0,2498,3000,1021,0,2819,2160
a28cb755-423caf3b-13530617-03aaff16-5ca9a2b3,75.417,75.541,904,2492,23,23,0.57,0.61,0,0,2498,3000,1021,0,2819,2160
a28cb755-423caf3b-13530617-03aaff16-5ca9a2b3,75.555,75.722,930,2505,23,23,0.57,0.61,0,0,2498,3000,1021,0,2819,2160
a28cb755-423caf3b-13530617-03aaff16-5ca9a2b3,75.806,75.973,800,2397,23,23,0.57,0.61,0,0,2498,3000,1021,0,2819,2160
a28cb755-423caf3b-13530617-03aaff16-5ca9a2b3,76.042,76.183,650,2182,23,23,0.57,0.61,0,0,2498,3000,1021,0,2819,2160
a28cb755-423caf3b-13530617-03aaff16-5ca9a2b3,76.199,76.335,665,2174,23,23,0.57,0.61,0,0,2498,3000,1021,0,2819,2160
a28cb755-423caf3b-13530617-03aaff16-5ca9a2b3,76.446,76.558,754,1808,23,23,0.57,0.61,0,0,2498,3000,1021,0,2819,2160
a28cb755-423caf3b-13530617-03aaff16-5ca9a2b3,76.571,76.739,766,1786,23,23,0.57,0.61,0,0,2498,3000,1021,0,2819,2160
a28cb755-423caf3b-13530617-03aaff16-5ca9a2b3,76.836,76.962,752,1873,23,23,0.57,0.61,0,0,2498,3000,1021,0,2819,2160
a28cb755-423caf3b-13530617-03aaff16-5ca9a2b3,77.199,77.715,711,2226,23,23,0.57,0.61,0,0,2498,3000,1021,0,2819,2160
a28cb755-423caf3b-13530617-03aaff16-5ca9a2b3,77.728,78.091,853,2139,23,23,0.57,0.61,0,0,2498,3000,1021,0,2819,2160
a28cb755-423caf3b-13530617-03aaff16-5ca9a2b3,78.104,78.397,976,2073,23,23,0.57,0.61,0,0,2498,3000,1021,0,2819,2160
a28cb755-423caf3b-13530617-03aaff16-5ca9a2b3,78.409,78.703,815,2109,23,23,0.57,0.61,0,0,2498,3000,1021,0,2819,2160
a28cb755-423caf3b-13530617-03aaff16-5ca9a2b3,78.716,79.05,812,2114,23,23,0.57,0.61,0,0,2498,3000,1021,0,2819,2160
a28cb755-423caf3b-13530617-03aaff16-5ca9a2b3,79.079,79.203,615,2074,23,23,0.57,0.61,0,0,2498,3000,1021,0,2819,2160
a28cb755-423caf3b-13530617-03aaff16-5ca9a2b3,79.342,79.495,643,2087,23,23,0.57,0.61,0,0,2498,3000,1021,0,2819,2160
a28cb755-423caf3b-13530617-03aaff16-5ca9a2b3,79.509,79.662,640,2048,23,23,0.57,0.61,0,0,2498,3000,1021,0,2819,2160
a28cb755-423caf3b-13530617-03aaff16-5ca9a2b3,79.703,79.885,686,1750,23,23,0.57,0.61,0,0,2498,3000,1021,0,2819,2160
a28cb755-423caf3b-13530617-03aaff16-5ca9a2b3,79.929,80.15,699,1755,23,23,0.57,0.61,0,0,2498,3000,1021,0,2819,2160
a28cb755-423caf3b-13530617-03aaff16-5ca9a2b3,80.165,80.455,632,1650,23,23,0.57,0.61,0,0,2498,3000,1021,0,2819,2160
a28cb755-423caf3b-13530617-03aaff16-5ca9a2b3,80.469,80.735,631,1635,23,23,0.57,0.61,0,0,2498,3000,1021,0,2819,2160
a28cb755-423caf3b-13530617-03aaff16-5ca9a2b3,80.749,80.886,767,1656,23,23,0.57,0.61,0,0,2498,3000,1021,0,2819,2160
a28cb755-423caf3b-13530617-03aaff16-5ca9a2b3,80.901,81.403,775,1670,23,23,0.57,0.61,0,0,2498,3000,1021,0,2819,2160
a28cb755-423caf3b-13530617-03aaff16-5ca9a2b3,81.417,81.737,706,1691,23,23,0.57,0.61,0,0,2498,3000,1021,0,2819,2160
a28cb755-423caf3b-13530617-03aaff16-5ca9a2b3,81.82,82.071,744,1798,23,23,0.57,0.61,0,0,2498,3000,1021,0,2819,2160
a28cb755-423caf3b-13530617-03aaff16-5ca9a2b3,82.1,82.613,748,2071,23,23,0.57,0.61,0,0,2498,3000,1021,0,2819,2160
a28cb755-423caf3b-13530617-03aaff16-5ca9a2b3,83.032,83.155,814,2137,23,23,0.57,0.61,0,0,2498,3000,1021,0,2819,2160
a28cb755-423caf3b-13530617-03aaff16-5ca9a2b3,83.17,83.337,770,2177,23,23,0.57,0.61,0,0,2498,3000,1021,0,2819,2160
a28cb755-423caf3b-13530617-03aaff16-5ca9a2b3,83.797,83.949,783,2306,23,23,0.57,0.61,0,0,2498,3000,1021,0,2819,2160
a28cb755-423caf3b-13530617-03aaff16-5ca9a2b3,83.964,84.228,796,2279,23,23,0.57,0.61,0,0,2498,3000,1021,0,2819,2160
a28cb755-423caf3b-13530617-03aaff16-5ca9a2b3,84.242,84.565,796,2269,23,23,0.57,0.61,0,0,2498,3000,1021,0,2819,2160
a28cb755-423caf3b-13530617-03aaff16-5ca9a2b3,84.576,84.743,786,2257,23,23,0.57,0.61,0,0,2498,3000,1021,0,2819,2160
a28cb755-423caf3b-13530617-03aaff16-5ca9a2b3,84.786,84.911,807,2081,23,23,0.57,0.61,0,0,2498,3000,1021,0,2819,2160
a28cb755-423caf3b-13530617-03aaff16-5ca9a2b3,84.924,85.135,772,2127,23,23,0.57,0.61,0,0,2498,3000,1021,0,2819,2160
a28cb755-423caf3b-13530617-03aaff16-5ca9a2b3,85.147,85.413,739,2142,23,23,0.57,0.61,0,0,2498,3000,1021,0,2819,2160
a28cb755-423caf3b-13530617-03aaff16-5ca9a2b3,85.445,85.677,746,2103,23,23,0.54,0.74,0,0,2498,3000,1021,0,2819,2160
a28cb755-423caf3b-13530617-03aaff16-5ca9a2b3,85.691,86.218,713,2075,23,23,0.52,0.65,0,0,2498,3000,1021,0,2819,2160
a28cb755-423caf3b-13530617-03aaff16-5ca9a2b3,86.231,86.401,723,2078,23,23,0.5,0.47,0,0,2498,3000,1021,0,2819,2160
a28cb755-423caf3b-13530617-03aaff16-5ca9a2b3,86.429,86.719,765,2266,23,23,0.48,0.61,0,0,2498,3000,1021,0,2819,2160
a28cb755-423caf3b-13530617-03aaff16-5ca9a2b3,86.846,87.387,734,2277,23,23,0.47,0.6,0,0,2498,3000,1021,0,2819,2160
a28cb755-423caf3b-13530617-03aaff16-5ca9a2b3,87.401,87.833,797,2199,23,23,0.41,0.61,0,0,2498,3000,1021,0,2819,2160
a28cb755-423caf3b-13530617-03aaff16-5ca9a2b3,87.847,87.973,771,2214,23,23,0.38,0.71,0,0,2498,3000,1021,0,2819,2160
a28cb755-423caf3b-13530617-03aaff16-5ca9a2b3,87.986,88.32,770,2277,23,23,0.38,0.78,0,0,2498,3000,1021,0,2819,2160
a28cb755-423caf3b-13530617-03aaff16-5ca9a2b3,88.367,88.573,871,2128,23,23,0.38,0.85,0,0,2498,3000,1021,0,2819,2160
a28cb755-423caf3b-13530617-03aaff16-5ca9a2b3,88.586,88.877,864,2140,23,23,0.36,0.83,0,0,2498,3000,1021,0,2819,2160
a28cb755-423caf3b-13530617-03aaff16-5ca9a2b3,88.918,89.183,755,1887,23,23,0.29,0.73,0,0,2498,3000,1021,0,2819,2160
a28cb755-423caf3b-13530617-03aaff16-5ca9a2b3,89.239,89.463,710,1481,23,23,0.28,0.7,0,0,2498,3000,1021,0,2819,2160
a28cb755-423caf3b-13530617-03aaff16-5ca9a2b3,89.518,89.991,744,1681,23,23,0.28,0.65,0,0,2498,3000,1021,0,2819,2160
a28cb755-423caf3b-13530617-03aaff16-5ca9a2b3,90.13,90.286,801,2130,23,23,0.25,0.68,0,0,2498,3000,1021,0,2819,2160
a28cb755-423caf3b-13530617-03aaff16-5ca9a2b3,90.303,90.52,819,2084,23,23,0.25,0.74,0,0,2498,3000,1021,0,2819,2160
a28cb755-423caf3b-13530617-03aaff16-5ca9a2b3,90.535,90.925,798,2087,23,23,0.25,0.79,0,0,2498,3000,1021,0,2819,2160
a28cb755-423caf3b-13530617-03aaff16-5ca9a2b3,90.938,91.078,795,2079,23,23,0.25,0.95,0,0,2498,3000,1021,0,2819,2160
a28cb755-423caf3b-13530617-03aaff16-5ca9a2b3,91.091,91.454,777,2104,23,23,0.25,1.0,0,0,2498,3000,1021,0,2819,2160
a28cb755-423caf3b-13530617-03aaff16-5ca9a2b3,91.48,91.855,784,2277,23,23,0.2,0.91,0,0,2498,3000,1021,0,2819,2160
a28cb755-423caf3b-13530617-03aaff16-5ca9a2b3,91.925,92.064,662,2082,23,23,0.13,0.82,0,0,2498,3000,1021,0,2819,2160
a28cb755-423caf3b-13530617-03aaff16-5ca9a2b3,92.078,92.209,664,2118,23,23,0.13,0.82,0,0,2498,3000,1021,0,2819,2160
a28cb755-423caf3b-13530617-03aaff16-5ca9a2b3,92.232,92.553,643,1893,23,23,0.12,0.87,0,0,2498,3000,1021,0,2819,2160
a28cb755-423caf3b-13530617-03aaff16-5ca9a2b3,92.566,92.984,794,1900,23,23,0.12,0.93,0,0,2498,3000,1021,0,2819,2160
a28cb755-423caf3b-13530617-03aaff16-5ca9a2b3,92.998,93.819,744,2069,23,23,0.13,1.0,0,0,2498,3000,1021,0,2819,2160
a28cb755-423caf3b-13530617-03aaff16-5ca9a2b3,93.834,94.017,762,2063,23,23,0.11,1.0,0,0,2498,3000,1021,0,2819,2160
a28cb755-423caf3b-13530617-03aaff16-5ca9a2b3,94.049,94.251,694,2086,23,23,0.11,0.84,0,0,2498,3000,1021,0,2819,2160
a28cb755-423caf3b-13530617-03aaff16-5ca9a2b3,94.417,94.528,693,2255,23,23,0.11,0.76,0,0,2498,3000,1021,0,2819,2160
a28cb755-423caf3b-13530617-03aaff16-5ca9a2b3,95.433,95.586,830,2105,23,23,0.1,0.96,0,0,2498,3000,1021,0,2819,2160
a28cb755-423caf3b-13530617-03aaff16-5ca9a2b3,95.602,95.892,840,2162,23,23,0.1,0.96,0,0,2498,3000,1021,0,2819,2160
a28cb755-423caf3b-13530617-03aaff16-5ca9a2b3,95.92,96.129,804,1873,23,23,0.1,0.96,0,0,2498,3000,1021,0,2819,2160
a28cb755-423caf3b-13530617-03aaff16-5ca9a2b3,96.143,96.45,817,1845,23,23,0.1,0.96,0,0,2498,3000,1021,0,2819,2160
a28cb755-423caf3b-13530617-03aaff16-5ca9a2b3,96.464,96.784,782,1939,23,23,0.1,0.96,0,0,2498,3000,1021,0,2819,2160
a28cb755-423caf3b-13530617-03aaff16-5ca9a2b3,96.965,97.09,704,1971,23,23,0.1,0.96,0,0,2498,3000,1021,0,2819,2160
a28cb755-423caf3b-13530617-03aaff16-5ca9a2b3,97.27,97.494,687,1463,23,23,0.1,0.96,0,0,2498,3000,1021,0,2819,2160
a28cb755-423caf3b-13530617-03aaff16-5ca9a2b3,97.605,97.813,547,1163,23,23,0.1,0.94,0,0,2498,3000,1021,0,2819,2160
a28cb755-423caf3b-13530617-03aaff16-5ca9a2b3,97.827,98.385,537,1204,23,23,0.1,0.84,0,0,2498,3000,1021,0,2819,2160
a28cb755-423caf3b-13530617-03aaff16-5ca9a2b3,98.398,98.509,537,1231,23,23,0.1,0.66,0,0,2498,3000,1021,0,2819,2160
a28cb755-423caf3b-13530617-03aaff16-5ca9a2b3,98.566,98.829,748,1473,23,23,0.1,0.64,0,0,2498,3000,1021,0,2819,2160
a28cb755-423caf3b-13530617-03aaff16-5ca9a2b3,98.871,99.166,806,1781,23,23,0.1,0.7,0,0,2498,3000,1021,0,2819,2160
a28cb755-423caf3b-13530617-03aaff16-5ca9a2b3,99.222,99.584,969,1945,23,23,0.1,0.87,0,0,2498,3000,1021,0,2819,2160
a28cb755-423caf3b-13530617-03aaff16-5ca9a2b3,99.638,100.056,791,2090,23,23,0.13,1.0,0,0,2498,3000,1021,0,2819,2160
a28cb755-423caf3b-13530617-03aaff16-5ca9a2b3,100.1,100.266,759,2501,23,23,0.14,1.0,0,0,2498,3000,1021,0,2819,2160
a28cb755-423caf3b-13530617-03aaff16-5ca9a2b3,100.404,100.53,1045,2477,23,23,0.14,1.0,0,0,2498,3000,1021,0,2819,2160
a28cb755-423caf3b-13530617-03aaff16-5ca9a2b3,100.655,100.765,1883,2399,23,23,0.14,1.0,0,0,2498,3000,1021,0,2819,2160
a28cb755-423caf3b-13530617-03aaff16-5ca9a2b3,100.807,100.947,1848,2381,23,23,0.15,1.0,0,0,2498,3000,1021,0,2819,2160
a28cb755-423caf3b-13530617-03aaff16-5ca9a2b3,100.961,101.155,1820,2371,23,23,0.15,1.0,0,0,2498,3000,1021,0,2819,2160
a28cb755-423caf3b-13530617-03aaff16-5ca9a2b3,101.168,101.349,1711,2329,23,23,0.18,1.0,0,0,2498,3000,1021,0,2819,2160
a28cb755-423caf3b-13530617-03aaff16-5ca9a2b3,101.363,101.476,1696,2313,23,23,0.18,1.0,0,0,2498,3000,1021,0,2819,2160
a28cb755-423caf3b-13530617-03aaff16-5ca9a2b3,101.517,101.669,1884,1945,23,23,0.19,0.9,0,0,2498,3000,1021,0,2819,2160
a28cb755-423caf3b-13530617-03aaff16-5ca9a2b3,101.684,101.878,1890,1975,23,23,0.16,0.81,0,0,2498,3000,1021,0,2819,2160
a28cb755-423caf3b-13530617-03aaff16-5ca9a2b3,101.892,102.102,1669,1888,23,23,0.14,0.74,0,0,2498,3000,1021,0,2819,2160
a28cb755-423caf3b-13530617-03aaff16-5ca9a2b3,102.116,102.368,1675,1896,23,23,0.14,0.91,0,0,2498,3000,1021,0,2819,2160
a28cb755-423caf3b-13530617-03aaff16-5ca9a2b3,102.42,102.575,1969,1816,23,23,0.14,1.0,0,0,2498,3000,1021,0,2819,2160
a28cb755-423caf3b-13530617-03aaff16-5ca9a2b3,102.589,102.867,1956,1833,23,23,0.14,1.0,0,0,2498,3000,1021,0,2819,2160
a28cb755-423caf3b-13530617-03aaff16-5ca9a2b3,102.881,103.145,1927,1848,23,23,0.14,1.0,0,0,2498,3000,1021,0,2819,2160
a28cb755-423caf3b-13530617-03aaff16-5ca9a2b3,103.158,103.409,1963,1833,23,23,0.14,1.0,0,0,2498,3000,1021,0,2819,2160
a28cb755-423caf3b-13530617-03aaff16-5ca9a2b3,103.423,103.645,1931,1829,23,23,0.14,1.0,0,0,2498,3000,1021,0,2819,2160
a28cb755-423caf3b-13530617-03aaff16-5ca9a2b3,103.66,103.799,1973,1835,23,23,0.14,1.0,0,0,2498,3000,1021,0,2819,2160
a28cb755-423caf3b-13530617-03aaff16-5ca9a2b3,103.813,104.063,1936,1816,23,23,0.14,1.0,0,0,2498,3000,1021,0,2819,2160
a28cb755-423caf3b-13530617-03aaff16-5ca9a2b3,104.078,104.231,1948,1822,23,23,0.14,1.0,0,0,2498,3000,1021,0,2819,2160
a28cb755-423caf3b-13530617-03aaff16-5ca9a2b3,104.244,104.425,1856,1840,23,23,0.14,1.0,0,0,2498,3000,1021,0,2819,2160
a28cb755-423caf3b-13530617-03aaff16-5ca9a2b3,104.745,104.885,1850,1869,23,23,0.14,1.0,0,0,2498,3000,1021,0,2819,2160
a28cb755-423caf3b-13530617-03aaff16-5ca9a2b3,104.898,105.023,1846,1849,23,23,0.14,1.0,0,0,2498,3000,1021,0,2819,2160
a28cb755-423caf3b-13530617-03aaff16-5ca9a2b3,105.037,105.233,1834,1854,23,23,0.14,1.0,0,0,2498,3000,1021,0,2819,2160
a28cb755-423caf3b-13530617-03aaff16-5ca9a2b3,105.26,105.401,1870,1828,23,23,0.14,1.0,0,0,2498,3000,1021,0,2819,2160
a28cb755-423caf3b-13530617-03aaff16-5ca9a2b3,105.441,105.568,1833,1848,23,23,0.14,1.0,0,0,2498,3000,1021,0,2819,2160
a28cb755-423caf3b-13530617-03aaff16-5ca9a2b3,105.664,105.986,1980,2010,23,23,0.14,1.0,0,0,2498,3000,1021,0,2819,2160
a28cb755-423caf3b-13530617-03aaff16-5ca9a2b3,106.027,106.193,1971,2018,23,23,0.14,1.0,0,0,2498,3000,1021,0,2819,2160
a28cb755-423caf3b-13530617-03aaff16-5ca9a2b3,106.209,106.333,1972,2007,23,23,0.14,1.0,0,0,2498,3000,1021,0,2819,2160
a28cb755-423caf3b-13530617-03aaff16-5ca9a2b3,106.36,106.541,1900,1839,23,23,0.14,1.0,0,0,2498,3000,1021,0,2819,2160
a28cb755-423caf3b-13530617-03aaff16-5ca9a2b3,106.583,106.736,1923,1795,23,23,0.14,1.0,0,0,2498,3000,1021,0,2819,2160
a28cb755-423caf3b-13530617-03aaff16-5ca9a2b3,106.751,106.904,1890,1819,23,23,0.14,1.0,0,0,2498,3000,1021,0,2819,2160
a28cb755-423caf3b-13530617-03aaff16-5ca9a2b3,107.0,107.515,1945,1801,23,23,0.14,1.0,0,0,2498,3000,1021,0,2819,2160
a28cb755-423caf3b-13530617-03aaff16-5ca9a2b3,107.545,107.766,1951,1801,23,23,0.14,1.0,0,0,2498,3000,1021,0,2819,2160
a28cb755-423caf3b-13530617-03aaff16-5ca9a2b3,107.976,108.156,1868,1821,23,23,0.14,1.0,0,0,2498,3000,1021,0,2819,2160
a28cb755-423caf3b-13530617-03aaff16-5ca9a2b3,108.171,108.783,1883,1801,23,23,0.14,1.0,0,0,2498,3000,1021,0,2819,2160
a28cb755-423caf3b-13530617-03aaff16-5ca9a2b3,108.799,109.131,1892,1826,23,23,0.14,1.0,0,0,2498,3000,1021,0,2819,2160
a28cb755-423caf3b-13530617-03aaff16-5ca9a2b3,109.314,109.437,1745,1791,23,23,0.14,1.0,0,0,2498,3000,1021,0,2819,2160
a28cb755-423caf3b-13530617-03aaff16-5ca9a2b3,109.451,109.617,1753,1779,23,23,0.14,1.0,0,0,2498,3000,1021,0,2819,2160
a28cb755-423caf3b-13530617-03aaff16-5ca9a2b3,109.631,109.799,1764,1810,23,23,0.14,1.0,0,0,2498,3000,1021,0,2819,2160
a28cb755-423caf3b-13530617-03aaff16-5ca9a2b3,109.84,110.077,1935,1840,23,23,0.14,1.0,0,0,2498,3000,1021,0,2819,2160
a28cb755-423caf3b-13530617-03aaff16-5ca9a2b3,110.09,110.411,1932,1828,23,23,0.14,1.0,0,0,2498,3000,1021,0,2819,2160
a28cb755-423caf3b-13530617-03aaff16-5ca9a2b3,110.425,110.566,1890,1868,23,23,0.14,1.0,0,0,2498,3000,1021,0,2819,2160
a28cb755-423caf3b-13530617-03aaff16-5ca9a2b3,110.579,110.815,1899,1876,23,23,0.14,1.0,0,0,2498,3000,1021,0,2819,2160
a28cb755-423caf3b-13530617-03aaff16-5ca9a2b3,110.828,111.121,1907,1866,23,23,0.14,1.0,0,0,2498,3000,1021,0,2819,2160
a28cb755-423caf3b-13530617-03aaff16-5ca9a2b3,111.329,111.47,1829,1999,23,23,0.14,1.0,0,0,2498,3000,1021,0,2819,2160
a28cb755-423caf3b-13530617-03aaff16-5ca9a2b3,111.484,111.704,1826,1996,23,23,0.14,1.0,0,0,2498,3000,1021,0,2819,2160
a28cb755-423caf3b-13530617-03aaff16-5ca9a2b3,111.746,111.914,1980,1867,23,23,0.14,1.0,0,0,2498,3000,1021,0,2819,2160
a28cb755-423caf3b-13530617-03aaff16-5ca9a2b3,111.928,112.095,1966,1849,23,23,0.14,1.0,0,0,2498,3000,1021,0,2819,2160
a28cb755-423caf3b-13530617-03aaff16-5ca9a2b3,112.109,112.318,1915,1836,23,23,0.14,1.0,0,0,2498,3000,1021,0,2819,2160
a28cb755-423caf3b-13530617-03aaff16-5ca9a2b3,112.333,112.54,1873,1830,23,23,0.14,1.0,0,0,2498,3000,1021,0,2819,2160
a28cb755-423caf3b-13530617-03aaff16-5ca9a2b3,112.554,112.694,1890,1877,23,23,0.14,1.0,0,0,2498,3000,1021,0,2819,2160
a28cb755-423caf3b-13530617-03aaff16-5ca9a2b3,112.806,112.917,1904,1834,23,23,0.14,1.0,0,0,2498,3000,1021,0,2819,2160
a28cb755-423caf3b-13530617-03aaff16-5ca9a2b3,112.93,113.069,1912,1848,23,23,0.14,1.0,0,0,2498,3000,1021,0,2819,2160
a28cb755-423caf3b-13530617-03aaff16-5ca9a2b3,113.084,113.32,1947,1816,23,23,0.14,1.0,0,0,2498,3000,1021,0,2819,2160
a28cb755-423caf3b-13530617-03aaff16-5ca9a2b3,113.431,113.584,1876,1825,23,23,0.14,1.0,0,0,2498,3000,1021,0,2819,2160
a28cb755-423caf3b-13530617-03aaff16-5ca9a2b3,114.002,114.183,1948,1888,23,23,0.14,1.0,0,0,2498,3000,1021,0,2819,2160
a28cb755-423caf3b-13530617-03aaff16-5ca9a2b3,114.197,114.364,1928,1864,23,23,0.14,1.0,0,0,2498,3000,1021,0,2819,2160
a28cb755-423caf3b-13530617-03aaff16-5ca9a2b3,114.392,114.51,1862,1863,23,23,0.14,1.0,0,0,2498,3000,1021,0,2819,2160
a28cb755-423caf3b-13530617-03aaff16-5ca9a2b3,114.525,114.626,1860,1852,23,23,0.14,1.0,0,0,2498,3000,1021,0,2819,2160
a28cb755-423caf3b-13530617-03aaff16-5ca9a2b3,114.64,114.822,1874,1782,23,23,0.14,1.0,0,0,2498,3000,1021,0,2819,2160
a28cb755-423caf3b-13530617-03aaff16-5ca9a2b3,115.588,115.7,1731,1635,23,23,0.14,1.0,0,0,2498,3000,1021,0,2819,2160
a28cb755-423caf3b-13530617-03aaff16-5ca9a2b3,115.714,115.854,1733,1686,23,23,0.14,1.0,0,0,2498,3000,1021,0,2819,2160
a28cb755-423caf3b-13530617-03aaff16-5ca9a2b3,115.881,115.992,1817,1646,23,23,0.14,1.0,0,0,2498,3000,1021,0,2819,2160
a28cb755-423caf3b-13530617-03aaff16-5ca9a2b3,116.006,116.159,1802,1672,23,23,0.14,1.0,0,0,2498,3000,1021,0,2819,2160
a28cb755-423caf3b-13530617-03aaff16-5ca9a2b3,116.23,116.466,1822,1550,23,23,0.14,1.0,0,0,2498,3000,1021,0,2819,2160
a28cb755-423caf3b-13530617-03aaff16-5ca9a2b3,116.508,116.633,1846,1674,23,23,0.14,1.0,0,0,2498,3000,1021,0,2819,2160
a28cb755-423caf3b-13530617-03aaff16-5ca9a2b3,116.772,116.981,1695,1388,23,23,0.14,1.0,0,0,2498,3000,1021,0,2819,2160
a28cb755-423caf3b-13530617-03aaff16-5ca9a2b3,116.996,117.12,1674,1369,23,23,0.14,1.0,0,0,2498,3000,1021,0,2819,2160
a28cb755-423caf3b-13530617-03aaff16-5ca9a2b3,117.204,117.483,1812,1366,23,23,0.14,1.0,0,0,2498,3000,1021,0,2819,2160
a28cb755-423caf3b-13530617-03aaff16-5ca9a2b3,117.51,117.872,1803,1378,23,23,0.14,1.0,0,0,2498,3000,1021,0,2819,2160
a28cb755-423caf3b-13530617-03aaff16-5ca9a2b3,117.885,118.387,1821,1367,23,23,0.14,1.0,0,0,2498,3000,1021,0,2819,2160
a28cb755-423caf3b-13530617-03aaff16-5ca9a2b3,118.512,118.638,968,1754,23,23,0.14,1.0,0,0,2498,3000,1021,0,2819,2160
a28cb755-423caf3b-13530617-03aaff16-5ca9a2b3,118.695,118.805,865,2069,23,23,0.14,0.97,0,0,2498,3000,1021,0,2819,2160
a28cb755-423caf3b-13530617-03aaff16-5ca9a2b3,118.846,119.153,920,2010,23,23,0.12,0.9,0,0,2498,3000,1021,0,2819,2160
a28cb755-423caf3b-13530617-03aaff16-5ca9a2b3,119.196,119.404,863,2408,23,23,0.12,0.99,0,0,2498,3000,1021,0,2819,2160
a28cb755-423caf3b-13530617-03aaff16-5ca9a2b3,119.418,119.724,891,2424,23,23,0.11,1.0,0,0,2498,3000,1021,0,2819,2160
a28cb755-423caf3b-13530617-03aaff16-5ca9a2b3,119.849,120.057,847,2403,23,23,0.1,1.0,0,0,2498,3000,1021,0,2819,2160
a28cb755-423caf3b-13530617-03aaff16-5ca9a2b3,120.071,120.198,931,2557,23,23,0.1,0.87,0,0,2498,3000,1021,0,2819,2160
a28cb755-423caf3b-13530617-03aaff16-5ca9a2b3,120.213,120.506,940,2526,23,23,0.1,0.75,0,0,2498,3000,1021,0,2819,2160
a28cb755-423caf3b-13530617-03aaff16-5ca9a2b3,120.52,120.99,883,2515,23,23,0.11,0.62,0,0,2498,3000,1021,0,2819,2160
a28cb755-423caf3b-13530617-03aaff16-5ca9a2b3,121.003,121.216,893,2505,23,23,0.12,0.84,0,0,2498,3000,1021,0,2819,2160
a28cb755-423caf3b-13530617-03aaff16-5ca9a2b3,121.228,121.535,872,2484,23,23,0.12,1.0,0,0,2498,3000,1021,0,2819,2160
a28cb755-423caf3b-13530617-03aaff16-5ca9a2b3,121.548,121.897,906,2479,23,23,0.11,1.0,0,0,2498,3000,1021,0,2819,2160
a28cb755-423caf3b-13530617-03aaff16-5ca9a2b3,122.091,122.203,1083,2404,23,23,0.12,0.89,0,0,2498,3000,1021,0,2819,2160
a28cb755-423caf3b-13530617-03aaff16-5ca9a2b3,122.326,122.465,954,2434,23,23,0.1,0.81,0,0,2498,3000,1021,0,2819,2160
a28cb755-423caf3b-13530617-03aaff16-5ca9a2b3,122.562,122.757,996,2072,23,23,0.1,0.81,0,0,2498,3000,1021,0,2819,2160
a28cb755-423caf3b-13530617-03aaff16-5ca9a2b3,122.911,123.149,1707,1775,23,23,0.1,0.81,0,0,2498,3000,1021,0,2819,2160
a28cb755-423caf3b-13530617-03aaff16-5ca9a2b3,123.328,123.566,772,1627,23,23,0.1,0.81,0,0,2498,3000,1021,0,2819,2160
a28cb755-423caf3b-13530617-03aaff16-5ca9a2b3,123.584,123.75,823,1656,23,23,0.1,0.81,0,0,2498,3000,1021,0,2819,2160
a28cb755-423caf3b-13530617-03aaff16-5ca9a2b3,123.787,124.04,947,1747,23,23,0.1,0.8,0,0,2498,3000,1021,0,2819,2160
a28cb755-423caf3b-13530617-03aaff16-5ca9a2b3,124.068,124.433,974,1900,23,23,0.1,0.6,0,0,2498,3000,1021,0,2819,2160
a28cb755-423caf3b-13530617-03aaff16-5ca9a2b3,124.471,124.623,1153,2570,23,23,0.1,0.77,0,0,2498,3000,1021,0,2819,2160
a28cb755-423caf3b-13530617-03aaff16-5ca9a2b3,124.637,124.846,1139,2565,23,23,0.11,0.94,0,0,2498,3000,1021,0,2819,2160
a28cb755-423caf3b-13530617-03aaff16-5ca9a2b3,125.013,125.126,657,1611,23,23,0.16,1.0,0,0,2498,3000,1021,0,2819,2160
a28cb755-423caf3b-13530617-03aaff16-5ca9a2b3,125.263,125.39,547,1223,23,23,0.2,1.0,0,0,2498,3000,1021,0,2819,2160
a28cb755-423caf3b-13530617-03aaff16-5ca9a2b3,125.405,125.585,604,1239,23,23,0.22,1.0,0,0,2498,3000,1021,0,2819,2160
a28cb755-423caf3b-13530617-03aaff16-5ca9a2b3,125.668,125.806,576,1220,23,23,0.22,1.0,0,0,2498,3000,1021,0,2819,2160
a28cb755-423caf3b-13530617-03aaff16-5ca9a2b3,126.002,126.127,651,1251,23,23,0.21,0.85,0,0,2498,3000,1021,0,2819,2160
a28cb755-423caf3b-13530617-03aaff16-5ca9a2b3,126.278,126.544,416,1157,23,23,0.21,0.81,0,0,2498,3000,1021,0,2819,2160
a28cb755-423caf3b-13530617-03aaff16-5ca9a2b3,126.6,126.752,761,1503,23,23,0.19,0.75,0,0,2498,3000,1021,0,2819,2160
a28cb755-423caf3b-13530617-03aaff16-5ca9a2b3,126.822,126.947,976,2026,23,23,0.19,0.73,0,0,2498,3000,1021,0,2819,2160
a28cb755-423caf3b-13530617-03aaff16-5ca9a2b3,126.961,127.152,991,2008,23,23,0.19,0.73,0,0,2498,3000,1021,0,2819,2160
a28cb755-423caf3b-13530617-03aaff16-5ca9a2b3,127.21,127.531,1074,1706,23,23,0.16,0.81,0,0,2498,3000,1021,0,2819,2160
a28cb755-423caf3b-13530617-03aaff16-5ca9a2b3,127.547,127.853,1097,1687,23,23,0.15,0.96,0,0,2498,3000,1021,0,2819,2160
a28cb755-423caf3b-13530617-03aaff16-5ca9a2b3,127.867,127.977,1040,1660,23,23,0.16,1.0,0,0,2498,3000,1021,0,2819,2160
a28cb755-423caf3b-13530617-03aaff16-5ca9a2b3,128.395,128.618,395,1135,23,23,0.17,1.0,0,0,2498,3000,1021,0,2819,2160
a28cb755-423caf3b-13530617-03aaff16-5ca9a2b3,128.826,128.966,352,1143,23,23,0.17,1.0,0,0,2498,3000,1021,0,2819,2160
a28cb755-423caf3b-13530617-03aaff16-5ca9a2b3,128.993,129.118,385,1117,23,23,0.17,1.0,0,0,2498,3000,1021,0,2819,2160
a28cb755-423caf3b-13530617-03aaff16-5ca9a2b3,129.355,129.467,389,1105,23,23,0.17,1.0,0,0,2498,3000,1021,0,2819,2160
a28cb755-423caf3b-13530617-03aaff16-5ca9a2b3,129.564,129.689,521,1264,23,23,0.17,1.0,0,0,2498,3000,1021,0,2819,2160
a28cb755-423caf3b-13530617-03aaff16-5ca9a2b3,129.717,129.842,524,1292,23,23,0.17,1.0,0,0,2498,3000,1021,0,2819,2160
a28cb755-423caf3b-13530617-03aaff16-5ca9a2b3,129.856,130.051,525,1304,23,23,0.14,0.94,0,0,2498,3000,1021,0,2819,2160
a28cb755-423caf3b-13530617-03aaff16-5ca9a2b3,130.121,130.359,962,1310,23,23,0.14,0.94,0,0,2498,3000,1021,0,2819,2160
a28cb755-423caf3b-13530617-03aaff16-5ca9a2b3,130.415,130.538,1009,1380,23,23,0.14,1.0,0,0,2498,3000,1021,0,2819,2160
a28cb755-423caf3b-13530617-03aaff16-5ca9a2b3,130.612,130.775,995,1275,23,23,0.17,1.0,0,0,2498,3000,1021,0,2819,2160
a28cb755-423caf3b-13530617-03aaff16-5ca9a2b3,130.956,131.122,1688,1507,23,23,0.29,1.0,0,0,2498,3000,1021,0,2819,2160
a28cb755-423caf3b-13530617-03aaff16-5ca9a2b3,131.166,131.456,2083,1037,23,23,0.3,0.97,0,0,2498,3000,1021,0,2819,2160
a28cb755-423caf3b-13530617-03aaff16-5ca9a2b3,131.485,131.599,1749,1064,23,23,0.25,0.88,0,0,2498,3000,1021,0,2819,2160
a28cb755-423caf3b-13530617-03aaff16-5ca9a2b3,131.749,131.888,1339,1382,23,23,0.22,0.84,0,0,2498,3000,1021,0,2819,2160
a28cb755-423caf3b-13530617-03aaff16-5ca9a2b3,132.03,132.222,1367,1850,23,23,0.17,0.79,0,0,2498,3000,1021,0,2819,2160
a28cb755-423caf3b-13530617-03aaff16-5ca9a2b3,132.236,132.835,1390,1852,23,23,0.15,0.77,0,0,2498,3000,1021,0,2819,2160
a28cb755-423caf3b-13530617-03aaff16-5ca9a2b3,132.904,133.449,1148,1736,23,23,0.13,0.76,0,0,2498,3000,1021,0,2819,2160
a28cb755-423caf3b-13530617-03aaff16-5ca9a2b3,134.004,134.143,1248,1900,23,23,0.15,0.86,0,0,2498,3000,1021,0,2819,2160
a28cb755-423caf3b-13530617-03aaff16-5ca9a2b3,134.157,134.311,1275,1918,23,23,0.15,0.86,0,0,2498,3000,1021,0,2819,2160
a28cb755-423caf3b-13530617-03aaff16-5ca9a2b3,134.491,134.603,1374,1832,23,23,0.15,0.86,0,0,2498,3000,1021,0,2819,2160
a28cb755-423caf3b-13530617-03aaff16-5ca9a2b3,134.617,134.757,1346,1822,23,23,0.15,0.86,0,0,2498,3000,1021,0,2819,2160
a28cb755-423caf3b-13530617-03aaff16-5ca9a2b3,134.965,135.076,1278,1759,23,23,0.13,0.81,0,0,2498,3000,1021,0,2819,2160
a28cb755-423caf3b-13530617-03aaff16-5ca9a2b3,135.187,135.299,1439,1678,23,23,0.13,0.81,0,0,2498,3000,1021,0,2819,2160
a28cb755-423caf3b-13530617-03aaff16-5ca9a2b3,135.313,135.508,1438,1638,23,23,0.13,0.81,0,0,2498,3000,1021,0,2819,2160
a28cb755-423caf3b-13530617-03aaff16-5ca9a2b3,135.605,136.427,1239,1709,23,23,0.13,0.81,0,0,2498,3000,1021,0,2819,2160
a28cb755-423caf3b-13530617-03aaff16-5ca9a2b3,136.44,136.592,1153,1653,23,23,0.13,0.86,0,0,2498,3000,1021,0,2819,2160
a28cb755-423caf3b-13530617-03aaff16-5ca9a2b3,136.606,137.039,1157,1679,23,23,0.13,0.86,0,0,2498,3000,1021,0,2819,2160
a28cb755-423caf3b-13530617-03aaff16-5ca9a2b3,137.052,137.179,1294,1768,23,23,0.15,0.95,0,0,2498,3000,1021,0,2819,2160
a28cb755-423caf3b-13530617-03aaff16-5ca9a2b3,137.193,137.372,1345,1776,23,23,0.17,0.97,0,0,2498,3000,1021,0,2819,2160
a28cb755-423caf3b-13530617-03aaff16-5ca9a2b3,137.512,137.637,1470,1162,23,23,0.19,1.0,0,0,2498,3000,1021,0,2819,2160
a28cb755-423caf3b-13530617-03aaff16-5ca9a2b3,137.72,137.874,1868,1059,23,23,0.2,1.0,0,0,2498,3000,1021,0,2819,2160
a28cb755-423caf3b-13530617-03aaff16-5ca9a2b3,137.889,138.18,1834,1052,23,23,0.22,1.0,0,0,2498,3000,1021,0,2819,2160
a28cb755-423caf3b-13530617-03aaff16-5ca9a2b3,138.279,138.502,1825,1037,23,23,0.22,0.89,0,0,2498,3000,1021,0,2819,2160
a28cb755-423caf3b-13530617-03aaff16-5ca9a2b3,138.515,138.793,1838,1055,23,23,0.2,0.84,0,0,2498,3000,1021,0,2819,2160
a28cb755-423caf3b-13530617-03aaff16-5ca9a2b3,139.084,139.251,1596,988,23,23,0.18,0.77,0,0,2498,3000,1021,0,2819,2160
a28cb755-423caf3b-13530617-03aaff16-5ca9a2b3,139.419,139.572,563,1184,23,23,0.18,0.77,0,0,2498,3000,1021,0,2819,2160
a28cb755-423caf3b-13530617-03aaff16-5ca9a2b3,139.586,139.754,533,1177,23,23,0.18,0.74,0,0,2498,3000,1021,0,2819,2160
a28cb755-423caf3b-13530617-03aaff16-5ca9a2b3,139.808,140.451,726,1145,23,23,0.13,0.67,0,0,2498,3000,1021,0,2819,2160
a28cb755-423caf3b-13530617-03aaff16-5ca9a2b3,140.466,140.755,693,1173,23,23,0.1,0.82,0,0,2498,3000,1021,0,2819,2160
a28cb755-423caf3b-13530617-03aaff16-5ca9a2b3,140.798,141.411,571,1162,23,23,0.12,0.93,0,0,2498,3000,1021,0,2819,2160
a28cb755-423caf3b-13530617-03aaff16-5ca9a2b3,141.437,141.996,714,1180,23,23,0.1,0.87,0,0,2498,3000,1021,0,2819,2160
a28cb755-423caf3b-13530617-03aaff16-5ca9a2b3,142.009,142.302,724,1152,23,23,0.1,0.89,0,0,2498,3000,1021,0,2819,2160
a28cb755-423caf3b-13530617-03aaff16-5ca9a2b3,142.47,142.816,661,1169,23,23,0.11,1.0,0,0,2498,3000,1021,0,2819,2160
a28cb755-423caf3b-13530617-03aaff16-5ca9a2b3,142.829,142.999,641,1165,23,23,0.12,1.0,0,0,2498,3000,1021,0,2819,2160
a28cb755-423caf3b-13530617-03aaff16-5ca9a2b3,143.012,143.137,675,1164,23,23,0.1,0.81,0,0,2498,3000,1021,0,2819,2160
a28cb755-423caf3b-13530617-03aaff16-5ca9a2b3,143.151,143.35,564,1140,23,23,0.1,0.74,0,0,2498,3000,1021,0,2819,2160
a28cb755-423caf3b-13530617-03aaff16-5ca9a2b3,143.374,143.679,588,1158,23,23,0.1,0.57,0,0,2498,3000,1021,0,2819,2160
a28cb755-423caf3b-13530617-03aaff16-5ca9a2b3,143.694,143.918,680,1151,23,23,0.13,0.78,0,0,2498,3000,1021,0,2819,2160
a28cb755-423caf3b-13530617-03aaff16-5ca9a2b3,143.932,144.125,711,1157,23,23,0.21,0.92,0,0,2498,3000,1021,0,2819,2160
a28cb755-423caf3b-13530617-03aaff16-5ca9a2b3,144.515,144.653,1747,1026,23,23,0.24,0.74,0,0,2498,3000,1021,0,2819,2160
a28cb755-423caf3b-13530617-03aaff16-5ca9a2b3,144.918,145.028,1612,1267,23,23,0.24,0.74,0,0,2498,3000,1021,0,2819,2160
a28cb755-423caf3b-13530617-03aaff16-5ca9a2b3,145.043,145.195,1654,1250,23,23,0.24,0.74,0,0,2498,3000,1021,0,2819,2160
a28cb755-423caf3b-13530617-03aaff16-5ca9a2b3,145.309,145.434,1684,2137,23,23,0.24,0.72,0,0,2498,3000,1021,0,2819,2160
a28cb755-423caf3b-13530617-03aaff16-5ca9a2b3,145.53,145.671,1281,2216,23,23,0.24,0.71,0,0,2498,3000,1021,0,2819,2160
a28cb755-423caf3b-13530617-03aaff16-5ca9a2b3,145.712,146.072,1330,2794,23,23,0.25,0.66,0,0,2498,3000,1021,0,2819,2160
a28cb755-423caf3b-13530617-03aaff16-5ca9a2b3,146.102,146.351,1304,2611,23,23,0.26,0.54,0,0,2498,3000,1021,0,2819,2160
a28cb755-423caf3b-13530617-03aaff16-5ca9a2b3,146.365,146.754,1338,2617,23,23,0.26,0.5,0,0,2498,3000,1021,0,2819,2160
a28cb755-423caf3b-13530617-03aaff16-5ca9a2b3,146.81,147.05,727,2535,23,23,0.26,0.78,0,0,2498,3000,1021,0,2819,2160
a28cb755-423caf3b-13530617-03aaff16-5ca9a2b3,147.075,147.408,535,2427,23,23,0.28,0.93,0,0,2498,3000,1021,0,2819,2160
a28cb755-423caf3b-13530617-03aaff16-5ca9a2b3,147.423,147.563,527,2454,23,23,0.32,0.98,0,0,2498,3000,1021,0,2819,2160
a28cb755-423caf3b-13530617-03aaff16-5ca9a2b3,147.59,147.982,466,2562,23,23,0.32,0.86,0,0,2498,3000,1021,0,2819,2160
a28cb755-423caf3b-13530617-03aaff16-5ca9a2b3,147.993,148.203,525,2394,23,23,0.25,0.64,0,0,2498,3000,1021,0,2819,2160
a28cb755-423caf3b-13530617-03aaff16-5ca9a2b3,148.217,148.383,511,2423,23,23,0.25,0.58,0,0,2498,3000,1021,0,2819,2160
a28cb755-423caf3b-13530617-03aaff16-5ca9a2b3,148.412,148.661,433,2397,23,23,0.25,0.52,0,0,2498,3000,1021,0,2819,2160
a28cb755-423caf3b-13530617-03aaff16-5ca9a2b3,148.675,149.023,461,2419,23,23,0.24,0.44,0,0,2498,3000,1021,0,2819,2160
a28cb755-423caf3b-13530617-03aaff16-5ca9a2b3,149.664,149.886,371,1653,23,23,0.18,0.71,0,0,2498,3000,1021,0,2819,2160
a28cb755-423caf3b-13530617-03aaff16-5ca9a2b3,149.9,150.429,363,1688,23,23,0.18,0.75,0,0,2498,3000,1021,0,2819,2160
a28cb755-423caf3b-13530617-03aaff16-5ca9a2b3,150.445,150.596,368,1700,23,23,0.21,0.57,0,0,2498,3000,1021,0,2819,2160
a28cb755-423caf3b-13530617-03aaff16-5ca9a2b3,150.61,150.793,497,1732,23,23,0.21,0.57,0,0,2498,3000,1021,0,2819,2160
a28cb755-423caf3b-13530617-03aaff16-5ca9a2b3,150.92,151.07,698,2044,23,23,0.21,0.7,0,0,2498,3000,1021,0,2819,2160
a28cb755-423caf3b-13530617-03aaff16-5ca9a2b3,151.085,151.25,702,2021,23,23,0.21,0.77,0,0,2498,3000,1021,0,2819,2160
a28cb755-423caf3b-13530617-03aaff16-5ca9a2b3,151.405,151.572,940,2216,23,23,0.21,0.83,0,0,2498,3000,1021,0,2819,2160
a28cb755-423caf3b-13530617-03aaff16-5ca9a2b3,151.974,152.086,2166,2170,23,23,0.21,0.95,0,0,2498,3000,1021,0,2819,2160
a28cb755-423caf3b-13530617-03aaff16-5ca9a2b3,152.1,152.245,2090,2176,23,23,0.21,0.95,0,0,2498,3000,1021,0,2819,2160
a28cb755-423caf3b-13530617-03aaff16-5ca9a2b3,152.255,152.392,2061,2195,23,23,0.22,1.0,0,0,2498,3000,1021,0,2819,2160
a28cb755-423caf3b-13530617-03aaff16-5ca9a2b3,152.42,152.742,1916,2220,23,23,0.23,1.0,0,0,2498,3000,1021,0,2819,2160
a28cb755-423caf3b-13530617-03aaff16-5ca9a2b3,152.811,152.977,1583,2600,23,23,0.23,0.78,0,0,2498,3000,1021,0,2819,2160
a28cb755-423caf3b-13530617-03aaff16-5ca9a2b3,153.103,153.399,1319,2976,23,23,0.2,0.57,0,0,2498,3000,1021,0,2819,2160
a28cb755-423caf3b-13530617-03aaff16-5ca9a2b3,153.41,153.828,1310,2964,23,23,0.14,0.52,0,0,2498,3000,1021,0,2819,2160
a28cb755-423caf3b-13530617-03aaff16-5ca9a2b3,153.846,153.954,1342,2923,23,23,0.12,0.96,0,0,2498,3000,1021,0,2819,2160
a28cb755-423caf3b-13530617-03aaff16-5ca9a2b3,153.981,154.121,1535,2779,23,23,0.14,1.0,0,0,2498,3000,1021,0,2819,2160
a28cb755-423caf3b-13530617-03aaff16-5ca9a2b3,154.15,154.51,1350,2834,23,23,0.17,1.0,0,0,2498,3000,1021,0,2819,2160
a28cb755-423caf3b-13530617-03aaff16-5ca9a2b3,154.524,154.636,1353,2807,23,23,0.25,1.0,0,0,2498,3000,1021,0,2819,2160
a28cb755-423caf3b-13530617-03aaff16-5ca9a2b3,154.663,154.83,1445,2642,23,23,0.28,1.0,0,0,2498,3000,1021,0,2819,2160
a28cb755-423caf3b-13530617-03aaff16-5ca9a2b3,155.137,155.262,2303,2653,23,23,0.36,0.86,0,0,2498,3000,1021,0,2819,2160
a28cb755-423caf3b-13530617-03aaff16-5ca9a2b3,155.276,155.54,2267,2653,23,23,0.37,0.66,0,0,2498,3000,1021,0,2819,2160
a28cb755-423caf3b-13530617-03aaff16-5ca9a2b3,155.569,155.802,2072,2511,23,23,0.37,0.49,0,0,2498,3000,1021,0,2819,2160
a28cb755-423caf3b-13530617-03aaff16-5ca9a2b3,155.847,156.068,1674,1989,23,23,0.36,0.44,0,0,2498,3000,1021,0,2819,2160
a28cb755-423caf3b-13530617-03aaff16-5ca9a2b3,156.099,156.291,1679,2015,23,23,0.35,0.71,0,0,2498,3000,1021,0,2819,2160
a28cb755-423caf3b-13530617-03aaff16-5ca9a2b3,156.319,156.486,1736,2175,23,23,0.31,0.83,0,0,2498,3000,1021,0,2819,2160
a28cb755-423caf3b-13530617-03aaff16-5ca9a2b3,156.501,156.652,1718,2153,23,23,0.3,0.95,0,0,2498,3000,1021,0,2819,2160
a28cb755-423caf3b-13530617-03aaff16-5ca9a2b3,156.805,156.973,902,2509,23,23,0.3,1.0,0,0,2498,3000,1021,0,2819,2160
a28cb755-423caf3b-13530617-03aaff16-5ca9a2b3,156.987,157.1,957,2487,23,23,0.27,0.98,0,0,2498,3000,1021,0,2819,2160
a28cb755-423caf3b-13530617-03aaff16-5ca9a2b3,157.128,157.403,798,2215,23,23,0.18,0.94,0,0,2498,3000,1021,0,2819,2160
a28cb755-423caf3b-13530617-03aaff16-5ca9a2b3,157.445,157.585,961,1992,23,23,0.13,0.89,0,0,2498,3000,1021,0,2819,2160
a28cb755-423caf3b-13530617-03aaff16-5ca9a2b3,157.71,157.949,923,1924,23,23,0.13,0.89,0,0,2498,3000,1021,0,2819,2160
a28cb755-423caf3b-13530617-03aaff16-5ca9a2b3,158.114,158.796,1665,1342,23,23,0.13,0.89,0,0,2498,3000,1021,0,2819,2160
a28cb755-423caf3b-13530617-03aaff16-5ca9a2b3,158.81,159.005,1627,1334,23,23,0.13,0.89,0,0,2498,3000,1021,0,2819,2160
a28cb755-423caf3b-13530617-03aaff16-5ca9a2b3,159.102,159.284,973,564,23,23,0.13,0.89,0,0,2498,3000,1021,0,2819,2160
a28cb755-423caf3b-13530617-03aaff16-5ca9a2b3,159.394,159.547,589,172,23,23,0.13,0.89,0,0,2498,3000,1021,0,2819,2160
a28cb755-423caf3b-13530617-03aaff16-5ca9a2b3,159.659,159.798,663,334,23,23,0.13,0.89,0,0,2498,3000,1021,0,2819,2160
a28cb755-423caf3b-13530617-03aaff16-5ca9a2b3,159.924,160.551,857,290,23,23,0.13,0.89,0,0,2498,3000,1021,0,2819,2160
a28cb755-423caf3b-13530617-03aaff16-5ca9a2b3,160.635,160.786,691,236,23,23,0.18,0.99,0,0,2498,3000,1021,0,2819,2160
a28cb755-423caf3b-13530617-03aaff16-5ca9a2b3,160.884,161.065,613,1435,23,23,0.21,1.0,0,0,2498,3000,1021,0,2819,2160
a28cb755-423caf3b-13530617-03aaff16-5ca9a2b3,161.151,161.261,695,2266,23,23,0.2,0.86,0,0,2498,3000,1021,0,2819,2160
a28cb755-423caf3b-13530617-03aaff16-5ca9a2b3,161.274,161.481,728,2271,23,23,0.2,0.85,0,0,2498,3000,1021,0,2819,2160
a28cb755-423caf3b-13530617-03aaff16-5ca9a2b3,161.524,161.787,832,2254,23,23,0.18,0.81,0,0,2498,3000,1021,0,2819,2160
a28cb755-423caf3b-13530617-03aaff16-5ca9a2b3,161.801,162.04,837,2242,23,23,0.18,0.94,0,0,2498,3000,1021,0,2819,2160
a28cb755-423caf3b-13530617-03aaff16-5ca9a2b3,162.083,162.807,767,2289,23,23,0.18,1.0,0,0,2498,3000,1021,0,2819,2160
a28cb755-423caf3b-13530617-03aaff16-5ca9a2b3,162.849,163.404,1008,2205,23,23,0.18,1.0,0,0,2498,3000,1021,0,2819,2160
a28cb755-423caf3b-13530617-03aaff16-5ca9a2b3,163.418,163.989,1028,2189,23,23,0.2,0.71,0,0,2498,3000,1021,0,2819,2160
a28cb755-423caf3b-13530617-03aaff16-5ca9a2b3,164.003,164.31,1024,2192,23,23,0.15,0.72,0,0,2498,3000,1021,0,2819,2160
a28cb755-423caf3b-13530617-03aaff16-5ca9a2b3,164.335,165.032,921,2183,23,23,0.13,1.0,0,0,2498,3000,1021,0,2819,2160
a28cb755-423caf3b-13530617-03aaff16-5ca9a2b3,165.06,165.31,845,2420,23,23,0.11,0.76,0,0,2498,3000,1021,0,2819,2160
a28cb755-423caf3b-13530617-03aaff16-5ca9a2b3,165.323,165.715,844,2400,23,23,0.13,0.31,0,0,2498,3000,1021,0,2819,2160
a28cb755-423caf3b-13530617-03aaff16-5ca9a2b3,165.811,166.076,939,2364,23,23,0.36,0.62,0,0,2498,3000,1021,0,2819,2160
a28cb755-423caf3b-13530617-03aaff16-5ca9a2b3,166.256,166.423,835,2318,23,23,0.39,0.9,0,0,2498,3000,1021,0,2819,2160
a28cb755-423caf3b-13530617-03aaff16-5ca9a2b3,166.438,166.729,843,2307,23,23,0.32,0.85,0,0,2498,3000,1021,0,2819,2160
a28cb755-423caf3b-13530617-03aaff16-5ca9a2b3,166.841,167.008,615,2260,23,23,0.23,0.85,0,0,2498,3000,1021,0,2819,2160
a28cb755-423caf3b-13530617-03aaff16-5ca9a2b3,167.021,167.133,620,2302,23,23,0.23,0.85,0,0,2498,3000,1021,0,2819,2160
a28cb755-423caf3b-13530617-03aaff16-5ca9a2b3,167.147,167.369,742,2282,23,23,0.23,0.85,0,0,2498,3000,1021,0,2819,2160
a28cb755-423caf3b-13530617-03aaff16-5ca9a2b3,167.467,167.606,772,2231,23,23,0.23,0.85,0,0,2498,3000,1021,0,2819,2160
a28cb755-423caf3b-13530617-03aaff16-5ca9a2b3,167.745,168.206,991,2306,23,23,0.23,0.85,0,0,2498,3000,1021,0,2819,2160
a28cb755-423caf3b-13530617-03aaff16-5ca9a2b3,168.234,168.594,752,2239,23,23,0.23,0.85,0,0,2498,3000,1021,0,2819,2160
a28cb755-423caf3b-13530617-03aaff16-5ca9a2b3,168.678,168.93,1478,2139,23,23,0.23,0.85,0,0,2498,3000,1021,0,2819,2160
a28cb755-423caf3b-13530617-03aaff16-5ca9a2b3,168.985,169.141,835,2280,23,23,0.23,0.85,0,0,2498,3000,1021,0,2819,2160
a28cb755-423caf3b-13530617-03aaff16-5ca9a2b3,169.152,169.376,814,2282,23,23,0.23,0.85,0,0,2498,3000,1021,0,2819,2160
a28cb755-423caf3b-13530617-03aaff16-5ca9a2b3,169.389,169.529,840,2291,23,23,0.23,0.85,0,0,2498,3000,1021,0,2819,2160
a28cb755-423caf3b-13530617-03aaff16-5ca9a2b3,169.875,170.112,972,2366,23,23,0.23,0.85,0,0,2498,3000,1021,0,2819,2160
a28cb755-423caf3b-13530617-03aaff16-5ca9a2b3,170.237,170.446,918,2552,23,23,0.23,0.85,0,0,2498,3000,1021,0,2819,2160
a28cb755-423caf3b-13530617-03aaff16-5ca9a2b3,170.543,170.669,802,2687,23,23,0.23,0.85,0,0,2498,3000,1021,0,2819,2160
a28cb755-423caf3b-13530617-03aaff16-5ca9a2b3,170.85,171.101,881,2616,23,23,0.23,0.85,0,0,2498,3000,1021,0,2819,2160
a28cb755-423caf3b-13530617-03aaff16-5ca9a2b3,171.128,171.253,812,2569,23,23,0.23,0.85,0,0,2498,3000,1021,0,2819,2160
a28cb755-423caf3b-13530617-03aaff16-5ca9a2b3,171.269,171.38,864,2571,23,23,0.23,0.85,0,0,2498,3000,1021,0,2819,2160
a28cb755-423caf3b-13530617-03aaff16-5ca9a2b3,171.504,171.784,740,2488,23,23,0.23,0.85,0,0,2498,3000,1021,0,2819,2160
a28cb755-423caf3b-13530617-03aaff16-5ca9a2b3,171.796,171.936,702,2497,23,23,0.23,0.85,0,0,2498,3000,1021,0,2819,2160
a28cb755-423caf3b-13530617-03aaff16-5ca9a2b3,172.05,172.242,638,2040,23,23,0.23,0.85,0,0,2498,3000,1021,0,2819,2160
a28cb755-423caf3b-13530617-03aaff16-5ca9a2b3,172.256,172.41,690,2052,23,23,0.23,0.85,0,0,2498,3000,1021,0,2819,2160
a28cb755-423caf3b-13530617-03aaff16-5ca9a2b3,172.423,173.119,699,2041,23,23,0.23,0.85,0,0,2498,3000,1021,0,2819,2160
a28cb755-423caf3b-13530617-03aaff16-5ca9a2b3,173.146,173.467,822,2091,23,23,0.23,0.85,0,0,2498,3000,1021,0,2819,2160
a28cb755-423caf3b-13530617-03aaff16-5ca9a2b3,173.481,173.953,808,2093,23,23,0.32,1.0,0,0,2498,3000,1021,0,2819,2160
a28cb755-423caf3b-13530617-03aaff16-5ca9a2b3,174.19,174.371,824,2266,23,23,0.26,0.62,0,0,2498,3000,1021,0,2819,2160
a28cb755-423caf3b-13530617-03aaff16-5ca9a2b3,174.498,174.805,691,2059,23,23,0.25,0.64,0,0,2498,3000,1021,0,2819,2160
a28cb755-423caf3b-13530617-03aaff16-5ca9a2b3,174.818,175.306,680,2056,23,23,0.28,0.78,0,0,2498,3000,1021,0,2819,2160
a28cb755-423caf3b-13530617-03aaff16-5ca9a2b3,175.333,175.573,905,2165,23,23,0.33,0.95,0,0,2498,3000,1021,0,2819,2160
a28cb755-423caf3b-13530617-03aaff16-5ca9a2b3,175.595,175.766,909,2202,23,23,0.36,1.0,0,0,2498,3000,1021,0,2819,2160
a28cb755-423caf3b-13530617-03aaff16-5ca9a2b3,175.806,176.0,761,2185,23,23,0.38,0.87,0,0,2498,3000,1021,0,2819,2160
a28cb755-423caf3b-13530617-03aaff16-5ca9a2b3,176.113,176.239,760,2278,23,23,0.33,0.76,0,0,2498,3000,1021,0,2819,2160
a28cb755-423caf3b-13530617-03aaff16-5ca9a2b3,176.252,176.57,779,2280,23,23,0.31,0.72,0,0,2498,3000,1021,0,2819,2160
a28cb755-423caf3b-13530617-03aaff16-5ca9a2b3,176.821,176.974,744,2330,23,23,0.2,0.66,0,0,2498,3000,1021,0,2819,2160
a28cb755-423caf3b-13530617-03aaff16-5ca9a2b3,176.988,177.13,697,2313,23,23,0.22,0.73,0,0,2498,3000,1021,0,2819,2160
a28cb755-423caf3b-13530617-03aaff16-5ca9a2b3,177.143,177.308,722,2333,23,23,0.22,0.78,0,0,2498,3000,1021,0,2819,2160
a28cb755-423caf3b-13530617-03aaff16-5ca9a2b3,177.338,177.45,832,2316,23,23,0.25,0.86,0,0,2498,3000,1021,0,2819,2160
a28cb755-423caf3b-13530617-03aaff16-5ca9a2b3,177.466,177.575,830,2309,23,23,0.28,0.94,0,0,2498,3000,1021,0,2819,2160
a28cb755-423caf3b-13530617-03aaff16-5ca9a2b3,177.587,177.782,802,2309,23,23,0.3,1.0,0,0,2498,3000,1021,0,2819,2160
a28cb755-423caf3b-13530617-03aaff16-5ca9a2b3,178.118,178.256,637,1371,23,23,0.31,0.88,0,0,2498,3000,1021,0,2819,2160
a28cb755-423caf3b-13530617-03aaff16-5ca9a2b3,178.27,178.603,603,1363,23,23,0.3,0.81,0,0,2498,3000,1021,0,2819,2160
a28cb755-423caf3b-13530617-03aaff16-5ca9a2b3,178.812,178.937,671,1348,23,23,0.26,0.78,0,0,2498,3000,1021,0,2819,2160
a28cb755-423caf3b-13530617-03aaff16-5ca9a2b3,179.007,179.146,576,1236,23,23,0.27,0.85,0,0,2498,3000,1021,0,2819,2160
a28cb755-423caf3b-13530617-03aaff16-5ca9a2b3,179.8,180.024,1660,1845,23,23,0.31,1.0,0,0,2498,3000,1021,0,2819,2160
a28cb755-423caf3b-13530617-03aaff16-5ca9a2b3,180.064,180.17,1187,2009,23,23,0.32,0.88,0,0,2498,3000,1021,0,2819,2160
a28cb755-423caf3b-13530617-03aaff16-5ca9a2b3,180.18,180.289,1168,2020,23,23,0.31,0.83,0,0,2498,3000,1021,0,2819,2160
a28cb755-423caf3b-13530617-03aaff16-5ca9a2b3,180.359,180.471,923,1990,23,23,0.29,0.77,0,0,2498,3000,1021,0,2819,2160
a28cb755-423caf3b-13530617-03aaff16-5ca9a2b3,180.484,180.635,945,2006,23,23,0.27,0.74,0,0,2498,3000,1021,0,2819,2160
a28cb755-423caf3b-13530617-03aaff16-5ca9a2b3,180.735,180.844,1372,2158,23,23,0.25,0.59,0,0,2498,3000,1021,0,2819,2160
a28cb755-423caf3b-13530617-03aaff16-5ca9a2b3,180.858,180.97,1375,2176,23,23,0.25,0.56,0,0,2498,3000,1021,0,2819,2160
a28cb755-423caf3b-13530617-03aaff16-5ca9a2b3,181.011,181.151,1139,2046,23,23,0.25,0.56,0,0,2498,3000,1021,0,2819,2160
a28cb755-423caf3b-13530617-03aaff16-5ca9a2b3,181.317,181.484,1312,3124,23,23,0.25,0.57,0,0,2498,3000,1021,0,2819,2160
a28cb755-423caf3b-13530617-03aaff16-5ca9a2b3,181.888,182.083,2213,2635,23,23,0.24,0.64,0,0,2498,3000,1021,0,2819,2160
a28cb755-423caf3b-13530617-03aaff16-5ca9a2b3,182.221,182.347,2046,1014,23,23,0.26,0.67,0,0,2498,3000,1021,0,2819,2160
a28cb755-423caf3b-13530617-03aaff16-5ca9a2b3,182.667,182.848,1652,881,23,23,0.26,0.67,0,0,2498,3000,1021,0,2819,2160
a28cb755-423caf3b-13530617-03aaff16-5ca9a2b3,182.945,183.126,1365,871,23,23,0.26,0.67,0,0,2498,3000,1021,0,2819,2160
a28cb755-423caf3b-13530617-03aaff16-5ca9a2b3,183.268,183.461,603,293,23,23,0.26,0.67,0,0,2498,3000,1021,0,2819,2160
a28cb755-423caf3b-13530617-03aaff16-5ca9a2b3,183.475,183.616,577,312,23,23,0.26,0.67,0,0,2498,3000,1021,0,2819,2160
a28cb755-423caf3b-13530617-03aaff16-5ca9a2b3,183.698,183.809,630,1347,23,23,0.26,0.67,0,0,2498,3000,1021,0,2819,2160
a28cb755-423caf3b-13530617-03aaff16-5ca9a2b3,183.962,184.073,606,2448,23,23,0.26,0.67,0,0,2498,3000,1021,0,2819,2160
a28cb755-423caf3b-13530617-03aaff16-5ca9a2b3,184.087,184.309,443,2431,23,23,0.26,0.67,0,0,2498,3000,1021,0,2819,2160
a28cb755-423caf3b-13530617-03aaff16-5ca9a2b3,184.34,184.575,356,2494,23,23,0.26,0.67,0,0,2498,3000,1021,0,2819,2160
53ba5a31-2d6bda0a-abb7ad77-065a0f20-b4fa6b44,0.0,0.417,2021,1722,27,27,1.0,0.5,0,0,3000,2498,623,0,3217,2160
53ba5a31-2d6bda0a-abb7ad77-065a0f20-b4fa6b44,0.431,0.598,1108,1668,27,27,1.0,0.5,0,0,3000,2498,623,0,3217,2160
53ba5a31-2d6bda0a-abb7ad77-065a0f20-b4fa6b44,0.669,0.863,1219,1287,27,27,1.0,0.5,0,0,3000,2498,623,0,3217,2160
53ba5a31-2d6bda0a-abb7ad77-065a0f20-b4fa6b44,1.017,1.142,1167,1208,27,27,1.0,0.5,0,0,3000,2498,623,0,3217,2160
53ba5a31-2d6bda0a-abb7ad77-065a0f20-b4fa6b44,1.225,1.363,2469,1222,27,27,1.0,0.5,0,0,3000,2498,623,0,3217,2160
53ba5a31-2d6bda0a-abb7ad77-065a0f20-b4fa6b44,1.56,1.768,2158,1806,27,27,1.0,0.5,0,0,3000,2498,623,0,3217,2160
53ba5a31-2d6bda0a-abb7ad77-065a0f20-b4fa6b44,2.269,2.394,1609,2141,27,27,1.0,0.5,0,0,3000,2498,623,0,3217,2160
53ba5a31-2d6bda0a-abb7ad77-065a0f20-b4fa6b44,2.701,2.825,487,1896,27,27,1.0,0.5,0,0,3000,2498,623,0,3217,2160
53ba5a31-2d6bda0a-abb7ad77-065a0f20-b4fa6b44,3.3,3.452,1556,2142,27,27,1.0,0.5,0,0,3000,2498,623,0,3217,2160
53ba5a31-2d6bda0a-abb7ad77-065a0f20-b4fa6b44,3.466,3.633,1580,2121,27,27,1.0,0.5,0,0,3000,2498,623,0,3217,2160
53ba5a31-2d6bda0a-abb7ad77-065a0f20-b4fa6b44,3.842,4.05,1987,1698,27,27,1.0,0.5,0,0,3000,2498,623,0,3217,2160
53ba5a31-2d6bda0a-abb7ad77-065a0f20-b4fa6b44,4.065,4.219,1956,1730,27,27,1.0,0.5,0,0,3000,2498,623,0,3217,2160
53ba5a31-2d6bda0a-abb7ad77-065a0f20-b4fa6b44,4.274,4.566,1505,1358,27,27,1.0,0.5,0,0,3000,2498,623,0,3217,2160
53ba5a31-2d6bda0a-abb7ad77-065a0f20-b4fa6b44,4.719,4.858,1935,1311,27,27,1.0,0.5,0,0,3000,2498,623,0,3217,2160
53ba5a31-2d6bda0a-abb7ad77-065a0f20-b4fa6b44,4.873,5.219,1966,1299,27,27,1.0,0.5,0,0,3000,2498,623,0,3217,2160
53ba5a31-2d6bda0a-abb7ad77-065a0f20-b4fa6b44,5.233,5.374,1961,1337,27,27,1.0,0.5,0,0,3000,2498,623,0,3217,2160
53ba5a31-2d6bda0a-abb7ad77-065a0f20-b4fa6b44,5.389,5.734,1891,1434,27,27,1.0,0.5,0,0,3000,2498,623,0,3217,2160
53ba5a31-2d6bda0a-abb7ad77-065a0f20-b4fa6b44,5.748,5.93,1879,1452,27,27,1.0,0.5,0,0,3000,2498,623,0,3217,2160
53ba5a31-2d6bda0a-abb7ad77-065a0f20-b4fa6b44,5.972,6.318,2695,1079,27,27,1.0,0.5,0,0,3000,2498,623,0,3217,2160
53ba5a31-2d6bda0a-abb7ad77-065a0f20-b4fa6b44,6.375,6.597,2176,881,27,27,1.0,0.5,0,0,3000,2498,623,0,3217,2160
53ba5a31-2d6bda0a-abb7ad77-065a0f20-b4fa6b44,6.612,6.722,2171,842,27,27,1.0,0.5,0,0,3000,2498,623,0,3217,2160
53ba5a31-2d6bda0a-abb7ad77-065a0f20-b4fa6b44,6.793,7.029,1501,1429,27,27,1.0,0.5,0,0,3000,2498,623,0,3217,2160
53ba5a31-2d6bda0a-abb7ad77-065a0f20-b4fa6b44,7.042,7.292,1526,1418,27,27,1.0,0.5,0,0,3000,2498,623,0,3217,2160
53ba5a31-2d6bda0a-abb7ad77-065a0f20-b4fa6b44,7.307,7.612,1524,1428,27,27,1.0,0.5,0,0,3000,2498,623,0,3217,2160
53ba5a31-2d6bda0a-abb7ad77-065a0f20-b4fa6b44,7.627,7.975,1526,1437,27,27,1.0,0.5,0,0,3000,2498,623,0,3217,2160
53ba5a31-2d6bda0a-abb7ad77-065a0f20-b4fa6b44,8.016,8.183,1163,1218,27,27,1.0,0.5,0,0,3000,2498,623,0,3217,2160
53ba5a31-2d6bda0a-abb7ad77-065a0f20-b4fa6b44,8.336,8.545,1226,2181,27,27,1.0,0.5,0,0,3000,2498,623,0,3217,2160
53ba5a31-2d6bda0a-abb7ad77-065a0f20-b4fa6b44,8.657,8.797,1619,2404,27,27,1.0,0.5,0,0,3000,2498,623,0,3217,2160
53ba5a31-2d6bda0a-abb7ad77-065a0f20-b4fa6b44,8.809,8.95,1585,2425,27,27,1.0,0.5,0,0,3000,2498,623,0,3217,2160
53ba5a31-2d6bda0a-abb7ad77-065a0f20-b4fa6b44,9.006,9.159,1634,2249,27,27,1.0,0.5,0,0,3000,2498,623,0,3217,2160
53ba5a31-2d6bda0a-abb7ad77-065a0f20-b4fa6b44,9.27,9.464,488,1829,27,27,1.0,0.5,0,0,3000,2498,623,0,3217,2160
53ba5a31-2d6bda0a-abb7ad77-065a0f20-b4fa6b44,9.576,9.772,1064,1706,27,27,1.0,0.5,0,0,3000,2498,623,0,3217,2160
53ba5a31-2d6bda0a-abb7ad77-065a0f20-b4fa6b44,9.923,10.315,550,1400,27,27,1.0,0.5,0,0,3000,2498,623,0,3217,2160
53ba5a31-2d6bda0a-abb7ad77-065a0f20-b4fa6b44,10.397,10.509,1432,1512,27,27,1.0,0.5,0,0,3000,2498,623,0,3217,2160
53ba5a31-2d6bda0a-abb7ad77-065a0f20-b4fa6b44,10.523,10.69,1436,1528,27,27,1.0,0.5,0,0,3000,2498,623,0,3217,2160
53ba5a31-2d6bda0a-abb7ad77-065a0f20-b4fa6b44,10.747,10.926,2357,1317,27,27,1.0,0.5,0,0,3000,2498,623,0,3217,2160
53ba5a31-2d6bda0a-abb7ad77-065a0f20-b4fa6b44,11.093,11.427,2071,1877,27,27,1.0,0.5,0,0,3000,2498,623,0,3217,2160
53ba5a31-2d6bda0a-abb7ad77-065a0f20-b4fa6b44,11.483,11.761,1701,1549,27,27,1.0,0.5,0,0,3000,2498,623,0,3217,2160
53ba5a31-2d6bda0a-abb7ad77-065a0f20-b4fa6b44,11.776,12.011,1717,1543,27,27,1.0,0.5,0,0,3000,2498,623,0,3217,2160
53ba5a31-2d6bda0a-abb7ad77-065a0f20-b4fa6b44,12.026,12.151,1702,1546,27,27,1.0,0.5,0,0,3000,2498,623,0,3217,2160
53ba5a31-2d6bda0a-abb7ad77-065a0f20-b4fa6b44,12.18,12.318,1310,1422,27,27,1.0,0.5,0,0,3000,2498,623,0,3217,2160
53ba5a31-2d6bda0a-abb7ad77-065a0f20-b4fa6b44,12.5,12.792,1378,1456,27,27,1.0,0.5,0,0,3000,2498,623,0,3217,2160
53ba5a31-2d6bda0a-abb7ad77-065a0f20-b4fa6b44,13.098,13.237,1925,1516,27,27,1.0,0.5,0,0,3000,2498,623,0,3217,2160
53ba5a31-2d6bda0a-abb7ad77-065a0f20-b4fa6b44,13.445,13.849,1796,1437,27,27,1.0,0.5,0,0,3000,2498,623,0,3217,2160
53ba5a31-2d6bda0a-abb7ad77-065a0f20-b4fa6b44,13.863,14.072,1650,1443,27,27,1.0,0.5,0,0,3000,2498,623,0,3217,2160
53ba5a31-2d6bda0a-abb7ad77-065a0f20-b4fa6b44,14.085,14.24,1637,1453,27,27,1.0,0.5,0,0,3000,2498,623,0,3217,2160
53ba5a31-2d6bda0a-abb7ad77-065a0f20-b4fa6b44,14.255,14.365,1603,1447,27,27,1.0,0.5,0,0,3000,2498,623,0,3217,2160
53ba5a31-2d6bda0a-abb7ad77-065a0f20-b4fa6b44,14.475,14.728,1489,1507,27,27,1.0,0.5,0,0,3000,2498,623,0,3217,2160
53ba5a31-2d6bda0a-abb7ad77-065a0f20-b4fa6b44,14.798,15.13,1185,1928,27,27,1.0,0.5,0,0,3000,2498,623,0,3217,2160
53ba5a31-2d6bda0a-abb7ad77-065a0f20-b4fa6b44,15.173,15.311,1093,1978,27,27,1.0,0.5,0,0,3000,2498,623,0,3217,2160
53ba5a31-2d6bda0a-abb7ad77-065a0f20-b4fa6b44,15.325,17.482,1120,1957,27,27,1.0,0.5,0,0,3000,2498,623,0,3217,2160
53ba5a31-2d6bda0a-abb7ad77-065a0f20-b4fa6b44,17.511,17.831,1582,1094,27,27,1.0,0.5,0,0,3000,2498,623,0,3217,2160
53ba5a31-2d6bda0a-abb7ad77-065a0f20-b4fa6b44,17.858,18.012,1338,1317,27,27,1.0,0.5,0,0,3000,2498,623,0,3217,2160
53ba5a31-2d6bda0a-abb7ad77-065a0f20-b4fa6b44,18.025,18.221,1327,1308,27,27,1.0,0.5,0,0,3000,2498,623,0,3217,2160
53ba5a31-2d6bda0a-abb7ad77-065a0f20-b4fa6b44,18.291,18.402,1945,979,27,27,1.0,0.5,0,0,3000,2498,623,0,3217,2160
53ba5a31-2d6bda0a-abb7ad77-065a0f20-b4fa6b44,18.43,18.681,1939,989,27,27,1.0,0.5,0,0,3000,2498,623,0,3217,2160
53ba5a31-2d6bda0a-abb7ad77-065a0f20-b4fa6b44,18.75,18.943,1298,1047,27,27,1.0,0.5,0,0,3000,2498,623,0,3217,2160
53ba5a31-2d6bda0a-abb7ad77-065a0f20-b4fa6b44,19.0,19.392,1647,1581,27,27,1.0,0.5,0,0,3000,2498,623,0,3217,2160
53ba5a31-2d6bda0a-abb7ad77-065a0f20-b4fa6b44,19.406,19.745,1296,1572,27,27,0.96,0.78,0,0,3000,2498,623,0,3217,2160
53ba5a31-2d6bda0a-abb7ad77-065a0f20-b4fa6b44,19.794,20.169,1171,1961,27,27,0.94,0.54,0,0,3000,2498,623,0,3217,2160
53ba5a31-2d6bda0a-abb7ad77-065a0f20-b4fa6b44,20.183,20.35,1182,1971,27,27,0.94,0.45,0,0,3000,2498,623,0,3217,2160
53ba5a31-2d6bda0a-abb7ad77-065a0f20-b4fa6b44,20.377,20.49,1437,2117,27,27,0.93,0.58,0,0,3000,2498,623,0,3217,2160
53ba5a31-2d6bda0a-abb7ad77-065a0f20-b4fa6b44,20.503,20.767,1450,2125,27,27,0.93,0.58,0,0,3000,2498,623,0,3217,2160
53ba5a31-2d6bda0a-abb7ad77-065a0f20-b4fa6b44,20.934,21.101,1248,2101,27,27,0.93,0.64,0,0,3000,2498,623,0,3217,2160
53ba5a31-2d6bda0a-abb7ad77-065a0f20-b4fa6b44,21.132,21.24,1232,2112,27,27,0.93,0.62,0,0,3000,2498,623,0,3217,2160
53ba5a31-2d6bda0a-abb7ad77-065a0f20-b4fa6b44,21.31,21.423,1228,2044,27,27,0.93,0.58,0,0,3000,2498,623,0,3217,2160
53ba5a31-2d6bda0a-abb7ad77-065a0f20-b4fa6b44,21.436,21.644,1215,2011,27,27,0.93,0.56,0,0,3000,2498,623,0,3217,2160
53ba5a31-2d6bda0a-abb7ad77-065a0f20-b4fa6b44,21.672,21.825,1223,1946,27,27,0.92,0.52,0,0,3000,2498,623,0,3217,2160
53ba5a31-2d6bda0a-abb7ad77-065a0f20-b4fa6b44,21.839,22.173,1183,1844,27,27,0.92,0.5,0,0,3000,2498,623,0,3217,2160
53ba5a31-2d6bda0a-abb7ad77-065a0f20-b4fa6b44,22.215,22.606,1047,1536,27,27,0.92,0.55,0,0,3000,2498,623,0,3217,2160
53ba5a31-2d6bda0a-abb7ad77-065a0f20-b4fa6b44,22.662,23.149,1231,1569,27,27,0.92,0.58,0,0,3000,2498,623,0,3217,2160
53ba5a31-2d6bda0a-abb7ad77-065a0f20-b4fa6b44,23.206,23.426,1022,1388,27,27,0.93,0.66,0,0,3000,2498,623,0,3217,2160
53ba5a31-2d6bda0a-abb7ad77-065a0f20-b4fa6b44,23.44,23.566,1018,1403,27,27,0.93,0.6,0,0,3000,2498,623,0,3217,2160
53ba5a31-2d6bda0a-abb7ad77-065a0f20-b4fa6b44,23.595,24.025,1130,1560,27,27,0.93,0.58,0,0,3000,2498,623,0,3217,2160
53ba5a31-2d6bda0a-abb7ad77-065a0f20-b4fa6b44,24.067,24.332,1133,1435,27,27,0.92,0.54,0,0,3000,2498,623,0,3217,2160
53ba5a31-2d6bda0a-abb7ad77-065a0f20-b4fa6b44,24.345,24.61,1143,1445,27,27,0.91,0.51,0,0,3000,2498,623,0,3217,2160
53ba5a31-2d6bda0a-abb7ad77-065a0f20-b4fa6b44,24.665,25.139,943,1342,27,27,0.9,0.48,0,0,3000,2498,623,0,3217,2160
53ba5a31-2d6bda0a-abb7ad77-065a0f20-b4fa6b44,25.152,25.375,1096,1310,27,27,0.89,0.59,0,0,3000,2498,623,0,3217,2160
53ba5a31-2d6bda0a-abb7ad77-065a0f20-b4fa6b44,25.459,25.628,1253,2030,27,27,0.89,0.64,0,0,3000,2498,623,0,3217,2160
53ba5a31-2d6bda0a-abb7ad77-065a0f20-b4fa6b44,25.657,25.85,1253,2022,27,27,0.89,0.72,0,0,3000,2498,623,0,3217,2160
53ba5a31-2d6bda0a-abb7ad77-065a0f20-b4fa6b44,25.905,26.309,1975,1923,27,27,0.89,0.62,0,0,3000,2498,623,0,3217,2160
53ba5a31-2d6bda0a-abb7ad77-065a0f20-b4fa6b44,26.35,26.669,2191,1755,27,27,0.89,0.53,0,0,3000,2498,623,0,3217,2160
53ba5a31-2d6bda0a-abb7ad77-065a0f20-b4fa6b44,26.683,27.003,1920,1563,27,27,0.89,0.53,0,0,3000,2498,623,0,3217,2160
53ba5a31-2d6bda0a-abb7ad77-065a0f20-b4fa6b44,27.031,28.023,1911,1571,27,27,0.89,0.53,0,0,3000,2498,623,0,3217,2160
53ba5a31-2d6bda0a-abb7ad77-065a0f20-b4fa6b44,28.047,28.326,1678,1544,27,27,0.89,0.59,0,0,3000,2498,623,0,3217,2160
53ba5a31-2d6bda0a-abb7ad77-065a0f20-b4fa6b44,28.353,28.723,1618,2023,27,27,0.89,0.6,0,0,3000,2498,623,0,3217,2160
53ba5a31-2d6bda0a-abb7ad77-065a0f20-b4fa6b44,28.813,29.202,1630,2228,27,27,0.88,0.5,0,0,3000,2498,623,0,3217,2160
53ba5a31-2d6bda0a-abb7ad77-065a0f20-b4fa6b44,29.217,29.384,1658,2204,27,27,0.88,0.5,0,0,3000,2498,623,0,3217,2160
53ba5a31-2d6bda0a-abb7ad77-065a0f20-b4fa6b44,29.398,29.885,1635,2227,27,27,0.88,0.54,0,0,3000,2498,623,0,3217,2160
53ba5a31-2d6bda0a-abb7ad77-065a0f20-b4fa6b44,29.916,30.066,1508,1843,27,27,0.88,0.56,0,0,3000,2498,623,0,3217,2160
53ba5a31-2d6bda0a-abb7ad77-065a0f20-b4fa6b44,30.094,30.415,1488,1826,27,27,0.88,0.58,0,0,3000,2498,623,0,3217,2160
53ba5a31-2d6bda0a-abb7ad77-065a0f20-b4fa6b44,30.497,30.639,1042,1682,27,27,0.88,0.66,0,0,3000,2498,623,0,3217,2160
53ba5a31-2d6bda0a-abb7ad77-065a0f20-b4fa6b44,30.665,30.804,1110,1740,27,27,0.89,0.61,0,0,3000,2498,623,0,3217,2160
53ba5a31-2d6bda0a-abb7ad77-065a0f20-b4fa6b44,30.959,31.069,964,1707,27,27,0.89,0.58,0,0,3000,2498,623,0,3217,2160
53ba5a31-2d6bda0a-abb7ad77-065a0f20-b4fa6b44,31.084,31.195,967,1689,27,27,0.89,0.54,0,0,3000,2498,623,0,3217,2160
53ba5a31-2d6bda0a-abb7ad77-065a0f20-b4fa6b44,31.249,31.486,1005,1413,27,27,0.87,0.51,0,0,3000,2498,623,0,3217,2160
53ba5a31-2d6bda0a-abb7ad77-065a0f20-b4fa6b44,31.513,31.847,864,1115,27,27,0.86,0.5,0,0,3000,2498,623,0,3217,2160
53ba5a31-2d6bda0a-abb7ad77-065a0f20-b4fa6b44,31.861,31.974,871,1137,27,27,0.84,0.46,0,0,3000,2498,623,0,3217,2160
53ba5a31-2d6bda0a-abb7ad77-065a0f20-b4fa6b44,32.001,32.459,1228,1355,27,27,0.84,0.45,0,0,3000,2498,623,0,3217,2160
53ba5a31-2d6bda0a-abb7ad77-065a0f20-b4fa6b44,32.474,32.599,1247,1363,27,27,0.83,0.51,0,0,3000,2498,623,0,3217,2160
53ba5a31-2d6bda0a-abb7ad77-065a0f20-b4fa6b44,32.668,32.822,1552,1391,27,27,0.83,0.56,0,0,3000,2498,623,0,3217,2160
53ba5a31-2d6bda0a-abb7ad77-065a0f20-b4fa6b44,32.961,33.156,2155,1882,27,27,0.83,0.61,0,0,3000,2498,623,0,3217,2160
53ba5a31-2d6bda0a-abb7ad77-065a0f20-b4fa6b44,33.183,33.309,2153,1880,27,27,0.83,0.64,0,0,3000,2498,623,0,3217,2160
53ba5a31-2d6bda0a-abb7ad77-065a0f20-b4fa6b44,33.364,33.504,2051,1627,27,27,0.83,0.66,0,0,3000,2498,623,0,3217,2160
53ba5a31-2d6bda0a-abb7ad77-065a0f20-b4fa6b44,33.658,33.768,2035,1900,27,27,0.83,0.63,0,0,3000,2498,623,0,3217,2160
53ba5a31-2d6bda0a-abb7ad77-065a0f20-b4fa6b44,33.782,33.949,2016,1940,27,27,0.83,0.63,0,0,3000,2498,623,0,3217,2160
53ba5a31-2d6bda0a-abb7ad77-065a0f20-b4fa6b44,33.966,34.102,2010,1894,27,27,0.8,0.61,0,0,3000,2498,623,0,3217,2160
53ba5a31-2d6bda0a-abb7ad77-065a0f20-b4fa6b44,34.144,34.423,1923,1461,27,27,0.78,0.58,0,0,3000,2498,623,0,3217,2160
53ba5a31-2d6bda0a-abb7ad77-065a0f20-b4fa6b44,34.45,34.645,1669,1137,27,27,0.77,0.58,0,0,3000,2498,623,0,3217,2160
53ba5a31-2d6bda0a-abb7ad77-065a0f20-b4fa6b44,34.659,34.798,1669,1150,27,27,0.77,0.58,0,0,3000,2498,623,0,3217,2160
53ba5a31-2d6bda0a-abb7ad77-065a0f20-b4fa6b44,34.857,35.048,1571,1693,27,27,0.77,0.57,0,0,3000,2498,623,0,3217,2160
53ba5a31-2d6bda0a-abb7ad77-065a0f20-b4fa6b44,35.062,35.259,1573,1705,27,27,0.77,0.56,0,0,3000,2498,623,0,3217,2160
53ba5a31-2d6bda0a-abb7ad77-065a0f20-b4fa6b44,35.272,35.412,1570,1695,27,27,0.77,0.54,0,0,3000,2498,623,0,3217,2160
53ba5a31-2d6bda0a-abb7ad77-065a0f20-b4fa6b44,35.428,35.565,1553,1689,27,27,0.75,0.58,0,0,3000,2498,623,0,3217,2160
53ba5a31-2d6bda0a-abb7ad77-065a0f20-b4fa6b44,35.593,35.718,1307,1753,27,27,0.74,0.64,0,0,3000,2498,623,0,3217,2160
53ba5a31-2d6bda0a-abb7ad77-065a0f20-b4fa6b44,35.731,35.955,1276,1756,27,27,0.74,0.67,0,0,3000,2498,623,0,3217,2160
53ba5a31-2d6bda0a-abb7ad77-065a0f20-b4fa6b44,35.968,36.176,1304,2186,27,27,0.73,0.79,0,0,3000,2498,623,0,3217,2160
53ba5a31-2d6bda0a-abb7ad77-065a0f20-b4fa6b44,36.19,36.301,1297,2192,27,27,0.72,0.89,0,0,3000,2498,623,0,3217,2160
53ba5a31-2d6bda0a-abb7ad77-065a0f20-b4fa6b44,36.387,36.665,1249,2004,27,27,0.73,0.82,0,0,3000,2498,623,0,3217,2160
53ba5a31-2d6bda0a-abb7ad77-065a0f20-b4fa6b44,36.698,37.081,1280,2007,27,27,0.69,0.74,0,0,3000,2498,623,0,3217,2160
53ba5a31-2d6bda0a-abb7ad77-065a0f20-b4fa6b44,37.108,37.331,1541,1635,27,27,0.46,0.48,0,0,3000,2498,623,0,3217,2160
53ba5a31-2d6bda0a-abb7ad77-065a0f20-b4fa6b44,37.345,37.68,1544,1634,27,27,0.45,0.56,0,0,3000,2498,623,0,3217,2160
53ba5a31-2d6bda0a-abb7ad77-065a0f20-b4fa6b44,37.694,38.073,1533,1640,27,27,0.45,0.69,0,0,3000,2498,623,0,3217,2160
53ba5a31-2d6bda0a-abb7ad77-065a0f20-b4fa6b44,38.098,38.322,1110,1488,27,27,0.43,0.82,0,0,3000,2498,623,0,3217,2160
53ba5a31-2d6bda0a-abb7ad77-065a0f20-b4fa6b44,38.459,38.683,1188,1992,27,27,0.42,0.94,0,0,3000,2498,623,0,3217,2160
53ba5a31-2d6bda0a-abb7ad77-065a0f20-b4fa6b44,38.834,39.003,1884,1941,27,27,0.41,1.0,0,0,3000,2498,623,0,3217,2160
53ba5a31-2d6bda0a-abb7ad77-065a0f20-b4fa6b44,39.017,39.169,1893,1891,27,27,0.4,0.99,0,0,3000,2498,623,0,3217,2160
53ba5a31-2d6bda0a-abb7ad77-065a0f20-b4fa6b44,39.226,39.339,2015,2208,27,27,0.36,0.99,0,0,3000,2498,623,0,3217,2160
53ba5a31-2d6bda0a-abb7ad77-065a0f20-b4fa6b44,39.351,39.489,2011,2171,27,27,0.31,0.95,0,0,3000,2498,623,0,3217,2160
53ba5a31-2d6bda0a-abb7ad77-065a0f20-b4fa6b44,39.503,39.756,1707,2247,27,27,0.3,0.93,0,0,3000,2498,623,0,3217,2160
53ba5a31-2d6bda0a-abb7ad77-065a0f20-b4fa6b44,39.783,40.033,1988,1590,27,27,0.3,0.91,0,0,3000,2498,623,0,3217,2160
53ba5a31-2d6bda0a-abb7ad77-065a0f20-b4fa6b44,40.158,40.268,1453,1443,27,27,0.3,0.88,0,0,3000,2498,623,0,3217,2160
53ba5a31-2d6bda0a-abb7ad77-065a0f20-b4fa6b44,40.422,40.575,1338,1542,27,27,0.3,0.88,0,0,3000,2498,623,0,3217,2160
53ba5a31-2d6bda0a-abb7ad77-065a0f20-b4fa6b44,41.174,41.286,1186,1206,27,27,0.3,0.9,0,0,3000,2498,623,0,3217,2160
53ba5a31-2d6bda0a-abb7ad77-065a0f20-b4fa6b44,41.328,41.623,1264,1765,27,27,0.3,0.96,0,0,3000,2498,623,0,3217,2160
53ba5a31-2d6bda0a-abb7ad77-065a0f20-b4fa6b44,41.663,41.828,729,1522,27,27,0.3,1.0,0,0,3000,2498,623,0,3217,2160
53ba5a31-2d6bda0a-abb7ad77-065a0f20-b4fa6b44,41.842,41.966,768,1549,27,27,0.3,1.0,0,0,3000,2498,623,0,3217,2160
53ba5a31-2d6bda0a-abb7ad77-065a0f20-b4fa6b44,42.009,42.329,1261,1772,27,27,0.3,1.0,0,0,3000,2498,623,0,3217,2160
53ba5a31-2d6bda0a-abb7ad77-065a0f20-b4fa6b44,42.357,42.594,1272,1762,27,27,0.3,0.96,0,0,3000,2498,623,0,3217,2160
53ba5a31-2d6bda0a-abb7ad77-065a0f20-b4fa6b44,42.663,42.913,1339,1482,27,27,0.3,0.95,0,0,3000,2498,623,0,3217,2160
53ba5a31-2d6bda0a-abb7ad77-065a0f20-b4fa6b44,42.941,43.15,928,1226,27,27,0.28,0.92,0,0,3000,2498,623,0,3217,2160
53ba5a31-2d6bda0a-abb7ad77-065a0f20-b4fa6b44,43.164,43.317,928,1250,27,27,0.28,0.92,0,0,3000,2498,623,0,3217,2160
53ba5a31-2d6bda0a-abb7ad77-065a0f20-b4fa6b44,43.373,43.596,1176,2127,27,27,0.28,0.92,0,0,3000,2498,623,0,3217,2160
53ba5a31-2d6bda0a-abb7ad77-065a0f20-b4fa6b44,43.609,43.748,1208,2079,27,27,0.28,0.98,0,0,3000,2498,623,0,3217,2160
53ba5a31-2d6bda0a-abb7ad77-065a0f20-b4fa6b44,43.762,43.972,1287,2051,27,27,0.28,0.98,0,0,3000,2498,623,0,3217,2160
53ba5a31-2d6bda0a-abb7ad77-065a0f20-b4fa6b44,43.999,44.168,1460,1973,27,27,0.28,1.0,0,0,3000,2498,623,0,3217,2160
53ba5a31-2d6bda0a-abb7ad77-065a0f20-b4fa6b44,44.277,44.557,1366,1972,27,27,0.28,0.96,0,0,3000,2498,623,0,3217,2160
53ba5a31-2d6bda0a-abb7ad77-065a0f20-b4fa6b44,44.57,44.682,1369,1945,27,27,0.27,0.95,0,0,3000,2498,623,0,3217,2160
53ba5a31-2d6bda0a-abb7ad77-065a0f20-b4fa6b44,44.697,45.03,1227,1898,27,27,0.26,0.93,0,0,3000,2498,623,0,3217,2160
53ba5a31-2d6bda0a-abb7ad77-065a0f20-b4fa6b44,45.155,45.28,2288,1897,27,27,0.23,0.89,0,0,3000,2498,623,0,3217,2160
53ba5a31-2d6bda0a-abb7ad77-065a0f20-b4fa6b44,45.336,45.437,2209,1894,27,27,0.22,0.88,0,0,3000,2498,623,0,3217,2160
53ba5a31-2d6bda0a-abb7ad77-065a0f20-b4fa6b44,45.462,45.628,1858,1770,27,27,0.2,0.85,0,0,3000,2498,623,0,3217,2160
53ba5a31-2d6bda0a-abb7ad77-065a0f20-b4fa6b44,45.642,45.768,1836,1766,27,27,0.2,0.85,0,0,3000,2498,623,0,3217,2160
53ba5a31-2d6bda0a-abb7ad77-065a0f20-b4fa6b44,45.837,45.977,1601,1649,27,27,0.18,0.92,0,0,3000,2498,623,0,3217,2160
53ba5a31-2d6bda0a-abb7ad77-065a0f20-b4fa6b44,45.991,46.201,1616,1634,27,27,0.18,0.92,0,0,3000,2498,623,0,3217,2160
53ba5a31-2d6bda0a-abb7ad77-065a0f20-b4fa6b44,46.227,46.409,1397,1440,27,27,0.18,0.97,0,0,3000,2498,623,0,3217,2160
53ba5a31-2d6bda0a-abb7ad77-065a0f20-b4fa6b44,46.508,46.659,1148,1350,27,27,0.18,1.0,0,0,3000,2498,623,0,3217,2160
53ba5a31-2d6bda0a-abb7ad77-065a0f20-b4fa6b44,46.882,46.992,1205,2123,27,27,0.19,1.0,0,0,3000,2498,623,0,3217,2160
53ba5a31-2d6bda0a-abb7ad77-065a0f20-b4fa6b44,47.006,47.12,1182,2087,27,27,0.19,1.0,0,0,3000,2498,623,0,3217,2160
53ba5a31-2d6bda0a-abb7ad77-065a0f20-b4fa6b44,47.132,47.271,1184,1994,27,27,0.19,1.0,0,0,3000,2498,623,0,3217,2160
53ba5a31-2d6bda0a-abb7ad77-065a0f20-b4fa6b44,47.314,47.425,1194,2182,27,27,0.19,1.0,0,0,3000,2498,623,0,3217,2160
53ba5a31-2d6bda0a-abb7ad77-065a0f20-b4fa6b44,47.786,47.913,1148,1806,27,27,0.18,1.0,0,0,3000,2498,623,0,3217,2160
53ba5a31-2d6bda0a-abb7ad77-065a0f20-b4fa6b44,47.997,48.175,997,1573,27,27,0.15,1.0,0,0,3000,2498,623,0,3217,2160
53ba5a31-2d6bda0a-abb7ad77-065a0f20-b4fa6b44,48.372,48.498,2431,1656,27,27,0.15,0.89,0,0,3000,2498,623,0,3217,2160
53ba5a31-2d6bda0a-abb7ad77-065a0f20-b4fa6b44,48.511,48.733,2393,1703,27,27,0.15,0.88,0,0,3000,2498,623,0,3217,2160
53ba5a31-2d6bda0a-abb7ad77-065a0f20-b4fa6b44,48.794,49.111,2523,1085,27,27,0.12,0.8,0,0,3000,2498,623,0,3217,2160
53ba5a31-2d6bda0a-abb7ad77-065a0f20-b4fa6b44,49.165,49.431,1673,1246,27,27,0.1,0.8,0,0,3000,2498,623,0,3217,2160
53ba5a31-2d6bda0a-abb7ad77-065a0f20-b4fa6b44,49.486,49.668,1556,2121,27,27,0.1,1.0,0,0,3000,2498,623,0,3217,2160
53ba5a31-2d6bda0a-abb7ad77-065a0f20-b4fa6b44,49.682,49.931,1575,2086,27,27,0.1,1.0,0,0,3000,2498,623,0,3217,2160
53ba5a31-2d6bda0a-abb7ad77-065a0f20-b4fa6b44,49.959,50.35,1360,2150,27,27,0.11,1.0,0,0,3000,2498,623,0,3217,2160
53ba5a31-2d6bda0a-abb7ad77-065a0f20-b4fa6b44,50.363,50.531,1357,2148,27,27,0.13,1.0,0,0,3000,2498,623,0,3217,2160
53ba5a31-2d6bda0a-abb7ad77-065a0f20-b4fa6b44,50.572,50.89,1193,1894,27,27,0.12,1.0,0,0,3000,2498,623,0,3217,2160
53ba5a31-2d6bda0a-abb7ad77-065a0f20-b4fa6b44,50.904,51.112,1198,1885,27,27,0.1,1.0,0,0,3000,2498,623,0,3217,2160
53ba5a31-2d6bda0a-abb7ad77-065a0f20-b4fa6b44,51.126,51.349,1159,1626,27,27,0.1,0.74,0,0,3000,2498,623,0,3217,2160
53ba5a31-2d6bda0a-abb7ad77-065a0f20-b4fa6b44,51.391,51.616,1064,1637,27,27,0.1,0.65,0,0,3000,2498,623,0,3217,2160
53ba5a31-2d6bda0a-abb7ad77-065a0f20-b4fa6b44,51.628,51.74,1072,1622,27,27,0.13,1.0,0,0,3000,2498,623,0,3217,2160
53ba5a31-2d6bda0a-abb7ad77-065a0f20-b4fa6b44,51.781,51.906,1447,1578,27,27,0.13,1.0,0,0,3000,2498,623,0,3217,2160
53ba5a31-2d6bda0a-abb7ad77-065a0f20-b4fa6b44,51.919,52.073,1412,1581,27,27,0.13,1.0,0,0,3000,2498,623,0,3217,2160
53ba5a31-2d6bda0a-abb7ad77-065a0f20-b4fa6b44,52.115,52.31,1142,1125,27,27,0.13,1.0,0,0,3000,2498,623,0,3217,2160
53ba5a31-2d6bda0a-abb7ad77-065a0f20-b4fa6b44,52.673,52.783,2260,647,27,27,0.13,1.0,0,0,3000,2498,623,0,3217,2160
53ba5a31-2d6bda0a-abb7ad77-065a0f20-b4fa6b44,52.799,53.008,2231,693,27,27,0.13,1.0,0,0,3000,2498,623,0,3217,2160
53ba5a31-2d6bda0a-abb7ad77-065a0f20-b4fa6b44,53.036,53.508,2047,768,27,27,0.14,1.0,0,0,3000,2498,623,0,3217,2160
53ba5a31-2d6bda0a-abb7ad77-065a0f20-b4fa6b44,53.576,53.73,1288,1247,27,27,0.12,1.0,0,0,3000,2498,623,0,3217,2160
53ba5a31-2d6bda0a-abb7ad77-065a0f20-b4fa6b44,53.743,53.857,1256,1251,27,27,0.12,1.0,0,0,3000,2498,623,0,3217,2160
53ba5a31-2d6bda0a-abb7ad77-065a0f20-b4fa6b44,53.912,54.469,1332,1852,27,27,0.12,1.0,0,0,3000,2498,623,0,3217,2160
53ba5a31-2d6bda0a-abb7ad77-065a0f20-b4fa6b44,54.482,54.651,1310,1844,27,27,0.22,1.0,0,0,3000,2498,623,0,3217,2160
53ba5a31-2d6bda0a-abb7ad77-065a0f20-b4fa6b44,54.706,54.857,1344,1804,27,27,0.57,1.0,0,0,3000,2498,623,0,3217,2160
53ba5a31-2d6bda0a-abb7ad77-065a0f20-b4fa6b44,54.871,55.108,1356,1805,27,27,0.65,1.0,0,0,3000,2498,623,0,3217,2160
53ba5a31-2d6bda0a-abb7ad77-065a0f20-b4fa6b44,55.122,55.275,1312,1934,27,27,0.63,0.9,0,0,3000,2498,623,0,3217,2160
53ba5a31-2d6bda0a-abb7ad77-065a0f20-b4fa6b44,55.288,55.581,1224,1952,27,27,0.63,0.9,0,0,3000,2498,623,0,3217,2160
53ba5a31-2d6bda0a-abb7ad77-065a0f20-b4fa6b44,55.692,55.803,1938,2026,27,27,0.63,0.9,0,0,3000,2498,623,0,3217,2160
53ba5a31-2d6bda0a-abb7ad77-065a0f20-b4fa6b44,55.859,56.193,1932,1992,27,27,0.63,0.9,0,0,3000,2498,623,0,3217,2160
53ba5a31-2d6bda0a-abb7ad77-065a0f20-b4fa6b44,56.234,56.472,1937,2085,27,27,0.63,0.97,0,0,3000,2498,623,0,3217,2160
53ba5a31-2d6bda0a-abb7ad77-065a0f20-b4fa6b44,56.485,56.764,1949,2103,27,27,0.63,0.96,0,0,3000,2498,623,0,3217,2160
53ba5a31-2d6bda0a-abb7ad77-065a0f20-b4fa6b44,56.847,57.03,1787,2059,27,27,0.63,0.95,0,0,3000,2498,623,0,3217,2160
53ba5a31-2d6bda0a-abb7ad77-065a0f20-b4fa6b44,57.098,57.209,2001,1814,27,27,0.6,0.89,0,0,3000,2498,623,0,3217,2160
53ba5a31-2d6bda0a-abb7ad77-065a0f20-b4fa6b44,57.237,57.698,2097,1435,27,27,0.6,0.89,0,0,3000,2498,623,0,3217,2160
53ba5a31-2d6bda0a-abb7ad77-065a0f20-b4fa6b44,57.739,58.017,1045,1223,27,27,0.57,0.8,0,0,3000,2498,623,0,3217,2160
53ba5a31-2d6bda0a-abb7ad77-065a0f20-b4fa6b44,58.031,58.643,1121,1222,27,27,0.56,0.78,0,0,3000,2498,623,0,3217,2160
53ba5a31-2d6bda0a-abb7ad77-065a0f20-b4fa6b44,58.671,59.018,890,1134,27,27,0.53,0.73,0,0,3000,2498,623,0,3217,2160
53ba5a31-2d6bda0a-abb7ad77-065a0f20-b4fa6b44,59.062,59.242,1016,1045,27,27,0.52,0.78,0,0,3000,2498,623,0,3217,2160
53ba5a31-2d6bda0a-abb7ad77-065a0f20-b4fa6b44,59.256,59.437,1083,1016,27,27,0.52,0.78,0,0,3000,2498,623,0,3217,2160
53ba5a31-2d6bda0a-abb7ad77-065a0f20-b4fa6b44,59.48,59.689,1108,1168,27,27,0.52,0.77,0,0,3000,2498,623,0,3217,2160
53ba5a31-2d6bda0a-abb7ad77-065a0f20-b4fa6b44,59.701,60.077,1225,1066,27,27,0.52,0.74,0,0,3000,2498,623,0,3217,2160
53ba5a31-2d6bda0a-abb7ad77-065a0f20-b4fa6b44,60.091,60.286,1301,1051,27,27,0.51,0.69,0,0,3000,2498,623,0,3217,2160
53ba5a31-2d6bda0a-abb7ad77-065a0f20-b4fa6b44,60.313,60.887,1144,996,27,27,0.51,0.69,0,0,3000,2498,623,0,3217,2160
53ba5a31-2d6bda0a-abb7ad77-065a0f20-b4fa6b44,60.899,61.26,1113,959,27,27,0.51,0.73,0,0,3000,2498,623,0,3217,2160
53ba5a31-2d6bda0a-abb7ad77-065a0f20-b4fa6b44,61.289,61.525,1123,1104,27,27,0.51,0.73,0,0,3000,2498,623,0,3217,2160
53ba5a31-2d6bda0a-abb7ad77-065a0f20-b4fa6b44,61.609,61.818,2003,1242,27,27,0.51,0.73,0,0,3000,2498,623,0,3217,2160
53ba5a31-2d6bda0a-abb7ad77-065a0f20-b4fa6b44,61.845,62.207,2294,1201,27,27,0.51,0.71,0,0,3000,2498,623,0,3217,2160
53ba5a31-2d6bda0a-abb7ad77-065a0f20-b4fa6b44,62.235,62.471,2143,1596,27,27,0.51,0.68,0,0,3000,2498,623,0,3217,2160
53ba5a31-2d6bda0a-abb7ad77-065a0f20-b4fa6b44,62.485,62.916,2039,1636,27,27,0.51,0.68,0,0,3000,2498,623,0,3217,2160
53ba5a31-2d6bda0a-abb7ad77-065a0f20-b4fa6b44,62.93,63.153,2217,1701,27,27,0.51,0.78,0,0,3000,2498,623,0,3217,2160
53ba5a31-2d6bda0a-abb7ad77-065a0f20-b4fa6b44,63.181,63.348,2227,1685,27,27,0.51,0.78,0,0,3000,2498,623,0,3217,2160
53ba5a31-2d6bda0a-abb7ad77-065a0f20-b4fa6b44,63.362,63.516,2343,1736,27,27,0.51,0.78,0,0,3000,2498,623,0,3217,2160
53ba5a31-2d6bda0a-abb7ad77-065a0f20-b4fa6b44,63.529,64.017,2035,1668,27,27,0.51,0.79,0,0,3000,2498,623,0,3217,2160
53ba5a31-2d6bda0a-abb7ad77-065a0f20-b4fa6b44,64.107,64.366,1012,1552,27,27,0.51,0.9,0,0,3000,2498,623,0,3217,2160
53ba5a31-2d6bda0a-abb7ad77-065a0f20-b4fa6b44,64.38,64.491,1013,1559,27,27,0.51,0.93,0,0,3000,2498,623,0,3217,2160
53ba5a31-2d6bda0a-abb7ad77-065a0f20-b4fa6b44,64.504,64.768,1019,1414,27,27,0.51,0.95,0,0,3000,2498,623,0,3217,2160
53ba5a31-2d6bda0a-abb7ad77-065a0f20-b4fa6b44,64.824,65.13,889,1583,27,27,0.51,0.95,0,0,3000,2498,623,0,3217,2160
53ba5a31-2d6bda0a-abb7ad77-065a0f20-b4fa6b44,65.283,65.409,1119,1716,27,27,0.51,0.95,0,0,3000,2498,623,0,3217,2160
53ba5a31-2d6bda0a-abb7ad77-065a0f20-b4fa6b44,65.507,65.799,1222,1814,27,27,0.51,0.95,0,0,3000,2498,623,0,3217,2160
53ba5a31-2d6bda0a-abb7ad77-065a0f20-b4fa6b44,65.84,66.104,927,1373,27,27,0.51,0.95,0,0,3000,2498,623,0,3217,2160
53ba5a31-2d6bda0a-abb7ad77-065a0f20-b4fa6b44,66.118,66.258,940,1348,27,27,0.51,0.95,0,0,3000,2498,623,0,3217,2160
53ba5a31-2d6bda0a-abb7ad77-065a0f20-b4fa6b44,66.271,66.661,1012,1367,27,27,0.51,0.95,0,0,3000,2498,623,0,3217,2160
53ba5a31-2d6bda0a-abb7ad77-065a0f20-b4fa6b44,66.675,67.162,908,1326,27,27,0.51,0.95,0,0,3000,2498,623,0,3217,2160
53ba5a31-2d6bda0a-abb7ad77-065a0f20-b4fa6b44,67.191,67.58,928,1214,27,27,0.51,0.95,0,0,3000,2498,623,0,3217,2160
53ba5a31-2d6bda0a-abb7ad77-065a0f20-b4fa6b44,67.593,67.941,1142,1141,27,27,0.51,0.95,0,0,3000,2498,623,0,3217,2160
53ba5a31-2d6bda0a-abb7ad77-065a0f20-b4fa6b44,67.997,68.331,2064,1548,27,27,0.51,0.95,0,0,3000,2498,623,0,3217,2160
53ba5a31-2d6bda0a-abb7ad77-065a0f20-b4fa6b44,68.36,68.735,2304,1638,27,27,0.51,0.95,0,0,3000,2498,623,0,3217,2160
53ba5a31-2d6bda0a-abb7ad77-065a0f20-b4fa6b44,68.776,69.068,2063,1925,27,27,0.51,0.93,0,0,3000,2498,623,0,3217,2160
53ba5a31-2d6bda0a-abb7ad77-065a0f20-b4fa6b44,69.083,69.263,1715,1887,27,27,0.51,0.9,0,0,3000,2498,623,0,3217,2160
53ba5a31-2d6bda0a-abb7ad77-065a0f20-b4fa6b44,69.306,69.682,1245,1926,27,27,0.51,0.9,0,0,3000,2498,623,0,3217,2160
53ba5a31-2d6bda0a-abb7ad77-065a0f20-b4fa6b44,69.695,70.182,1259,1834,27,27,0.51,0.92,0,0,3000,2498,623,0,3217,2160
53ba5a31-2d6bda0a-abb7ad77-065a0f20-b4fa6b44,70.252,70.419,1610,1833,27,27,0.51,0.92,0,0,3000,2498,623,0,3217,2160
53ba5a31-2d6bda0a-abb7ad77-065a0f20-b4fa6b44,70.434,70.544,1639,1863,27,27,0.51,0.9,0,0,3000,2498,623,0,3217,2160
53ba5a31-2d6bda0a-abb7ad77-065a0f20-b4fa6b44,70.558,70.864,1900,1802,27,27,0.51,0.9,0,0,3000,2498,623,0,3217,2160
53ba5a31-2d6bda0a-abb7ad77-065a0f20-b4fa6b44,70.878,71.1,1932,1769,27,27,0.51,0.87,0,0,3000,2498,623,0,3217,2160
53ba5a31-2d6bda0a-abb7ad77-065a0f20-b4fa6b44,71.226,71.338,2248,1591,27,27,0.51,0.87,0,0,3000,2498,623,0,3217,2160
53ba5a31-2d6bda0a-abb7ad77-065a0f20-b4fa6b44,71.463,71.644,1941,1874,27,27,0.51,0.85,0,0,3000,2498,623,0,3217,2160
53ba5a31-2d6bda0a-abb7ad77-065a0f20-b4fa6b44,71.685,71.839,2030,1729,27,27,0.51,0.85,0,0,3000,2498,623,0,3217,2160
53ba5a31-2d6bda0a-abb7ad77-065a0f20-b4fa6b44,71.95,72.09,2092,1769,27,27,0.51,0.85,0,0,3000,2498,623,0,3217,2160
53ba5a31-2d6bda0a-abb7ad77-065a0f20-b4fa6b44,72.103,72.27,2107,1718,27,27,0.51,0.85,0,0,3000,2498,623,0,3217,2160
53ba5a31-2d6bda0a-abb7ad77-065a0f20-b4fa6b44,72.451,72.563,2261,1805,27,27,0.51,0.85,0,0,3000,2498,623,0,3217,2160
53ba5a31-2d6bda0a-abb7ad77-065a0f20-b4fa6b44,72.953,73.148,1901,1931,27,27,0.48,0.75,0,0,3000,2498,623,0,3217,2160
53ba5a31-2d6bda0a-abb7ad77-065a0f20-b4fa6b44,73.509,73.621,2165,1451,27,27,0.44,0.94,0,0,3000,2498,623,0,3217,2160
53ba5a31-2d6bda0a-abb7ad77-065a0f20-b4fa6b44,73.872,74.011,1916,1603,27,27,0.45,0.94,0,0,3000,2498,623,0,3217,2160
53ba5a31-2d6bda0a-abb7ad77-065a0f20-b4fa6b44,74.025,74.359,1955,1626,27,27,0.46,0.94,0,0,3000,2498,623,0,3217,2160
53ba5a31-2d6bda0a-abb7ad77-065a0f20-b4fa6b44,74.511,74.68,1923,1821,27,27,0.45,0.86,0,0,3000,2498,623,0,3217,2160
53ba5a31-2d6bda0a-abb7ad77-065a0f20-b4fa6b44,74.86,75.015,1888,1803,27,27,0.43,0.88,0,0,3000,2498,623,0,3217,2160
53ba5a31-2d6bda0a-abb7ad77-065a0f20-b4fa6b44,75.083,75.235,1985,1828,27,27,0.43,0.92,0,0,3000,2498,623,0,3217,2160
53ba5a31-2d6bda0a-abb7ad77-065a0f20-b4fa6b44,75.249,75.376,1987,1780,27,27,0.43,0.95,0,0,3000,2498,623,0,3217,2160
53ba5a31-2d6bda0a-abb7ad77-065a0f20-b4fa6b44,75.389,75.681,2031,1751,27,27,0.43,0.98,0,0,3000,2498,623,0,3217,2160
53ba5a31-2d6bda0a-abb7ad77-065a0f20-b4fa6b44,75.695,75.85,2027,1762,27,27,0.43,1.0,0,0,3000,2498,623,0,3217,2160
53ba5a31-2d6bda0a-abb7ad77-065a0f20-b4fa6b44,75.863,76.03,2152,1763,27,27,0.43,1.0,0,0,3000,2498,623,0,3217,2160
53ba5a31-2d6bda0a-abb7ad77-065a0f20-b4fa6b44,76.056,76.169,2195,1781,27,27,0.43,1.0,0,0,3000,2498,623,0,3217,2160
53ba5a31-2d6bda0a-abb7ad77-065a0f20-b4fa6b44,76.182,76.391,2133,1785,27,27,0.43,1.0,0,0,3000,2498,623,0,3217,2160
53ba5a31-2d6bda0a-abb7ad77-065a0f20-b4fa6b44,76.405,76.711,2037,1899,27,27,0.43,1.0,0,0,3000,2498,623,0,3217,2160
53ba5a31-2d6bda0a-abb7ad77-065a0f20-b4fa6b44,76.752,77.254,1919,1914,27,27,0.43,0.97,0,0,3000,2498,623,0,3217,2160
53ba5a31-2d6bda0a-abb7ad77-065a0f20-b4fa6b44,77.281,77.504,2022,1771,27,27,0.43,0.92,0,0,3000,2498,623,0,3217,2160
53ba5a31-2d6bda0a-abb7ad77-065a0f20-b4fa6b44,77.518,77.852,2101,1668,27,27,0.43,0.92,0,0,3000,2498,623,0,3217,2160
53ba5a31-2d6bda0a-abb7ad77-065a0f20-b4fa6b44,77.866,77.979,2117,1652,27,27,0.43,0.92,0,0,3000,2498,623,0,3217,2160
53ba5a31-2d6bda0a-abb7ad77-065a0f20-b4fa6b44,78.049,78.228,2230,1391,27,27,0.43,0.89,0,0,3000,2498,623,0,3217,2160
53ba5a31-2d6bda0a-abb7ad77-065a0f20-b4fa6b44,78.243,78.52,2211,1452,27,27,0.42,0.85,0,0,3000,2498,623,0,3217,2160
53ba5a31-2d6bda0a-abb7ad77-065a0f20-b4fa6b44,78.534,78.938,2207,1207,27,27,0.42,0.84,0,0,3000,2498,623,0,3217,2160
53ba5a31-2d6bda0a-abb7ad77-065a0f20-b4fa6b44,78.994,79.121,2163,1361,27,27,0.42,0.84,0,0,3000,2498,623,0,3217,2160
53ba5a31-2d6bda0a-abb7ad77-065a0f20-b4fa6b44,79.134,79.731,2175,1428,27,27,0.42,0.83,0,0,3000,2498,623,0,3217,2160
53ba5a31-2d6bda0a-abb7ad77-065a0f20-b4fa6b44,79.745,80.107,2204,1404,27,27,0.42,0.78,0,0,3000,2498,623,0,3217,2160
53ba5a31-2d6bda0a-abb7ad77-065a0f20-b4fa6b44,80.121,80.762,2157,1207,27,27,0.42,0.78,0,0,3000,2498,623,0,3217,2160
53ba5a31-2d6bda0a-abb7ad77-065a0f20-b4fa6b44,80.817,81.277,1942,1572,27,27,0.42,0.81,0,0,3000,2498,623,0,3217,2160
53ba5a31-2d6bda0a-abb7ad77-065a0f20-b4fa6b44,81.291,81.764,1924,1611,27,27,0.42,0.81,0,0,3000,2498,623,0,3217,2160
53ba5a31-2d6bda0a-abb7ad77-065a0f20-b4fa6b44,82.223,82.348,674,1581,27,27,0.42,0.81,0,0,3000,2498,623,0,3217,2160
53ba5a31-2d6bda0a-abb7ad77-065a0f20-b4fa6b44,82.391,82.501,820,1600,27,27,0.42,0.81,0,0,3000,2498,623,0,3217,2160
53ba5a31-2d6bda0a-abb7ad77-065a0f20-b4fa6b44,82.571,82.808,884,1233,27,27,0.42,0.81,0,0,3000,2498,623,0,3217,2160
53ba5a31-2d6bda0a-abb7ad77-065a0f20-b4fa6b44,82.821,83.127,891,1235,27,27,0.42,0.81,0,0,3000,2498,623,0,3217,2160
53ba5a31-2d6bda0a-abb7ad77-065a0f20-b4fa6b44,83.141,83.461,898,1435,27,27,0.42,0.81,0,0,3000,2498,623,0,3217,2160
53ba5a31-2d6bda0a-abb7ad77-065a0f20-b4fa6b44,83.476,83.6,960,1414,27,27,0.42,0.81,0,0,3000,2498,623,0,3217,2160
53ba5a31-2d6bda0a-abb7ad77-065a0f20-b4fa6b44,83.753,83.893,1051,1970,27,27,0.42,0.81,0,0,3000,2498,623,0,3217,2160
53ba5a31-2d6bda0a-abb7ad77-065a0f20-b4fa6b44,83.907,84.032,1089,1956,27,27,0.42,0.81,0,0,3000,2498,623,0,3217,2160
53ba5a31-2d6bda0a-abb7ad77-065a0f20-b4fa6b44,84.506,84.673,2212,1813,27,27,0.42,0.81,0,0,3000,2498,623,0,3217,2160
53ba5a31-2d6bda0a-abb7ad77-065a0f20-b4fa6b44,84.686,84.853,2244,1837,27,27,0.42,0.81,0,0,3000,2498,623,0,3217,2160
53ba5a31-2d6bda0a-abb7ad77-065a0f20-b4fa6b44,84.951,85.146,2426,1644,27,27,0.42,0.81,0,0,3000,2498,623,0,3217,2160
53ba5a31-2d6bda0a-abb7ad77-065a0f20-b4fa6b44,85.272,85.466,2281,1936,27,27,0.42,0.81,0,0,3000,2498,623,0,3217,2160
53ba5a31-2d6bda0a-abb7ad77-065a0f20-b4fa6b44,85.494,85.606,2030,2075,27,27,0.42,0.81,0,0,3000,2498,623,0,3217,2160
53ba5a31-2d6bda0a-abb7ad77-065a0f20-b4fa6b44,85.619,85.773,2019,2109,27,27,0.42,0.81,0,0,3000,2498,623,0,3217,2160
53ba5a31-2d6bda0a-abb7ad77-065a0f20-b4fa6b44,85.79,85.939,2029,2100,27,27,0.42,0.82,0,0,3000,2498,623,0,3217,2160
53ba5a31-2d6bda0a-abb7ad77-065a0f20-b4fa6b44,85.953,86.134,2034,1956,27,27,0.42,0.82,0,0,3000,2498,623,0,3217,2160
53ba5a31-2d6bda0a-abb7ad77-065a0f20-b4fa6b44,86.162,86.441,2037,1939,27,27,0.42,0.82,0,0,3000,2498,623,0,3217,2160
53ba5a31-2d6bda0a-abb7ad77-065a0f20-b4fa6b44,86.468,86.817,1942,1910,27,27,0.42,0.82,0,0,3000,2498,623,0,3217,2160
53ba5a31-2d6bda0a-abb7ad77-065a0f20-b4fa6b44,86.83,86.943,1972,1833,27,27,0.42,0.82,0,0,3000,2498,623,0,3217,2160
53ba5a31-2d6bda0a-abb7ad77-065a0f20-b4fa6b44,86.956,87.095,1972,1797,27,27,0.42,0.82,0,0,3000,2498,623,0,3217,2160
53ba5a31-2d6bda0a-abb7ad77-065a0f20-b4fa6b44,87.109,87.485,2068,1740,27,27,0.42,0.82,0,0,3000,2498,623,0,3217,2160
53ba5a31-2d6bda0a-abb7ad77-065a0f20-b4fa6b44,87.554,87.805,2277,1322,27,27,0.43,0.84,0,0,3000,2498,623,0,3217,2160
53ba5a31-2d6bda0a-abb7ad77-065a0f20-b4fa6b44,87.819,87.93,2238,1331,27,27,0.45,0.89,0,0,3000,2498,623,0,3217,2160
53ba5a31-2d6bda0a-abb7ad77-065a0f20-b4fa6b44,87.958,88.181,2361,1464,27,27,0.45,0.89,0,0,3000,2498,623,0,3217,2160
53ba5a31-2d6bda0a-abb7ad77-065a0f20-b4fa6b44,88.195,88.487,2374,1522,27,27,0.45,0.86,0,0,3000,2498,623,0,3217,2160
53ba5a31-2d6bda0a-abb7ad77-065a0f20-b4fa6b44,88.501,89.1,2231,1173,27,27,0.45,0.83,0,0,3000,2498,623,0,3217,2160
53ba5a31-2d6bda0a-abb7ad77-065a0f20-b4fa6b44,89.114,89.28,2386,992,27,27,0.45,0.75,0,0,3000,2498,623,0,3217,2160
53ba5a31-2d6bda0a-abb7ad77-065a0f20-b4fa6b44,89.42,89.601,2375,1162,27,27,0.45,0.75,0,0,3000,2498,623,0,3217,2160
53ba5a31-2d6bda0a-abb7ad77-065a0f20-b4fa6b44,89.615,89.865,2321,1219,27,27,0.45,0.75,0,0,3000,2498,623,0,3217,2160
53ba5a31-2d6bda0a-abb7ad77-065a0f20-b4fa6b44,89.907,90.227,2174,1469,27,27,0.45,0.74,0,0,3000,2498,623,0,3217,2160
53ba5a31-2d6bda0a-abb7ad77-065a0f20-b4fa6b44,90.241,90.575,2173,1466,27,27,0.45,0.74,0,0,3000,2498,623,0,3217,2160
53ba5a31-2d6bda0a-abb7ad77-065a0f20-b4fa6b44,90.616,90.787,1992,1581,27,27,0.45,0.74,0,0,3000,2498,623,0,3217,2160
53ba5a31-2d6bda0a-abb7ad77-065a0f20-b4fa6b44,90.829,91.035,2659,1455,27,27,0.45,0.75,0,0,3000,2498,623,0,3217,2160
53ba5a31-2d6bda0a-abb7ad77-065a0f20-b4fa6b44,91.702,91.869,1184,1309,27,27,0.48,0.76,0,0,3000,2498,623,0,3217,2160
53ba5a31-2d6bda0a-abb7ad77-065a0f20-b4fa6b44,91.953,92.162,897,1416,27,27,0.48,0.76,0,0,3000,2498,623,0,3217,2160
53ba5a31-2d6bda0a-abb7ad77-065a0f20-b4fa6b44,92.301,92.482,917,1533,27,27,0.48,0.74,0,0,3000,2498,623,0,3217,2160
53ba5a31-2d6bda0a-abb7ad77-065a0f20-b4fa6b44,92.496,92.718,916,1520,27,27,0.48,0.74,0,0,3000,2498,623,0,3217,2160
53ba5a31-2d6bda0a-abb7ad77-065a0f20-b4fa6b44,92.955,93.08,1075,2014,27,27,0.48,0.74,0,0,3000,2498,623,0,3217,2160
53ba5a31-2d6bda0a-abb7ad77-065a0f20-b4fa6b44,93.094,93.275,1108,1985,27,27,0.48,0.74,0,0,3000,2498,623,0,3217,2160
53ba5a31-2d6bda0a-abb7ad77-065a0f20-b4fa6b44,93.289,93.581,1109,1958,27,27,0.48,0.74,0,0,3000,2498,623,0,3217,2160
53ba5a31-2d6bda0a-abb7ad77-065a0f20-b4fa6b44,93.595,93.831,1126,1939,27,27,0.48,0.74,0,0,3000,2498,623,0,3217,2160
53ba5a31-2d6bda0a-abb7ad77-065a0f20-b4fa6b44,93.845,94.013,1117,1909,27,27,0.48,0.74,0,0,3000,2498,623,0,3217,2160
53ba5a31-2d6bda0a-abb7ad77-065a0f20-b4fa6b44,94.027,94.208,1086,1883,27,27,0.48,0.74,0,0,3000,2498,623,0,3217,2160
53ba5a31-2d6bda0a-abb7ad77-065a0f20-b4fa6b44,94.222,94.416,1092,1921,27,27,0.48,0.74,0,0,3000,2498,623,0,3217,2160
53ba5a31-2d6bda0a-abb7ad77-065a0f20-b4fa6b44,94.444,94.569,1044,1875,27,27,0.48,0.74,0,0,3000,2498,623,0,3217,2160
53ba5a31-2d6bda0a-abb7ad77-065a0f20-b4fa6b44,94.61,94.764,1038,1846,27,27,0.48,0.74,0,0,3000,2498,623,0,3217,2160
53ba5a31-2d6bda0a-abb7ad77-065a0f20-b4fa6b44,94.833,95.141,935,1690,27,27,0.48,0.74,0,0,3000,2498,623,0,3217,2160
53ba5a31-2d6bda0a-abb7ad77-065a0f20-b4fa6b44,95.154,95.446,949,1692,27,27,0.48,0.78,0,0,3000,2498,623,0,3217,2160
53ba5a31-2d6bda0a-abb7ad77-065a0f20-b4fa6b44,95.49,95.725,1108,1671,27,27,0.48,0.75,0,0,3000,2498,623,0,3217,2160
53ba5a31-2d6bda0a-abb7ad77-065a0f20-b4fa6b44,96.157,96.297,1908,1862,27,27,0.48,0.74,0,0,3000,2498,623,0,3217,2160
53ba5a31-2d6bda0a-abb7ad77-065a0f20-b4fa6b44,96.31,96.451,1936,1846,27,27,0.48,0.79,0,0,3000,2498,623,0,3217,2160
53ba5a31-2d6bda0a-abb7ad77-065a0f20-b4fa6b44,96.464,96.749,1636,1855,27,27,0.48,0.82,0,0,3000,2498,623,0,3217,2160
53ba5a31-2d6bda0a-abb7ad77-065a0f20-b4fa6b44,96.81,96.95,1169,1895,27,27,0.49,0.76,0,0,3000,2498,623,0,3217,2160
53ba5a31-2d6bda0a-abb7ad77-065a0f20-b4fa6b44,97.173,97.398,1097,1959,27,27,0.48,0.62,0,0,3000,2498,623,0,3217,2160
53ba5a31-2d6bda0a-abb7ad77-065a0f20-b4fa6b44,97.411,97.858,1101,1943,27,27,0.47,0.68,0,0,3000,2498,623,0,3217,2160
53ba5a31-2d6bda0a-abb7ad77-065a0f20-b4fa6b44,97.873,98.078,1080,1960,27,27,0.47,0.77,0,0,3000,2498,623,0,3217,2160
53ba5a31-2d6bda0a-abb7ad77-065a0f20-b4fa6b44,98.147,98.274,1115,2030,27,27,0.48,0.83,0,0,3000,2498,623,0,3217,2160
53ba5a31-2d6bda0a-abb7ad77-065a0f20-b4fa6b44,98.357,98.47,1060,1794,27,27,0.48,0.83,0,0,3000,2498,623,0,3217,2160
53ba5a31-2d6bda0a-abb7ad77-065a0f20-b4fa6b44,98.484,98.594,1070,1737,27,27,0.49,0.75,0,0,3000,2498,623,0,3217,2160
53ba5a31-2d6bda0a-abb7ad77-065a0f20-b4fa6b44,98.899,99.066,1019,1299,27,27,0.47,0.72,0,0,3000,2498,623,0,3217,2160
53ba5a31-2d6bda0a-abb7ad77-065a0f20-b4fa6b44,99.079,99.247,886,1400,27,27,0.47,0.67,0,0,3000,2498,623,0,3217,2160
53ba5a31-2d6bda0a-abb7ad77-065a0f20-b4fa6b44,99.26,99.386,921,1414,27,27,0.47,0.67,0,0,3000,2498,623,0,3217,2160
53ba5a31-2d6bda0a-abb7ad77-065a0f20-b4fa6b44,99.874,99.998,2054,1570,27,27,0.47,0.67,0,0,3000,2498,623,0,3217,2160
53ba5a31-2d6bda0a-abb7ad77-065a0f20-b4fa6b44,100.444,100.639,919,1337,27,27,0.47,0.67,0,0,3000,2498,623,0,3217,2160
53ba5a31-2d6bda0a-abb7ad77-065a0f20-b4fa6b44,100.653,100.902,916,1312,27,27,0.47,0.68,0,0,3000,2498,623,0,3217,2160
53ba5a31-2d6bda0a-abb7ad77-065a0f20-b4fa6b44,100.917,101.098,884,1323,27,27,0.48,0.77,0,0,3000,2498,623,0,3217,2160
53ba5a31-2d6bda0a-abb7ad77-065a0f20-b4fa6b44,101.112,101.251,981,1261,27,27,0.48,0.66,0,0,3000,2498,623,0,3217,2160
53ba5a31-2d6bda0a-abb7ad77-065a0f20-b4fa6b44,101.265,101.654,964,1303,27,27,0.48,0.66,0,0,3000,2498,623,0,3217,2160
53ba5a31-2d6bda0a-abb7ad77-065a0f20-b4fa6b44,101.669,101.975,905,1454,27,27,0.48,0.66,0,0,3000,2498,623,0,3217,2160
53ba5a31-2d6bda0a-abb7ad77-065a0f20-b4fa6b44,101.988,102.225,920,1444,27,27,0.48,0.66,0,0,3000,2498,623,0,3217,2160
53ba5a31-2d6bda0a-abb7ad77-065a0f20-b4fa6b44,102.255,102.408,913,1373,27,27,0.48,0.66,0,0,3000,2498,623,0,3217,2160
53ba5a31-2d6bda0a-abb7ad77-065a0f20-b4fa6b44,102.531,102.895,885,1174,27,27,0.48,0.66,0,0,3000,2498,623,0,3217,2160
53ba5a31-2d6bda0a-abb7ad77-065a0f20-b4fa6b44,102.963,103.145,1243,1347,27,27,0.48,0.66,0,0,3000,2498,623,0,3217,2160
53ba5a31-2d6bda0a-abb7ad77-065a0f20-b4fa6b44,103.173,103.34,1228,1374,27,27,0.48,0.66,0,0,3000,2498,623,0,3217,2160
53ba5a31-2d6bda0a-abb7ad77-065a0f20-b4fa6b44,103.507,103.659,1205,1886,27,27,0.48,0.66,0,0,3000,2498,623,0,3217,2160
53ba5a31-2d6bda0a-abb7ad77-065a0f20-b4fa6b44,103.686,103.84,1378,1766,27,27,0.49,0.66,0,0,3000,2498,623,0,3217,2160
53ba5a31-2d6bda0a-abb7ad77-065a0f20-b4fa6b44,103.909,104.118,2083,1676,27,27,0.49,0.66,0,0,3000,2498,623,0,3217,2160
53ba5a31-2d6bda0a-abb7ad77-065a0f20-b4fa6b44,104.132,104.257,2027,1643,27,27,0.49,0.72,0,0,3000,2498,623,0,3217,2160
53ba5a31-2d6bda0a-abb7ad77-065a0f20-b4fa6b44,104.271,104.438,2027,1629,27,27,0.49,0.74,0,0,3000,2498,623,0,3217,2160
53ba5a31-2d6bda0a-abb7ad77-065a0f20-b4fa6b44,104.494,104.663,2085,1988,27,27,0.49,0.75,0,0,3000,2498,623,0,3217,2160
53ba5a31-2d6bda0a-abb7ad77-065a0f20-b4fa6b44,104.678,104.981,2082,2007,27,27,0.49,0.77,0,0,3000,2498,623,0,3217,2160
53ba5a31-2d6bda0a-abb7ad77-065a0f20-b4fa6b44,105.037,105.386,1119,1884,27,27,0.46,0.83,0,0,3000,2498,623,0,3217,2160
53ba5a31-2d6bda0a-abb7ad77-065a0f20-b4fa6b44,105.428,105.538,924,1621,27,27,0.46,0.91,0,0,3000,2498,623,0,3217,2160
53ba5a31-2d6bda0a-abb7ad77-065a0f20-b4fa6b44,105.552,105.789,893,1600,27,27,0.46,0.93,0,0,3000,2498,623,0,3217,2160
53ba5a31-2d6bda0a-abb7ad77-065a0f20-b4fa6b44,105.83,105.985,971,1330,27,27,0.47,0.94,0,0,3000,2498,623,0,3217,2160
53ba5a31-2d6bda0a-abb7ad77-065a0f20-b4fa6b44,105.999,106.151,1005,1373,27,27,0.47,0.89,0,0,3000,2498,623,0,3217,2160
53ba5a31-2d6bda0a-abb7ad77-065a0f20-b4fa6b44,106.164,106.403,1014,1401,27,27,0.47,0.87,0,0,3000,2498,623,0,3217,2160
53ba5a31-2d6bda0a-abb7ad77-065a0f20-b4fa6b44,106.429,106.805,1302,1325,27,27,0.47,0.84,0,0,3000,2498,623,0,3217,2160
53ba5a31-2d6bda0a-abb7ad77-065a0f20-b4fa6b44,106.819,106.944,1189,1267,27,27,0.48,0.76,0,0,3000,2498,623,0,3217,2160
53ba5a31-2d6bda0a-abb7ad77-065a0f20-b4fa6b44,107.042,107.181,1232,1207,27,27,0.48,0.76,0,0,3000,2498,623,0,3217,2160
53ba5a31-2d6bda0a-abb7ad77-065a0f20-b4fa6b44,107.195,107.323,1188,1165,27,27,0.48,0.76,0,0,3000,2498,623,0,3217,2160
53ba5a31-2d6bda0a-abb7ad77-065a0f20-b4fa6b44,107.376,107.501,1196,1129,27,27,0.48,0.79,0,0,3000,2498,623,0,3217,2160
53ba5a31-2d6bda0a-abb7ad77-065a0f20-b4fa6b44,107.515,107.627,1180,1158,27,27,0.48,0.8,0,0,3000,2498,623,0,3217,2160
53ba5a31-2d6bda0a-abb7ad77-065a0f20-b4fa6b44,107.794,108.03,1077,1156,27,27,0.48,0.8,0,0,3000,2498,623,0,3217,2160
53ba5a31-2d6bda0a-abb7ad77-065a0f20-b4fa6b44,108.044,108.893,1079,1176,27,27,0.48,0.8,0,0,3000,2498,623,0,3217,2160
53ba5a31-2d6bda0a-abb7ad77-065a0f20-b4fa6b44,108.91,109.019,1083,1184,27,27,0.46,0.81,0,0,3000,2498,623,0,3217,2160
53ba5a31-2d6bda0a-abb7ad77-065a0f20-b4fa6b44,109.035,109.27,1072,1225,27,27,0.44,0.88,0,0,3000,2498,623,0,3217,2160
53ba5a31-2d6bda0a-abb7ad77-065a0f20-b4fa6b44,109.299,109.631,1055,1231,27,27,0.44,0.9,0,0,3000,2498,623,0,3217,2160
53ba5a31-2d6bda0a-abb7ad77-065a0f20-b4fa6b44,109.659,109.995,1002,1602,27,27,0.41,1.0,0,0,3000,2498,623,0,3217,2160
53ba5a31-2d6bda0a-abb7ad77-065a0f20-b4fa6b44,110.104,110.215,974,1683,27,27,0.41,0.91,0,0,3000,2498,623,0,3217,2160
53ba5a31-2d6bda0a-abb7ad77-065a0f20-b4fa6b44,110.231,110.634,965,1655,27,27,0.41,0.89,0,0,3000,2498,623,0,3217,2160
53ba5a31-2d6bda0a-abb7ad77-065a0f20-b4fa6b44,110.647,111.025,958,1637,27,27,0.39,0.89,0,0,3000,2498,623,0,3217,2160
53ba5a31-2d6bda0a-abb7ad77-065a0f20-b4fa6b44,111.038,111.163,962,1649,27,27,0.35,0.99,0,0,3000,2498,623,0,3217,2160
53ba5a31-2d6bda0a-abb7ad77-065a0f20-b4fa6b44,111.176,111.456,965,1625,27,27,0.35,1.0,0,0,3000,2498,623,0,3217,2160
53ba5a31-2d6bda0a-abb7ad77-065a0f20-b4fa6b44,111.469,111.609,965,1604,27,27,0.34,1.0,0,0,3000,2498,623,0,3217,2160
53ba5a31-2d6bda0a-abb7ad77-065a0f20-b4fa6b44,111.624,111.818,995,1598,27,27,0.34,1.0,0,0,3000,2498,623,0,3217,2160
53ba5a31-2d6bda0a-abb7ad77-065a0f20-b4fa6b44,111.832,112.529,912,1593,27,27,0.34,1.0,0,0,3000,2498,623,0,3217,2160
53ba5a31-2d6bda0a-abb7ad77-065a0f20-b4fa6b44,112.542,113.042,902,1593,27,27,0.34,0.98,0,0,3000,2498,623,0,3217,2160
53ba5a31-2d6bda0a-abb7ad77-065a0f20-b4fa6b44,113.057,113.445,949,1644,27,27,0.34,0.98,0,0,3000,2498,623,0,3217,2160
53ba5a31-2d6bda0a-abb7ad77-065a0f20-b4fa6b44,114.143,114.267,955,1739,27,27,0.34,0.98,0,0,3000,2498,623,0,3217,2160
53ba5a31-2d6bda0a-abb7ad77-065a0f20-b4fa6b44,114.435,114.656,898,1722,27,27,0.34,0.98,0,0,3000,2498,623,0,3217,2160
53ba5a31-2d6bda0a-abb7ad77-065a0f20-b4fa6b44,114.671,114.825,878,1712,27,27,0.34,0.98,0,0,3000,2498,623,0,3217,2160
53ba5a31-2d6bda0a-abb7ad77-065a0f20-b4fa6b44,114.88,115.186,923,1630,27,27,0.34,0.98,0,0,3000,2498,623,0,3217,2160
53ba5a31-2d6bda0a-abb7ad77-065a0f20-b4fa6b44,115.215,115.631,1010,1614,27,27,0.37,0.98,0,0,3000,2498,623,0,3217,2160
53ba5a31-2d6bda0a-abb7ad77-065a0f20-b4fa6b44,115.644,115.925,1014,1630,27,27,0.35,1.0,0,0,3000,2498,623,0,3217,2160
53ba5a31-2d6bda0a-abb7ad77-065a0f20-b4fa6b44,115.952,116.805,911,1583,27,27,0.34,0.75,0,0,3000,2498,623,0,3217,2160
53ba5a31-2d6bda0a-abb7ad77-065a0f20-b4fa6b44,116.953,117.065,918,1628,27,27,0.33,1.0,0,0,3000,2498,623,0,3217,2160
53ba5a31-2d6bda0a-abb7ad77-065a0f20-b4fa6b44,117.302,117.427,1050,1584,27,27,0.35,0.93,0,0,3000,2498,623,0,3217,2160
53ba5a31-2d6bda0a-abb7ad77-065a0f20-b4fa6b44,117.441,117.635,1022,1607,27,27,0.35,0.93,0,0,3000,2498,623,0,3217,2160
53ba5a31-2d6bda0a-abb7ad77-065a0f20-b4fa6b44,117.649,117.845,1019,1607,27,27,0.35,0.93,0,0,3000,2498,623,0,3217,2160
53ba5a31-2d6bda0a-abb7ad77-065a0f20-b4fa6b44,117.956,118.262,1569,1586,27,27,0.35,0.93,0,0,3000,2498,623,0,3217,2160
53ba5a31-2d6bda0a-abb7ad77-065a0f20-b4fa6b44,118.345,118.694,910,1535,27,27,0.35,0.93,0,0,3000,2498,623,0,3217,2160
53ba5a31-2d6bda0a-abb7ad77-065a0f20-b4fa6b44,118.708,119.294,933,1576,27,27,0.36,0.93,0,0,3000,2498,623,0,3217,2160
53ba5a31-2d6bda0a-abb7ad77-065a0f20-b4fa6b44,119.307,119.808,964,1575,27,27,0.35,0.93,0,0,3000,2498,623,0,3217,2160
53ba5a31-2d6bda0a-abb7ad77-065a0f20-b4fa6b44,119.822,119.975,962,1548,27,27,0.27,1.0,0,0,3000,2498,623,0,3217,2160
53ba5a31-2d6bda0a-abb7ad77-065a0f20-b4fa6b44,119.99,120.422,1070,1550,27,27,0.26,0.96,0,0,3000,2498,623,0,3217,2160
53ba5a31-2d6bda0a-abb7ad77-065a0f20-b4fa6b44,120.434,120.669,846,1430,27,27,0.22,0.92,0,0,3000,2498,623,0,3217,2160
53ba5a31-2d6bda0a-abb7ad77-065a0f20-b4fa6b44,120.756,121.089,845,1354,27,27,0.16,1.0,0,0,3000,2498,623,0,3217,2160
53ba5a31-2d6bda0a-abb7ad77-065a0f20-b4fa6b44,121.102,121.27,892,1411,27,27,0.14,1.0,0,0,3000,2498,623,0,3217,2160
53ba5a31-2d6bda0a-abb7ad77-065a0f20-b4fa6b44,121.284,121.465,894,1370,27,27,0.14,1.0,0,0,3000,2498,623,0,3217,2160
53ba5a31-2d6bda0a-abb7ad77-065a0f20-b4fa6b44,121.479,121.826,919,1309,27,27,0.14,0.88,0,0,3000,2498,623,0,3217,2160
53ba5a31-2d6bda0a-abb7ad77-065a0f20-b4fa6b44,121.909,122.34,1093,1370,27,27,0.13,1.0,0,0,3000,2498,623,0,3217,2160
53ba5a31-2d6bda0a-abb7ad77-065a0f20-b4fa6b44,122.367,122.688,1084,1584,27,27,0.1,0.98,0,0,3000,2498,623,0,3217,2160
53ba5a31-2d6bda0a-abb7ad77-065a0f20-b4fa6b44,122.743,122.938,1027,1549,27,27,0.1,0.69,0,0,3000,2498,623,0,3217,2160
53ba5a31-2d6bda0a-abb7ad77-065a0f20-b4fa6b44,122.951,123.231,1017,1564,27,27,0.1,0.7,0,0,3000,2498,623,0,3217,2160
53ba5a31-2d6bda0a-abb7ad77-065a0f20-b4fa6b44,123.273,123.383,1019,1530,27,27,0.1,0.7,0,0,3000,2498,623,0,3217,2160
53ba5a31-2d6bda0a-abb7ad77-065a0f20-b4fa6b44,123.538,123.691,990,1548,27,27,0.1,0.7,0,0,3000,2498,623,0,3217,2160
53ba5a31-2d6bda0a-abb7ad77-065a0f20-b4fa6b44,123.732,123.899,1052,1500,27,27,0.1,0.7,0,0,3000,2498,623,0,3217,2160
53ba5a31-2d6bda0a-abb7ad77-065a0f20-b4fa6b44,124.024,124.177,1364,1534,27,27,0.1,0.7,0,0,3000,2498,623,0,3217,2160
53ba5a31-2d6bda0a-abb7ad77-065a0f20-b4fa6b44,124.275,124.469,1080,1532,27,27,0.1,0.7,0,0,3000,2498,623,0,3217,2160
53ba5a31-2d6bda0a-abb7ad77-065a0f20-b4fa6b44,124.762,124.874,1727,1810,27,27,0.1,0.7,0,0,3000,2498,623,0,3217,2160
53ba5a31-2d6bda0a-abb7ad77-065a0f20-b4fa6b44,124.942,125.084,1701,1795,27,27,0.1,0.7,0,0,3000,2498,623,0,3217,2160
53ba5a31-2d6bda0a-abb7ad77-065a0f20-b4fa6b44,125.099,125.251,1679,1795,27,27,0.1,0.87,0,0,3000,2498,623,0,3217,2160
53ba5a31-2d6bda0a-abb7ad77-065a0f20-b4fa6b44,125.39,125.584,1290,1494,27,27,0.1,1.0,0,0,3000,2498,623,0,3217,2160
53ba5a31-2d6bda0a-abb7ad77-065a0f20-b4fa6b44,125.599,125.779,1289,1497,27,27,0.1,1.0,0,0,3000,2498,623,0,3217,2160
53ba5a31-2d6bda0a-abb7ad77-065a0f20-b4fa6b44,125.862,126.156,1061,1480,27,27,0.1,1.0,0,0,3000,2498,623,0,3217,2160
53ba5a31-2d6bda0a-abb7ad77-065a0f20-b4fa6b44,126.17,126.324,1055,1470,27,27,0.1,1.0,0,0,3000,2498,623,0,3217,2160
53ba5a31-2d6bda0a-abb7ad77-065a0f20-b4fa6b44,126.349,126.516,988,1552,27,27,0.1,1.0,0,0,3000,2498,623,0,3217,2160
53ba5a31-2d6bda0a-abb7ad77-065a0f20-b4fa6b44,126.531,126.682,1022,1573,27,27,0.1,1.0,0,0,3000,2498,623,0,3217,2160
53ba5a31-2d6bda0a-abb7ad77-065a0f20-b4fa6b44,127.128,127.282,2262,1466,27,27,0.1,1.0,0,0,3000,2498,623,0,3217,2160
53ba5a31-2d6bda0a-abb7ad77-065a0f20-b4fa6b44,127.337,127.66,1986,1563,27,27,0.1,1.0,0,0,3000,2498,623,0,3217,2160
53ba5a31-2d6bda0a-abb7ad77-065a0f20-b4fa6b44,127.674,127.882,2113,1559,27,27,0.1,1.0,0,0,3000,2498,623,0,3217,2160
53ba5a31-2d6bda0a-abb7ad77-065a0f20-b4fa6b44,127.992,128.189,2245,1566,27,27,0.1,1.0,0,0,3000,2498,623,0,3217,2160
53ba5a31-2d6bda0a-abb7ad77-065a0f20-b4fa6b44,128.201,128.577,2130,1881,27,27,0.1,0.94,0,0,3000,2498,623,0,3217,2160
53ba5a31-2d6bda0a-abb7ad77-065a0f20-b4fa6b44,128.605,128.856,2019,1686,27,27,0.1,1.0,0,0,3000,2498,623,0,3217,2160
53ba5a31-2d6bda0a-abb7ad77-065a0f20-b4fa6b44,128.869,128.993,1993,1667,27,27,0.1,1.0,0,0,3000,2498,623,0,3217,2160
53ba5a31-2d6bda0a-abb7ad77-065a0f20-b4fa6b44,129.036,129.175,1980,1649,27,27,0.11,1.0,0,0,3000,2498,623,0,3217,2160
53ba5a31-2d6bda0a-abb7ad77-065a0f20-b4fa6b44,129.188,129.357,1961,1621,27,27,0.12,1.0,0,0,3000,2498,623,0,3217,2160
53ba5a31-2d6bda0a-abb7ad77-065a0f20-b4fa6b44,129.373,129.508,1966,1654,27,27,0.1,1.0,0,0,3000,2498,623,0,3217,2160
53ba5a31-2d6bda0a-abb7ad77-065a0f20-b4fa6b44,129.522,129.678,1962,1598,27,27,0.1,1.0,0,0,3000,2498,623,0,3217,2160
53ba5a31-2d6bda0a-abb7ad77-065a0f20-b4fa6b44,129.745,129.877,2123,1397,27,27,0.12,1.0,0,0,3000,2498,623,0,3217,2160
53ba5a31-2d6bda0a-abb7ad77-065a0f20-b4fa6b44,129.89,130.289,2116,1384,27,27,0.11,0.58,0,0,3000,2498,623,0,3217,2160
53ba5a31-2d6bda0a-abb7ad77-065a0f20-b4fa6b44,130.359,130.735,2047,1465,27,27,0.46,1.0,0,0,3000,2498,623,0,3217,2160
53ba5a31-2d6bda0a-abb7ad77-065a0f20-b4fa6b44,130.79,131.069,2126,1587,27,27,0.56,0.89,0,0,3000,2498,623,0,3217,2160
53ba5a31-2d6bda0a-abb7ad77-065a0f20-b4fa6b44,131.14,131.319,2069,1392,27,27,0.56,0.82,0,0,3000,2498,623,0,3217,2160
53ba5a31-2d6bda0a-abb7ad77-065a0f20-b4fa6b44,131.346,131.582,1681,1537,27,27,0.55,0.69,0,0,3000,2498,623,0,3217,2160
53ba5a31-2d6bda0a-abb7ad77-065a0f20-b4fa6b44,131.763,131.902,1124,1259,27,27,0.55,0.75,0,0,3000,2498,623,0,3217,2160
53ba5a31-2d6bda0a-abb7ad77-065a0f20-b4fa6b44,131.916,132.043,954,1248,27,27,0.55,0.75,0,0,3000,2498,623,0,3217,2160
53ba5a31-2d6bda0a-abb7ad77-065a0f20-b4fa6b44,132.058,132.197,992,1254,27,27,0.55,0.78,0,0,3000,2498,623,0,3217,2160
53ba5a31-2d6bda0a-abb7ad77-065a0f20-b4fa6b44,132.21,132.319,961,1260,27,27,0.55,0.81,0,0,3000,2498,623,0,3217,2160
53ba5a31-2d6bda0a-abb7ad77-065a0f20-b4fa6b44,132.348,132.572,1006,1083,27,27,0.55,0.82,0,0,3000,2498,623,0,3217,2160
53ba5a31-2d6bda0a-abb7ad77-065a0f20-b4fa6b44,132.598,132.823,1125,1006,27,27,0.56,0.76,0,0,3000,2498,623,0,3217,2160
53ba5a31-2d6bda0a-abb7ad77-065a0f20-b4fa6b44,132.849,133.267,708,946,27,27,0.56,0.68,0,0,3000,2498,623,0,3217,2160
53ba5a31-2d6bda0a-abb7ad77-065a0f20-b4fa6b44,133.28,133.503,694,920,27,27,0.55,0.66,0,0,3000,2498,623,0,3217,2160
53ba5a31-2d6bda0a-abb7ad77-065a0f20-b4fa6b44,133.517,133.643,747,942,27,27,0.55,0.76,0,0,3000,2498,623,0,3217,2160
53ba5a31-2d6bda0a-abb7ad77-065a0f20-b4fa6b44,133.684,133.949,1244,1022,27,27,0.55,0.76,0,0,3000,2498,623,0,3217,2160
53ba5a31-2d6bda0a-abb7ad77-065a0f20-b4fa6b44,134.283,134.394,1746,956,27,27,0.55,0.64,0,0,3000,2498,623,0,3217,2160
53ba5a31-2d6bda0a-abb7ad77-065a0f20-b4fa6b44,134.408,134.605,1796,970,27,27,0.55,0.64,0,0,3000,2498,623,0,3217,2160
53ba5a31-2d6bda0a-abb7ad77-065a0f20-b4fa6b44,134.661,134.881,1789,970,27,27,0.55,0.71,0,0,3000,2498,623,0,3217,2160
53ba5a31-2d6bda0a-abb7ad77-065a0f20-b4fa6b44,135.021,135.243,2206,896,27,27,0.55,0.71,0,0,3000,2498,623,0,3217,2160
53ba5a31-2d6bda0a-abb7ad77-065a0f20-b4fa6b44,135.285,135.564,2307,828,27,27,0.55,0.7,0,0,3000,2498,623,0,3217,2160
53ba5a31-2d6bda0a-abb7ad77-065a0f20-b4fa6b44,135.647,135.758,2246,800,27,27,0.55,0.65,0,0,3000,2498,623,0,3217,2160
53ba5a31-2d6bda0a-abb7ad77-065a0f20-b4fa6b44,135.787,135.981,2223,814,27,27,0.55,0.65,0,0,3000,2498,623,0,3217,2160
53ba5a31-2d6bda0a-abb7ad77-065a0f20-b4fa6b44,136.217,136.484,1812,1402,27,27,0.55,0.65,0,0,3000,2498,623,0,3217,2160
53ba5a31-2d6bda0a-abb7ad77-065a0f20-b4fa6b44,136.497,136.621,1828,1388,27,27,0.55,0.69,0,0,3000,2498,623,0,3217,2160
53ba5a31-2d6bda0a-abb7ad77-065a0f20-b4fa6b44,136.718,136.899,1359,1369,27,27,0.55,0.72,0,0,3000,2498,623,0,3217,2160
53ba5a31-2d6bda0a-abb7ad77-065a0f20-b4fa6b44,136.927,137.084,1372,1426,27,27,0.55,0.72,0,0,3000,2498,623,0,3217,2160
53ba5a31-2d6bda0a-abb7ad77-065a0f20-b4fa6b44,137.122,137.442,1632,1565,27,27,0.55,0.7,0,0,3000,2498,623,0,3217,2160
53ba5a31-2d6bda0a-abb7ad77-065a0f20-b4fa6b44,137.457,137.582,1611,1597,27,27,0.55,0.63,0,0,3000,2498,623,0,3217,2160
53ba5a31-2d6bda0a-abb7ad77-065a0f20-b4fa6b44,137.595,137.93,1595,1543,27,27,0.55,0.63,0,0,3000,2498,623,0,3217,2160
53ba5a31-2d6bda0a-abb7ad77-065a0f20-b4fa6b44,137.972,138.28,1491,1454,27,27,0.55,0.63,0,0,3000,2498,623,0,3217,2160
53ba5a31-2d6bda0a-abb7ad77-065a0f20-b4fa6b44,138.361,138.932,1609,1437,27,27,0.55,0.67,0,0,3000,2498,623,0,3217,2160
53ba5a31-2d6bda0a-abb7ad77-065a0f20-b4fa6b44,138.946,139.252,1526,1405,27,27,0.55,0.76,0,0,3000,2498,623,0,3217,2160
53ba5a31-2d6bda0a-abb7ad77-065a0f20-b4fa6b44,139.28,139.697,1416,1381,27,27,0.55,0.76,0,0,3000,2498,623,0,3217,2160
53ba5a31-2d6bda0a-abb7ad77-065a0f20-b4fa6b44,139.711,139.892,1543,1556,27,27,0.54,0.69,0,0,3000,2498,623,0,3217,2160
53ba5a31-2d6bda0a-abb7ad77-065a0f20-b4fa6b44,139.907,140.2,1542,1560,27,27,0.54,0.68,0,0,3000,2498,623,0,3217,2160
53ba5a31-2d6bda0a-abb7ad77-065a0f20-b4fa6b44,140.268,141.02,1526,1366,27,27,0.54,0.59,0,0,3000,2498,623,0,3217,2160
53ba5a31-2d6bda0a-abb7ad77-065a0f20-b4fa6b44,141.034,141.173,1522,1343,27,27,0.54,0.46,0,0,3000,2498,623,0,3217,2160
53ba5a31-2d6bda0a-abb7ad77-065a0f20-b4fa6b44,141.273,141.412,1637,2074,27,27,0.53,0.46,0,0,3000,2498,623,0,3217,2160
53ba5a31-2d6bda0a-abb7ad77-065a0f20-b4fa6b44,141.426,141.564,1682,2098,27,27,0.52,0.53,0,0,3000,2498,623,0,3217,2160
53ba5a31-2d6bda0a-abb7ad77-065a0f20-b4fa6b44,141.579,141.691,1693,2076,27,27,0.51,0.59,0,0,3000,2498,623,0,3217,2160
53ba5a31-2d6bda0a-abb7ad77-065a0f20-b4fa6b44,141.707,141.873,1595,2065,27,27,0.5,0.63,0,0,3000,2498,623,0,3217,2160
53ba5a31-2d6bda0a-abb7ad77-065a0f20-b4fa6b44,141.884,142.206,1583,2102,27,27,0.5,0.67,0,0,3000,2498,623,0,3217,2160
53ba5a31-2d6bda0a-abb7ad77-065a0f20-b4fa6b44,142.524,142.636,1526,1322,27,27,0.51,0.58,0,0,3000,2498,623,0,3217,2160
53ba5a31-2d6bda0a-abb7ad77-065a0f20-b4fa6b44,142.649,142.791,1573,1297,27,27,0.51,0.51,0,0,3000,2498,623,0,3217,2160
53ba5a31-2d6bda0a-abb7ad77-065a0f20-b4fa6b44,142.86,143.209,1549,1356,27,27,0.51,0.41,0,0,3000,2498,623,0,3217,2160
53ba5a31-2d6bda0a-abb7ad77-065a0f20-b4fa6b44,143.233,143.365,1552,1363,27,27,0.5,0.29,0,0,3000,2498,623,0,3217,2160
53ba5a31-2d6bda0a-abb7ad77-065a0f20-b4fa6b44,143.484,143.597,1588,1434,27,27,0.5,0.24,0,0,3000,2498,623,0,3217,2160
53ba5a31-2d6bda0a-abb7ad77-065a0f20-b4fa6b44,143.61,143.901,1537,1417,27,27,0.5,0.21,0,0,3000,2498,623,0,3217,2160
53ba5a31-2d6bda0a-abb7ad77-065a0f20-b4fa6b44,143.917,144.167,1503,1409,27,27,0.48,0.12,0,0,3000,2498,623,0,3217,2160
53ba5a31-2d6bda0a-abb7ad77-065a0f20-b4fa6b44,144.209,144.361,1603,1874,27,27,0.43,0.27,0,0,3000,2498,623,0,3217,2160
53ba5a31-2d6bda0a-abb7ad77-065a0f20-b4fa6b44,144.375,144.556,1628,1866,27,27,0.43,0.33,0,0,3000,2498,623,0,3217,2160
53ba5a31-2d6bda0a-abb7ad77-065a0f20-b4fa6b44,144.584,144.933,1638,1880,27,27,0.41,0.44,0,0,3000,2498,623,0,3217,2160
53ba5a31-2d6bda0a-abb7ad77-065a0f20-b4fa6b44,144.961,145.168,1646,2028,27,27,0.4,0.63,0,0,3000,2498,623,0,3217,2160
53ba5a31-2d6bda0a-abb7ad77-065a0f20-b4fa6b44,145.198,145.53,1630,2017,27,27,0.39,0.75,0,0,3000,2498,623,0,3217,2160
53ba5a31-2d6bda0a-abb7ad77-065a0f20-b4fa6b44,145.629,145.838,1545,1265,27,27,0.42,0.77,0,0,3000,2498,623,0,3217,2160
53ba5a31-2d6bda0a-abb7ad77-065a0f20-b4fa6b44,145.851,145.961,1538,1327,27,27,0.42,0.68,0,0,3000,2498,623,0,3217,2160
53ba5a31-2d6bda0a-abb7ad77-065a0f20-b4fa6b44,145.976,146.185,1546,1371,27,27,0.42,0.67,0,0,3000,2498,623,0,3217,2160
53ba5a31-2d6bda0a-abb7ad77-065a0f20-b4fa6b44,146.2,146.393,1540,1428,27,27,0.42,0.6,0,0,3000,2498,623,0,3217,2160
53ba5a31-2d6bda0a-abb7ad77-065a0f20-b4fa6b44,146.421,146.575,1554,1408,27,27,0.42,0.57,0,0,3000,2498,623,0,3217,2160
53ba5a31-2d6bda0a-abb7ad77-065a0f20-b4fa6b44,146.727,147.039,1664,1390,27,27,0.41,0.49,0,0,3000,2498,623,0,3217,2160
53ba5a31-2d6bda0a-abb7ad77-065a0f20-b4fa6b44,147.215,147.52,1714,1406,27,27,0.43,0.38,0,0,3000,2498,623,0,3217,2160
53ba5a31-2d6bda0a-abb7ad77-065a0f20-b4fa6b44,147.534,147.659,1708,1438,27,27,0.44,0.27,0,0,3000,2498,623,0,3217,2160
53ba5a31-2d6bda0a-abb7ad77-065a0f20-b4fa6b44,147.687,147.924,1938,1377,27,27,0.44,0.22,0,0,3000,2498,623,0,3217,2160
53ba5a31-2d6bda0a-abb7ad77-065a0f20-b4fa6b44,147.952,148.079,1909,1361,27,27,0.44,0.16,0,0,3000,2498,623,0,3217,2160
53ba5a31-2d6bda0a-abb7ad77-065a0f20-b4fa6b44,148.132,148.525,1479,1443,27,27,0.44,0.26,0,0,3000,2498,623,0,3217,2160
53ba5a31-2d6bda0a-abb7ad77-065a0f20-b4fa6b44,148.538,148.661,1448,1395,27,27,0.41,0.42,0,0,3000,2498,623,0,3217,2160
53ba5a31-2d6bda0a-abb7ad77-065a0f20-b4fa6b44,148.676,148.998,1466,1366,27,27,0.41,0.43,0,0,3000,2498,623,0,3217,2160
53ba5a31-2d6bda0a-abb7ad77-065a0f20-b4fa6b44,149.026,149.484,1493,1407,27,27,0.4,0.55,0,0,3000,2498,623,0,3217,2160
53ba5a31-2d6bda0a-abb7ad77-065a0f20-b4fa6b44,149.499,149.664,1448,1389,27,27,0.42,0.64,0,0,3000,2498,623,0,3217,2160
53ba5a31-2d6bda0a-abb7ad77-065a0f20-b4fa6b44,149.706,149.873,1464,1394,27,27,0.44,0.59,0,0,3000,2498,623,0,3217,2160
53ba5a31-2d6bda0a-abb7ad77-065a0f20-b4fa6b44,149.957,150.415,1461,1384,27,27,0.44,0.58,0,0,3000,2498,623,0,3217,2160
53ba5a31-2d6bda0a-abb7ad77-065a0f20-b4fa6b44,150.485,151.601,1550,1405,27,27,0.43,0.47,0,0,3000,2498,623,0,3217,2160
53ba5a31-2d6bda0a-abb7ad77-065a0f20-b4fa6b44,151.632,152.268,1548,1393,27,27,0.45,0.09,0,0,3000,2498,623,0,3217,2160
53ba5a31-2d6bda0a-abb7ad77-065a0f20-b4fa6b44,152.283,152.422,1504,1372,27,27,0.41,0.31,0,0,3000,2498,623,0,3217,2160
53ba5a31-2d6bda0a-abb7ad77-065a0f20-b4fa6b44,152.436,152.575,1470,1360,27,27,0.41,0.37,0,0,3000,2498,623,0,3217,2160
53ba5a31-2d6bda0a-abb7ad77-065a0f20-b4fa6b44,152.617,152.797,1528,1402,27,27,0.4,0.43,0,0,3000,2498,623,0,3217,2160
53ba5a31-2d6bda0a-abb7ad77-065a0f20-b4fa6b44,152.894,153.008,1478,1442,27,27,0.39,0.56,0,0,3000,2498,623,0,3217,2160
53ba5a31-2d6bda0a-abb7ad77-065a0f20-b4fa6b44,153.116,153.23,1561,1433,27,27,0.39,0.62,0,0,3000,2498,623,0,3217,2160
53ba5a31-2d6bda0a-abb7ad77-065a0f20-b4fa6b44,153.242,153.424,1573,1410,27,27,0.38,0.66,0,0,3000,2498,623,0,3217,2160
53ba5a31-2d6bda0a-abb7ad77-065a0f20-b4fa6b44,153.439,153.671,1606,1388,27,27,0.38,0.75,0,0,3000,2498,623,0,3217,2160
53ba5a31-2d6bda0a-abb7ad77-065a0f20-b4fa6b44,153.685,153.84,1606,1387,27,27,0.38,0.84,0,0,3000,2498,623,0,3217,2160
53ba5a31-2d6bda0a-abb7ad77-065a0f20-b4fa6b44,153.869,154.132,1752,1361,27,27,0.38,0.85,0,0,3000,2498,623,0,3217,2160
53ba5a31-2d6bda0a-abb7ad77-065a0f20-b4fa6b44,154.371,154.649,1567,1448,27,27,0.38,0.98,0,0,3000,2498,623,0,3217,2160
53ba5a31-2d6bda0a-abb7ad77-065a0f20-b4fa6b44,154.676,154.912,1451,1429,27,27,0.38,0.95,0,0,3000,2498,623,0,3217,2160
53ba5a31-2d6bda0a-abb7ad77-065a0f20-b4fa6b44,155.247,155.359,1621,1969,27,27,0.38,0.78,0,0,3000,2498,623,0,3217,2160
53ba5a31-2d6bda0a-abb7ad77-065a0f20-b4fa6b44,155.373,155.511,1614,1931,27,27,0.38,0.74,0,0,3000,2498,623,0,3217,2160
53ba5a31-2d6bda0a-abb7ad77-065a0f20-b4fa6b44,155.524,155.86,1608,1888,27,27,0.4,0.7,0,0,3000,2498,623,0,3217,2160
53ba5a31-2d6bda0a-abb7ad77-065a0f20-b4fa6b44,155.932,156.248,2104,1932,27,27,0.41,0.67,0,0,3000,2498,623,0,3217,2160
53ba5a31-2d6bda0a-abb7ad77-065a0f20-b4fa6b44,156.332,156.487,1480,1440,27,27,0.42,0.64,0,0,3000,2498,623,0,3217,2160
53ba5a31-2d6bda0a-abb7ad77-065a0f20-b4fa6b44,156.499,156.888,1474,1407,27,27,0.42,0.68,0,0,3000,2498,623,0,3217,2160
53ba5a31-2d6bda0a-abb7ad77-065a0f20-b4fa6b44,156.902,157.013,1483,1384,27,27,0.42,0.76,0,0,3000,2498,623,0,3217,2160
53ba5a31-2d6bda0a-abb7ad77-065a0f20-b4fa6b44,157.027,157.195,1264,1416,27,27,0.42,0.76,0,0,3000,2498,623,0,3217,2160
53ba5a31-2d6bda0a-abb7ad77-065a0f20-b4fa6b44,157.211,157.419,1307,1419,27,27,0.42,0.8,0,0,3000,2498,623,0,3217,2160
53ba5a31-2d6bda0a-abb7ad77-065a0f20-b4fa6b44,157.432,157.668,1338,1411,27,27,0.42,0.83,0,0,3000,2498,623,0,3217,2160
53ba5a31-2d6bda0a-abb7ad77-065a0f20-b4fa6b44,157.738,157.864,2279,1320,27,27,0.42,0.83,0,0,3000,2498,623,0,3217,2160
53ba5a31-2d6bda0a-abb7ad77-065a0f20-b4fa6b44,157.877,158.002,2296,1286,27,27,0.42,0.84,0,0,3000,2498,623,0,3217,2160
53ba5a31-2d6bda0a-abb7ad77-065a0f20-b4fa6b44,158.031,158.241,2757,1148,27,27,0.44,0.84,0,0,3000,2498,623,0,3217,2160
53ba5a31-2d6bda0a-abb7ad77-065a0f20-b4fa6b44,158.266,158.392,2366,1708,27,27,0.44,0.73,0,0,3000,2498,623,0,3217,2160
53ba5a31-2d6bda0a-abb7ad77-065a0f20-b4fa6b44,158.406,158.573,2332,1737,27,27,0.44,0.73,0,0,3000,2498,623,0,3217,2160
53ba5a31-2d6bda0a-abb7ad77-065a0f20-b4fa6b44,158.587,158.865,2310,1737,27,27,0.44,0.73,0,0,3000,2498,623,0,3217,2160
53ba5a31-2d6bda0a-abb7ad77-065a0f20-b4fa6b44,158.921,159.06,1461,1514,27,27,0.44,0.7,0,0,3000,2498,623,0,3217,2160
53ba5a31-2d6bda0a-abb7ad77-065a0f20-b4fa6b44,159.227,159.368,877,1698,27,27,0.44,0.69,0,0,3000,2498,623,0,3217,2160
53ba5a31-2d6bda0a-abb7ad77-065a0f20-b4fa6b44,159.478,159.631,1098,1704,27,27,0.41,0.76,0,0,3000,2498,623,0,3217,2160
53ba5a31-2d6bda0a-abb7ad77-065a0f20-b4fa6b44,159.673,160.09,1627,2121,27,27,0.41,0.79,0,0,3000,2498,623,0,3217,2160
53ba5a31-2d6bda0a-abb7ad77-065a0f20-b4fa6b44,160.133,160.243,2269,2037,27,27,0.41,0.91,0,0,3000,2498,623,0,3217,2160
53ba5a31-2d6bda0a-abb7ad77-065a0f20-b4fa6b44,160.258,160.426,2263,1994,27,27,0.41,0.91,0,0,3000,2498,623,0,3217,2160
53ba5a31-2d6bda0a-abb7ad77-065a0f20-b4fa6b44,160.452,160.841,2029,1900,27,27,0.44,0.81,0,0,3000,2498,623,0,3217,2160
53ba5a31-2d6bda0a-abb7ad77-065a0f20-b4fa6b44,160.855,161.064,2037,2040,27,27,0.46,0.68,0,0,3000,2498,623,0,3217,2160
53ba5a31-2d6bda0a-abb7ad77-065a0f20-b4fa6b44,161.078,161.372,2028,2072,27,27,0.46,0.68,0,0,3000,2498,623,0,3217,2160
53ba5a31-2d6bda0a-abb7ad77-065a0f20-b4fa6b44,161.413,161.678,1777,2024,27,27,0.41,0.74,0,0,3000,2498,623,0,3217,2160
53ba5a31-2d6bda0a-abb7ad77-065a0f20-b4fa6b44,161.692,161.802,1403,2069,27,27,0.4,0.78,0,0,3000,2498,623,0,3217,2160
53ba5a31-2d6bda0a-abb7ad77-065a0f20-b4fa6b44,161.816,162.095,1377,2059,27,27,0.4,0.79,0,0,3000,2498,623,0,3217,2160
53ba5a31-2d6bda0a-abb7ad77-065a0f20-b4fa6b44,162.219,162.554,1584,1858,27,27,0.39,0.86,0,0,3000,2498,623,0,3217,2160
53ba5a31-2d6bda0a-abb7ad77-065a0f20-b4fa6b44,163.042,163.209,837,1958,27,27,0.4,0.78,0,0,3000,2498,623,0,3217,2160
53ba5a31-2d6bda0a-abb7ad77-065a0f20-b4fa6b44,163.222,163.323,811,1964,27,27,0.4,0.73,0,0,3000,2498,623,0,3217,2160
53ba5a31-2d6bda0a-abb7ad77-065a0f20-b4fa6b44,163.348,163.695,547,1925,27,27,0.4,0.7,0,0,3000,2498,623,0,3217,2160
53ba5a31-2d6bda0a-abb7ad77-065a0f20-b4fa6b44,163.836,163.974,1604,2216,27,27,0.4,0.59,0,0,3000,2498,623,0,3217,2160
53ba5a31-2d6bda0a-abb7ad77-065a0f20-b4fa6b44,163.987,164.155,1622,2204,27,27,0.4,0.57,0,0,3000,2498,623,0,3217,2160
53ba5a31-2d6bda0a-abb7ad77-065a0f20-b4fa6b44,164.198,164.324,1684,2162,27,27,0.37,0.65,0,0,3000,2498,623,0,3217,2160
53ba5a31-2d6bda0a-abb7ad77-065a0f20-b4fa6b44,164.356,164.661,1676,2130,27,27,0.36,0.68,0,0,3000,2498,623,0,3217,2160
53ba5a31-2d6bda0a-abb7ad77-065a0f20-b4fa6b44,164.686,164.839,1687,2373,27,27,0.36,0.76,0,0,3000,2498,623,0,3217,2160
53ba5a31-2d6bda0a-abb7ad77-065a0f20-b4fa6b44,164.99,165.129,2745,1900,27,27,0.36,0.85,0,0,3000,2498,623,0,3217,2160
53ba5a31-2d6bda0a-abb7ad77-065a0f20-b4fa6b44,165.198,165.338,2739,1918,27,27,0.36,0.88,0,0,3000,2498,623,0,3217,2160
53ba5a31-2d6bda0a-abb7ad77-065a0f20-b4fa6b44,165.63,165.783,2356,1917,27,27,0.4,0.87,0,0,3000,2498,623,0,3217,2160
53ba5a31-2d6bda0a-abb7ad77-065a0f20-b4fa6b44,165.797,166.007,2344,1910,27,27,0.43,0.86,0,0,3000,2498,623,0,3217,2160
53ba5a31-2d6bda0a-abb7ad77-065a0f20-b4fa6b44,166.033,166.257,2312,1943,27,27,0.45,0.87,0,0,3000,2498,623,0,3217,2160
53ba5a31-2d6bda0a-abb7ad77-065a0f20-b4fa6b44,166.34,166.702,2190,1810,27,27,0.46,0.99,0,0,3000,2498,623,0,3217,2160
53ba5a31-2d6bda0a-abb7ad77-065a0f20-b4fa6b44,166.757,167.051,2231,1695,27,27,0.47,0.89,0,0,3000,2498,623,0,3217,2160
53ba5a31-2d6bda0a-abb7ad77-065a0f20-b4fa6b44,167.106,167.37,2192,1982,27,27,0.47,0.84,0,0,3000,2498,623,0,3217,2160
53ba5a31-2d6bda0a-abb7ad77-065a0f20-b4fa6b44,167.428,167.788,2038,1992,27,27,0.47,0.82,0,0,3000,2498,623,0,3217,2160
53ba5a31-2d6bda0a-abb7ad77-065a0f20-b4fa6b44,167.888,168.094,2426,1421,27,27,0.47,0.79,0,0,3000,2498,623,0,3217,2160
53ba5a31-2d6bda0a-abb7ad77-065a0f20-b4fa6b44,168.11,168.331,2451,1411,27,27,0.47,0.82,0,0,3000,2498,623,0,3217,2160
53ba5a31-2d6bda0a-abb7ad77-065a0f20-b4fa6b44,168.358,168.541,2377,1469,27,27,0.47,0.85,0,0,3000,2498,623,0,3217,2160
53ba5a31-2d6bda0a-abb7ad77-065a0f20-b4fa6b44,168.556,168.665,2368,1440,27,27,0.48,0.81,0,0,3000,2498,623,0,3217,2160
53ba5a31-2d6bda0a-abb7ad77-065a0f20-b4fa6b44,168.707,168.818,2020,2050,27,27,0.48,0.78,0,0,3000,2498,623,0,3217,2160
53ba5a31-2d6bda0a-abb7ad77-065a0f20-b4fa6b44,169.012,169.224,1462,2062,27,27,0.48,0.77,0,0,3000,2498,623,0,3217,2160
53ba5a31-2d6bda0a-abb7ad77-065a0f20-b4fa6b44,169.319,169.513,1056,2070,27,27,0.48,0.73,0,0,3000,2498,623,0,3217,2160
53ba5a31-2d6bda0a-abb7ad77-065a0f20-b4fa6b44,169.583,169.723,1108,2073,27,27,0.48,0.73,0,0,3000,2498,623,0,3217,2160
53ba5a31-2d6bda0a-abb7ad77-065a0f20-b4fa6b44,169.751,169.862,1143,2071,27,27,0.48,0.74,0,0,3000,2498,623,0,3217,2160
53ba5a31-2d6bda0a-abb7ad77-065a0f20-b4fa6b44,169.946,170.098,1250,1103,27,27,0.47,0.78,0,0,3000,2498,623,0,3217,2160
53ba5a31-2d6bda0a-abb7ad77-065a0f20-b4fa6b44,170.112,170.24,1201,1065,27,27,0.47,0.82,0,0,3000,2498,623,0,3217,2160
53ba5a31-2d6bda0a-abb7ad77-065a0f20-b4fa6b44,170.365,170.476,1001,912,27,27,0.49,0.76,0,0,3000,2498,623,0,3217,2160
53ba5a31-2d6bda0a-abb7ad77-065a0f20-b4fa6b44,170.67,171.089,400,832,27,27,0.51,0.67,0,0,3000,2498,623,0,3217,2160
53ba5a31-2d6bda0a-abb7ad77-065a0f20-b4fa6b44,171.103,171.31,412,824,27,27,0.49,0.57,0,0,3000,2498,623,0,3217,2160
53ba5a31-2d6bda0a-abb7ad77-065a0f20-b4fa6b44,171.435,171.574,783,1057,27,27,0.46,0.69,0,0,3000,2498,623,0,3217,2160
53ba5a31-2d6bda0a-abb7ad77-065a0f20-b4fa6b44,171.588,171.782,801,1032,27,27,0.46,0.69,0,0,3000,2498,623,0,3217,2160
53ba5a31-2d6bda0a-abb7ad77-065a0f20-b4fa6b44,171.908,172.02,1296,966,27,27,0.5,0.61,0,0,3000,2498,623,0,3217,2160
53ba5a31-2d6bda0a-abb7ad77-065a0f20-b4fa6b44,172.033,172.173,1248,977,27,27,0.5,0.6,0,0,3000,2498,623,0,3217,2160
53ba5a31-2d6bda0a-abb7ad77-065a0f20-b4fa6b44,172.186,172.413,1215,998,27,27,0.5,0.6,0,0,3000,2498,623,0,3217,2160
53ba5a31-2d6bda0a-abb7ad77-065a0f20-b4fa6b44,172.492,172.632,2558,908,27,27,0.45,0.78,0,0,3000,2498,623,0,3217,2160
53ba5a31-2d6bda0a-abb7ad77-065a0f20-b4fa6b44,172.855,172.966,2325,2050,27,27,0.45,0.87,0,0,3000,2498,623,0,3217,2160
53ba5a31-2d6bda0a-abb7ad77-065a0f20-b4fa6b44,172.98,173.44,2289,2057,27,27,0.45,0.9,0,0,3000,2498,623,0,3217,2160
53ba5a31-2d6bda0a-abb7ad77-065a0f20-b4fa6b44,173.453,173.707,2299,2042,27,27,0.45,0.87,0,0,3000,2498,623,0,3217,2160
53ba5a31-2d6bda0a-abb7ad77-065a0f20-b4fa6b44,173.745,174.066,2360,1529,27,27,0.45,0.85,0,0,3000,2498,623,0,3217,2160
53ba5a31-2d6bda0a-abb7ad77-065a0f20-b4fa6b44,174.121,174.372,2660,1999,27,27,0.48,0.72,0,0,3000,2498,623,0,3217,2160
53ba5a31-2d6bda0a-abb7ad77-065a0f20-b4fa6b44,174.385,174.693,2654,2001,27,27,0.48,0.67,0,0,3000,2498,623,0,3217,2160
53ba5a31-2d6bda0a-abb7ad77-065a0f20-b4fa6b44,174.901,175.195,2337,1398,27,27,0.46,0.68,0,0,3000,2498,623,0,3217,2160
53ba5a31-2d6bda0a-abb7ad77-065a0f20-b4fa6b44,175.263,175.443,1966,2067,27,27,0.46,0.69,0,0,3000,2498,623,0,3217,2160
53ba5a31-2d6bda0a-abb7ad77-065a0f20-b4fa6b44,175.513,175.793,2734,2069,27,27,0.46,0.72,0,0,3000,2498,623,0,3217,2160
53ba5a31-2d6bda0a-abb7ad77-065a0f20-b4fa6b44,175.806,175.959,2721,2119,27,27,0.46,0.81,0,0,3000,2498,623,0,3217,2160
53ba5a31-2d6bda0a-abb7ad77-065a0f20-b4fa6b44,176.432,176.642,1561,2262,27,27,0.46,0.87,0,0,3000,2498,623,0,3217,2160
53ba5a31-2d6bda0a-abb7ad77-065a0f20-b4fa6b44,176.657,176.849,1606,2219,27,27,0.46,0.9,0,0,3000,2498,623,0,3217,2160
53ba5a31-2d6bda0a-abb7ad77-065a0f20-b4fa6b44,176.961,177.24,1371,2178,27,27,0.45,0.92,0,0,3000,2498,623,0,3217,2160
53ba5a31-2d6bda0a-abb7ad77-065a0f20-b4fa6b44,177.337,177.726,1257,2344,27,27,0.46,0.8,0,0,3000,2498,623,0,3217,2160
53ba5a31-2d6bda0a-abb7ad77-065a0f20-b4fa6b44,177.839,178.005,419,1830,27,27,0.46,0.68,0,0,3000,2498,623,0,3217,2160
53ba5a31-2d6bda0a-abb7ad77-065a0f20-b4fa6b44,178.103,178.312,644,1597,27,27,0.46,0.68,0,0,3000,2498,623,0,3217,2160
53ba5a31-2d6bda0a-abb7ad77-065a0f20-b4fa6b44,178.438,178.548,624,1408,27,27,0.46,0.68,0,0,3000,2498,623,0,3217,2160
53ba5a31-2d6bda0a-abb7ad77-065a0f20-b4fa6b44,178.728,178.841,2675,1172,27,27,0.46,0.68,0,0,3000,2498,623,0,3217,2160
53ba5a31-2d6bda0a-abb7ad77-065a0f20-b4fa6b44,179.104,179.244,2262,806,27,27,0.46,0.68,0,0,3000,2498,623,0,3217,2160
53ba5a31-2d6bda0a-abb7ad77-065a0f20-b4fa6b44,179.258,179.383,2268,839,27,27,0.46,0.68,0,0,3000,2498,623,0,3217,2160
53ba5a31-2d6bda0a-abb7ad77-065a0f20-b4fa6b44,179.495,180.177,2560,654,27,27,0.46,0.68,0,0,3000,2498,623,0,3217,2160
53ba5a31-2d6bda0a-abb7ad77-065a0f20-b4fa6b44,180.19,180.331,2603,1153,27,27,0.46,0.68,0,0,3000,2498,623,0,3217,2160
53ba5a31-2d6bda0a-abb7ad77-065a0f20-b4fa6b44,180.484,180.664,1294,1419,27,27,0.46,0.68,0,0,3000,2498,623,0,3217,2160
53ba5a31-2d6bda0a-abb7ad77-065a0f20-b4fa6b44,180.789,180.943,1284,1919,27,27,0.46,0.68,0,0,3000,2498,623,0,3217,2160
53ba5a31-2d6bda0a-abb7ad77-065a0f20-b4fa6b44,181.098,181.234,1071,1300,27,27,0.4,0.78,0,0,3000,2498,623,0,3217,2160
53ba5a31-2d6bda0a-abb7ad77-065a0f20-b4fa6b44,181.248,181.444,1104,1279,27,27,0.38,0.82,0,0,3000,2498,623,0,3217,2160
53ba5a31-2d6bda0a-abb7ad77-065a0f20-b4fa6b44,181.457,181.763,1008,1388,27,27,0.38,0.92,0,0,3000,2498,623,0,3217,2160
53ba5a31-2d6bda0a-abb7ad77-065a0f20-b4fa6b44,181.806,182.223,1110,1241,27,27,0.38,0.89,0,0,3000,2498,623,0,3217,2160
53ba5a31-2d6bda0a-abb7ad77-065a0f20-b4fa6b44,182.501,182.793,2007,1362,27,27,0.37,0.77,0,0,3000,2498,623,0,3217,2160
53ba5a31-2d6bda0a-abb7ad77-065a0f20-b4fa6b44,182.807,182.934,1995,1372,27,27,0.36,0.85,0,0,3000,2498,623,0,3217,2160
53ba5a31-2d6bda0a-abb7ad77-065a0f20-b4fa6b44,183.087,183.323,1800,1550,27,27,0.39,0.84,0,0,3000,2498,623,0,3217,2160
53ba5a31-2d6bda0a-abb7ad77-065a0f20-b4fa6b44,183.34,183.545,1767,1534,27,27,0.39,0.8,0,0,3000,2498,623,0,3217,2160
53ba5a31-2d6bda0a-abb7ad77-065a0f20-b4fa6b44,183.586,183.851,1351,1351,27,27,0.39,0.75,0,0,3000,2498,623,0,3217,2160
53ba5a31-2d6bda0a-abb7ad77-065a0f20-b4fa6b44,183.865,184.033,1337,1363,27,27,0.39,0.73,0,0,3000,2498,623,0,3217,2160
53ba5a31-2d6bda0a-abb7ad77-065a0f20-b4fa6b44,184.115,184.324,1467,1276,27,27,0.38,0.73,0,0,3000,2498,623,0,3217,2160
53ba5a31-2d6bda0a-abb7ad77-065a0f20-b4fa6b44,184.338,184.533,1483,1261,27,27,0.38,0.73,0,0,3000,2498,623,0,3217,2160
53ba5a31-2d6bda0a-abb7ad77-065a0f20-b4fa6b44,184.644,184.772,1565,1408,27,27,0.37,0.77,0,0,3000,2498,623,0,3217,2160
53ba5a31-2d6bda0a-abb7ad77-065a0f20-b4fa6b44,184.841,185.006,1579,1438,27,27,0.37,0.9,0,0,3000,2498,623,0,3217,2160
53ba5a31-2d6bda0a-abb7ad77-065a0f20-b4fa6b44,185.02,185.466,1579,1452,27,27,0.37,0.9,0,0,3000,2498,623,0,3217,2160
53ba5a31-2d6bda0a-abb7ad77-065a0f20-b4fa6b44,185.578,185.702,2265,1218,27,27,0.36,0.79,0,0,3000,2498,623,0,3217,2160
53ba5a31-2d6bda0a-abb7ad77-065a0f20-b4fa6b44,185.799,185.925,2187,1233,27,27,0.36,0.74,0,0,3000,2498,623,0,3217,2160
53ba5a31-2d6bda0a-abb7ad77-065a0f20-b4fa6b44,186.023,186.317,1821,1181,27,27,0.36,0.74,0,0,3000,2498,623,0,3217,2160
53ba5a31-2d6bda0a-abb7ad77-065a0f20-b4fa6b44,186.331,186.471,1832,1153,27,27,0.35,0.8,0,0,3000,2498,623,0,3217,2160
53ba5a31-2d6bda0a-abb7ad77-065a0f20-b4fa6b44,186.485,186.602,1828,1153,27,27,0.35,0.92,0,0,3000,2498,623,0,3217,2160
53ba5a31-2d6bda0a-abb7ad77-065a0f20-b4fa6b44,186.789,186.955,1817,1347,27,27,0.35,0.82,0,0,3000,2498,623,0,3217,2160
53ba5a31-2d6bda0a-abb7ad77-065a0f20-b4fa6b44,186.97,187.139,1861,1338,27,27,0.37,0.79,0,0,3000,2498,623,0,3217,2160
53ba5a31-2d6bda0a-abb7ad77-065a0f20-b4fa6b44,187.151,187.4,1850,1357,27,27,0.37,0.76,0,0,3000,2498,623,0,3217,2160
53ba5a31-2d6bda0a-abb7ad77-065a0f20-b4fa6b44,187.414,187.61,1838,1349,27,27,0.37,0.74,0,0,3000,2498,623,0,3217,2160
53ba5a31-2d6bda0a-abb7ad77-065a0f20-b4fa6b44,187.624,187.804,1865,1341,27,27,0.37,0.74,0,0,3000,2498,623,0,3217,2160
53ba5a31-2d6bda0a-abb7ad77-065a0f20-b4fa6b44,187.833,188.168,1860,1377,27,27,0.35,0.76,0,0,3000,2498,623,0,3217,2160
53ba5a31-2d6bda0a-abb7ad77-065a0f20-b4fa6b44,188.335,188.528,1685,1599,27,27,0.35,0.83,0,0,3000,2498,623,0,3217,2160
53ba5a31-2d6bda0a-abb7ad77-065a0f20-b4fa6b44,188.542,188.82,1689,1613,27,27,0.35,0.85,0,0,3000,2498,623,0,3217,2160
53ba5a31-2d6bda0a-abb7ad77-065a0f20-b4fa6b44,188.835,189.085,1680,1592,27,27,0.35,0.92,0,0,3000,2498,623,0,3217,2160
53ba5a31-2d6bda0a-abb7ad77-065a0f20-b4fa6b44,189.113,189.391,1498,1524,27,27,0.36,0.92,0,0,3000,2498,623,0,3217,2160
53ba5a31-2d6bda0a-abb7ad77-065a0f20-b4fa6b44,189.725,189.865,1560,1460,27,27,0.36,0.86,0,0,3000,2498,623,0,3217,2160
53ba5a31-2d6bda0a-abb7ad77-065a0f20-b4fa6b44,189.879,190.005,1547,1491,27,27,0.35,0.81,0,0,3000,2498,623,0,3217,2160
53ba5a31-2d6bda0a-abb7ad77-065a0f20-b4fa6b44,190.017,190.24,1462,1175,27,27,0.35,0.81,0,0,3000,2498,623,0,3217,2160
53ba5a31-2d6bda0a-abb7ad77-065a0f20-b4fa6b44,190.255,190.477,1453,1184,27,27,0.35,0.79,0,0,3000,2498,623,0,3217,2160
53ba5a31-2d6bda0a-abb7ad77-065a0f20-b4fa6b44,190.533,190.783,1970,1411,27,27,0.34,0.79,0,0,3000,2498,623,0,3217,2160
53ba5a31-2d6bda0a-abb7ad77-065a0f20-b4fa6b44,190.825,191.048,2322,1104,27,27,0.33,0.8,0,0,3000,2498,623,0,3217,2160
53ba5a31-2d6bda0a-abb7ad77-065a0f20-b4fa6b44,191.06,191.369,2325,1114,27,27,0.34,0.87,0,0,3000,2498,623,0,3217,2160
53ba5a31-2d6bda0a-abb7ad77-065a0f20-b4fa6b44,191.424,191.549,1593,1337,27,27,0.34,0.97,0,0,3000,2498,623,0,3217,2160
53ba5a31-2d6bda0a-abb7ad77-065a0f20-b4fa6b44,191.562,191.729,1572,1353,27,27,0.34,1.0,0,0,3000,2498,623,0,3217,2160
53ba5a31-2d6bda0a-abb7ad77-065a0f20-b4fa6b44,191.785,191.913,1671,2096,27,27,0.34,1.0,0,0,3000,2498,623,0,3217,2160
53ba5a31-2d6bda0a-abb7ad77-065a0f20-b4fa6b44,191.926,192.301,1663,2114,27,27,0.34,0.9,0,0,3000,2498,623,0,3217,2160
53ba5a31-2d6bda0a-abb7ad77-065a0f20-b4fa6b44,192.314,192.431,1712,2116,27,27,0.34,0.85,0,0,3000,2498,623,0,3217,2160
53ba5a31-2d6bda0a-abb7ad77-065a0f20-b4fa6b44,192.898,193.079,1643,2108,27,27,0.32,0.88,0,0,3000,2498,623,0,3217,2160
53ba5a31-2d6bda0a-abb7ad77-065a0f20-b4fa6b44,193.094,193.261,1642,2087,27,27,0.32,0.92,0,0,3000,2498,623,0,3217,2160
53ba5a31-2d6bda0a-abb7ad77-065a0f20-b4fa6b44,193.289,193.569,1658,1688,27,27,0.32,0.94,0,0,3000,2498,623,0,3217,2160
53ba5a31-2d6bda0a-abb7ad77-065a0f20-b4fa6b44,193.778,193.887,1666,1852,27,27,0.33,0.93,0,0,3000,2498,623,0,3217,2160
53ba5a31-2d6bda0a-abb7ad77-065a0f20-b4fa6b44,193.9,194.068,1694,1873,27,27,0.33,0.93,0,0,3000,2498,623,0,3217,2160
53ba5a31-2d6bda0a-abb7ad77-065a0f20-b4fa6b44,194.152,194.332,1824,1797,27,27,0.33,0.93,0,0,3000,2498,623,0,3217,2160
53ba5a31-2d6bda0a-abb7ad77-065a0f20-b4fa6b44,195.028,195.154,1163,1350,27,27,0.31,0.92,0,0,3000,2498,623,0,3217,2160
53ba5a31-2d6bda0a-abb7ad77-065a0f20-b4fa6b44,195.195,195.543,958,1405,27,27,0.31,0.92,0,0,3000,2498,623,0,3217,2160
53ba5a31-2d6bda0a-abb7ad77-065a0f20-b4fa6b44,195.558,195.725,961,1395,27,27,0.31,0.98,0,0,3000,2498,623,0,3217,2160
53ba5a31-2d6bda0a-abb7ad77-065a0f20-b4fa6b44,195.739,195.84,931,1355,27,27,0.31,1.0,0,0,3000,2498,623,0,3217,2160
53ba5a31-2d6bda0a-abb7ad77-065a0f20-b4fa6b44,196.157,196.282,783,1333,27,27,0.32,0.93,0,0,3000,2498,623,0,3217,2160
53ba5a31-2d6bda0a-abb7ad77-065a0f20-b4fa6b44,196.295,196.448,815,1360,27,27,0.32,0.93,0,0,3000,2498,623,0,3217,2160
53ba5a31-2d6bda0a-abb7ad77-065a0f20-b4fa6b44,196.574,196.755,906,1715,27,27,0.32,0.93,0,0,3000,2498,623,0,3217,2160
53ba5a31-2d6bda0a-abb7ad77-065a0f20-b4fa6b44,196.769,196.935,928,1730,27,27,0.32,0.96,0,0,3000,2498,623,0,3217,2160
53ba5a31-2d6bda0a-abb7ad77-065a0f20-b4fa6b44,196.963,197.102,1212,1636,27,27,0.32,0.97,0,0,3000,2498,623,0,3217,2160
53ba5a31-2d6bda0a-abb7ad77-065a0f20-b4fa6b44,197.116,197.228,1249,1598,27,27,0.32,0.98,0,0,3000,2498,623,0,3217,2160
53ba5a31-2d6bda0a-abb7ad77-065a0f20-b4fa6b44,197.52,197.715,1199,1965,27,27,0.32,0.98,0,0,3000,2498,623,0,3217,2160
53ba5a31-2d6bda0a-abb7ad77-065a0f20-b4fa6b44,197.854,197.965,1136,1965,27,27,0.32,0.98,0,0,3000,2498,623,0,3217,2160
53ba5a31-2d6bda0a-abb7ad77-065a0f20-b4fa6b44,197.993,198.272,1226,1927,27,27,0.32,0.98,0,0,3000,2498,623,0,3217,2160
53ba5a31-2d6bda0a-abb7ad77-065a0f20-b4fa6b44,198.285,198.495,1215,1935,27,27,0.32,0.98,0,0,3000,2498,623,0,3217,2160
53ba5a31-2d6bda0a-abb7ad77-065a0f20-b4fa6b44,198.51,198.926,1051,1657,27,27,0.32,1.0,0,0,3000,2498,623,0,3217,2160
53ba5a31-2d6bda0a-abb7ad77-065a0f20-b4fa6b44,198.954,199.231,952,1294,27,27,0.32,1.0,0,0,3000,2498,623,0,3217,2160
53ba5a31-2d6bda0a-abb7ad77-065a0f20-b4fa6b44,199.245,199.359,950,1261,27,27,0.32,1.0,0,0,3000,2498,623,0,3217,2160
53ba5a31-2d6bda0a-abb7ad77-065a0f20-b4fa6b44,199.412,199.553,982,1381,27,27,0.31,0.88,0,0,3000,2498,623,0,3217,2160
53ba5a31-2d6bda0a-abb7ad77-065a0f20-b4fa6b44,199.679,199.79,1018,1388,27,27,0.31,0.83,0,0,3000,2498,623,0,3217,2160
53ba5a31-2d6bda0a-abb7ad77-065a0f20-b4fa6b44,199.844,199.957,2173,1600,27,27,0.31,0.84,0,0,3000,2498,623,0,3217,2160
53ba5a31-2d6bda0a-abb7ad77-065a0f20-b4fa6b44,199.97,200.125,2179,1647,27,27,0.31,0.87,0,0,3000,2498,623,0,3217,2160
53ba5a31-2d6bda0a-abb7ad77-065a0f20-b4fa6b44,200.138,200.249,2137,1598,27,27,0.31,0.97,0,0,3000,2498,623,0,3217,2160
53ba5a31-2d6bda0a-abb7ad77-065a0f20-b4fa6b44,200.376,200.513,2329,1841,27,27,0.32,1.0,0,0,3000,2498,623,0,3217,2160
53ba5a31-2d6bda0a-abb7ad77-065a0f20-b4fa6b44,200.526,200.637,2283,1848,27,27,0.32,1.0,0,0,3000,2498,623,0,3217,2160
53ba5a31-2d6bda0a-abb7ad77-065a0f20-b4fa6b44,200.653,200.832,2225,1852,27,27,0.32,1.0,0,0,3000,2498,623,0,3217,2160
53ba5a31-2d6bda0a-abb7ad77-065a0f20-b4fa6b44,200.888,201.168,1972,1800,27,27,0.32,1.0,0,0,3000,2498,623,0,3217,2160
53ba5a31-2d6bda0a-abb7ad77-065a0f20-b4fa6b44,201.278,201.417,2087,1784,27,27,0.32,0.98,0,0,3000,2498,623,0,3217,2160
53ba5a31-2d6bda0a-abb7ad77-065a0f20-b4fa6b44,201.431,201.96,2047,1773,27,27,0.32,0.95,0,0,3000,2498,623,0,3217,2160
53ba5a31-2d6bda0a-abb7ad77-065a0f20-b4fa6b44,201.974,202.099,2208,1726,27,27,0.32,0.85,0,0,3000,2498,623,0,3217,2160
53ba5a31-2d6bda0a-abb7ad77-065a0f20-b4fa6b44,202.169,202.281,796,1467,27,27,0.33,0.85,0,0,3000,2498,623,0,3217,2160
53ba5a31-2d6bda0a-abb7ad77-065a0f20-b4fa6b44,202.296,202.406,804,1440,27,27,0.31,0.78,0,0,3000,2498,623,0,3217,2160
53ba5a31-2d6bda0a-abb7ad77-065a0f20-b4fa6b44,202.433,202.936,862,1426,27,27,0.3,0.75,0,0,3000,2498,623,0,3217,2160
53ba5a31-2d6bda0a-abb7ad77-065a0f20-b4fa6b44,203.062,203.213,963,1605,27,27,0.26,0.92,0,0,3000,2498,623,0,3217,2160
53ba5a31-2d6bda0a-abb7ad77-065a0f20-b4fa6b44,203.227,203.575,975,1608,27,27,0.26,0.97,0,0,3000,2498,623,0,3217,2160
53ba5a31-2d6bda0a-abb7ad77-065a0f20-b4fa6b44,203.644,203.813,954,1629,27,27,0.26,1.0,0,0,3000,2498,623,0,3217,2160
53ba5a31-2d6bda0a-abb7ad77-065a0f20-b4fa6b44,204.134,204.341,2243,1645,27,27,0.22,1.0,0,0,3000,2498,623,0,3217,2160
53ba5a31-2d6bda0a-abb7ad77-065a0f20-b4fa6b44,204.396,204.51,2228,1586,27,27,0.21,1.0,0,0,3000,2498,623,0,3217,2160
53ba5a31-2d6bda0a-abb7ad77-065a0f20-b4fa6b44,204.619,204.801,2327,1663,27,27,0.24,0.95,0,0,3000,2498,623,0,3217,2160
53ba5a31-2d6bda0a-abb7ad77-065a0f20-b4fa6b44,204.814,205.023,2345,1681,27,27,0.24,0.93,0,0,3000,2498,623,0,3217,2160
53ba5a31-2d6bda0a-abb7ad77-065a0f20-b4fa6b44,205.039,205.246,2321,1702,27,27,0.27,0.89,0,0,3000,2498,623,0,3217,2160
53ba5a31-2d6bda0a-abb7ad77-065a0f20-b4fa6b44,205.343,205.553,2216,1650,27,27,0.27,0.81,0,0,3000,2498,623,0,3217,2160
53ba5a31-2d6bda0a-abb7ad77-065a0f20-b4fa6b44,205.929,206.11,867,1362,27,27,0.23,0.93,0,0,3000,2498,623,0,3217,2160
53ba5a31-2d6bda0a-abb7ad77-065a0f20-b4fa6b44,206.125,206.275,851,1379,27,27,0.21,1.0,0,0,3000,2498,623,0,3217,2160
53ba5a31-2d6bda0a-abb7ad77-065a0f20-b4fa6b44,206.289,206.43,895,1354,27,27,0.21,1.0,0,0,3000,2498,623,0,3217,2160
53ba5a31-2d6bda0a-abb7ad77-065a0f20-b4fa6b44,206.443,206.609,1184,1603,27,27,0.21,1.0,0,0,3000,2498,623,0,3217,2160
53ba5a31-2d6bda0a-abb7ad77-065a0f20-b4fa6b44,206.707,206.985,1555,1702,27,27,0.21,1.0,0,0,3000,2498,623,0,3217,2160
53ba5a31-2d6bda0a-abb7ad77-065a0f20-b4fa6b44,207.041,207.181,1696,1738,27,27,0.21,1.0,0,0,3000,2498,623,0,3217,2160
53ba5a31-2d6bda0a-abb7ad77-065a0f20-b4fa6b44,207.196,207.347,1664,1696,27,27,0.21,0.98,0,0,3000,2498,623,0,3217,2160
53ba5a31-2d6bda0a-abb7ad77-065a0f20-b4fa6b44,207.361,207.528,1671,1736,27,27,0.21,0.97,0,0,3000,2498,623,0,3217,2160
53ba5a31-2d6bda0a-abb7ad77-065a0f20-b4fa6b44,208.002,208.126,1084,1264,27,27,0.21,0.97,0,0,3000,2498,623,0,3217,2160
53ba5a31-2d6bda0a-abb7ad77-065a0f20-b4fa6b44,208.363,208.475,1151,1031,27,27,0.21,0.97,0,0,3000,2498,623,0,3217,2160
53ba5a31-2d6bda0a-abb7ad77-065a0f20-b4fa6b44,208.489,208.599,1164,1094,27,27,0.21,0.97,0,0,3000,2498,623,0,3217,2160
53ba5a31-2d6bda0a-abb7ad77-065a0f20-b4fa6b44,208.739,208.894,1781,1443,27,27,0.21,0.97,0,0,3000,2498,623,0,3217,2160
53ba5a31-2d6bda0a-abb7ad77-065a0f20-b4fa6b44,209.198,209.365,1629,2037,27,27,0.21,0.97,0,0,3000,2498,623,0,3217,2160
53ba5a31-2d6bda0a-abb7ad77-065a0f20-b4fa6b44,209.379,209.518,1614,1988,27,27,0.21,0.97,0,0,3000,2498,623,0,3217,2160
53ba5a31-2d6bda0a-abb7ad77-065a0f20-b4fa6b44,209.685,209.881,733,1753,27,27,0.21,0.97,0,0,3000,2498,623,0,3217,2160
53ba5a31-2d6bda0a-abb7ad77-065a0f20-b4fa6b44,209.966,210.09,638,1760,27,27,0.21,0.97,0,0,3000,2498,623,0,3217,2160
53ba5a31-2d6bda0a-abb7ad77-065a0f20-b4fa6b44,210.299,210.466,1273,1924,27,27,0.21,0.97,0,0,3000,2498,623,0,3217,2160
53ba5a31-2d6bda0a-abb7ad77-065a0f20-b4fa6b44,210.48,210.702,1300,1877,27,27,0.21,0.97,0,0,3000,2498,623,0,3217,2160
53ba5a31-2d6bda0a-abb7ad77-065a0f20-b4fa6b44,210.799,210.926,1101,1513,27,27,0.21,0.97,0,0,3000,2498,623,0,3217,2160
53ba5a31-2d6bda0a-abb7ad77-065a0f20-b4fa6b44,210.94,211.175,1124,1510,27,27,0.21,0.97,0,0,3000,2498,623,0,3217,2160
53ba5a31-2d6bda0a-abb7ad77-065a0f20-b4fa6b44,211.245,211.427,1555,1756,27,27,0.21,0.97,0,0,3000,2498,623,0,3217,2160
53ba5a31-2d6bda0a-abb7ad77-065a0f20-b4fa6b44,211.564,211.857,1489,1867,27,27,0.21,0.97,0,0,3000,2498,623,0,3217,2160
53ba5a31-2d6bda0a-abb7ad77-065a0f20-b4fa6b44,211.94,212.344,1131,1397,27,27,0.21,0.97,0,0,3000,2498,623,0,3217,2160
53ba5a31-2d6bda0a-abb7ad77-065a0f20-b4fa6b44,212.623,212.776,1150,1565,27,27,0.21,0.97,0,0,3000,2498,623,0,3217,2160
53ba5a31-2d6bda0a-abb7ad77-065a0f20-b4fa6b44,212.846,213.069,1429,1297,27,27,0.21,0.97,0,0,3000,2498,623,0,3217,2160
53ba5a31-2d6bda0a-abb7ad77-065a0f20-b4fa6b44,213.293,213.401,1815,1250,27,27,0.21,0.97,0,0,3000,2498,623,0,3217,2160
53ba5a31-2d6bda0a-abb7ad77-065a0f20-b4fa6b44,213.652,213.778,996,1270,27,27,0.21,0.97,0,0,3000,2498,623,0,3217,2160
53ba5a31-2d6bda0a-abb7ad77-065a0f20-b4fa6b44,214.0,214.113,976,1118,27,27,0.21,0.97,0,0,3000,2498,623,0,3217,2160
53ba5a31-2d6bda0a-abb7ad77-065a0f20-b4fa6b44,214.126,214.28,948,1105,27,27,0.21,0.97,0,0,3000,2498,623,0,3217,2160
53ba5a31-2d6bda0a-abb7ad77-065a0f20-b4fa6b44,214.321,214.432,1000,1122,27,27,0.21,0.97,0,0,3000,2498,623,0,3217,2160
53ba5a31-2d6bda0a-abb7ad77-065a0f20-b4fa6b44,214.488,214.67,1140,1026,27,27,0.21,0.97,0,0,3000,2498,623,0,3217,2160
53ba5a31-2d6bda0a-abb7ad77-065a0f20-b4fa6b44,214.794,214.906,2071,733,27,27,0.21,0.97,0,0,3000,2498,623,0,3217,2160
53ba5a31-2d6bda0a-abb7ad77-065a0f20-b4fa6b44,215.28,215.769,1745,1629,27,27,0.21,0.97,0,0,3000,2498,623,0,3217,2160
53ba5a31-2d6bda0a-abb7ad77-065a0f20-b4fa6b44,215.797,215.907,1616,2162,27,27,0.21,0.97,0,0,3000,2498,623,0,3217,2160
53ba5a31-2d6bda0a-abb7ad77-065a0f20-b4fa6b44,215.921,216.06,1605,2183,27,27,0.21,0.97,0,0,3000,2498,623,0,3217,2160
53ba5a31-2d6bda0a-abb7ad77-065a0f20-b4fa6b44,216.143,216.325,1640,2169,27,27,0.21,0.97,0,0,3000,2498,623,0,3217,2160
53ba5a31-2d6bda0a-abb7ad77-065a0f20-b4fa6b44,216.408,216.575,1640,2183,27,27,0.21,0.97,0,0,3000,2498,623,0,3217,2160
53ba5a31-2d6bda0a-abb7ad77-065a0f20-b4fa6b44,216.868,217.104,538,2061,27,27,0.21,0.97,0,0,3000,2498,623,0,3217,2160
53ba5a31-2d6bda0a-abb7ad77-065a0f20-b4fa6b44,217.299,217.452,809,1943,27,27,0.21,0.97,0,0,3000,2498,623,0,3217,2160
53ba5a31-2d6bda0a-abb7ad77-065a0f20-b4fa6b44,217.689,217.801,2738,1607,27,27,0.21,0.97,0,0,3000,2498,623,0,3217,2160
53ba5a31-2d6bda0a-abb7ad77-065a0f20-b4fa6b44,217.912,218.037,2609,1617,27,27,0.21,0.97,0,0,3000,2498,623,0,3217,2160
53ba5a31-2d6bda0a-abb7ad77-065a0f20-b4fa6b44,218.121,218.343,2623,1957,27,27,0.21,0.97,0,0,3000,2498,623,0,3217,2160
53ba5a31-2d6bda0a-abb7ad77-065a0f20-b4fa6b44,218.399,218.51,2310,727,27,27,0.21,0.97,0,0,3000,2498,623,0,3217,2160
53ba5a31-2d6bda0a-abb7ad77-065a0f20-b4fa6b44,218.525,218.719,2304,710,27,27,0.21,0.97,0,0,3000,2498,623,0,3217,2160
53ba5a31-2d6bda0a-abb7ad77-065a0f20-b4fa6b44,218.733,218.889,2276,673,27,27,0.21,0.97,0,0,3000,2498,623,0,3217,2160
53ba5a31-2d6bda0a-abb7ad77-065a0f20-b4fa6b44,218.999,219.123,2035,531,27,27,0.21,0.97,0,0,3000,2498,623,0,3217,2160
53ba5a31-2d6bda0a-abb7ad77-065a0f20-b4fa6b44,219.137,219.276,2042,500,27,27,0.21,0.97,0,0,3000,2498,623,0,3217,2160
53ba5a31-2d6bda0a-abb7ad77-065a0f20-b4fa6b44,219.596,219.749,1020,973,27,27,0.21,0.97,0,0,3000,2498,623,0,3217,2160
53ba5a31-2d6bda0a-abb7ad77-065a0f20-b4fa6b44,219.903,220.237,2610,469,27,27,0.21,0.97,0,0,3000,2498,623,0,3217,2160
53ba5a31-2d6bda0a-abb7ad77-065a0f20-b4fa6b44,220.403,220.516,2179,979,27,27,0.21,0.97,0,0,3000,2498,623,0,3217,2160
53ba5a31-2d6bda0a-abb7ad77-065a0f20-b4fa6b44,220.529,220.642,2171,1041,27,27,0.21,0.97,0,0,3000,2498,623,0,3217,2160
53ba5a31-2d6bda0a-abb7ad77-065a0f20-b4fa6b44,220.81,220.975,2053,1593,27,27,0.21,0.97,0,0,3000,2498,623,0,3217,2160
f79f46d3-74a520f1-3039fa3d-eef50e3d-a5ad3e59,0.0,0.416,1468,1907,23,23,1.0,0.5,0,0,2498,3000,1021,0,2819,2160
f79f46d3-74a520f1-3039fa3d-eef50e3d-a5ad3e59,0.444,0.654,956,1502,23,23,1.0,0.5,0,0,2498,3000,1021,0,2819,2160
f79f46d3-74a520f1-3039fa3d-eef50e3d-a5ad3e59,0.709,0.82,1217,2269,23,23,1.0,0.5,0,0,2498,3000,1021,0,2819,2160
f79f46d3-74a520f1-3039fa3d-eef50e3d-a5ad3e59,0.835,0.946,1223,2310,23,23,1.0,0.5,0,0,2498,3000,1021,0,2819,2160
f79f46d3-74a520f1-3039fa3d-eef50e3d-a5ad3e59,0.973,1.112,1232,2311,23,23,1.0,0.5,0,0,2498,3000,1021,0,2819,2160
f79f46d3-74a520f1-3039fa3d-eef50e3d-a5ad3e59,1.183,1.32,1126,2521,23,23,1.0,0.5,0,0,2498,3000,1021,0,2819,2160
f79f46d3-74a520f1-3039fa3d-eef50e3d-a5ad3e59,1.445,1.572,988,2415,23,23,1.0,0.5,0,0,2498,3000,1021,0,2819,2160
f79f46d3-74a520f1-3039fa3d-eef50e3d-a5ad3e59,1.601,1.711,984,2527,23,23,1.0,0.5,0,0,2498,3000,1021,0,2819,2160
f79f46d3-74a520f1-3039fa3d-eef50e3d-a5ad3e59,2.643,2.838,1986,2389,23,23,1.0,0.5,0,0,2498,3000,1021,0,2819,2160
f79f46d3-74a520f1-3039fa3d-eef50e3d-a5ad3e59,3.005,3.326,1714,2313,23,23,1.0,0.5,0,0,2498,3000,1021,0,2819,2160
f79f46d3-74a520f1-3039fa3d-eef50e3d-a5ad3e59,3.339,3.562,1728,2299,23,23,1.0,0.5,0,0,2498,3000,1021,0,2819,2160
f79f46d3-74a520f1-3039fa3d-eef50e3d-a5ad3e59,3.715,3.841,2008,1082,23,23,1.0,0.5,0,0,2498,3000,1021,0,2819,2160
f79f46d3-74a520f1-3039fa3d-eef50e3d-a5ad3e59,3.854,3.967,2035,1061,23,23,1.0,0.5,0,0,2498,3000,1021,0,2819,2160
f79f46d3-74a520f1-3039fa3d-eef50e3d-a5ad3e59,4.036,4.217,1927,784,23,23,1.0,0.5,0,0,2498,3000,1021,0,2819,2160
f79f46d3-74a520f1-3039fa3d-eef50e3d-a5ad3e59,4.231,4.384,1895,791,23,23,1.0,0.5,0,0,2498,3000,1021,0,2819,2160
f79f46d3-74a520f1-3039fa3d-eef50e3d-a5ad3e59,4.495,4.704,1280,932,23,23,1.0,0.5,0,0,2498,3000,1021,0,2819,2160
f79f46d3-74a520f1-3039fa3d-eef50e3d-a5ad3e59,4.857,5.01,1839,1041,23,23,1.0,0.5,0,0,2498,3000,1021,0,2819,2160
f79f46d3-74a520f1-3039fa3d-eef50e3d-a5ad3e59,5.023,5.22,1829,1089,23,23,1.0,0.5,0,0,2498,3000,1021,0,2819,2160
f79f46d3-74a520f1-3039fa3d-eef50e3d-a5ad3e59,5.233,5.748,1681,1123,23,23,1.0,0.5,0,0,2498,3000,1021,0,2819,2160
f79f46d3-74a520f1-3039fa3d-eef50e3d-a5ad3e59,5.789,5.985,970,1221,23,23,1.0,0.5,0,0,2498,3000,1021,0,2819,2160
f79f46d3-74a520f1-3039fa3d-eef50e3d-a5ad3e59,5.998,6.346,972,1227,23,23,1.0,0.5,0,0,2498,3000,1021,0,2819,2160
f79f46d3-74a520f1-3039fa3d-eef50e3d-a5ad3e59,6.36,6.68,821,1080,23,23,1.0,0.5,0,0,2498,3000,1021,0,2819,2160
f79f46d3-74a520f1-3039fa3d-eef50e3d-a5ad3e59,6.792,6.973,1704,866,23,23,1.0,0.5,0,0,2498,3000,1021,0,2819,2160
f79f46d3-74a520f1-3039fa3d-eef50e3d-a5ad3e59,6.987,7.098,1709,875,23,23,1.0,0.5,0,0,2498,3000,1021,0,2819,2160
f79f46d3-74a520f1-3039fa3d-eef50e3d-a5ad3e59,7.112,7.279,1716,823,23,23,1.0,0.5,0,0,2498,3000,1021,0,2819,2160
f79f46d3-74a520f1-3039fa3d-eef50e3d-a5ad3e59,7.404,7.543,1874,1042,23,23,1.0,0.5,0,0,2498,3000,1021,0,2819,2160
f79f46d3-74a520f1-3039fa3d-eef50e3d-a5ad3e59,7.557,8.072,1853,1087,23,23,1.0,0.5,0,0,2498,3000,1021,0,2819,2160
f79f46d3-74a520f1-3039fa3d-eef50e3d-a5ad3e59,8.1,8.337,2046,688,23,23,1.0,0.5,0,0,2498,3000,1021,0,2819,2160
f79f46d3-74a520f1-3039fa3d-eef50e3d-a5ad3e59,8.365,8.685,2188,380,23,23,1.0,0.5,0,0,2498,3000,1021,0,2819,2160
f79f46d3-74a520f1-3039fa3d-eef50e3d-a5ad3e59,8.825,8.936,384,658,23,23,1.0,0.5,0,0,2498,3000,1021,0,2819,2160
f79f46d3-74a520f1-3039fa3d-eef50e3d-a5ad3e59,9.145,9.284,642,1012,23,23,1.0,0.5,0,0,2498,3000,1021,0,2819,2160
f79f46d3-74a520f1-3039fa3d-eef50e3d-a5ad3e59,9.367,9.535,902,2069,23,23,1.0,0.5,0,0,2498,3000,1021,0,2819,2160
f79f46d3-74a520f1-3039fa3d-eef50e3d-a5ad3e59,9.687,10.091,1079,2571,23,23,1.0,0.5,0,0,2498,3000,1021,0,2819,2160
f79f46d3-74a520f1-3039fa3d-eef50e3d-a5ad3e59,10.133,10.369,1086,2444,23,23,1.0,0.5,0,0,2498,3000,1021,0,2819,2160
f79f46d3-74a520f1-3039fa3d-eef50e3d-a5ad3e59,10.439,10.592,1349,2187,23,23,1.0,0.5,0,0,2498,3000,1021,0,2819,2160
f79f46d3-74a520f1-3039fa3d-eef50e3d-a5ad3e59,10.62,10.926,1082,1899,23,23,1.0,0.5,0,0,2498,3000,1021,0,2819,2160
f79f46d3-74a520f1-3039fa3d-eef50e3d-a5ad3e59,10.939,11.19,1066,1806,23,23,1.0,0.5,0,0,2498,3000,1021,0,2819,2160
f79f46d3-74a520f1-3039fa3d-eef50e3d-a5ad3e59,11.218,11.469,1035,1618,23,23,1.0,0.5,0,0,2498,3000,1021,0,2819,2160
f79f46d3-74a520f1-3039fa3d-eef50e3d-a5ad3e59,11.705,11.817,1611,1963,23,23,1.0,0.5,0,0,2498,3000,1021,0,2819,2160
f79f46d3-74a520f1-3039fa3d-eef50e3d-a5ad3e59,12.026,12.179,1664,1750,23,23,1.0,0.5,0,0,2498,3000,1021,0,2819,2160
f79f46d3-74a520f1-3039fa3d-eef50e3d-a5ad3e59,12.29,12.443,1627,1610,23,23,1.0,0.5,0,0,2498,3000,1021,0,2819,2160
f79f46d3-74a520f1-3039fa3d-eef50e3d-a5ad3e59,12.457,12.583,1616,1628,23,23,1.0,0.5,0,0,2498,3000,1021,0,2819,2160
f79f46d3-74a520f1-3039fa3d-eef50e3d-a5ad3e59,12.61,12.931,1804,1497,23,23,1.0,0.5,0,0,2498,3000,1021,0,2819,2160
f79f46d3-74a520f1-3039fa3d-eef50e3d-a5ad3e59,12.972,13.362,2087,2390,23,23,1.0,0.5,0,0,2498,3000,1021,0,2819,2160
f79f46d3-74a520f1-3039fa3d-eef50e3d-a5ad3e59,13.389,13.599,1516,2590,23,23,1.0,0.5,0,0,2498,3000,1021,0,2819,2160
f79f46d3-74a520f1-3039fa3d-eef50e3d-a5ad3e59,13.613,13.835,1420,2745,23,23,1.0,0.5,0,0,2498,3000,1021,0,2819,2160
f79f46d3-74a520f1-3039fa3d-eef50e3d-a5ad3e59,13.863,14.169,1076,2493,23,23,1.0,0.5,0,0,2498,3000,1021,0,2819,2160
f79f46d3-74a520f1-3039fa3d-eef50e3d-a5ad3e59,14.198,14.42,818,2339,23,23,1.0,0.5,0,0,2498,3000,1021,0,2819,2160
f79f46d3-74a520f1-3039fa3d-eef50e3d-a5ad3e59,14.448,14.726,412,2482,23,23,1.0,0.5,0,0,2498,3000,1021,0,2819,2160
f79f46d3-74a520f1-3039fa3d-eef50e3d-a5ad3e59,14.754,14.935,545,2531,23,23,1.0,0.5,0,0,2498,3000,1021,0,2819,2160
f79f46d3-74a520f1-3039fa3d-eef50e3d-a5ad3e59,14.963,15.186,1025,2434,23,23,1.0,0.5,0,0,2498,3000,1021,0,2819,2160
f79f46d3-74a520f1-3039fa3d-eef50e3d-a5ad3e59,15.199,15.478,1029,2436,23,23,1.0,0.5,0,0,2498,3000,1021,0,2819,2160
f79f46d3-74a520f1-3039fa3d-eef50e3d-a5ad3e59,15.492,15.853,1087,2434,23,23,1.0,0.5,0,0,2498,3000,1021,0,2819,2160
f79f46d3-74a520f1-3039fa3d-eef50e3d-a5ad3e59,15.868,16.508,1122,2554,23,23,1.0,0.5,0,0,2498,3000,1021,0,2819,2160
f79f46d3-74a520f1-3039fa3d-eef50e3d-a5ad3e59,16.55,16.759,1049,2527,23,23,1.0,0.5,0,0,2498,3000,1021,0,2819,2160
f79f46d3-74a520f1-3039fa3d-eef50e3d-a5ad3e59,16.814,17.37,1691,2474,23,23,1.0,0.5,0,0,2498,3000,1021,0,2819,2160
f79f46d3-74a520f1-3039fa3d-eef50e3d-a5ad3e59,17.399,17.747,1811,2562,23,23,1.0,0.5,0,0,2498,3000,1021,0,2819,2160
f79f46d3-74a520f1-3039fa3d-eef50e3d-a5ad3e59,17.844,18.011,2088,981,23,23,1.0,0.5,0,0,2498,3000,1021,0,2819,2160
f79f46d3-74a520f1-3039fa3d-eef50e3d-a5ad3e59,18.025,18.401,2092,981,23,23,1.0,0.5,0,0,2498,3000,1021,0,2819,2160
f79f46d3-74a520f1-3039fa3d-eef50e3d-a5ad3e59,18.443,18.86,2176,380,23,23,1.0,0.5,0,0,2498,3000,1021,0,2819,2160
f79f46d3-74a520f1-3039fa3d-eef50e3d-a5ad3e59,18.875,19.028,2155,565,23,23,1.0,0.5,0,0,2498,3000,1021,0,2819,2160
f79f46d3-74a520f1-3039fa3d-eef50e3d-a5ad3e59,19.042,19.361,2134,644,23,23,1.0,0.5,0,0,2498,3000,1021,0,2819,2160
f79f46d3-74a520f1-3039fa3d-eef50e3d-a5ad3e59,19.431,19.779,667,904,23,23,1.0,0.5,0,0,2498,3000,1021,0,2819,2160
f79f46d3-74a520f1-3039fa3d-eef50e3d-a5ad3e59,19.793,20.043,761,1070,23,23,1.0,0.5,0,0,2498,3000,1021,0,2819,2160
f79f46d3-74a520f1-3039fa3d-eef50e3d-a5ad3e59,20.1,20.239,1032,1062,23,23,1.0,0.5,0,0,2498,3000,1021,0,2819,2160
f79f46d3-74a520f1-3039fa3d-eef50e3d-a5ad3e59,20.28,20.447,1755,895,23,23,1.0,0.5,0,0,2498,3000,1021,0,2819,2160
f79f46d3-74a520f1-3039fa3d-eef50e3d-a5ad3e59,20.461,20.753,1759,849,23,23,1.0,0.5,0,0,2498,3000,1021,0,2819,2160
f79f46d3-74a520f1-3039fa3d-eef50e3d-a5ad3e59,20.781,20.934,1695,1254,23,23,1.0,0.5,0,0,2498,3000,1021,0,2819,2160
f79f46d3-74a520f1-3039fa3d-eef50e3d-a5ad3e59,20.948,21.142,1692,1264,23,23,1.0,0.5,0,0,2498,3000,1021,0,2819,2160
f79f46d3-74a520f1-3039fa3d-eef50e3d-a5ad3e59,21.157,21.547,1509,1448,23,23,1.0,0.5,0,0,2498,3000,1021,0,2819,2160
f79f46d3-74a520f1-3039fa3d-eef50e3d-a5ad3e59,21.561,21.7,1411,1481,23,23,1.0,0.5,0,0,2498,3000,1021,0,2819,2160
f79f46d3-74a520f1-3039fa3d-eef50e3d-a5ad3e59,21.714,21.923,1493,1466,23,23,1.0,0.5,0,0,2498,3000,1021,0,2819,2160
f79f46d3-74a520f1-3039fa3d-eef50e3d-a5ad3e59,21.95,22.103,1568,1984,23,23,1.0,0.5,0,0,2498,3000,1021,0,2819,2160
f79f46d3-74a520f1-3039fa3d-eef50e3d-a5ad3e59,22.117,22.285,1582,1982,23,23,1.0,0.5,0,0,2498,3000,1021,0,2819,2160
f79f46d3-74a520f1-3039fa3d-eef50e3d-a5ad3e59,22.299,22.563,1573,1954,23,23,1.0,0.5,0,0,2498,3000,1021,0,2819,2160
f79f46d3-74a520f1-3039fa3d-eef50e3d-a5ad3e59,22.717,22.994,1666,1800,23,23,1.0,0.5,0,0,2498,3000,1021,0,2819,2160
f79f46d3-74a520f1-3039fa3d-eef50e3d-a5ad3e59,23.328,23.44,1220,1861,23,23,1.0,0.5,0,0,2498,3000,1021,0,2819,2160
f79f46d3-74a520f1-3039fa3d-eef50e3d-a5ad3e59,23.551,23.677,1273,2258,23,23,1.0,0.5,0,0,2498,3000,1021,0,2819,2160
f79f46d3-74a520f1-3039fa3d-eef50e3d-a5ad3e59,23.788,23.955,1219,1789,23,23,1.0,0.5,0,0,2498,3000,1021,0,2819,2160
f79f46d3-74a520f1-3039fa3d-eef50e3d-a5ad3e59,24.122,24.247,1133,1616,23,23,1.0,0.5,0,0,2498,3000,1021,0,2819,2160
f79f46d3-74a520f1-3039fa3d-eef50e3d-a5ad3e59,24.261,24.372,1117,1622,23,23,1.0,0.5,0,0,2498,3000,1021,0,2819,2160
f79f46d3-74a520f1-3039fa3d-eef50e3d-a5ad3e59,24.4,24.526,1026,1603,23,23,1.0,0.5,0,0,2498,3000,1021,0,2819,2160
f79f46d3-74a520f1-3039fa3d-eef50e3d-a5ad3e59,24.623,24.735,1473,2699,23,23,1.0,0.5,0,0,2498,3000,1021,0,2819,2160
f79f46d3-74a520f1-3039fa3d-eef50e3d-a5ad3e59,24.79,24.929,1505,2679,23,23,1.0,0.5,0,0,2498,3000,1021,0,2819,2160
f79f46d3-74a520f1-3039fa3d-eef50e3d-a5ad3e59,25.027,25.389,1516,2937,23,23,1.0,0.5,0,0,2498,3000,1021,0,2819,2160
f79f46d3-74a520f1-3039fa3d-eef50e3d-a5ad3e59,25.431,25.542,1489,2930,23,23,1.0,0.5,0,0,2498,3000,1021,0,2819,2160
f79f46d3-74a520f1-3039fa3d-eef50e3d-a5ad3e59,25.626,25.778,1350,2979,23,23,1.0,0.5,0,0,2498,3000,1021,0,2819,2160
f79f46d3-74a520f1-3039fa3d-eef50e3d-a5ad3e59,25.82,25.932,1131,2666,23,23,1.0,0.5,0,0,2498,3000,1021,0,2819,2160
f79f46d3-74a520f1-3039fa3d-eef50e3d-a5ad3e59,25.974,26.099,1164,2656,23,23,1.0,0.5,0,0,2498,3000,1021,0,2819,2160
f79f46d3-74a520f1-3039fa3d-eef50e3d-a5ad3e59,26.113,26.35,1192,2650,23,23,1.0,0.5,0,0,2498,3000,1021,0,2819,2160
f79f46d3-74a520f1-3039fa3d-eef50e3d-a5ad3e59,26.377,26.53,1004,2697,23,23,1.0,0.5,0,0,2498,3000,1021,0,2819,2160
f79f46d3-74a520f1-3039fa3d-eef50e3d-a5ad3e59,26.586,26.865,1122,2494,23,23,1.0,0.5,0,0,2498,3000,1021,0,2819,2160
f79f46d3-74a520f1-3039fa3d-eef50e3d-a5ad3e59,26.879,27.018,1124,2507,23,23,1.0,0.5,0,0,2498,3000,1021,0,2819,2160
f79f46d3-74a520f1-3039fa3d-eef50e3d-a5ad3e59,27.032,27.156,1189,2572,23,23,1.0,0.5,0,0,2498,3000,1021,0,2819,2160
f79f46d3-74a520f1-3039fa3d-eef50e3d-a5ad3e59,27.379,27.505,2186,2845,23,23,1.0,0.5,0,0,2498,3000,1021,0,2819,2160
f79f46d3-74a520f1-3039fa3d-eef50e3d-a5ad3e59,27.617,27.755,2199,2552,23,23,1.0,0.5,0,0,2498,3000,1021,0,2819,2160
f79f46d3-74a520f1-3039fa3d-eef50e3d-a5ad3e59,27.769,27.951,2220,2572,23,23,1.0,0.5,0,0,2498,3000,1021,0,2819,2160
f79f46d3-74a520f1-3039fa3d-eef50e3d-a5ad3e59,28.076,28.242,2165,2447,23,23,1.0,0.5,0,0,2498,3000,1021,0,2819,2160
f79f46d3-74a520f1-3039fa3d-eef50e3d-a5ad3e59,28.772,29.11,1413,1678,23,23,0.98,0.56,0,0,2498,3000,1021,0,2819,2160
f79f46d3-74a520f1-3039fa3d-eef50e3d-a5ad3e59,29.15,29.483,1054,1887,23,23,1.01,0.46,0,0,2498,3000,1021,0,2819,2160
f79f46d3-74a520f1-3039fa3d-eef50e3d-a5ad3e59,29.538,30.065,1005,1510,23,23,1.03,0.33,0,0,2498,3000,1021,0,2819,2160
f79f46d3-74a520f1-3039fa3d-eef50e3d-a5ad3e59,30.12,30.25,1444,1557,23,23,1.02,0.35,0,0,2498,3000,1021,0,2819,2160
f79f46d3-74a520f1-3039fa3d-eef50e3d-a5ad3e59,30.372,30.5,1793,1053,23,23,1.22,0.35,0,0,2498,3000,1021,0,2819,2160
f79f46d3-74a520f1-3039fa3d-eef50e3d-a5ad3e59,30.513,30.971,1795,1047,23,23,1.26,0.4,0,0,2498,3000,1021,0,2819,2160
f79f46d3-74a520f1-3039fa3d-eef50e3d-a5ad3e59,30.984,31.139,1798,1044,23,23,1.51,0.49,0,0,2498,3000,1021,0,2819,2160
f79f46d3-74a520f1-3039fa3d-eef50e3d-a5ad3e59,31.22,31.874,1954,738,23,23,1.82,0.27,0,0,2498,3000,1021,0,2819,2160
f79f46d3-74a520f1-3039fa3d-eef50e3d-a5ad3e59,31.944,32.307,725,907,23,23,1.9,0.26,0,0,2498,3000,1021,0,2819,2160
f79f46d3-74a520f1-3039fa3d-eef50e3d-a5ad3e59,32.599,32.823,1336,2530,23,23,1.85,0.5,0,0,2498,3000,1021,0,2819,2160
f79f46d3-74a520f1-3039fa3d-eef50e3d-a5ad3e59,32.891,33.106,1210,2541,23,23,1.84,0.56,0,0,2498,3000,1021,0,2819,2160
f79f46d3-74a520f1-3039fa3d-eef50e3d-a5ad3e59,33.128,33.505,1140,2430,23,23,1.84,0.51,0,0,2498,3000,1021,0,2819,2160
f79f46d3-74a520f1-3039fa3d-eef50e3d-a5ad3e59,33.782,33.893,1615,2616,23,23,1.83,0.46,0,0,2498,3000,1021,0,2819,2160
f79f46d3-74a520f1-3039fa3d-eef50e3d-a5ad3e59,34.047,34.171,1718,2629,23,23,1.82,0.43,0,0,2498,3000,1021,0,2819,2160
f79f46d3-74a520f1-3039fa3d-eef50e3d-a5ad3e59,34.227,34.452,1670,2801,23,23,1.82,0.43,0,0,2498,3000,1021,0,2819,2160
f79f46d3-74a520f1-3039fa3d-eef50e3d-a5ad3e59,34.533,34.784,1428,2884,23,23,1.82,0.44,0,0,2498,3000,1021,0,2819,2160
f79f46d3-74a520f1-3039fa3d-eef50e3d-a5ad3e59,34.825,35.006,649,2465,23,23,1.82,0.46,0,0,2498,3000,1021,0,2819,2160
f79f46d3-74a520f1-3039fa3d-eef50e3d-a5ad3e59,35.02,35.257,608,2457,23,23,1.82,0.49,0,0,2498,3000,1021,0,2819,2160
f79f46d3-74a520f1-3039fa3d-eef50e3d-a5ad3e59,35.285,35.396,414,2574,23,23,1.82,0.47,0,0,2498,3000,1021,0,2819,2160
f79f46d3-74a520f1-3039fa3d-eef50e3d-a5ad3e59,35.41,35.521,462,2582,23,23,1.82,0.42,0,0,2498,3000,1021,0,2819,2160
f79f46d3-74a520f1-3039fa3d-eef50e3d-a5ad3e59,35.73,35.968,1119,2163,23,23,1.82,0.42,0,0,2498,3000,1021,0,2819,2160
f79f46d3-74a520f1-3039fa3d-eef50e3d-a5ad3e59,36.009,36.37,828,2148,23,23,1.82,0.4,0,0,2498,3000,1021,0,2819,2160
f79f46d3-74a520f1-3039fa3d-eef50e3d-a5ad3e59,36.442,36.692,601,1349,23,23,1.8,0.37,0,0,2498,3000,1021,0,2819,2160
f79f46d3-74a520f1-3039fa3d-eef50e3d-a5ad3e59,36.705,37.096,652,1370,23,23,1.8,0.42,0,0,2498,3000,1021,0,2819,2160
f79f46d3-74a520f1-3039fa3d-eef50e3d-a5ad3e59,37.206,37.541,653,1884,23,23,1.81,0.52,0,0,2498,3000,1021,0,2819,2160
f79f46d3-74a520f1-3039fa3d-eef50e3d-a5ad3e59,37.568,37.945,732,1734,23,23,1.81,0.52,0,0,2498,3000,1021,0,2819,2160
f79f46d3-74a520f1-3039fa3d-eef50e3d-a5ad3e59,38.027,38.42,567,1220,23,23,1.81,0.46,0,0,2498,3000,1021,0,2819,2160
f79f46d3-74a520f1-3039fa3d-eef50e3d-a5ad3e59,38.433,38.852,621,1115,23,23,1.79,0.46,0,0,2498,3000,1021,0,2819,2160
f79f46d3-74a520f1-3039fa3d-eef50e3d-a5ad3e59,39.726,39.867,2162,889,23,23,1.78,0.4,0,0,2498,3000,1021,0,2819,2160
f79f46d3-74a520f1-3039fa3d-eef50e3d-a5ad3e59,40.073,40.254,2114,1090,23,23,1.77,0.37,0,0,2498,3000,1021,0,2819,2160
f79f46d3-74a520f1-3039fa3d-eef50e3d-a5ad3e59,40.352,40.52,2026,1473,23,23,1.76,0.34,0,0,2498,3000,1021,0,2819,2160
f79f46d3-74a520f1-3039fa3d-eef50e3d-a5ad3e59,40.534,40.672,2048,1511,23,23,1.76,0.33,0,0,2498,3000,1021,0,2819,2160
f79f46d3-74a520f1-3039fa3d-eef50e3d-a5ad3e59,40.701,40.867,2020,1828,23,23,1.76,0.32,0,0,2498,3000,1021,0,2819,2160
f79f46d3-74a520f1-3039fa3d-eef50e3d-a5ad3e59,41.021,41.257,2004,2067,23,23,1.75,0.34,0,0,2498,3000,1021,0,2819,2160
f79f46d3-74a520f1-3039fa3d-eef50e3d-a5ad3e59,41.271,41.466,2026,2077,23,23,1.75,0.4,0,0,2498,3000,1021,0,2819,2160
f79f46d3-74a520f1-3039fa3d-eef50e3d-a5ad3e59,41.66,41.884,2172,386,23,23,1.75,0.46,0,0,2498,3000,1021,0,2819,2160
f79f46d3-74a520f1-3039fa3d-eef50e3d-a5ad3e59,42.037,42.148,2094,841,23,23,1.78,0.43,0,0,2498,3000,1021,0,2819,2160
f79f46d3-74a520f1-3039fa3d-eef50e3d-a5ad3e59,42.219,42.328,1800,1830,23,23,1.78,0.42,0,0,2498,3000,1021,0,2819,2160
f79f46d3-74a520f1-3039fa3d-eef50e3d-a5ad3e59,42.342,42.511,1771,1831,23,23,1.78,0.41,0,0,2498,3000,1021,0,2819,2160
f79f46d3-74a520f1-3039fa3d-eef50e3d-a5ad3e59,42.566,42.774,1676,2272,23,23,1.77,0.45,0,0,2498,3000,1021,0,2819,2160
f79f46d3-74a520f1-3039fa3d-eef50e3d-a5ad3e59,43.484,43.679,924,1437,23,23,1.77,0.5,0,0,2498,3000,1021,0,2819,2160
f79f46d3-74a520f1-3039fa3d-eef50e3d-a5ad3e59,43.692,43.859,905,1434,23,23,1.77,0.52,0,0,2498,3000,1021,0,2819,2160
f79f46d3-74a520f1-3039fa3d-eef50e3d-a5ad3e59,43.886,43.986,938,1427,23,23,1.77,0.53,0,0,2498,3000,1021,0,2819,2160
f79f46d3-74a520f1-3039fa3d-eef50e3d-a5ad3e59,44.001,44.306,951,1366,23,23,1.77,0.51,0,0,2498,3000,1021,0,2819,2160
f79f46d3-74a520f1-3039fa3d-eef50e3d-a5ad3e59,44.319,44.571,951,1379,23,23,1.77,0.48,0,0,2498,3000,1021,0,2819,2160
f79f46d3-74a520f1-3039fa3d-eef50e3d-a5ad3e59,44.602,44.864,925,1357,23,23,1.77,0.45,0,0,2498,3000,1021,0,2819,2160
f79f46d3-74a520f1-3039fa3d-eef50e3d-a5ad3e59,44.945,45.224,1965,1343,23,23,1.77,0.42,0,0,2498,3000,1021,0,2819,2160
f79f46d3-74a520f1-3039fa3d-eef50e3d-a5ad3e59,45.253,45.516,1754,1561,23,23,1.77,0.38,0,0,2498,3000,1021,0,2819,2160
f79f46d3-74a520f1-3039fa3d-eef50e3d-a5ad3e59,45.544,45.78,916,1362,23,23,1.77,0.36,0,0,2498,3000,1021,0,2819,2160
f79f46d3-74a520f1-3039fa3d-eef50e3d-a5ad3e59,45.794,46.129,930,1375,23,23,1.77,0.36,0,0,2498,3000,1021,0,2819,2160
f79f46d3-74a520f1-3039fa3d-eef50e3d-a5ad3e59,46.157,46.463,1027,1852,23,23,1.77,0.4,0,0,2498,3000,1021,0,2819,2160
f79f46d3-74a520f1-3039fa3d-eef50e3d-a5ad3e59,46.491,46.7,1495,1956,23,23,1.77,0.44,0,0,2498,3000,1021,0,2819,2160
f79f46d3-74a520f1-3039fa3d-eef50e3d-a5ad3e59,46.714,46.95,1505,1948,23,23,1.77,0.47,0,0,2498,3000,1021,0,2819,2160
f79f46d3-74a520f1-3039fa3d-eef50e3d-a5ad3e59,47.118,47.229,1432,2972,23,23,1.77,0.49,0,0,2498,3000,1021,0,2819,2160
f79f46d3-74a520f1-3039fa3d-eef50e3d-a5ad3e59,47.284,47.521,1470,2935,23,23,1.77,0.49,0,0,2498,3000,1021,0,2819,2160
f79f46d3-74a520f1-3039fa3d-eef50e3d-a5ad3e59,47.55,47.73,1423,2638,23,23,1.77,0.52,0,0,2498,3000,1021,0,2819,2160
f79f46d3-74a520f1-3039fa3d-eef50e3d-a5ad3e59,47.771,48.203,1161,2480,23,23,1.77,0.53,0,0,2498,3000,1021,0,2819,2160
f79f46d3-74a520f1-3039fa3d-eef50e3d-a5ad3e59,48.217,48.704,1098,2356,23,23,1.77,0.46,0,0,2498,3000,1021,0,2819,2160
f79f46d3-74a520f1-3039fa3d-eef50e3d-a5ad3e59,48.76,49.011,1796,2391,23,23,1.77,0.45,0,0,2498,3000,1021,0,2819,2160
f79f46d3-74a520f1-3039fa3d-eef50e3d-a5ad3e59,49.165,49.47,1457,2914,23,23,1.77,0.51,0,0,2498,3000,1021,0,2819,2160
f79f46d3-74a520f1-3039fa3d-eef50e3d-a5ad3e59,49.498,49.624,1471,2903,23,23,1.77,0.55,0,0,2498,3000,1021,0,2819,2160
f79f46d3-74a520f1-3039fa3d-eef50e3d-a5ad3e59,49.653,50.027,1416,2849,23,23,1.77,0.53,0,0,2498,3000,1021,0,2819,2160
f79f46d3-74a520f1-3039fa3d-eef50e3d-a5ad3e59,50.041,50.889,1448,2660,23,23,1.76,0.48,0,0,2498,3000,1021,0,2819,2160
f79f46d3-74a520f1-3039fa3d-eef50e3d-a5ad3e59,50.903,51.349,1419,2569,23,23,1.74,0.41,0,0,2498,3000,1021,0,2819,2160
f79f46d3-74a520f1-3039fa3d-eef50e3d-a5ad3e59,51.363,51.588,1191,2453,23,23,1.74,0.46,0,0,2498,3000,1021,0,2819,2160
f79f46d3-74a520f1-3039fa3d-eef50e3d-a5ad3e59,51.669,52.199,1347,2908,23,23,1.72,0.58,0,0,2498,3000,1021,0,2819,2160
f79f46d3-74a520f1-3039fa3d-eef50e3d-a5ad3e59,52.212,52.422,1500,2885,23,23,1.71,0.58,0,0,2498,3000,1021,0,2819,2160
f79f46d3-74a520f1-3039fa3d-eef50e3d-a5ad3e59,52.436,52.657,1496,2919,23,23,1.71,0.56,0,0,2498,3000,1021,0,2819,2160
f79f46d3-74a520f1-3039fa3d-eef50e3d-a5ad3e59,52.672,52.783,1519,2887,23,23,1.71,0.54,0,0,2498,3000,1021,0,2819,2160
f79f46d3-74a520f1-3039fa3d-eef50e3d-a5ad3e59,52.799,53.02,1437,2885,23,23,1.7,0.52,0,0,2498,3000,1021,0,2819,2160
f79f46d3-74a520f1-3039fa3d-eef50e3d-a5ad3e59,53.145,53.256,1394,2818,23,23,1.69,0.49,0,0,2498,3000,1021,0,2819,2160
f79f46d3-74a520f1-3039fa3d-eef50e3d-a5ad3e59,53.27,53.395,1393,2835,23,23,1.69,0.49,0,0,2498,3000,1021,0,2819,2160
f79f46d3-74a520f1-3039fa3d-eef50e3d-a5ad3e59,53.673,53.784,1088,1441,23,23,1.69,0.52,0,0,2498,3000,1021,0,2819,2160
f79f46d3-74a520f1-3039fa3d-eef50e3d-a5ad3e59,53.898,54.009,652,943,23,23,1.68,0.55,0,0,2498,3000,1021,0,2819,2160
f79f46d3-74a520f1-3039fa3d-eef50e3d-a5ad3e59,54.091,54.202,727,1025,23,23,1.67,0.64,0,0,2498,3000,1021,0,2819,2160
f79f46d3-74a520f1-3039fa3d-eef50e3d-a5ad3e59,54.218,54.328,742,1045,23,23,1.67,0.66,0,0,2498,3000,1021,0,2819,2160
f79f46d3-74a520f1-3039fa3d-eef50e3d-a5ad3e59,54.342,54.51,842,1043,23,23,1.67,0.66,0,0,2498,3000,1021,0,2819,2160
f79f46d3-74a520f1-3039fa3d-eef50e3d-a5ad3e59,54.621,54.732,879,1134,23,23,1.67,0.62,0,0,2498,3000,1021,0,2819,2160
f79f46d3-74a520f1-3039fa3d-eef50e3d-a5ad3e59,54.75,54.885,912,1180,23,23,1.67,0.59,0,0,2498,3000,1021,0,2819,2160
f79f46d3-74a520f1-3039fa3d-eef50e3d-a5ad3e59,54.898,55.01,892,1210,23,23,1.67,0.58,0,0,2498,3000,1021,0,2819,2160
f79f46d3-74a520f1-3039fa3d-eef50e3d-a5ad3e59,55.065,55.218,1192,2529,23,23,1.66,0.54,0,0,2498,3000,1021,0,2819,2160
f79f46d3-74a520f1-3039fa3d-eef50e3d-a5ad3e59,55.622,55.747,1410,2743,23,23,1.66,0.52,0,0,2498,3000,1021,0,2819,2160
f79f46d3-74a520f1-3039fa3d-eef50e3d-a5ad3e59,55.775,56.555,1412,2713,23,23,1.66,0.52,0,0,2498,3000,1021,0,2819,2160
f79f46d3-74a520f1-3039fa3d-eef50e3d-a5ad3e59,56.569,56.82,1425,2675,23,23,1.64,0.54,0,0,2498,3000,1021,0,2819,2160
f79f46d3-74a520f1-3039fa3d-eef50e3d-a5ad3e59,56.85,57.009,1432,2691,23,23,1.64,0.5,0,0,2498,3000,1021,0,2819,2160
f79f46d3-74a520f1-3039fa3d-eef50e3d-a5ad3e59,57.129,57.417,1312,2035,23,23,1.63,0.45,0,0,2498,3000,1021,0,2819,2160
f79f46d3-74a520f1-3039fa3d-eef50e3d-a5ad3e59,57.431,57.57,1312,2006,23,23,1.62,0.4,0,0,2498,3000,1021,0,2819,2160
f79f46d3-74a520f1-3039fa3d-eef50e3d-a5ad3e59,57.626,57.737,1107,1818,23,23,1.62,0.39,0,0,2498,3000,1021,0,2819,2160
f79f46d3-74a520f1-3039fa3d-eef50e3d-a5ad3e59,57.821,57.988,1244,1817,23,23,1.62,0.39,0,0,2498,3000,1021,0,2819,2160
f79f46d3-74a520f1-3039fa3d-eef50e3d-a5ad3e59,58.003,58.186,1266,1832,23,23,1.6,0.42,0,0,2498,3000,1021,0,2819,2160
f79f46d3-74a520f1-3039fa3d-eef50e3d-a5ad3e59,58.226,58.435,1275,2022,23,23,1.6,0.48,0,0,2498,3000,1021,0,2819,2160
f79f46d3-74a520f1-3039fa3d-eef50e3d-a5ad3e59,58.463,58.851,1144,2523,23,23,1.6,0.5,0,0,2498,3000,1021,0,2819,2160
f79f46d3-74a520f1-3039fa3d-eef50e3d-a5ad3e59,58.865,59.185,1125,2437,23,23,1.59,0.58,0,0,2498,3000,1021,0,2819,2160
f79f46d3-74a520f1-3039fa3d-eef50e3d-a5ad3e59,59.199,59.534,1036,2456,23,23,1.59,0.51,0,0,2498,3000,1021,0,2819,2160
f79f46d3-74a520f1-3039fa3d-eef50e3d-a5ad3e59,59.714,59.814,982,2561,23,23,1.6,0.47,0,0,2498,3000,1021,0,2819,2160
f79f46d3-74a520f1-3039fa3d-eef50e3d-a5ad3e59,59.826,60.02,1014,2590,23,23,1.6,0.42,0,0,2498,3000,1021,0,2819,2160
f79f46d3-74a520f1-3039fa3d-eef50e3d-a5ad3e59,60.118,60.371,1026,2296,23,23,1.59,0.4,0,0,2498,3000,1021,0,2819,2160
f79f46d3-74a520f1-3039fa3d-eef50e3d-a5ad3e59,60.384,60.578,1047,2311,23,23,1.59,0.41,0,0,2498,3000,1021,0,2819,2160
f79f46d3-74a520f1-3039fa3d-eef50e3d-a5ad3e59,60.591,60.734,1068,2300,23,23,1.59,0.44,0,0,2498,3000,1021,0,2819,2160
f79f46d3-74a520f1-3039fa3d-eef50e3d-a5ad3e59,60.745,61.484,1103,2447,23,23,1.59,0.49,0,0,2498,3000,1021,0,2819,2160
f79f46d3-74a520f1-3039fa3d-eef50e3d-a5ad3e59,61.537,61.789,1012,2426,23,23,1.59,0.53,0,0,2498,3000,1021,0,2819,2160
f79f46d3-74a520f1-3039fa3d-eef50e3d-a5ad3e59,61.802,61.914,984,2408,23,23,1.59,0.49,0,0,2498,3000,1021,0,2819,2160
f79f46d3-74a520f1-3039fa3d-eef50e3d-a5ad3e59,61.998,62.206,1005,2513,23,23,1.59,0.49,0,0,2498,3000,1021,0,2819,2160
f79f46d3-74a520f1-3039fa3d-eef50e3d-a5ad3e59,62.373,62.512,1049,2591,23,23,1.59,0.48,0,0,2498,3000,1021,0,2819,2160
f79f46d3-74a520f1-3039fa3d-eef50e3d-a5ad3e59,62.527,62.693,1060,2604,23,23,1.59,0.48,0,0,2498,3000,1021,0,2819,2160
f79f46d3-74a520f1-3039fa3d-eef50e3d-a5ad3e59,62.707,62.916,1068,2570,23,23,1.59,0.51,0,0,2498,3000,1021,0,2819,2160
f79f46d3-74a520f1-3039fa3d-eef50e3d-a5ad3e59,62.93,63.071,1068,2593,23,23,1.59,0.51,0,0,2498,3000,1021,0,2819,2160
f79f46d3-74a520f1-3039fa3d-eef50e3d-a5ad3e59,63.086,63.362,1013,2620,23,23,1.59,0.56,0,0,2498,3000,1021,0,2819,2160
f79f46d3-74a520f1-3039fa3d-eef50e3d-a5ad3e59,63.376,63.531,1010,2638,23,23,1.59,0.72,0,0,2498,3000,1021,0,2819,2160
f79f46d3-74a520f1-3039fa3d-eef50e3d-a5ad3e59,63.656,63.946,1038,2460,23,23,1.58,0.68,0,0,2498,3000,1021,0,2819,2160
f79f46d3-74a520f1-3039fa3d-eef50e3d-a5ad3e59,64.073,64.364,858,1513,23,23,1.58,0.54,0,0,2498,3000,1021,0,2819,2160
f79f46d3-74a520f1-3039fa3d-eef50e3d-a5ad3e59,64.392,64.503,871,1424,23,23,1.57,0.49,0,0,2498,3000,1021,0,2819,2160
f79f46d3-74a520f1-3039fa3d-eef50e3d-a5ad3e59,64.603,64.713,746,1497,23,23,1.57,0.47,0,0,2498,3000,1021,0,2819,2160
f79f46d3-74a520f1-3039fa3d-eef50e3d-a5ad3e59,65.186,65.297,2021,1540,23,23,1.53,0.47,0,0,2498,3000,1021,0,2819,2160
f79f46d3-74a520f1-3039fa3d-eef50e3d-a5ad3e59,65.366,65.478,2033,1604,23,23,1.53,0.49,0,0,2498,3000,1021,0,2819,2160
f79f46d3-74a520f1-3039fa3d-eef50e3d-a5ad3e59,65.491,65.633,2048,1581,23,23,1.53,0.51,0,0,2498,3000,1021,0,2819,2160
f79f46d3-74a520f1-3039fa3d-eef50e3d-a5ad3e59,65.686,65.839,1448,1770,23,23,1.54,0.55,0,0,2498,3000,1021,0,2819,2160
f79f46d3-74a520f1-3039fa3d-eef50e3d-a5ad3e59,66.052,66.201,1090,1909,23,23,1.54,0.6,0,0,2498,3000,1021,0,2819,2160
f79f46d3-74a520f1-3039fa3d-eef50e3d-a5ad3e59,66.242,66.452,1391,1930,23,23,1.54,0.61,0,0,2498,3000,1021,0,2819,2160
f79f46d3-74a520f1-3039fa3d-eef50e3d-a5ad3e59,66.466,66.688,1393,1917,23,23,1.54,0.55,0,0,2498,3000,1021,0,2819,2160
f79f46d3-74a520f1-3039fa3d-eef50e3d-a5ad3e59,66.704,66.967,1393,1929,23,23,1.54,0.48,0,0,2498,3000,1021,0,2819,2160
f79f46d3-74a520f1-3039fa3d-eef50e3d-a5ad3e59,67.106,67.231,1290,1892,23,23,1.54,0.41,0,0,2498,3000,1021,0,2819,2160
f79f46d3-74a520f1-3039fa3d-eef50e3d-a5ad3e59,67.263,67.468,1290,1907,23,23,1.54,0.41,0,0,2498,3000,1021,0,2819,2160
f79f46d3-74a520f1-3039fa3d-eef50e3d-a5ad3e59,67.495,68.066,1133,1739,23,23,1.54,0.39,0,0,2498,3000,1021,0,2819,2160
f79f46d3-74a520f1-3039fa3d-eef50e3d-a5ad3e59,68.121,68.29,1326,1858,23,23,1.53,0.5,0,0,2498,3000,1021,0,2819,2160
f79f46d3-74a520f1-3039fa3d-eef50e3d-a5ad3e59,68.372,68.762,1341,2235,23,23,1.51,0.54,0,0,2498,3000,1021,0,2819,2160
f79f46d3-74a520f1-3039fa3d-eef50e3d-a5ad3e59,68.859,69.11,1148,1938,23,23,1.51,0.6,0,0,2498,3000,1021,0,2819,2160
f79f46d3-74a520f1-3039fa3d-eef50e3d-a5ad3e59,69.167,69.347,1251,1795,23,23,1.51,0.54,0,0,2498,3000,1021,0,2819,2160
f79f46d3-74a520f1-3039fa3d-eef50e3d-a5ad3e59,69.376,69.778,1091,1654,23,23,1.52,0.52,0,0,2498,3000,1021,0,2819,2160
f79f46d3-74a520f1-3039fa3d-eef50e3d-a5ad3e59,69.82,70.085,1098,1816,23,23,1.52,0.45,0,0,2498,3000,1021,0,2819,2160
f79f46d3-74a520f1-3039fa3d-eef50e3d-a5ad3e59,70.112,70.378,1549,1541,23,23,1.51,0.48,0,0,2498,3000,1021,0,2819,2160
f79f46d3-74a520f1-3039fa3d-eef50e3d-a5ad3e59,70.475,70.669,1749,1667,23,23,1.51,0.58,0,0,2498,3000,1021,0,2819,2160
f79f46d3-74a520f1-3039fa3d-eef50e3d-a5ad3e59,70.697,70.809,1697,1516,23,23,1.51,0.58,0,0,2498,3000,1021,0,2819,2160
f79f46d3-74a520f1-3039fa3d-eef50e3d-a5ad3e59,70.823,70.962,1721,1525,23,23,1.51,0.58,0,0,2498,3000,1021,0,2819,2160
f79f46d3-74a520f1-3039fa3d-eef50e3d-a5ad3e59,71.033,71.212,1590,1523,23,23,1.53,0.52,0,0,2498,3000,1021,0,2819,2160
f79f46d3-74a520f1-3039fa3d-eef50e3d-a5ad3e59,71.24,71.477,1585,1528,23,23,1.53,0.51,0,0,2498,3000,1021,0,2819,2160
f79f46d3-74a520f1-3039fa3d-eef50e3d-a5ad3e59,71.49,71.66,1598,1493,23,23,1.53,0.51,0,0,2498,3000,1021,0,2819,2160
f79f46d3-74a520f1-3039fa3d-eef50e3d-a5ad3e59,71.714,71.867,1684,1362,23,23,1.53,0.48,0,0,2498,3000,1021,0,2819,2160
f79f46d3-74a520f1-3039fa3d-eef50e3d-a5ad3e59,71.91,72.022,1620,1404,23,23,1.54,0.46,0,0,2498,3000,1021,0,2819,2160
f79f46d3-74a520f1-3039fa3d-eef50e3d-a5ad3e59,72.103,72.437,1536,1407,23,23,1.54,0.45,0,0,2498,3000,1021,0,2819,2160
f79f46d3-74a520f1-3039fa3d-eef50e3d-a5ad3e59,72.478,72.827,1781,1003,23,23,1.55,0.42,0,0,2498,3000,1021,0,2819,2160
f79f46d3-74a520f1-3039fa3d-eef50e3d-a5ad3e59,72.841,72.953,1794,966,23,23,1.55,0.44,0,0,2498,3000,1021,0,2819,2160
f79f46d3-74a520f1-3039fa3d-eef50e3d-a5ad3e59,73.078,73.245,1735,1090,23,23,1.54,0.46,0,0,2498,3000,1021,0,2819,2160
f79f46d3-74a520f1-3039fa3d-eef50e3d-a5ad3e59,73.579,73.69,637,975,23,23,1.54,0.47,0,0,2498,3000,1021,0,2819,2160
f79f46d3-74a520f1-3039fa3d-eef50e3d-a5ad3e59,73.801,74.011,687,929,23,23,1.54,0.47,0,0,2498,3000,1021,0,2819,2160
f79f46d3-74a520f1-3039fa3d-eef50e3d-a5ad3e59,74.191,74.317,292,869,23,23,1.54,0.54,0,0,2498,3000,1021,0,2819,2160
f79f46d3-74a520f1-3039fa3d-eef50e3d-a5ad3e59,74.457,74.636,439,926,23,23,1.53,0.56,0,0,2498,3000,1021,0,2819,2160
f79f46d3-74a520f1-3039fa3d-eef50e3d-a5ad3e59,74.678,74.845,738,990,23,23,1.53,0.59,0,0,2498,3000,1021,0,2819,2160
f79f46d3-74a520f1-3039fa3d-eef50e3d-a5ad3e59,74.859,75.304,765,983,23,23,1.53,0.59,0,0,2498,3000,1021,0,2819,2160
f79f46d3-74a520f1-3039fa3d-eef50e3d-a5ad3e59,75.318,75.597,691,1038,23,23,1.53,0.53,0,0,2498,3000,1021,0,2819,2160
f79f46d3-74a520f1-3039fa3d-eef50e3d-a5ad3e59,75.612,75.751,693,1026,23,23,1.52,0.47,0,0,2498,3000,1021,0,2819,2160
f79f46d3-74a520f1-3039fa3d-eef50e3d-a5ad3e59,76.03,76.14,695,1047,23,23,1.51,0.5,0,0,2498,3000,1021,0,2819,2160
f79f46d3-74a520f1-3039fa3d-eef50e3d-a5ad3e59,76.21,76.376,693,1149,23,23,1.51,0.52,0,0,2498,3000,1021,0,2819,2160
f79f46d3-74a520f1-3039fa3d-eef50e3d-a5ad3e59,76.39,76.599,724,1147,23,23,1.5,0.53,0,0,2498,3000,1021,0,2819,2160
f79f46d3-74a520f1-3039fa3d-eef50e3d-a5ad3e59,76.613,76.866,704,1030,23,23,1.5,0.59,0,0,2498,3000,1021,0,2819,2160
f79f46d3-74a520f1-3039fa3d-eef50e3d-a5ad3e59,76.878,77.032,749,994,23,23,1.5,0.62,0,0,2498,3000,1021,0,2819,2160
f79f46d3-74a520f1-3039fa3d-eef50e3d-a5ad3e59,77.059,77.17,772,1028,23,23,1.5,0.61,0,0,2498,3000,1021,0,2819,2160
f79f46d3-74a520f1-3039fa3d-eef50e3d-a5ad3e59,77.186,77.339,782,1011,23,23,1.5,0.59,0,0,2498,3000,1021,0,2819,2160
f79f46d3-74a520f1-3039fa3d-eef50e3d-a5ad3e59,77.369,77.727,779,1039,23,23,1.51,0.53,0,0,2498,3000,1021,0,2819,2160
f79f46d3-74a520f1-3039fa3d-eef50e3d-a5ad3e59,77.742,78.089,771,1031,23,23,1.51,0.53,0,0,2498,3000,1021,0,2819,2160
f79f46d3-74a520f1-3039fa3d-eef50e3d-a5ad3e59,78.59,78.938,1928,740,23,23,1.51,0.54,0,0,2498,3000,1021,0,2819,2160
f79f46d3-74a520f1-3039fa3d-eef50e3d-a5ad3e59,78.953,79.133,1901,736,23,23,1.51,0.47,0,0,2498,3000,1021,0,2819,2160
f79f46d3-74a520f1-3039fa3d-eef50e3d-a5ad3e59,79.202,79.454,2173,581,23,23,1.51,0.46,0,0,2498,3000,1021,0,2819,2160
f79f46d3-74a520f1-3039fa3d-eef50e3d-a5ad3e59,79.72,79.829,2174,557,23,23,1.5,0.65,0,0,2498,3000,1021,0,2819,2160
f79f46d3-74a520f1-3039fa3d-eef50e3d-a5ad3e59,79.842,80.01,2197,595,23,23,1.5,0.66,0,0,2498,3000,1021,0,2819,2160
f79f46d3-74a520f1-3039fa3d-eef50e3d-a5ad3e59,80.054,80.33,2216,799,23,23,1.5,0.63,0,0,2498,3000,1021,0,2819,2160
f79f46d3-74a520f1-3039fa3d-eef50e3d-a5ad3e59,80.344,80.483,2197,773,23,23,1.5,0.56,0,0,2498,3000,1021,0,2819,2160
f79f46d3-74a520f1-3039fa3d-eef50e3d-a5ad3e59,80.556,80.668,2043,1577,23,23,1.5,0.53,0,0,2498,3000,1021,0,2819,2160
f79f46d3-74a520f1-3039fa3d-eef50e3d-a5ad3e59,80.681,80.844,2032,1561,23,23,1.5,0.51,0,0,2498,3000,1021,0,2819,2160
f79f46d3-74a520f1-3039fa3d-eef50e3d-a5ad3e59,80.999,81.109,2129,2506,23,23,1.52,0.7,0,0,2498,3000,1021,0,2819,2160
f79f46d3-74a520f1-3039fa3d-eef50e3d-a5ad3e59,81.123,81.235,2119,2487,23,23,1.52,0.7,0,0,2498,3000,1021,0,2819,2160
f79f46d3-74a520f1-3039fa3d-eef50e3d-a5ad3e59,81.291,81.584,1819,2387,23,23,1.52,0.7,0,0,2498,3000,1021,0,2819,2160
f79f46d3-74a520f1-3039fa3d-eef50e3d-a5ad3e59,81.596,81.708,1842,2376,23,23,1.5,0.62,0,0,2498,3000,1021,0,2819,2160
f79f46d3-74a520f1-3039fa3d-eef50e3d-a5ad3e59,81.78,81.986,1756,2332,23,23,1.5,0.59,0,0,2498,3000,1021,0,2819,2160
f79f46d3-74a520f1-3039fa3d-eef50e3d-a5ad3e59,82.042,82.224,1681,1813,23,23,1.5,0.56,0,0,2498,3000,1021,0,2819,2160
f79f46d3-74a520f1-3039fa3d-eef50e3d-a5ad3e59,82.237,82.376,1684,1846,23,23,1.5,0.52,0,0,2498,3000,1021,0,2819,2160
f79f46d3-74a520f1-3039fa3d-eef50e3d-a5ad3e59,82.391,82.516,1641,1836,23,23,1.5,0.5,0,0,2498,3000,1021,0,2819,2160
f79f46d3-74a520f1-3039fa3d-eef50e3d-a5ad3e59,82.544,82.808,1096,1832,23,23,1.49,0.48,0,0,2498,3000,1021,0,2819,2160
f79f46d3-74a520f1-3039fa3d-eef50e3d-a5ad3e59,82.879,83.131,1036,1750,23,23,1.45,0.46,0,0,2498,3000,1021,0,2819,2160
f79f46d3-74a520f1-3039fa3d-eef50e3d-a5ad3e59,83.144,83.754,1050,1737,23,23,1.45,0.59,0,0,2498,3000,1021,0,2819,2160
f79f46d3-74a520f1-3039fa3d-eef50e3d-a5ad3e59,83.782,83.921,820,1996,23,23,1.45,0.65,0,0,2498,3000,1021,0,2819,2160
f79f46d3-74a520f1-3039fa3d-eef50e3d-a5ad3e59,83.979,84.104,558,2371,23,23,1.46,0.58,0,0,2498,3000,1021,0,2819,2160
f79f46d3-74a520f1-3039fa3d-eef50e3d-a5ad3e59,84.136,84.313,551,2361,23,23,1.45,0.54,0,0,2498,3000,1021,0,2819,2160
f79f46d3-74a520f1-3039fa3d-eef50e3d-a5ad3e59,84.325,84.618,725,2386,23,23,1.44,0.49,0,0,2498,3000,1021,0,2819,2160
f79f46d3-74a520f1-3039fa3d-eef50e3d-a5ad3e59,84.687,84.854,415,2530,23,23,1.44,0.47,0,0,2498,3000,1021,0,2819,2160
f79f46d3-74a520f1-3039fa3d-eef50e3d-a5ad3e59,84.951,85.133,405,2741,23,23,1.44,0.47,0,0,2498,3000,1021,0,2819,2160
f79f46d3-74a520f1-3039fa3d-eef50e3d-a5ad3e59,85.202,85.467,1399,2928,23,23,1.44,0.47,0,0,2498,3000,1021,0,2819,2160
f79f46d3-74a520f1-3039fa3d-eef50e3d-a5ad3e59,85.606,85.731,1475,2754,23,23,1.44,0.51,0,0,2498,3000,1021,0,2819,2160
f79f46d3-74a520f1-3039fa3d-eef50e3d-a5ad3e59,85.899,86.148,2486,2649,23,23,1.43,0.56,0,0,2498,3000,1021,0,2819,2160
f79f46d3-74a520f1-3039fa3d-eef50e3d-a5ad3e59,86.234,86.441,2267,2600,23,23,1.43,0.54,0,0,2498,3000,1021,0,2819,2160
f79f46d3-74a520f1-3039fa3d-eef50e3d-a5ad3e59,86.454,86.775,2110,2659,23,23,1.43,0.49,0,0,2498,3000,1021,0,2819,2160
f79f46d3-74a520f1-3039fa3d-eef50e3d-a5ad3e59,86.789,86.903,2106,2636,23,23,1.43,0.46,0,0,2498,3000,1021,0,2819,2160
f79f46d3-74a520f1-3039fa3d-eef50e3d-a5ad3e59,86.956,87.2,2254,2792,23,23,1.42,0.52,0,0,2498,3000,1021,0,2819,2160
f79f46d3-74a520f1-3039fa3d-eef50e3d-a5ad3e59,87.388,87.64,2321,2813,23,23,1.42,0.61,0,0,2498,3000,1021,0,2819,2160
f79f46d3-74a520f1-3039fa3d-eef50e3d-a5ad3e59,87.67,88.292,2298,2825,23,23,1.43,0.5,0,0,2498,3000,1021,0,2819,2160
f79f46d3-74a520f1-3039fa3d-eef50e3d-a5ad3e59,88.445,88.557,2170,2526,23,23,1.42,0.51,0,0,2498,3000,1021,0,2819,2160
f79f46d3-74a520f1-3039fa3d-eef50e3d-a5ad3e59,88.892,89.085,1752,2353,23,23,1.41,0.61,0,0,2498,3000,1021,0,2819,2160
f79f46d3-74a520f1-3039fa3d-eef50e3d-a5ad3e59,89.113,89.225,1904,2166,23,23,1.41,0.63,0,0,2498,3000,1021,0,2819,2160
f79f46d3-74a520f1-3039fa3d-eef50e3d-a5ad3e59,89.238,89.352,1958,2152,23,23,1.41,0.63,0,0,2498,3000,1021,0,2819,2160
f79f46d3-74a520f1-3039fa3d-eef50e3d-a5ad3e59,89.434,89.615,2164,839,23,23,1.41,0.59,0,0,2498,3000,1021,0,2819,2160
f79f46d3-74a520f1-3039fa3d-eef50e3d-a5ad3e59,89.628,89.977,2125,888,23,23,1.4,0.52,0,0,2498,3000,1021,0,2819,2160
f79f46d3-74a520f1-3039fa3d-eef50e3d-a5ad3e59,90.018,90.339,1977,674,23,23,1.4,0.47,0,0,2498,3000,1021,0,2819,2160
f79f46d3-74a520f1-3039fa3d-eef50e3d-a5ad3e59,90.452,90.672,2238,336,23,23,1.4,0.38,0,0,2498,3000,1021,0,2819,2160
f79f46d3-74a520f1-3039fa3d-eef50e3d-a5ad3e59,90.785,90.922,2240,541,23,23,1.39,0.33,0,0,2498,3000,1021,0,2819,2160
f79f46d3-74a520f1-3039fa3d-eef50e3d-a5ad3e59,90.951,91.187,1921,501,23,23,1.39,0.32,0,0,2498,3000,1021,0,2819,2160
f79f46d3-74a520f1-3039fa3d-eef50e3d-a5ad3e59,91.37,91.536,515,725,23,23,1.39,0.37,0,0,2498,3000,1021,0,2819,2160
f79f46d3-74a520f1-3039fa3d-eef50e3d-a5ad3e59,91.551,91.661,494,724,23,23,1.39,0.44,0,0,2498,3000,1021,0,2819,2160
f79f46d3-74a520f1-3039fa3d-eef50e3d-a5ad3e59,91.9,92.134,1316,2112,23,23,1.39,0.48,0,0,2498,3000,1021,0,2819,2160
f79f46d3-74a520f1-3039fa3d-eef50e3d-a5ad3e59,92.217,92.495,1454,2481,23,23,1.39,0.5,0,0,2498,3000,1021,0,2819,2160
f79f46d3-74a520f1-3039fa3d-eef50e3d-a5ad3e59,92.579,92.79,1449,2800,23,23,1.39,0.54,0,0,2498,3000,1021,0,2819,2160
f79f46d3-74a520f1-3039fa3d-eef50e3d-a5ad3e59,92.818,93.234,1129,2583,23,23,1.4,0.48,0,0,2498,3000,1021,0,2819,2160
f79f46d3-74a520f1-3039fa3d-eef50e3d-a5ad3e59,93.386,93.568,457,2749,23,23,1.4,0.44,0,0,2498,3000,1021,0,2819,2160
f79f46d3-74a520f1-3039fa3d-eef50e3d-a5ad3e59,93.694,93.794,410,2615,23,23,1.39,0.49,0,0,2498,3000,1021,0,2819,2160
f79f46d3-74a520f1-3039fa3d-eef50e3d-a5ad3e59,93.805,93.948,628,2501,23,23,1.39,0.51,0,0,2498,3000,1021,0,2819,2160
f79f46d3-74a520f1-3039fa3d-eef50e3d-a5ad3e59,93.984,94.362,1363,3090,23,23,1.39,0.54,0,0,2498,3000,1021,0,2819,2160
f79f46d3-74a520f1-3039fa3d-eef50e3d-a5ad3e59,94.402,94.571,1202,2929,23,23,1.39,0.58,0,0,2498,3000,1021,0,2819,2160
f79f46d3-74a520f1-3039fa3d-eef50e3d-a5ad3e59,94.736,95.028,1834,2983,23,23,1.39,0.62,0,0,2498,3000,1021,0,2819,2160
f79f46d3-74a520f1-3039fa3d-eef50e3d-a5ad3e59,95.126,95.391,2092,2763,23,23,1.4,0.51,0,0,2498,3000,1021,0,2819,2160
f79f46d3-74a520f1-3039fa3d-eef50e3d-a5ad3e59,95.572,95.683,2136,1727,23,23,1.4,0.46,0,0,2498,3000,1021,0,2819,2160
f79f46d3-74a520f1-3039fa3d-eef50e3d-a5ad3e59,95.697,96.13,2124,1707,23,23,1.4,0.46,0,0,2498,3000,1021,0,2819,2160
f79f46d3-74a520f1-3039fa3d-eef50e3d-a5ad3e59,96.143,96.323,2150,1701,23,23,1.4,0.59,0,0,2498,3000,1021,0,2819,2160
f79f46d3-74a520f1-3039fa3d-eef50e3d-a5ad3e59,96.45,96.575,1997,1507,23,23,1.4,0.59,0,0,2498,3000,1021,0,2819,2160
f79f46d3-74a520f1-3039fa3d-eef50e3d-a5ad3e59,96.643,96.798,1934,1523,23,23,1.39,0.5,0,0,2498,3000,1021,0,2819,2160
f79f46d3-74a520f1-3039fa3d-eef50e3d-a5ad3e59,96.81,97.035,1986,1533,23,23,1.37,0.45,0,0,2498,3000,1021,0,2819,2160
f79f46d3-74a520f1-3039fa3d-eef50e3d-a5ad3e59,97.049,97.34,1989,1581,23,23,1.36,0.34,0,0,2498,3000,1021,0,2819,2160
f79f46d3-74a520f1-3039fa3d-eef50e3d-a5ad3e59,97.436,97.551,1599,1765,23,23,1.37,0.39,0,0,2498,3000,1021,0,2819,2160
f79f46d3-74a520f1-3039fa3d-eef50e3d-a5ad3e59,97.563,97.965,1587,1756,23,23,1.37,0.42,0,0,2498,3000,1021,0,2819,2160
f79f46d3-74a520f1-3039fa3d-eef50e3d-a5ad3e59,98.146,98.301,2064,804,23,23,1.37,0.56,0,0,2498,3000,1021,0,2819,2160
f79f46d3-74a520f1-3039fa3d-eef50e3d-a5ad3e59,98.314,98.578,2071,791,23,23,1.37,0.58,0,0,2498,3000,1021,0,2819,2160
f79f46d3-74a520f1-3039fa3d-eef50e3d-a5ad3e59,98.592,98.773,2184,772,23,23,1.37,0.54,0,0,2498,3000,1021,0,2819,2160
f79f46d3-74a520f1-3039fa3d-eef50e3d-a5ad3e59,98.787,98.899,2126,773,23,23,1.37,0.54,0,0,2498,3000,1021,0,2819,2160
f79f46d3-74a520f1-3039fa3d-eef50e3d-a5ad3e59,98.912,99.024,1868,812,23,23,1.37,0.53,0,0,2498,3000,1021,0,2819,2160
f79f46d3-74a520f1-3039fa3d-eef50e3d-a5ad3e59,99.038,99.191,1923,794,23,23,1.37,0.53,0,0,2498,3000,1021,0,2819,2160
f79f46d3-74a520f1-3039fa3d-eef50e3d-a5ad3e59,99.205,99.513,1960,799,23,23,1.37,0.51,0,0,2498,3000,1021,0,2819,2160
f79f46d3-74a520f1-3039fa3d-eef50e3d-a5ad3e59,99.527,99.735,2341,793,23,23,1.37,0.51,0,0,2498,3000,1021,0,2819,2160
f79f46d3-74a520f1-3039fa3d-eef50e3d-a5ad3e59,99.75,100.04,2393,798,23,23,1.37,0.51,0,0,2498,3000,1021,0,2819,2160
f79f46d3-74a520f1-3039fa3d-eef50e3d-a5ad3e59,100.068,100.263,2007,800,23,23,1.37,0.51,0,0,2498,3000,1021,0,2819,2160
f79f46d3-74a520f1-3039fa3d-eef50e3d-a5ad3e59,100.333,100.458,686,867,23,23,1.37,0.51,0,0,2498,3000,1021,0,2819,2160
f79f46d3-74a520f1-3039fa3d-eef50e3d-a5ad3e59,100.471,100.597,647,862,23,23,1.37,0.51,0,0,2498,3000,1021,0,2819,2160
f79f46d3-74a520f1-3039fa3d-eef50e3d-a5ad3e59,100.736,100.931,912,1550,23,23,1.37,0.51,0,0,2498,3000,1021,0,2819,2160
f79f46d3-74a520f1-3039fa3d-eef50e3d-a5ad3e59,100.947,101.057,902,1547,23,23,1.37,0.51,0,0,2498,3000,1021,0,2819,2160
f79f46d3-74a520f1-3039fa3d-eef50e3d-a5ad3e59,101.1,101.349,1145,1627,23,23,1.37,0.51,0,0,2498,3000,1021,0,2819,2160
f79f46d3-74a520f1-3039fa3d-eef50e3d-a5ad3e59,101.39,101.823,1599,1684,23,23,1.37,0.51,0,0,2498,3000,1021,0,2819,2160
f79f46d3-74a520f1-3039fa3d-eef50e3d-a5ad3e59,101.836,102.033,1576,1667,23,23,1.37,0.51,0,0,2498,3000,1021,0,2819,2160
f79f46d3-74a520f1-3039fa3d-eef50e3d-a5ad3e59,102.199,102.323,2164,2940,23,23,1.37,0.51,0,0,2498,3000,1021,0,2819,2160
f79f46d3-74a520f1-3039fa3d-eef50e3d-a5ad3e59,102.337,102.588,2139,2896,23,23,1.37,0.51,0,0,2498,3000,1021,0,2819,2160
f79f46d3-74a520f1-3039fa3d-eef50e3d-a5ad3e59,102.602,102.713,2070,3015,23,23,1.37,0.51,0,0,2498,3000,1021,0,2819,2160
f79f46d3-74a520f1-3039fa3d-eef50e3d-a5ad3e59,102.729,102.894,2073,2964,23,23,1.37,0.51,0,0,2498,3000,1021,0,2819,2160
f79f46d3-74a520f1-3039fa3d-eef50e3d-a5ad3e59,102.908,103.257,2057,2977,23,23,1.37,0.51,0,0,2498,3000,1021,0,2819,2160
f79f46d3-74a520f1-3039fa3d-eef50e3d-a5ad3e59,103.27,103.549,2032,2965,23,23,1.37,0.51,0,0,2498,3000,1021,0,2819,2160
f79f46d3-74a520f1-3039fa3d-eef50e3d-a5ad3e59,103.562,103.786,1985,2981,23,23,1.37,0.51,0,0,2498,3000,1021,0,2819,2160
f79f46d3-74a520f1-3039fa3d-eef50e3d-a5ad3e59,103.799,103.938,1993,2920,23,23,1.37,0.51,0,0,2498,3000,1021,0,2819,2160
f79f46d3-74a520f1-3039fa3d-eef50e3d-a5ad3e59,103.993,104.104,1599,2898,23,23,1.37,0.51,0,0,2498,3000,1021,0,2819,2160
f79f46d3-74a520f1-3039fa3d-eef50e3d-a5ad3e59,104.188,104.398,866,2795,23,23,1.37,0.51,0,0,2498,3000,1021,0,2819,2160
f79f46d3-74a520f1-3039fa3d-eef50e3d-a5ad3e59,104.427,104.551,909,2856,23,23,1.37,0.51,0,0,2498,3000,1021,0,2819,2160
f79f46d3-74a520f1-3039fa3d-eef50e3d-a5ad3e59,104.578,104.689,1014,2850,23,23,1.37,0.51,0,0,2498,3000,1021,0,2819,2160
f79f46d3-74a520f1-3039fa3d-eef50e3d-a5ad3e59,104.817,104.995,978,2881,23,23,1.34,0.52,0,0,2498,3000,1021,0,2819,2160
f79f46d3-74a520f1-3039fa3d-eef50e3d-a5ad3e59,105.051,105.207,985,2783,23,23,1.3,0.56,0,0,2498,3000,1021,0,2819,2160
f79f46d3-74a520f1-3039fa3d-eef50e3d-a5ad3e59,105.309,105.427,1174,2742,23,23,1.31,0.66,0,0,2498,3000,1021,0,2819,2160
f79f46d3-74a520f1-3039fa3d-eef50e3d-a5ad3e59,105.525,105.678,1889,2639,23,23,1.32,0.68,0,0,2498,3000,1021,0,2819,2160
f79f46d3-74a520f1-3039fa3d-eef50e3d-a5ad3e59,105.803,106.123,1957,2602,23,23,1.32,0.68,0,0,2498,3000,1021,0,2819,2160
f79f46d3-74a520f1-3039fa3d-eef50e3d-a5ad3e59,106.137,106.318,1953,2603,23,23,1.32,0.7,0,0,2498,3000,1021,0,2819,2160
f79f46d3-74a520f1-3039fa3d-eef50e3d-a5ad3e59,106.485,106.597,1068,2626,23,23,1.3,0.68,0,0,2498,3000,1021,0,2819,2160
f79f46d3-74a520f1-3039fa3d-eef50e3d-a5ad3e59,106.61,106.75,1025,2649,23,23,1.29,0.67,0,0,2498,3000,1021,0,2819,2160
f79f46d3-74a520f1-3039fa3d-eef50e3d-a5ad3e59,106.766,107.195,1031,2704,23,23,1.27,0.64,0,0,2498,3000,1021,0,2819,2160
f79f46d3-74a520f1-3039fa3d-eef50e3d-a5ad3e59,107.209,107.391,972,2618,23,23,1.24,0.61,0,0,2498,3000,1021,0,2819,2160
f79f46d3-74a520f1-3039fa3d-eef50e3d-a5ad3e59,107.405,107.808,978,2642,23,23,1.23,0.71,0,0,2498,3000,1021,0,2819,2160
f79f46d3-74a520f1-3039fa3d-eef50e3d-a5ad3e59,107.821,108.101,990,2684,23,23,1.23,0.74,0,0,2498,3000,1021,0,2819,2160
f79f46d3-74a520f1-3039fa3d-eef50e3d-a5ad3e59,108.114,108.378,1008,2713,23,23,1.23,0.74,0,0,2498,3000,1021,0,2819,2160
f79f46d3-74a520f1-3039fa3d-eef50e3d-a5ad3e59,108.406,108.754,1140,2809,23,23,1.23,0.75,0,0,2498,3000,1021,0,2819,2160
f79f46d3-74a520f1-3039fa3d-eef50e3d-a5ad3e59,108.768,109.062,1005,2766,23,23,1.21,0.68,0,0,2498,3000,1021,0,2819,2160
f79f46d3-74a520f1-3039fa3d-eef50e3d-a5ad3e59,109.075,109.311,998,2763,23,23,1.2,0.65,0,0,2498,3000,1021,0,2819,2160
f79f46d3-74a520f1-3039fa3d-eef50e3d-a5ad3e59,109.325,109.508,984,2721,23,23,1.2,0.63,0,0,2498,3000,1021,0,2819,2160
f79f46d3-74a520f1-3039fa3d-eef50e3d-a5ad3e59,109.562,109.786,1926,2667,23,23,1.19,0.69,0,0,2498,3000,1021,0,2819,2160
f79f46d3-74a520f1-3039fa3d-eef50e3d-a5ad3e59,109.8,109.993,1938,2672,23,23,1.19,0.74,0,0,2498,3000,1021,0,2819,2160
f79f46d3-74a520f1-3039fa3d-eef50e3d-a5ad3e59,110.007,110.369,2016,2657,23,23,1.19,0.76,0,0,2498,3000,1021,0,2819,2160
f79f46d3-74a520f1-3039fa3d-eef50e3d-a5ad3e59,110.386,110.786,2011,2667,23,23,1.19,0.81,0,0,2498,3000,1021,0,2819,2160
f79f46d3-74a520f1-3039fa3d-eef50e3d-a5ad3e59,110.856,111.149,951,2651,23,23,1.19,0.91,0,0,2498,3000,1021,0,2819,2160
f79f46d3-74a520f1-3039fa3d-eef50e3d-a5ad3e59,111.203,111.329,984,2668,23,23,1.19,0.97,0,0,2498,3000,1021,0,2819,2160
f79f46d3-74a520f1-3039fa3d-eef50e3d-a5ad3e59,111.343,111.583,1009,2671,23,23,1.19,0.98,0,0,2498,3000,1021,0,2819,2160
f79f46d3-74a520f1-3039fa3d-eef50e3d-a5ad3e59,111.595,111.957,1034,2703,23,23,1.17,1.0,0,0,2498,3000,1021,0,2819,2160
f79f46d3-74a520f1-3039fa3d-eef50e3d-a5ad3e59,111.97,112.249,1025,2716,23,23,1.06,0.91,0,0,2498,3000,1021,0,2819,2160
f79f46d3-74a520f1-3039fa3d-eef50e3d-a5ad3e59,112.262,112.457,1023,2751,23,23,1.04,0.84,0,0,2498,3000,1021,0,2819,2160
f79f46d3-74a520f1-3039fa3d-eef50e3d-a5ad3e59,112.472,112.693,1092,2706,23,23,0.97,0.77,0,0,2498,3000,1021,0,2819,2160
f79f46d3-74a520f1-3039fa3d-eef50e3d-a5ad3e59,112.777,113.334,1937,2645,23,23,0.94,0.68,0,0,2498,3000,1021,0,2819,2160
f79f46d3-74a520f1-3039fa3d-eef50e3d-a5ad3e59,113.347,113.515,1903,2682,23,23,1.01,0.78,0,0,2498,3000,1021,0,2819,2160
f79f46d3-74a520f1-3039fa3d-eef50e3d-a5ad3e59,113.531,113.934,1874,2664,23,23,1.03,0.86,0,0,2498,3000,1021,0,2819,2160
f79f46d3-74a520f1-3039fa3d-eef50e3d-a5ad3e59,113.948,114.309,1884,2710,23,23,1.03,0.99,0,0,2498,3000,1021,0,2819,2160
f79f46d3-74a520f1-3039fa3d-eef50e3d-a5ad3e59,114.336,114.448,1879,2691,23,23,1.03,1.0,0,0,2498,3000,1021,0,2819,2160
f79f46d3-74a520f1-3039fa3d-eef50e3d-a5ad3e59,114.463,114.907,1944,2648,23,23,1.02,1.0,0,0,2498,3000,1021,0,2819,2160
f79f46d3-74a520f1-3039fa3d-eef50e3d-a5ad3e59,114.949,115.171,1838,2245,23,23,0.96,1.0,0,0,2498,3000,1021,0,2819,2160
f79f46d3-74a520f1-3039fa3d-eef50e3d-a5ad3e59,115.213,115.436,1714,2018,23,23,0.96,1.0,0,0,2498,3000,1021,0,2819,2160
f79f46d3-74a520f1-3039fa3d-eef50e3d-a5ad3e59,115.492,115.756,848,1657,23,23,0.96,1.0,0,0,2498,3000,1021,0,2819,2160
f79f46d3-74a520f1-3039fa3d-eef50e3d-a5ad3e59,115.895,116.187,840,1388,23,23,0.96,1.0,0,0,2498,3000,1021,0,2819,2160
f79f46d3-74a520f1-3039fa3d-eef50e3d-a5ad3e59,116.396,116.536,1962,2649,23,23,0.96,1.0,0,0,2498,3000,1021,0,2819,2160
f79f46d3-74a520f1-3039fa3d-eef50e3d-a5ad3e59,116.606,116.814,1838,1524,23,23,0.96,1.0,0,0,2498,3000,1021,0,2819,2160
f79f46d3-74a520f1-3039fa3d-eef50e3d-a5ad3e59,116.913,117.495,1876,1862,23,23,0.96,1.0,0,0,2498,3000,1021,0,2819,2160
f79f46d3-74a520f1-3039fa3d-eef50e3d-a5ad3e59,117.523,117.788,1957,1598,23,23,0.98,0.74,0,0,2498,3000,1021,0,2819,2160
f79f46d3-74a520f1-3039fa3d-eef50e3d-a5ad3e59,117.871,118.402,768,1299,23,23,0.99,0.66,0,0,2498,3000,1021,0,2819,2160
f79f46d3-74a520f1-3039fa3d-eef50e3d-a5ad3e59,118.434,118.75,746,1481,23,23,1.04,0.66,0,0,2498,3000,1021,0,2819,2160
f79f46d3-74a520f1-3039fa3d-eef50e3d-a5ad3e59,119.138,119.276,632,1392,23,23,1.03,0.66,0,0,2498,3000,1021,0,2819,2160
f79f46d3-74a520f1-3039fa3d-eef50e3d-a5ad3e59,119.6,119.723,845,1439,23,23,1.03,0.57,0,0,2498,3000,1021,0,2819,2160
f79f46d3-74a520f1-3039fa3d-eef50e3d-a5ad3e59,119.867,120.654,585,1529,23,23,1.01,0.45,0,0,2498,3000,1021,0,2819,2160
f79f46d3-74a520f1-3039fa3d-eef50e3d-a5ad3e59,120.739,121.309,634,1198,23,23,1.03,0.71,0,0,2498,3000,1021,0,2819,2160
f79f46d3-74a520f1-3039fa3d-eef50e3d-a5ad3e59,121.379,121.547,735,1572,23,23,1.03,0.68,0,0,2498,3000,1021,0,2819,2160
f79f46d3-74a520f1-3039fa3d-eef50e3d-a5ad3e59,121.559,121.894,769,1605,23,23,1.03,0.66,0,0,2498,3000,1021,0,2819,2160
f79f46d3-74a520f1-3039fa3d-eef50e3d-a5ad3e59,122.077,122.312,773,1622,23,23,1.01,0.6,0,0,2498,3000,1021,0,2819,2160
f79f46d3-74a520f1-3039fa3d-eef50e3d-a5ad3e59,122.409,122.83,711,1646,23,23,0.99,0.58,0,0,2498,3000,1021,0,2819,2160
f79f46d3-74a520f1-3039fa3d-eef50e3d-a5ad3e59,122.871,123.066,787,1374,23,23,0.99,0.6,0,0,2498,3000,1021,0,2819,2160
f79f46d3-74a520f1-3039fa3d-eef50e3d-a5ad3e59,123.078,123.245,778,1383,23,23,0.99,0.61,0,0,2498,3000,1021,0,2819,2160
f79f46d3-74a520f1-3039fa3d-eef50e3d-a5ad3e59,123.259,123.469,673,1280,23,23,0.99,0.62,0,0,2498,3000,1021,0,2819,2160
f79f46d3-74a520f1-3039fa3d-eef50e3d-a5ad3e59,123.482,123.69,685,1272,23,23,0.99,0.66,0,0,2498,3000,1021,0,2819,2160
f79f46d3-74a520f1-3039fa3d-eef50e3d-a5ad3e59,124.038,124.14,1976,1389,23,23,0.97,0.6,0,0,2498,3000,1021,0,2819,2160
f79f46d3-74a520f1-3039fa3d-eef50e3d-a5ad3e59,124.443,124.553,2105,1463,23,23,0.99,0.55,0,0,2498,3000,1021,0,2819,2160
f79f46d3-74a520f1-3039fa3d-eef50e3d-a5ad3e59,124.57,124.753,2105,1447,23,23,0.99,0.5,0,0,2498,3000,1021,0,2819,2160
f79f46d3-74a520f1-3039fa3d-eef50e3d-a5ad3e59,124.943,125.096,706,1533,23,23,0.97,0.42,0,0,2498,3000,1021,0,2819,2160
f79f46d3-74a520f1-3039fa3d-eef50e3d-a5ad3e59,125.11,125.221,708,1532,23,23,0.97,0.42,0,0,2498,3000,1021,0,2819,2160
f79f46d3-74a520f1-3039fa3d-eef50e3d-a5ad3e59,125.235,125.388,652,1509,23,23,0.97,0.42,0,0,2498,3000,1021,0,2819,2160
f79f46d3-74a520f1-3039fa3d-eef50e3d-a5ad3e59,125.709,125.819,623,1379,23,23,0.97,0.4,0,0,2498,3000,1021,0,2819,2160
f79f46d3-74a520f1-3039fa3d-eef50e3d-a5ad3e59,126.098,126.348,603,1155,23,23,0.97,0.38,0,0,2498,3000,1021,0,2819,2160
f79f46d3-74a520f1-3039fa3d-eef50e3d-a5ad3e59,126.362,126.516,638,1182,23,23,0.97,0.38,0,0,2498,3000,1021,0,2819,2160
f79f46d3-74a520f1-3039fa3d-eef50e3d-a5ad3e59,126.543,126.794,597,1183,23,23,0.97,0.38,0,0,2498,3000,1021,0,2819,2160
f79f46d3-74a520f1-3039fa3d-eef50e3d-a5ad3e59,126.822,127.281,509,1112,23,23,0.97,0.38,0,0,2498,3000,1021,0,2819,2160
f79f46d3-74a520f1-3039fa3d-eef50e3d-a5ad3e59,127.309,127.476,608,1174,23,23,0.97,0.39,0,0,2498,3000,1021,0,2819,2160
f79f46d3-74a520f1-3039fa3d-eef50e3d-a5ad3e59,127.559,127.67,776,1365,23,23,0.97,0.4,0,0,2498,3000,1021,0,2819,2160
f79f46d3-74a520f1-3039fa3d-eef50e3d-a5ad3e59,127.712,127.838,804,2241,23,23,0.97,0.4,0,0,2498,3000,1021,0,2819,2160
f79f46d3-74a520f1-3039fa3d-eef50e3d-a5ad3e59,128.172,128.298,965,2890,23,23,0.97,0.34,0,0,2498,3000,1021,0,2819,2160
f79f46d3-74a520f1-3039fa3d-eef50e3d-a5ad3e59,128.31,128.45,970,2866,23,23,0.97,0.39,0,0,2498,3000,1021,0,2819,2160
f79f46d3-74a520f1-3039fa3d-eef50e3d-a5ad3e59,128.465,128.603,962,2804,23,23,0.97,0.45,0,0,2498,3000,1021,0,2819,2160
f79f46d3-74a520f1-3039fa3d-eef50e3d-a5ad3e59,128.618,129.05,1007,2780,23,23,0.97,0.49,0,0,2498,3000,1021,0,2819,2160
f79f46d3-74a520f1-3039fa3d-eef50e3d-a5ad3e59,129.063,129.299,1010,2773,23,23,0.96,0.57,0,0,2498,3000,1021,0,2819,2160
f79f46d3-74a520f1-3039fa3d-eef50e3d-a5ad3e59,129.313,129.801,1037,2816,23,23,0.96,0.59,0,0,2498,3000,1021,0,2819,2160
f79f46d3-74a520f1-3039fa3d-eef50e3d-a5ad3e59,129.953,130.108,1839,2786,23,23,0.96,0.59,0,0,2498,3000,1021,0,2819,2160
f79f46d3-74a520f1-3039fa3d-eef50e3d-a5ad3e59,130.121,130.287,1849,2787,23,23,0.96,0.6,0,0,2498,3000,1021,0,2819,2160
f79f46d3-74a520f1-3039fa3d-eef50e3d-a5ad3e59,130.303,130.608,1988,2782,23,23,0.96,0.62,0,0,2498,3000,1021,0,2819,2160
f79f46d3-74a520f1-3039fa3d-eef50e3d-a5ad3e59,130.621,130.886,1971,2781,23,23,0.96,0.64,0,0,2498,3000,1021,0,2819,2160
f79f46d3-74a520f1-3039fa3d-eef50e3d-a5ad3e59,130.97,131.401,2015,2751,23,23,0.96,0.66,0,0,2498,3000,1021,0,2819,2160
f79f46d3-74a520f1-3039fa3d-eef50e3d-a5ad3e59,131.415,131.582,2018,2720,23,23,0.96,0.66,0,0,2498,3000,1021,0,2819,2160
f79f46d3-74a520f1-3039fa3d-eef50e3d-a5ad3e59,131.6,131.75,2033,2726,23,23,0.96,0.66,0,0,2498,3000,1021,0,2819,2160
f79f46d3-74a520f1-3039fa3d-eef50e3d-a5ad3e59,131.82,131.972,1742,2796,23,23,0.96,0.66,0,0,2498,3000,1021,0,2819,2160
f79f46d3-74a520f1-3039fa3d-eef50e3d-a5ad3e59,132.112,132.334,1019,2743,23,23,0.96,0.66,0,0,2498,3000,1021,0,2819,2160
f79f46d3-74a520f1-3039fa3d-eef50e3d-a5ad3e59,132.349,132.529,1026,2797,23,23,0.96,0.66,0,0,2498,3000,1021,0,2819,2160
f79f46d3-74a520f1-3039fa3d-eef50e3d-a5ad3e59,132.556,132.737,1053,2813,23,23,0.96,0.66,0,0,2498,3000,1021,0,2819,2160
f79f46d3-74a520f1-3039fa3d-eef50e3d-a5ad3e59,132.752,133.033,1060,2815,23,23,0.96,0.66,0,0,2498,3000,1021,0,2819,2160
f79f46d3-74a520f1-3039fa3d-eef50e3d-a5ad3e59,133.043,133.185,1053,2813,23,23,0.96,0.66,0,0,2498,3000,1021,0,2819,2160
f79f46d3-74a520f1-3039fa3d-eef50e3d-a5ad3e59,133.21,133.35,1042,2806,23,23,0.96,0.66,0,0,2498,3000,1021,0,2819,2160
f79f46d3-74a520f1-3039fa3d-eef50e3d-a5ad3e59,133.364,133.503,1034,2757,23,23,0.96,0.66,0,0,2498,3000,1021,0,2819,2160
f79f46d3-74a520f1-3039fa3d-eef50e3d-a5ad3e59,133.782,133.964,1922,2798,23,23,0.96,0.66,0,0,2498,3000,1021,0,2819,2160
f79f46d3-74a520f1-3039fa3d-eef50e3d-a5ad3e59,133.977,134.103,1974,2779,23,23,0.96,0.66,0,0,2498,3000,1021,0,2819,2160
f79f46d3-74a520f1-3039fa3d-eef50e3d-a5ad3e59,134.255,134.535,2185,2606,23,23,0.96,0.66,0,0,2498,3000,1021,0,2819,2160
f79f46d3-74a520f1-3039fa3d-eef50e3d-a5ad3e59,134.756,134.882,1633,2342,23,23,0.96,0.66,0,0,2498,3000,1021,0,2819,2160
f79f46d3-74a520f1-3039fa3d-eef50e3d-a5ad3e59,135.064,135.299,1738,2380,23,23,0.97,0.59,0,0,2498,3000,1021,0,2819,2160
f79f46d3-74a520f1-3039fa3d-eef50e3d-a5ad3e59,135.313,135.44,1701,2360,23,23,0.99,0.45,0,0,2498,3000,1021,0,2819,2160
f79f46d3-74a520f1-3039fa3d-eef50e3d-a5ad3e59,135.522,135.646,694,2072,23,23,1.08,0.53,0,0,2498,3000,1021,0,2819,2160
f79f46d3-74a520f1-3039fa3d-eef50e3d-a5ad3e59,135.814,135.953,603,2637,23,23,1.08,0.53,0,0,2498,3000,1021,0,2819,2160
f79f46d3-74a520f1-3039fa3d-eef50e3d-a5ad3e59,136.036,136.231,250,1380,23,23,1.08,0.53,0,0,2498,3000,1021,0,2819,2160
f79f46d3-74a520f1-3039fa3d-eef50e3d-a5ad3e59,136.26,136.371,310,1376,23,23,1.08,0.53,0,0,2498,3000,1021,0,2819,2160
f79f46d3-74a520f1-3039fa3d-eef50e3d-a5ad3e59,136.426,136.651,258,976,23,23,1.08,0.53,0,0,2498,3000,1021,0,2819,2160
f79f46d3-74a520f1-3039fa3d-eef50e3d-a5ad3e59,137.053,137.207,2479,1055,23,23,1.08,0.53,0,0,2498,3000,1021,0,2819,2160
f79f46d3-74a520f1-3039fa3d-eef50e3d-a5ad3e59,137.22,137.374,2443,1039,23,23,1.08,0.53,0,0,2498,3000,1021,0,2819,2160
f79f46d3-74a520f1-3039fa3d-eef50e3d-a5ad3e59,137.457,137.804,2349,2403,23,23,1.08,0.53,0,0,2498,3000,1021,0,2819,2160
f79f46d3-74a520f1-3039fa3d-eef50e3d-a5ad3e59,137.943,138.096,2151,2882,23,23,1.08,0.53,0,0,2498,3000,1021,0,2819,2160
f79f46d3-74a520f1-3039fa3d-eef50e3d-a5ad3e59,138.222,138.625,2071,2873,23,23,1.08,0.53,0,0,2498,3000,1021,0,2819,2160
f79f46d3-74a520f1-3039fa3d-eef50e3d-a5ad3e59,138.639,138.778,1973,2895,23,23,1.08,0.53,0,0,2498,3000,1021,0,2819,2160
f79f46d3-74a520f1-3039fa3d-eef50e3d-a5ad3e59,138.793,139.363,1990,2859,23,23,1.08,0.53,0,0,2498,3000,1021,0,2819,2160
f79f46d3-74a520f1-3039fa3d-eef50e3d-a5ad3e59,139.377,139.489,1970,2851,23,23,1.11,0.65,0,0,2498,3000,1021,0,2819,2160
f79f46d3-74a520f1-3039fa3d-eef50e3d-a5ad3e59,139.532,139.81,1822,2849,23,23,1.11,0.65,0,0,2498,3000,1021,0,2819,2160
f79f46d3-74a520f1-3039fa3d-eef50e3d-a5ad3e59,139.865,139.976,1157,2791,23,23,1.11,0.65,0,0,2498,3000,1021,0,2819,2160
f79f46d3-74a520f1-3039fa3d-eef50e3d-a5ad3e59,139.989,140.101,1128,2777,23,23,1.11,0.65,0,0,2498,3000,1021,0,2819,2160
f79f46d3-74a520f1-3039fa3d-eef50e3d-a5ad3e59,140.116,140.323,1075,2810,23,23,1.11,0.65,0,0,2498,3000,1021,0,2819,2160
f79f46d3-74a520f1-3039fa3d-eef50e3d-a5ad3e59,140.337,140.449,1058,2828,23,23,1.11,0.65,0,0,2498,3000,1021,0,2819,2160
f79f46d3-74a520f1-3039fa3d-eef50e3d-a5ad3e59,140.466,140.769,1151,2820,23,23,1.11,0.65,0,0,2498,3000,1021,0,2819,2160
f79f46d3-74a520f1-3039fa3d-eef50e3d-a5ad3e59,140.784,141.118,1122,2848,23,23,1.11,0.65,0,0,2498,3000,1021,0,2819,2160
f79f46d3-74a520f1-3039fa3d-eef50e3d-a5ad3e59,141.173,141.409,1892,2911,23,23,1.11,0.65,0,0,2498,3000,1021,0,2819,2160
f79f46d3-74a520f1-3039fa3d-eef50e3d-a5ad3e59,141.423,141.633,1924,2903,23,23,1.11,0.65,0,0,2498,3000,1021,0,2819,2160
f79f46d3-74a520f1-3039fa3d-eef50e3d-a5ad3e59,141.648,141.799,1910,2883,23,23,1.11,0.65,0,0,2498,3000,1021,0,2819,2160
f79f46d3-74a520f1-3039fa3d-eef50e3d-a5ad3e59,141.813,142.037,1958,2878,23,23,1.11,0.65,0,0,2498,3000,1021,0,2819,2160
f79f46d3-74a520f1-3039fa3d-eef50e3d-a5ad3e59,142.051,142.204,1971,2859,23,23,1.11,0.65,0,0,2498,3000,1021,0,2819,2160
f79f46d3-74a520f1-3039fa3d-eef50e3d-a5ad3e59,142.233,142.414,2118,2764,23,23,1.11,0.65,0,0,2498,3000,1021,0,2819,2160
f79f46d3-74a520f1-3039fa3d-eef50e3d-a5ad3e59,142.62,142.745,2336,978,23,23,1.11,0.65,0,0,2498,3000,1021,0,2819,2160
f79f46d3-74a520f1-3039fa3d-eef50e3d-a5ad3e59,142.76,142.912,2326,951,23,23,1.11,0.65,0,0,2498,3000,1021,0,2819,2160
f79f46d3-74a520f1-3039fa3d-eef50e3d-a5ad3e59,143.024,143.163,1867,1541,23,23,1.11,0.65,0,0,2498,3000,1021,0,2819,2160
f79f46d3-74a520f1-3039fa3d-eef50e3d-a5ad3e59,143.636,143.775,509,923,23,23,1.11,0.65,0,0,2498,3000,1021,0,2819,2160
f79f46d3-74a520f1-3039fa3d-eef50e3d-a5ad3e59,143.789,144.04,519,952,23,23,1.11,0.65,0,0,2498,3000,1021,0,2819,2160
f79f46d3-74a520f1-3039fa3d-eef50e3d-a5ad3e59,144.112,144.291,1495,1532,23,23,1.11,0.65,0,0,2498,3000,1021,0,2819,2160
1793e4df-5b1fd824-cb5d0f43-bc3531f4-40cf6c54,0.0,0.419,1740,1267,27,27,1.0,0.5,0,0,3000,2498,623,0,3217,2160
1793e4df-5b1fd824-cb5d0f43-bc3531f4-40cf6c54,0.599,0.738,1683,2456,27,27,1.0,0.5,0,0,3000,2498,623,0,3217,2160
1793e4df-5b1fd824-cb5d0f43-bc3531f4-40cf6c54,0.836,0.99,1307,1780,27,27,1.0,0.5,0,0,3000,2498,623,0,3217,2160
1793e4df-5b1fd824-cb5d0f43-bc3531f4-40cf6c54,1.044,1.169,1438,1606,27,27,1.0,0.5,0,0,3000,2498,623,0,3217,2160
1793e4df-5b1fd824-cb5d0f43-bc3531f4-40cf6c54,1.587,1.699,1363,1179,27,27,1.0,0.5,0,0,3000,2498,623,0,3217,2160
1793e4df-5b1fd824-cb5d0f43-bc3531f4-40cf6c54,1.713,1.824,1405,1170,27,27,1.0,0.5,0,0,3000,2498,623,0,3217,2160
1793e4df-5b1fd824-cb5d0f43-bc3531f4-40cf6c54,2.102,2.214,2226,1208,27,27,1.0,0.5,0,0,3000,2498,623,0,3217,2160
1793e4df-5b1fd824-cb5d0f43-bc3531f4-40cf6c54,2.603,2.882,863,2165,27,27,1.0,0.5,0,0,3000,2498,623,0,3217,2160
1793e4df-5b1fd824-cb5d0f43-bc3531f4-40cf6c54,3.049,3.174,1151,2355,27,27,1.0,0.5,0,0,3000,2498,623,0,3217,2160
1793e4df-5b1fd824-cb5d0f43-bc3531f4-40cf6c54,3.188,3.327,1151,2303,27,27,1.0,0.5,0,0,3000,2498,623,0,3217,2160
1793e4df-5b1fd824-cb5d0f43-bc3531f4-40cf6c54,3.341,3.62,1161,2345,27,27,1.0,0.5,0,0,3000,2498,623,0,3217,2160
1793e4df-5b1fd824-cb5d0f43-bc3531f4-40cf6c54,3.689,3.814,1053,2372,27,27,1.0,0.5,0,0,3000,2498,623,0,3217,2160
1793e4df-5b1fd824-cb5d0f43-bc3531f4-40cf6c54,3.829,3.995,1064,2360,27,27,1.0,0.5,0,0,3000,2498,623,0,3217,2160
1793e4df-5b1fd824-cb5d0f43-bc3531f4-40cf6c54,4.107,4.33,2406,2295,27,27,1.0,0.5,0,0,3000,2498,623,0,3217,2160
1793e4df-5b1fd824-cb5d0f43-bc3531f4-40cf6c54,4.414,4.859,2344,2327,27,27,1.0,0.5,0,0,3000,2498,623,0,3217,2160
1793e4df-5b1fd824-cb5d0f43-bc3531f4-40cf6c54,5.206,5.318,330,998,27,27,1.0,0.5,0,0,3000,2498,623,0,3217,2160
1793e4df-5b1fd824-cb5d0f43-bc3531f4-40cf6c54,5.694,5.819,719,683,27,27,1.0,0.5,0,0,3000,2498,623,0,3217,2160
1793e4df-5b1fd824-cb5d0f43-bc3531f4-40cf6c54,5.847,5.986,432,640,27,27,1.0,0.5,0,0,3000,2498,623,0,3217,2160
1793e4df-5b1fd824-cb5d0f43-bc3531f4-40cf6c54,6.111,6.348,424,1316,27,27,1.0,0.5,0,0,3000,2498,623,0,3217,2160
1793e4df-5b1fd824-cb5d0f43-bc3531f4-40cf6c54,6.529,6.905,392,883,27,27,1.0,0.5,0,0,3000,2498,623,0,3217,2160
1793e4df-5b1fd824-cb5d0f43-bc3531f4-40cf6c54,6.933,7.253,425,766,27,27,1.0,0.5,0,0,3000,2498,623,0,3217,2160
1793e4df-5b1fd824-cb5d0f43-bc3531f4-40cf6c54,7.322,7.518,446,1472,27,27,1.0,0.5,0,0,3000,2498,623,0,3217,2160
1793e4df-5b1fd824-cb5d0f43-bc3531f4-40cf6c54,7.559,7.727,590,1935,27,27,1.0,0.5,0,0,3000,2498,623,0,3217,2160
1793e4df-5b1fd824-cb5d0f43-bc3531f4-40cf6c54,7.782,7.908,1577,1926,27,27,1.0,0.5,0,0,3000,2498,623,0,3217,2160
1793e4df-5b1fd824-cb5d0f43-bc3531f4-40cf6c54,7.921,8.033,1614,1925,27,27,1.0,0.5,0,0,3000,2498,623,0,3217,2160
1793e4df-5b1fd824-cb5d0f43-bc3531f4-40cf6c54,8.088,8.214,1388,2111,27,27,1.0,0.5,0,0,3000,2498,623,0,3217,2160
1793e4df-5b1fd824-cb5d0f43-bc3531f4-40cf6c54,8.366,8.534,1304,1180,27,27,1.0,0.5,0,0,3000,2498,623,0,3217,2160
1793e4df-5b1fd824-cb5d0f43-bc3531f4-40cf6c54,8.589,8.77,1442,1166,27,27,1.0,0.5,0,0,3000,2498,623,0,3217,2160
1793e4df-5b1fd824-cb5d0f43-bc3531f4-40cf6c54,9.786,9.911,1935,2026,27,27,1.0,0.5,0,0,3000,2498,623,0,3217,2160
1793e4df-5b1fd824-cb5d0f43-bc3531f4-40cf6c54,10.106,10.232,1712,1414,27,27,1.0,0.5,0,0,3000,2498,623,0,3217,2160
1793e4df-5b1fd824-cb5d0f43-bc3531f4-40cf6c54,10.273,10.511,1262,1257,27,27,1.0,0.5,0,0,3000,2498,623,0,3217,2160
1793e4df-5b1fd824-cb5d0f43-bc3531f4-40cf6c54,10.538,10.663,1306,1143,27,27,1.0,0.5,0,0,3000,2498,623,0,3217,2160
1793e4df-5b1fd824-cb5d0f43-bc3531f4-40cf6c54,10.677,10.844,1316,1103,27,27,1.0,0.5,0,0,3000,2498,623,0,3217,2160
1793e4df-5b1fd824-cb5d0f43-bc3531f4-40cf6c54,10.858,10.983,1295,1086,27,27,1.0,0.5,0,0,3000,2498,623,0,3217,2160
1793e4df-5b1fd824-cb5d0f43-bc3531f4-40cf6c54,10.998,11.136,1333,1093,27,27,1.0,0.5,0,0,3000,2498,623,0,3217,2160
1793e4df-5b1fd824-cb5d0f43-bc3531f4-40cf6c54,11.15,11.443,1317,1321,27,27,1.0,0.5,0,0,3000,2498,623,0,3217,2160
1793e4df-5b1fd824-cb5d0f43-bc3531f4-40cf6c54,11.485,11.61,2074,1075,27,27,1.0,0.5,0,0,3000,2498,623,0,3217,2160
1793e4df-5b1fd824-cb5d0f43-bc3531f4-40cf6c54,11.624,11.749,2074,1097,27,27,1.0,0.5,0,0,3000,2498,623,0,3217,2160
1793e4df-5b1fd824-cb5d0f43-bc3531f4-40cf6c54,11.763,11.917,2041,1210,27,27,1.0,0.5,0,0,3000,2498,623,0,3217,2160
1793e4df-5b1fd824-cb5d0f43-bc3531f4-40cf6c54,12.083,12.25,2198,480,27,27,1.0,0.5,0,0,3000,2498,623,0,3217,2160
1793e4df-5b1fd824-cb5d0f43-bc3531f4-40cf6c54,12.376,12.584,848,579,27,27,1.0,0.5,0,0,3000,2498,623,0,3217,2160
1793e4df-5b1fd824-cb5d0f43-bc3531f4-40cf6c54,12.737,12.988,1210,1721,27,27,1.0,0.5,0,0,3000,2498,623,0,3217,2160
1793e4df-5b1fd824-cb5d0f43-bc3531f4-40cf6c54,13.002,13.266,1251,1691,27,27,1.0,0.5,0,0,3000,2498,623,0,3217,2160
1793e4df-5b1fd824-cb5d0f43-bc3531f4-40cf6c54,13.394,13.576,2634,1596,27,27,1.0,0.5,0,0,3000,2498,623,0,3217,2160
1793e4df-5b1fd824-cb5d0f43-bc3531f4-40cf6c54,13.601,13.739,2763,2040,27,27,1.0,0.5,0,0,3000,2498,623,0,3217,2160
1793e4df-5b1fd824-cb5d0f43-bc3531f4-40cf6c54,13.753,13.91,2705,2113,27,27,1.0,0.5,0,0,3000,2498,623,0,3217,2160
1793e4df-5b1fd824-cb5d0f43-bc3531f4-40cf6c54,13.92,14.129,2658,1953,27,27,1.0,0.5,0,0,3000,2498,623,0,3217,2160
1793e4df-5b1fd824-cb5d0f43-bc3531f4-40cf6c54,14.24,14.379,1890,1972,27,27,1.0,0.5,0,0,3000,2498,623,0,3217,2160
1793e4df-5b1fd824-cb5d0f43-bc3531f4-40cf6c54,14.394,14.495,1918,1977,27,27,1.0,0.5,0,0,3000,2498,623,0,3217,2160
1793e4df-5b1fd824-cb5d0f43-bc3531f4-40cf6c54,14.522,14.686,1712,1996,27,27,0.95,0.56,0,0,3000,2498,623,0,3217,2160
1793e4df-5b1fd824-cb5d0f43-bc3531f4-40cf6c54,14.713,14.867,1896,1941,27,27,0.89,0.69,0,0,3000,2498,623,0,3217,2160
1793e4df-5b1fd824-cb5d0f43-bc3531f4-40cf6c54,14.881,15.355,1919,1898,27,27,0.89,0.69,0,0,3000,2498,623,0,3217,2160
1793e4df-5b1fd824-cb5d0f43-bc3531f4-40cf6c54,15.37,15.509,2001,1751,27,27,1.12,0.44,0,0,3000,2498,623,0,3217,2160
1793e4df-5b1fd824-cb5d0f43-bc3531f4-40cf6c54,15.523,15.801,2022,1730,27,27,1.22,0.36,0,0,3000,2498,623,0,3217,2160
1793e4df-5b1fd824-cb5d0f43-bc3531f4-40cf6c54,15.842,16.106,2344,1331,27,27,1.48,0.48,0,0,3000,2498,623,0,3217,2160
1793e4df-5b1fd824-cb5d0f43-bc3531f4-40cf6c54,16.148,16.384,2371,1953,27,27,1.54,0.6,0,0,3000,2498,623,0,3217,2160
1793e4df-5b1fd824-cb5d0f43-bc3531f4-40cf6c54,16.496,16.678,1592,1983,27,27,1.56,0.64,0,0,3000,2498,623,0,3217,2160
1793e4df-5b1fd824-cb5d0f43-bc3531f4-40cf6c54,16.718,16.983,1227,1775,27,27,1.6,0.58,0,0,3000,2498,623,0,3217,2160
1793e4df-5b1fd824-cb5d0f43-bc3531f4-40cf6c54,16.997,17.166,1234,1740,27,27,1.63,0.54,0,0,3000,2498,623,0,3217,2160
1793e4df-5b1fd824-cb5d0f43-bc3531f4-40cf6c54,17.192,17.344,1345,1785,27,27,1.65,0.46,0,0,3000,2498,623,0,3217,2160
1793e4df-5b1fd824-cb5d0f43-bc3531f4-40cf6c54,17.428,17.944,1284,1779,27,27,1.65,0.44,0,0,3000,2498,623,0,3217,2160
1793e4df-5b1fd824-cb5d0f43-bc3531f4-40cf6c54,17.957,18.194,1296,1789,27,27,1.62,0.52,0,0,3000,2498,623,0,3217,2160
1793e4df-5b1fd824-cb5d0f43-bc3531f4-40cf6c54,18.333,18.669,1312,1093,27,27,1.62,0.57,0,0,3000,2498,623,0,3217,2160
1793e4df-5b1fd824-cb5d0f43-bc3531f4-40cf6c54,18.695,18.945,1357,1706,27,27,1.62,0.6,0,0,3000,2498,623,0,3217,2160
1793e4df-5b1fd824-cb5d0f43-bc3531f4-40cf6c54,18.961,19.307,1283,1712,27,27,1.62,0.56,0,0,3000,2498,623,0,3217,2160
1793e4df-5b1fd824-cb5d0f43-bc3531f4-40cf6c54,19.323,19.6,1305,1753,27,27,1.63,0.46,0,0,3000,2498,623,0,3217,2160
1793e4df-5b1fd824-cb5d0f43-bc3531f4-40cf6c54,19.655,20.031,893,1004,27,27,1.63,0.43,0,0,3000,2498,623,0,3217,2160
1793e4df-5b1fd824-cb5d0f43-bc3531f4-40cf6c54,20.201,20.303,894,1265,27,27,1.64,0.39,0,0,3000,2498,623,0,3217,2160
1793e4df-5b1fd824-cb5d0f43-bc3531f4-40cf6c54,20.408,20.576,945,1299,27,27,1.65,0.37,0,0,3000,2498,623,0,3217,2160
1793e4df-5b1fd824-cb5d0f43-bc3531f4-40cf6c54,20.769,20.88,2547,988,27,27,1.66,0.35,0,0,3000,2498,623,0,3217,2160
1793e4df-5b1fd824-cb5d0f43-bc3531f4-40cf6c54,21.104,21.353,2754,602,27,27,1.67,0.29,0,0,3000,2498,623,0,3217,2160
1793e4df-5b1fd824-cb5d0f43-bc3531f4-40cf6c54,21.437,21.551,2592,674,27,27,1.67,0.29,0,0,3000,2498,623,0,3217,2160
1793e4df-5b1fd824-cb5d0f43-bc3531f4-40cf6c54,21.731,21.883,2594,744,27,27,1.7,0.36,0,0,3000,2498,623,0,3217,2160
1793e4df-5b1fd824-cb5d0f43-bc3531f4-40cf6c54,21.896,22.009,2587,705,27,27,1.7,0.36,0,0,3000,2498,623,0,3217,2160
1793e4df-5b1fd824-cb5d0f43-bc3531f4-40cf6c54,22.023,22.175,2656,858,27,27,1.7,0.32,0,0,3000,2498,623,0,3217,2160
1793e4df-5b1fd824-cb5d0f43-bc3531f4-40cf6c54,22.662,22.843,1107,1159,27,27,1.73,0.28,0,0,3000,2498,623,0,3217,2160
1793e4df-5b1fd824-cb5d0f43-bc3531f4-40cf6c54,22.856,22.984,1121,1186,27,27,1.73,0.31,0,0,3000,2498,623,0,3217,2160
1793e4df-5b1fd824-cb5d0f43-bc3531f4-40cf6c54,23.01,23.247,1202,1681,27,27,1.73,0.32,0,0,3000,2498,623,0,3217,2160
1793e4df-5b1fd824-cb5d0f43-bc3531f4-40cf6c54,23.303,23.552,1322,1985,27,27,1.74,0.38,0,0,3000,2498,623,0,3217,2160
1793e4df-5b1fd824-cb5d0f43-bc3531f4-40cf6c54,23.608,23.804,1386,2057,27,27,1.74,0.41,0,0,3000,2498,623,0,3217,2160
1793e4df-5b1fd824-cb5d0f43-bc3531f4-40cf6c54,23.831,24.028,1432,2033,27,27,1.75,0.42,0,0,3000,2498,623,0,3217,2160
1793e4df-5b1fd824-cb5d0f43-bc3531f4-40cf6c54,24.068,24.221,1808,2017,27,27,1.76,0.42,0,0,3000,2498,623,0,3217,2160
1793e4df-5b1fd824-cb5d0f43-bc3531f4-40cf6c54,24.335,24.64,2067,2028,27,27,1.75,0.46,0,0,3000,2498,623,0,3217,2160
1793e4df-5b1fd824-cb5d0f43-bc3531f4-40cf6c54,24.653,24.905,2062,2035,27,27,1.75,0.48,0,0,3000,2498,623,0,3217,2160
1793e4df-5b1fd824-cb5d0f43-bc3531f4-40cf6c54,24.918,25.099,2013,2066,27,27,1.77,0.47,0,0,3000,2498,623,0,3217,2160
1793e4df-5b1fd824-cb5d0f43-bc3531f4-40cf6c54,25.128,25.404,1743,2292,27,27,1.77,0.41,0,0,3000,2498,623,0,3217,2160
1793e4df-5b1fd824-cb5d0f43-bc3531f4-40cf6c54,25.418,25.571,1754,2283,27,27,1.77,0.35,0,0,3000,2498,623,0,3217,2160
1793e4df-5b1fd824-cb5d0f43-bc3531f4-40cf6c54,25.587,25.852,1735,2296,27,27,1.77,0.31,0,0,3000,2498,623,0,3217,2160
1793e4df-5b1fd824-cb5d0f43-bc3531f4-40cf6c54,25.933,26.045,1845,2304,27,27,1.77,0.33,0,0,3000,2498,623,0,3217,2160
1793e4df-5b1fd824-cb5d0f43-bc3531f4-40cf6c54,26.073,26.183,1910,2339,27,27,1.76,0.37,0,0,3000,2498,623,0,3217,2160
1793e4df-5b1fd824-cb5d0f43-bc3531f4-40cf6c54,26.197,26.56,1878,2386,27,27,1.76,0.42,0,0,3000,2498,623,0,3217,2160
1793e4df-5b1fd824-cb5d0f43-bc3531f4-40cf6c54,26.615,26.824,1716,2345,27,27,1.76,0.46,0,0,3000,2498,623,0,3217,2160
1793e4df-5b1fd824-cb5d0f43-bc3531f4-40cf6c54,27.102,27.242,1745,2433,27,27,1.76,0.46,0,0,3000,2498,623,0,3217,2160
1793e4df-5b1fd824-cb5d0f43-bc3531f4-40cf6c54,27.297,27.436,1755,2445,27,27,1.76,0.46,0,0,3000,2498,623,0,3217,2160
1793e4df-5b1fd824-cb5d0f43-bc3531f4-40cf6c54,27.603,27.745,1031,2141,27,27,1.76,0.46,0,0,3000,2498,623,0,3217,2160
1793e4df-5b1fd824-cb5d0f43-bc3531f4-40cf6c54,27.76,27.91,985,2164,27,27,1.76,0.44,0,0,3000,2498,623,0,3217,2160
1793e4df-5b1fd824-cb5d0f43-bc3531f4-40cf6c54,28.063,28.217,1448,2039,27,27,1.75,0.43,0,0,3000,2498,623,0,3217,2160
1793e4df-5b1fd824-cb5d0f43-bc3531f4-40cf6c54,28.286,28.438,1751,2374,27,27,1.75,0.43,0,0,3000,2498,623,0,3217,2160
1793e4df-5b1fd824-cb5d0f43-bc3531f4-40cf6c54,28.773,28.884,1932,2304,27,27,1.75,0.5,0,0,3000,2498,623,0,3217,2160
1793e4df-5b1fd824-cb5d0f43-bc3531f4-40cf6c54,29.107,29.234,1613,2235,27,27,1.72,0.5,0,0,3000,2498,623,0,3217,2160
1793e4df-5b1fd824-cb5d0f43-bc3531f4-40cf6c54,29.346,29.553,498,2076,27,27,1.68,0.52,0,0,3000,2498,623,0,3217,2160
1793e4df-5b1fd824-cb5d0f43-bc3531f4-40cf6c54,29.858,30.082,1616,1974,27,27,1.68,0.61,0,0,3000,2498,623,0,3217,2160
1793e4df-5b1fd824-cb5d0f43-bc3531f4-40cf6c54,30.209,30.43,1720,2033,27,27,1.75,0.51,0,0,3000,2498,623,0,3217,2160
1793e4df-5b1fd824-cb5d0f43-bc3531f4-40cf6c54,30.501,30.749,1745,1814,27,27,1.74,0.39,0,0,3000,2498,623,0,3217,2160
1793e4df-5b1fd824-cb5d0f43-bc3531f4-40cf6c54,30.763,30.93,1730,1843,27,27,1.74,0.37,0,0,3000,2498,623,0,3217,2160
1793e4df-5b1fd824-cb5d0f43-bc3531f4-40cf6c54,31.0,31.138,1783,2438,27,27,1.74,0.33,0,0,3000,2498,623,0,3217,2160
1793e4df-5b1fd824-cb5d0f43-bc3531f4-40cf6c54,31.153,31.348,1773,2424,27,27,1.74,0.33,0,0,3000,2498,623,0,3217,2160
1793e4df-5b1fd824-cb5d0f43-bc3531f4-40cf6c54,31.433,31.709,1732,2368,27,27,1.68,0.43,0,0,3000,2498,623,0,3217,2160
1793e4df-5b1fd824-cb5d0f43-bc3531f4-40cf6c54,31.724,31.918,1747,2357,27,27,1.68,0.51,0,0,3000,2498,623,0,3217,2160
1793e4df-5b1fd824-cb5d0f43-bc3531f4-40cf6c54,31.96,32.115,1800,2293,27,27,1.68,0.51,0,0,3000,2498,623,0,3217,2160
1793e4df-5b1fd824-cb5d0f43-bc3531f4-40cf6c54,32.308,32.419,1708,1620,27,27,1.67,0.57,0,0,3000,2498,623,0,3217,2160
1793e4df-5b1fd824-cb5d0f43-bc3531f4-40cf6c54,32.532,32.769,1464,1340,27,27,1.69,0.53,0,0,3000,2498,623,0,3217,2160
1793e4df-5b1fd824-cb5d0f43-bc3531f4-40cf6c54,32.796,33.354,1658,1362,27,27,1.7,0.47,0,0,3000,2498,623,0,3217,2160
1793e4df-5b1fd824-cb5d0f43-bc3531f4-40cf6c54,33.368,33.505,1627,1459,27,27,1.71,0.27,0,0,3000,2498,623,0,3217,2160
1793e4df-5b1fd824-cb5d0f43-bc3531f4-40cf6c54,33.521,33.73,1612,1453,27,27,1.71,0.2,0,0,3000,2498,623,0,3217,2160
1793e4df-5b1fd824-cb5d0f43-bc3531f4-40cf6c54,33.744,34.161,1655,1481,27,27,1.65,0.32,0,0,3000,2498,623,0,3217,2160
1793e4df-5b1fd824-cb5d0f43-bc3531f4-40cf6c54,34.175,34.356,1571,1473,27,27,1.63,0.44,0,0,3000,2498,623,0,3217,2160
1793e4df-5b1fd824-cb5d0f43-bc3531f4-40cf6c54,34.369,34.494,1575,1453,27,27,1.63,0.48,0,0,3000,2498,623,0,3217,2160
1793e4df-5b1fd824-cb5d0f43-bc3531f4-40cf6c54,34.564,34.772,1462,1765,27,27,1.61,0.5,0,0,3000,2498,623,0,3217,2160
1793e4df-5b1fd824-cb5d0f43-bc3531f4-40cf6c54,34.815,34.954,1305,1133,27,27,1.61,0.57,0,0,3000,2498,623,0,3217,2160
1793e4df-5b1fd824-cb5d0f43-bc3531f4-40cf6c54,34.967,35.165,1295,1133,27,27,1.6,0.58,0,0,3000,2498,623,0,3217,2160
1793e4df-5b1fd824-cb5d0f43-bc3531f4-40cf6c54,35.245,35.37,1378,1826,27,27,1.59,0.6,0,0,3000,2498,623,0,3217,2160
1793e4df-5b1fd824-cb5d0f43-bc3531f4-40cf6c54,35.384,35.595,1408,1856,27,27,1.59,0.61,0,0,3000,2498,623,0,3217,2160
1793e4df-5b1fd824-cb5d0f43-bc3531f4-40cf6c54,35.629,35.83,1321,1833,27,27,1.62,0.56,0,0,3000,2498,623,0,3217,2160
1793e4df-5b1fd824-cb5d0f43-bc3531f4-40cf6c54,35.844,36.095,1349,1800,27,27,1.66,0.5,0,0,3000,2498,623,0,3217,2160
1793e4df-5b1fd824-cb5d0f43-bc3531f4-40cf6c54,36.15,36.276,977,1514,27,27,1.66,0.5,0,0,3000,2498,623,0,3217,2160
1793e4df-5b1fd824-cb5d0f43-bc3531f4-40cf6c54,36.418,36.547,881,988,27,27,1.69,0.46,0,0,3000,2498,623,0,3217,2160
1793e4df-5b1fd824-cb5d0f43-bc3531f4-40cf6c54,36.583,36.693,889,991,27,27,1.69,0.43,0,0,3000,2498,623,0,3217,2160
1793e4df-5b1fd824-cb5d0f43-bc3531f4-40cf6c54,36.763,36.874,748,810,27,27,1.69,0.42,0,0,3000,2498,623,0,3217,2160
1793e4df-5b1fd824-cb5d0f43-bc3531f4-40cf6c54,36.888,37.015,781,837,27,27,1.69,0.42,0,0,3000,2498,623,0,3217,2160
1793e4df-5b1fd824-cb5d0f43-bc3531f4-40cf6c54,37.111,37.628,1244,1190,27,27,1.67,0.46,0,0,3000,2498,623,0,3217,2160
1793e4df-5b1fd824-cb5d0f43-bc3531f4-40cf6c54,37.682,38.029,1345,1135,27,27,1.61,0.56,0,0,3000,2498,623,0,3217,2160
1793e4df-5b1fd824-cb5d0f43-bc3531f4-40cf6c54,38.044,38.268,1341,1123,27,27,1.6,0.58,0,0,3000,2498,623,0,3217,2160
1793e4df-5b1fd824-cb5d0f43-bc3531f4-40cf6c54,38.296,38.6,1268,986,27,27,1.63,0.5,0,0,3000,2498,623,0,3217,2160
1793e4df-5b1fd824-cb5d0f43-bc3531f4-40cf6c54,38.643,38.77,1347,1086,27,27,1.64,0.47,0,0,3000,2498,623,0,3217,2160
1793e4df-5b1fd824-cb5d0f43-bc3531f4-40cf6c54,38.893,38.995,2548,1461,27,27,1.64,0.44,0,0,3000,2498,623,0,3217,2160
1793e4df-5b1fd824-cb5d0f43-bc3531f4-40cf6c54,39.103,39.228,2368,1522,27,27,1.62,0.46,0,0,3000,2498,623,0,3217,2160
1793e4df-5b1fd824-cb5d0f43-bc3531f4-40cf6c54,39.243,39.408,2343,1557,27,27,1.59,0.54,0,0,3000,2498,623,0,3217,2160
1793e4df-5b1fd824-cb5d0f43-bc3531f4-40cf6c54,39.421,39.575,2404,1691,27,27,1.58,0.58,0,0,3000,2498,623,0,3217,2160
1793e4df-5b1fd824-cb5d0f43-bc3531f4-40cf6c54,39.631,39.769,2405,1636,27,27,1.58,0.58,0,0,3000,2498,623,0,3217,2160
1793e4df-5b1fd824-cb5d0f43-bc3531f4-40cf6c54,39.825,40.019,2394,1675,27,27,1.58,0.58,0,0,3000,2498,623,0,3217,2160
1793e4df-5b1fd824-cb5d0f43-bc3531f4-40cf6c54,40.284,40.604,2361,1743,27,27,1.62,0.53,0,0,3000,2498,623,0,3217,2160
1793e4df-5b1fd824-cb5d0f43-bc3531f4-40cf6c54,40.675,40.911,1919,1903,27,27,1.62,0.53,0,0,3000,2498,623,0,3217,2160
1793e4df-5b1fd824-cb5d0f43-bc3531f4-40cf6c54,40.925,41.481,1922,1895,27,27,1.62,0.51,0,0,3000,2498,623,0,3217,2160
1793e4df-5b1fd824-cb5d0f43-bc3531f4-40cf6c54,41.495,41.639,1931,1909,27,27,1.59,0.53,0,0,3000,2498,623,0,3217,2160
1793e4df-5b1fd824-cb5d0f43-bc3531f4-40cf6c54,41.656,41.814,1912,1870,27,27,1.58,0.58,0,0,3000,2498,623,0,3217,2160
1793e4df-5b1fd824-cb5d0f43-bc3531f4-40cf6c54,41.872,42.095,2010,1704,27,27,1.58,0.59,0,0,3000,2498,623,0,3217,2160
1793e4df-5b1fd824-cb5d0f43-bc3531f4-40cf6c54,42.177,42.332,2740,742,27,27,1.62,0.56,0,0,3000,2498,623,0,3217,2160
1793e4df-5b1fd824-cb5d0f43-bc3531f4-40cf6c54,42.387,42.706,2599,653,27,27,1.64,0.51,0,0,3000,2498,623,0,3217,2160
1793e4df-5b1fd824-cb5d0f43-bc3531f4-40cf6c54,42.761,42.929,2319,819,27,27,1.65,0.49,0,0,3000,2498,623,0,3217,2160
1793e4df-5b1fd824-cb5d0f43-bc3531f4-40cf6c54,42.999,43.14,2546,445,27,27,1.65,0.46,0,0,3000,2498,623,0,3217,2160
1793e4df-5b1fd824-cb5d0f43-bc3531f4-40cf6c54,43.319,43.447,1153,1004,27,27,1.65,0.43,0,0,3000,2498,623,0,3217,2160
1793e4df-5b1fd824-cb5d0f43-bc3531f4-40cf6c54,43.569,44.058,1309,1197,27,27,1.62,0.49,0,0,3000,2498,623,0,3217,2160
1793e4df-5b1fd824-cb5d0f43-bc3531f4-40cf6c54,44.293,44.474,1325,1190,27,27,1.56,0.56,0,0,3000,2498,623,0,3217,2160
1793e4df-5b1fd824-cb5d0f43-bc3531f4-40cf6c54,44.488,44.669,1307,1183,27,27,1.56,0.52,0,0,3000,2498,623,0,3217,2160
1793e4df-5b1fd824-cb5d0f43-bc3531f4-40cf6c54,44.683,45.212,1352,1221,27,27,1.57,0.51,0,0,3000,2498,623,0,3217,2160
1793e4df-5b1fd824-cb5d0f43-bc3531f4-40cf6c54,45.227,45.352,1148,1189,27,27,1.57,0.5,0,0,3000,2498,623,0,3217,2160
1793e4df-5b1fd824-cb5d0f43-bc3531f4-40cf6c54,45.366,45.533,1146,1180,27,27,1.57,0.5,0,0,3000,2498,623,0,3217,2160
1793e4df-5b1fd824-cb5d0f43-bc3531f4-40cf6c54,45.588,45.922,1381,1213,27,27,1.57,0.5,0,0,3000,2498,623,0,3217,2160
1793e4df-5b1fd824-cb5d0f43-bc3531f4-40cf6c54,45.938,46.145,1244,1209,27,27,1.56,0.48,0,0,3000,2498,623,0,3217,2160
1793e4df-5b1fd824-cb5d0f43-bc3531f4-40cf6c54,46.201,46.383,1428,1295,27,27,1.54,0.53,0,0,3000,2498,623,0,3217,2160
1793e4df-5b1fd824-cb5d0f43-bc3531f4-40cf6c54,46.411,46.702,1315,1196,27,27,1.53,0.56,0,0,3000,2498,623,0,3217,2160
1793e4df-5b1fd824-cb5d0f43-bc3531f4-40cf6c54,46.716,46.856,1318,1200,27,27,1.51,0.59,0,0,3000,2498,623,0,3217,2160
1793e4df-5b1fd824-cb5d0f43-bc3531f4-40cf6c54,46.898,47.175,1367,1124,27,27,1.53,0.55,0,0,3000,2498,623,0,3217,2160
1793e4df-5b1fd824-cb5d0f43-bc3531f4-40cf6c54,47.189,47.482,1387,1089,27,27,1.53,0.48,0,0,3000,2498,623,0,3217,2160
1793e4df-5b1fd824-cb5d0f43-bc3531f4-40cf6c54,47.538,47.648,1342,1177,27,27,1.53,0.48,0,0,3000,2498,623,0,3217,2160
1793e4df-5b1fd824-cb5d0f43-bc3531f4-40cf6c54,47.662,48.066,1358,1230,27,27,1.53,0.48,0,0,3000,2498,623,0,3217,2160
1793e4df-5b1fd824-cb5d0f43-bc3531f4-40cf6c54,48.095,48.415,1187,1334,27,27,1.53,0.48,0,0,3000,2498,623,0,3217,2160
1793e4df-5b1fd824-cb5d0f43-bc3531f4-40cf6c54,48.443,48.68,1109,1467,27,27,1.53,0.48,0,0,3000,2498,623,0,3217,2160
1793e4df-5b1fd824-cb5d0f43-bc3531f4-40cf6c54,48.846,49.166,1385,1336,27,27,1.53,0.48,0,0,3000,2498,623,0,3217,2160
1793e4df-5b1fd824-cb5d0f43-bc3531f4-40cf6c54,49.18,49.347,1363,1283,27,27,1.53,0.48,0,0,3000,2498,623,0,3217,2160
1793e4df-5b1fd824-cb5d0f43-bc3531f4-40cf6c54,49.418,49.528,1388,1290,27,27,1.53,0.48,0,0,3000,2498,623,0,3217,2160
1793e4df-5b1fd824-cb5d0f43-bc3531f4-40cf6c54,49.569,49.682,1364,1238,27,27,1.53,0.48,0,0,3000,2498,623,0,3217,2160
1793e4df-5b1fd824-cb5d0f43-bc3531f4-40cf6c54,49.695,49.905,1354,1216,27,27,1.53,0.48,0,0,3000,2498,623,0,3217,2160
1793e4df-5b1fd824-cb5d0f43-bc3531f4-40cf6c54,49.918,50.157,1358,1243,27,27,1.53,0.48,0,0,3000,2498,623,0,3217,2160
1793e4df-5b1fd824-cb5d0f43-bc3531f4-40cf6c54,50.185,50.697,1366,1170,27,27,1.53,0.48,0,0,3000,2498,623,0,3217,2160
1793e4df-5b1fd824-cb5d0f43-bc3531f4-40cf6c54,50.712,50.892,1396,1149,27,27,1.53,0.48,0,0,3000,2498,623,0,3217,2160
1793e4df-5b1fd824-cb5d0f43-bc3531f4-40cf6c54,50.977,51.115,2276,1225,27,27,1.53,0.48,0,0,3000,2498,623,0,3217,2160
1793e4df-5b1fd824-cb5d0f43-bc3531f4-40cf6c54,51.129,51.253,2246,1226,27,27,1.53,0.48,0,0,3000,2498,623,0,3217,2160
1793e4df-5b1fd824-cb5d0f43-bc3531f4-40cf6c54,51.353,51.783,2093,1233,27,27,1.53,0.48,0,0,3000,2498,623,0,3217,2160
1793e4df-5b1fd824-cb5d0f43-bc3531f4-40cf6c54,51.866,52.033,1974,1593,27,27,1.53,0.48,0,0,3000,2498,623,0,3217,2160
1793e4df-5b1fd824-cb5d0f43-bc3531f4-40cf6c54,52.186,52.437,2039,1389,27,27,1.53,0.45,0,0,3000,2498,623,0,3217,2160
1793e4df-5b1fd824-cb5d0f43-bc3531f4-40cf6c54,52.451,52.952,2025,1361,27,27,1.53,0.45,0,0,3000,2498,623,0,3217,2160
1793e4df-5b1fd824-cb5d0f43-bc3531f4-40cf6c54,52.966,53.496,2056,1317,27,27,1.53,0.45,0,0,3000,2498,623,0,3217,2160
1793e4df-5b1fd824-cb5d0f43-bc3531f4-40cf6c54,53.509,53.773,2055,1336,27,27,1.53,0.45,0,0,3000,2498,623,0,3217,2160
1793e4df-5b1fd824-cb5d0f43-bc3531f4-40cf6c54,53.787,53.941,2052,1377,27,27,1.53,0.45,0,0,3000,2498,623,0,3217,2160
1793e4df-5b1fd824-cb5d0f43-bc3531f4-40cf6c54,54.01,54.222,1509,1311,27,27,1.53,0.45,0,0,3000,2498,623,0,3217,2160
1793e4df-5b1fd824-cb5d0f43-bc3531f4-40cf6c54,54.25,54.429,1351,1271,27,27,1.53,0.45,0,0,3000,2498,623,0,3217,2160
1793e4df-5b1fd824-cb5d0f43-bc3531f4-40cf6c54,54.567,54.832,1302,1223,27,27,1.53,0.45,0,0,3000,2498,623,0,3217,2160
1793e4df-5b1fd824-cb5d0f43-bc3531f4-40cf6c54,54.846,55.054,1309,1193,27,27,1.53,0.45,0,0,3000,2498,623,0,3217,2160
1793e4df-5b1fd824-cb5d0f43-bc3531f4-40cf6c54,55.11,55.403,1062,931,27,27,1.53,0.45,0,0,3000,2498,623,0,3217,2160
1793e4df-5b1fd824-cb5d0f43-bc3531f4-40cf6c54,55.417,55.903,1362,1083,27,27,1.53,0.45,0,0,3000,2498,623,0,3217,2160
1793e4df-5b1fd824-cb5d0f43-bc3531f4-40cf6c54,55.917,56.364,1353,1071,27,27,1.53,0.45,0,0,3000,2498,623,0,3217,2160
1793e4df-5b1fd824-cb5d0f43-bc3531f4-40cf6c54,56.378,56.849,1345,1101,27,27,1.53,0.45,0,0,3000,2498,623,0,3217,2160
1793e4df-5b1fd824-cb5d0f43-bc3531f4-40cf6c54,56.863,57.129,1279,1124,27,27,1.53,0.45,0,0,3000,2498,623,0,3217,2160
1793e4df-5b1fd824-cb5d0f43-bc3531f4-40cf6c54,57.17,57.741,1329,1179,27,27,1.53,0.45,0,0,3000,2498,623,0,3217,2160
1793e4df-5b1fd824-cb5d0f43-bc3531f4-40cf6c54,57.754,58.257,1192,1108,27,27,1.53,0.45,0,0,3000,2498,623,0,3217,2160
1793e4df-5b1fd824-cb5d0f43-bc3531f4-40cf6c54,58.271,58.77,1354,1167,27,27,1.53,0.45,0,0,3000,2498,623,0,3217,2160
1793e4df-5b1fd824-cb5d0f43-bc3531f4-40cf6c54,59.571,59.686,1509,1272,27,27,1.53,0.45,0,0,3000,2498,623,0,3217,2160
1793e4df-5b1fd824-cb5d0f43-bc3531f4-40cf6c54,59.7,59.801,1466,1244,27,27,1.53,0.45,0,0,3000,2498,623,0,3217,2160
1793e4df-5b1fd824-cb5d0f43-bc3531f4-40cf6c54,59.87,60.011,1389,1188,27,27,1.53,0.45,0,0,3000,2498,623,0,3217,2160
1793e4df-5b1fd824-cb5d0f43-bc3531f4-40cf6c54,60.079,60.274,1339,1164,27,27,1.53,0.45,0,0,3000,2498,623,0,3217,2160
1793e4df-5b1fd824-cb5d0f43-bc3531f4-40cf6c54,60.455,60.663,2076,1347,27,27,1.53,0.45,0,0,3000,2498,623,0,3217,2160
1793e4df-5b1fd824-cb5d0f43-bc3531f4-40cf6c54,60.678,60.859,2080,1343,27,27,1.53,0.45,0,0,3000,2498,623,0,3217,2160
1793e4df-5b1fd824-cb5d0f43-bc3531f4-40cf6c54,60.872,61.026,2065,1337,27,27,1.53,0.45,0,0,3000,2498,623,0,3217,2160
1793e4df-5b1fd824-cb5d0f43-bc3531f4-40cf6c54,61.042,61.29,2005,1356,27,27,1.53,0.45,0,0,3000,2498,623,0,3217,2160
1793e4df-5b1fd824-cb5d0f43-bc3531f4-40cf6c54,61.931,62.043,2113,1390,27,27,1.53,0.45,0,0,3000,2498,623,0,3217,2160
1793e4df-5b1fd824-cb5d0f43-bc3531f4-40cf6c54,62.056,62.224,2113,1345,27,27,1.53,0.45,0,0,3000,2498,623,0,3217,2160
1793e4df-5b1fd824-cb5d0f43-bc3531f4-40cf6c54,62.237,62.627,2112,1354,27,27,1.53,0.45,0,0,3000,2498,623,0,3217,2160
1793e4df-5b1fd824-cb5d0f43-bc3531f4-40cf6c54,62.643,62.766,2137,1347,27,27,1.53,0.45,0,0,3000,2498,623,0,3217,2160
1793e4df-5b1fd824-cb5d0f43-bc3531f4-40cf6c54,62.779,62.904,2102,1307,27,27,1.53,0.45,0,0,3000,2498,623,0,3217,2160
1793e4df-5b1fd824-cb5d0f43-bc3531f4-40cf6c54,63.03,63.531,1978,1332,27,27,1.53,0.45,0,0,3000,2498,623,0,3217,2160
1793e4df-5b1fd824-cb5d0f43-bc3531f4-40cf6c54,63.545,63.67,2001,1332,27,27,1.53,0.45,0,0,3000,2498,623,0,3217,2160
1793e4df-5b1fd824-cb5d0f43-bc3531f4-40cf6c54,63.684,64.408,2031,1326,27,27,1.53,0.45,0,0,3000,2498,623,0,3217,2160
1793e4df-5b1fd824-cb5d0f43-bc3531f4-40cf6c54,64.645,64.77,1130,1174,27,27,1.53,0.45,0,0,3000,2498,623,0,3217,2160
1793e4df-5b1fd824-cb5d0f43-bc3531f4-40cf6c54,64.853,64.993,1363,1179,27,27,1.53,0.45,0,0,3000,2498,623,0,3217,2160
1793e4df-5b1fd824-cb5d0f43-bc3531f4-40cf6c54,65.007,65.215,1384,1186,27,27,1.53,0.45,0,0,3000,2498,623,0,3217,2160
1793e4df-5b1fd824-cb5d0f43-bc3531f4-40cf6c54,65.23,65.384,1386,1201,27,27,1.53,0.45,0,0,3000,2498,623,0,3217,2160
1793e4df-5b1fd824-cb5d0f43-bc3531f4-40cf6c54,65.397,65.549,1330,1163,27,27,1.53,0.45,0,0,3000,2498,623,0,3217,2160
1793e4df-5b1fd824-cb5d0f43-bc3531f4-40cf6c54,65.563,65.842,1308,1136,27,27,1.53,0.45,0,0,3000,2498,623,0,3217,2160
1793e4df-5b1fd824-cb5d0f43-bc3531f4-40cf6c54,65.857,67.276,1339,1168,27,27,1.53,0.45,0,0,3000,2498,623,0,3217,2160
1793e4df-5b1fd824-cb5d0f43-bc3531f4-40cf6c54,67.292,67.513,1521,1127,27,27,1.0,0.5,0,0,3000,2498,623,0,3217,2160
1793e4df-5b1fd824-cb5d0f43-bc3531f4-40cf6c54,67.528,67.654,1519,1129,27,27,1.0,0.5,0,0,3000,2498,623,0,3217,2160
1793e4df-5b1fd824-cb5d0f43-bc3531f4-40cf6c54,67.68,68.027,1390,1175,27,27,1.0,0.5,0,0,3000,2498,623,0,3217,2160
1793e4df-5b1fd824-cb5d0f43-bc3531f4-40cf6c54,68.043,68.488,1392,1178,27,27,1.0,0.5,0,0,3000,2498,623,0,3217,2160
1793e4df-5b1fd824-cb5d0f43-bc3531f4-40cf6c54,68.502,68.683,1307,1138,27,27,1.0,0.5,0,0,3000,2498,623,0,3217,2160
1793e4df-5b1fd824-cb5d0f43-bc3531f4-40cf6c54,68.697,68.947,1292,1138,27,27,0.99,0.65,0,0,3000,2498,623,0,3217,2160
1793e4df-5b1fd824-cb5d0f43-bc3531f4-40cf6c54,68.976,69.364,1392,1208,27,27,0.99,0.63,0,0,3000,2498,623,0,3217,2160
1793e4df-5b1fd824-cb5d0f43-bc3531f4-40cf6c54,69.379,69.671,1427,1214,27,27,0.99,0.41,0,0,3000,2498,623,0,3217,2160
1793e4df-5b1fd824-cb5d0f43-bc3531f4-40cf6c54,69.822,69.976,2068,1397,27,27,0.97,0.51,0,0,3000,2498,623,0,3217,2160
1793e4df-5b1fd824-cb5d0f43-bc3531f4-40cf6c54,69.992,70.103,2103,1368,27,27,0.97,0.6,0,0,3000,2498,623,0,3217,2160
1793e4df-5b1fd824-cb5d0f43-bc3531f4-40cf6c54,70.119,70.338,2088,1366,27,27,0.96,0.64,0,0,3000,2498,623,0,3217,2160
1793e4df-5b1fd824-cb5d0f43-bc3531f4-40cf6c54,70.352,70.492,2130,1328,27,27,0.96,0.7,0,0,3000,2498,623,0,3217,2160
1793e4df-5b1fd824-cb5d0f43-bc3531f4-40cf6c54,70.742,70.882,2070,1424,27,27,0.96,0.76,0,0,3000,2498,623,0,3217,2160
1793e4df-5b1fd824-cb5d0f43-bc3531f4-40cf6c54,70.896,71.202,2053,1428,27,27,0.96,0.72,0,0,3000,2498,623,0,3217,2160
1793e4df-5b1fd824-cb5d0f43-bc3531f4-40cf6c54,71.243,71.381,1307,1367,27,27,0.96,0.64,0,0,3000,2498,623,0,3217,2160
1793e4df-5b1fd824-cb5d0f43-bc3531f4-40cf6c54,71.395,71.536,1295,1337,27,27,0.96,0.61,0,0,3000,2498,623,0,3217,2160
1793e4df-5b1fd824-cb5d0f43-bc3531f4-40cf6c54,71.577,71.829,1663,1325,27,27,0.95,0.57,0,0,3000,2498,623,0,3217,2160
1793e4df-5b1fd824-cb5d0f43-bc3531f4-40cf6c54,71.841,72.175,1376,1354,27,27,0.93,0.52,0,0,3000,2498,623,0,3217,2160
1793e4df-5b1fd824-cb5d0f43-bc3531f4-40cf6c54,72.204,72.439,1659,1583,27,27,0.92,0.45,0,0,3000,2498,623,0,3217,2160
1793e4df-5b1fd824-cb5d0f43-bc3531f4-40cf6c54,72.453,72.636,1677,1607,27,27,0.91,0.59,0,0,3000,2498,623,0,3217,2160
1793e4df-5b1fd824-cb5d0f43-bc3531f4-40cf6c54,72.662,72.919,1354,1786,27,27,0.91,0.64,0,0,3000,2498,623,0,3217,2160
1793e4df-5b1fd824-cb5d0f43-bc3531f4-40cf6c54,72.934,73.106,1371,1760,27,27,0.91,0.69,0,0,3000,2498,623,0,3217,2160
1793e4df-5b1fd824-cb5d0f43-bc3531f4-40cf6c54,73.177,73.413,1378,1544,27,27,0.91,0.7,0,0,3000,2498,623,0,3217,2160
1793e4df-5b1fd824-cb5d0f43-bc3531f4-40cf6c54,73.58,74.111,1714,1601,27,27,0.92,0.68,0,0,3000,2498,623,0,3217,2160
1793e4df-5b1fd824-cb5d0f43-bc3531f4-40cf6c54,74.126,74.318,1634,1479,27,27,0.92,0.49,0,0,3000,2498,623,0,3217,2160
1793e4df-5b1fd824-cb5d0f43-bc3531f4-40cf6c54,74.361,74.652,1781,1269,27,27,0.92,0.43,0,0,3000,2498,623,0,3217,2160
1793e4df-5b1fd824-cb5d0f43-bc3531f4-40cf6c54,74.723,75.175,2233,934,27,27,0.92,0.43,0,0,3000,2498,623,0,3217,2160
1793e4df-5b1fd824-cb5d0f43-bc3531f4-40cf6c54,75.208,75.544,1735,1692,27,27,0.92,0.55,0,0,3000,2498,623,0,3217,2160
1793e4df-5b1fd824-cb5d0f43-bc3531f4-40cf6c54,75.585,75.961,1612,1632,27,27,0.92,0.65,0,0,3000,2498,623,0,3217,2160
1793e4df-5b1fd824-cb5d0f43-bc3531f4-40cf6c54,75.977,76.267,1579,1688,27,27,0.93,0.6,0,0,3000,2498,623,0,3217,2160
1793e4df-5b1fd824-cb5d0f43-bc3531f4-40cf6c54,76.366,76.521,1868,1774,27,27,0.95,0.51,0,0,3000,2498,623,0,3217,2160
1793e4df-5b1fd824-cb5d0f43-bc3531f4-40cf6c54,76.55,76.698,1869,1766,27,27,0.95,0.42,0,0,3000,2498,623,0,3217,2160
1793e4df-5b1fd824-cb5d0f43-bc3531f4-40cf6c54,76.741,76.908,1733,1975,27,27,0.94,0.41,0,0,3000,2498,623,0,3217,2160
1793e4df-5b1fd824-cb5d0f43-bc3531f4-40cf6c54,76.963,77.283,1711,2146,27,27,0.92,0.5,0,0,3000,2498,623,0,3217,2160
1793e4df-5b1fd824-cb5d0f43-bc3531f4-40cf6c54,77.311,77.646,1729,2147,27,27,0.91,0.6,0,0,3000,2498,623,0,3217,2160
1793e4df-5b1fd824-cb5d0f43-bc3531f4-40cf6c54,77.66,78.022,1704,2155,27,27,0.91,0.61,0,0,3000,2498,623,0,3217,2160
1793e4df-5b1fd824-cb5d0f43-bc3531f4-40cf6c54,78.049,78.481,1652,1995,27,27,0.91,0.7,0,0,3000,2498,623,0,3217,2160
1793e4df-5b1fd824-cb5d0f43-bc3531f4-40cf6c54,78.494,78.719,1683,1859,27,27,0.91,0.58,0,0,3000,2498,623,0,3217,2160
1793e4df-5b1fd824-cb5d0f43-bc3531f4-40cf6c54,78.898,79.191,1634,1672,27,27,0.92,0.5,0,0,3000,2498,623,0,3217,2160
1793e4df-5b1fd824-cb5d0f43-bc3531f4-40cf6c54,79.288,79.428,2046,1533,27,27,0.9,0.53,0,0,3000,2498,623,0,3217,2160
1793e4df-5b1fd824-cb5d0f43-bc3531f4-40cf6c54,79.441,79.596,2048,1580,27,27,0.9,0.55,0,0,3000,2498,623,0,3217,2160
1793e4df-5b1fd824-cb5d0f43-bc3531f4-40cf6c54,79.777,79.902,1968,1919,27,27,0.9,0.67,0,0,3000,2498,623,0,3217,2160
1793e4df-5b1fd824-cb5d0f43-bc3531f4-40cf6c54,79.933,80.151,2007,1920,27,27,0.9,0.71,0,0,3000,2498,623,0,3217,2160
1793e4df-5b1fd824-cb5d0f43-bc3531f4-40cf6c54,80.277,80.416,2246,949,27,27,0.91,0.65,0,0,3000,2498,623,0,3217,2160
1793e4df-5b1fd824-cb5d0f43-bc3531f4-40cf6c54,80.429,80.666,2206,950,27,27,0.92,0.59,0,0,3000,2498,623,0,3217,2160
1793e4df-5b1fd824-cb5d0f43-bc3531f4-40cf6c54,80.763,81.0,2424,825,27,27,0.93,0.56,0,0,3000,2498,623,0,3217,2160
1793e4df-5b1fd824-cb5d0f43-bc3531f4-40cf6c54,81.111,81.363,2161,907,27,27,0.93,0.46,0,0,3000,2498,623,0,3217,2160
1793e4df-5b1fd824-cb5d0f43-bc3531f4-40cf6c54,81.378,81.585,2156,931,27,27,0.92,0.49,0,0,3000,2498,623,0,3217,2160
1793e4df-5b1fd824-cb5d0f43-bc3531f4-40cf6c54,81.684,81.948,2001,1049,27,27,0.91,0.54,0,0,3000,2498,623,0,3217,2160
1793e4df-5b1fd824-cb5d0f43-bc3531f4-40cf6c54,81.961,82.253,1982,1022,27,27,0.9,0.6,0,0,3000,2498,623,0,3217,2160
1793e4df-5b1fd824-cb5d0f43-bc3531f4-40cf6c54,82.353,82.615,1821,1255,27,27,0.91,0.59,0,0,3000,2498,623,0,3217,2160
1793e4df-5b1fd824-cb5d0f43-bc3531f4-40cf6c54,82.63,82.852,1799,1266,27,27,0.92,0.56,0,0,3000,2498,623,0,3217,2160
1793e4df-5b1fd824-cb5d0f43-bc3531f4-40cf6c54,82.866,83.033,1837,1245,27,27,0.92,0.54,0,0,3000,2498,623,0,3217,2160
1793e4df-5b1fd824-cb5d0f43-bc3531f4-40cf6c54,83.117,83.243,1534,1407,27,27,0.92,0.52,0,0,3000,2498,623,0,3217,2160
1793e4df-5b1fd824-cb5d0f43-bc3531f4-40cf6c54,83.297,83.563,1530,1393,27,27,0.93,0.49,0,0,3000,2498,623,0,3217,2160
1793e4df-5b1fd824-cb5d0f43-bc3531f4-40cf6c54,83.785,83.926,914,748,27,27,0.92,0.55,0,0,3000,2498,623,0,3217,2160
1793e4df-5b1fd824-cb5d0f43-bc3531f4-40cf6c54,83.938,84.077,930,744,27,27,0.92,0.58,0,0,3000,2498,623,0,3217,2160
1793e4df-5b1fd824-cb5d0f43-bc3531f4-40cf6c54,84.091,84.327,912,760,27,27,0.92,0.6,0,0,3000,2498,623,0,3217,2160
1793e4df-5b1fd824-cb5d0f43-bc3531f4-40cf6c54,84.452,84.564,674,680,27,27,0.92,0.65,0,0,3000,2498,623,0,3217,2160
1793e4df-5b1fd824-cb5d0f43-bc3531f4-40cf6c54,84.703,84.87,909,698,27,27,0.92,0.6,0,0,3000,2498,623,0,3217,2160
1793e4df-5b1fd824-cb5d0f43-bc3531f4-40cf6c54,84.94,85.079,1241,788,27,27,0.92,0.57,0,0,3000,2498,623,0,3217,2160
1793e4df-5b1fd824-cb5d0f43-bc3531f4-40cf6c54,85.095,85.246,1225,842,27,27,0.92,0.52,0,0,3000,2498,623,0,3217,2160
1793e4df-5b1fd824-cb5d0f43-bc3531f4-40cf6c54,85.29,85.456,1034,593,27,27,0.92,0.5,0,0,3000,2498,623,0,3217,2160
1793e4df-5b1fd824-cb5d0f43-bc3531f4-40cf6c54,85.608,85.861,861,669,27,27,0.92,0.47,0,0,3000,2498,623,0,3217,2160
1793e4df-5b1fd824-cb5d0f43-bc3531f4-40cf6c54,85.877,86.29,884,656,27,27,0.91,0.52,0,0,3000,2498,623,0,3217,2160
1793e4df-5b1fd824-cb5d0f43-bc3531f4-40cf6c54,86.305,86.694,892,679,27,27,0.91,0.57,0,0,3000,2498,623,0,3217,2160
1793e4df-5b1fd824-cb5d0f43-bc3531f4-40cf6c54,86.708,87.041,780,664,27,27,0.91,0.58,0,0,3000,2498,623,0,3217,2160
1793e4df-5b1fd824-cb5d0f43-bc3531f4-40cf6c54,87.055,87.209,629,609,27,27,0.91,0.59,0,0,3000,2498,623,0,3217,2160
1793e4df-5b1fd824-cb5d0f43-bc3531f4-40cf6c54,87.334,87.543,867,665,27,27,0.91,0.56,0,0,3000,2498,623,0,3217,2160
1793e4df-5b1fd824-cb5d0f43-bc3531f4-40cf6c54,87.599,87.779,1186,680,27,27,0.91,0.5,0,0,3000,2498,623,0,3217,2160
1793e4df-5b1fd824-cb5d0f43-bc3531f4-40cf6c54,87.794,88.155,1227,656,27,27,0.91,0.48,0,0,3000,2498,623,0,3217,2160
1793e4df-5b1fd824-cb5d0f43-bc3531f4-40cf6c54,88.17,88.478,1079,698,27,27,0.89,0.54,0,0,3000,2498,623,0,3217,2160
1793e4df-5b1fd824-cb5d0f43-bc3531f4-40cf6c54,88.489,88.642,1140,699,27,27,0.89,0.59,0,0,3000,2498,623,0,3217,2160
1793e4df-5b1fd824-cb5d0f43-bc3531f4-40cf6c54,88.725,89.032,991,725,27,27,0.89,0.59,0,0,3000,2498,623,0,3217,2160
1793e4df-5b1fd824-cb5d0f43-bc3531f4-40cf6c54,89.046,89.199,1026,723,27,27,0.89,0.59,0,0,3000,2498,623,0,3217,2160
1793e4df-5b1fd824-cb5d0f43-bc3531f4-40cf6c54,89.213,90.006,1007,733,27,27,0.89,0.59,0,0,3000,2498,623,0,3217,2160
1793e4df-5b1fd824-cb5d0f43-bc3531f4-40cf6c54,90.047,90.272,1188,716,27,27,0.89,0.71,0,0,3000,2498,623,0,3217,2160
1793e4df-5b1fd824-cb5d0f43-bc3531f4-40cf6c54,90.621,90.731,2635,402,27,27,0.89,0.6,0,0,3000,2498,623,0,3217,2160
1793e4df-5b1fd824-cb5d0f43-bc3531f4-40cf6c54,90.744,91.011,2589,431,27,27,0.89,0.58,0,0,3000,2498,623,0,3217,2160
1793e4df-5b1fd824-cb5d0f43-bc3531f4-40cf6c54,91.024,91.346,2549,498,27,27,0.91,0.46,0,0,3000,2498,623,0,3217,2160
1793e4df-5b1fd824-cb5d0f43-bc3531f4-40cf6c54,91.997,92.11,514,506,27,27,0.9,0.73,0,0,3000,2498,623,0,3217,2160
1793e4df-5b1fd824-cb5d0f43-bc3531f4-40cf6c54,92.123,92.387,574,508,27,27,0.91,0.73,0,0,3000,2498,623,0,3217,2160
1793e4df-5b1fd824-cb5d0f43-bc3531f4-40cf6c54,92.43,92.582,668,633,27,27,0.91,0.58,0,0,3000,2498,623,0,3217,2160
1793e4df-5b1fd824-cb5d0f43-bc3531f4-40cf6c54,92.846,93.013,902,1861,27,27,0.91,0.46,0,0,3000,2498,623,0,3217,2160
1793e4df-5b1fd824-cb5d0f43-bc3531f4-40cf6c54,93.027,93.127,935,1828,27,27,0.91,0.45,0,0,3000,2498,623,0,3217,2160
1793e4df-5b1fd824-cb5d0f43-bc3531f4-40cf6c54,93.14,93.336,923,1787,27,27,0.91,0.4,0,0,3000,2498,623,0,3217,2160
1793e4df-5b1fd824-cb5d0f43-bc3531f4-40cf6c54,93.6,93.751,896,1612,27,27,0.9,0.33,0,0,3000,2498,623,0,3217,2160
1793e4df-5b1fd824-cb5d0f43-bc3531f4-40cf6c54,94.002,94.14,545,2149,27,27,0.89,0.43,0,0,3000,2498,623,0,3217,2160
1793e4df-5b1fd824-cb5d0f43-bc3531f4-40cf6c54,94.363,94.516,344,1356,27,27,0.89,0.5,0,0,3000,2498,623,0,3217,2160
1793e4df-5b1fd824-cb5d0f43-bc3531f4-40cf6c54,94.795,94.963,2515,2042,27,27,0.89,0.55,0,0,3000,2498,623,0,3217,2160
1793e4df-5b1fd824-cb5d0f43-bc3531f4-40cf6c54,94.979,95.212,2756,2114,27,27,0.89,0.57,0,0,3000,2498,623,0,3217,2160
1793e4df-5b1fd824-cb5d0f43-bc3531f4-40cf6c54,95.296,95.436,1751,2306,27,27,0.89,0.63,0,0,3000,2498,623,0,3217,2160
1793e4df-5b1fd824-cb5d0f43-bc3531f4-40cf6c54,95.449,95.798,1768,2292,27,27,0.89,0.66,0,0,3000,2498,623,0,3217,2160
1793e4df-5b1fd824-cb5d0f43-bc3531f4-40cf6c54,95.839,95.95,1566,2236,27,27,0.9,0.66,0,0,3000,2498,623,0,3217,2160
1793e4df-5b1fd824-cb5d0f43-bc3531f4-40cf6c54,95.992,96.367,1348,2157,27,27,0.9,0.61,0,0,3000,2498,623,0,3217,2160
1793e4df-5b1fd824-cb5d0f43-bc3531f4-40cf6c54,96.396,96.506,1422,2152,27,27,0.91,0.49,0,0,3000,2498,623,0,3217,2160
1793e4df-5b1fd824-cb5d0f43-bc3531f4-40cf6c54,96.62,96.855,2537,2004,27,27,0.91,0.48,0,0,3000,2498,623,0,3217,2160
1793e4df-5b1fd824-cb5d0f43-bc3531f4-40cf6c54,96.87,97.23,2572,1968,27,27,0.91,0.4,0,0,3000,2498,623,0,3217,2160
1793e4df-5b1fd824-cb5d0f43-bc3531f4-40cf6c54,97.301,97.413,2219,1578,27,27,0.91,0.31,0,0,3000,2498,623,0,3217,2160
1793e4df-5b1fd824-cb5d0f43-bc3531f4-40cf6c54,97.439,97.732,1785,1788,27,27,0.91,0.42,0,0,3000,2498,623,0,3217,2160
1793e4df-5b1fd824-cb5d0f43-bc3531f4-40cf6c54,97.745,97.873,1787,1756,27,27,0.91,0.5,0,0,3000,2498,623,0,3217,2160
1793e4df-5b1fd824-cb5d0f43-bc3531f4-40cf6c54,97.899,98.569,1939,1939,27,27,0.91,0.54,0,0,3000,2498,623,0,3217,2160
1793e4df-5b1fd824-cb5d0f43-bc3531f4-40cf6c54,98.664,98.873,1338,1871,27,27,0.91,0.72,0,0,3000,2498,623,0,3217,2160
1793e4df-5b1fd824-cb5d0f43-bc3531f4-40cf6c54,98.887,99.11,1345,1857,27,27,0.91,0.72,0,0,3000,2498,623,0,3217,2160
1793e4df-5b1fd824-cb5d0f43-bc3531f4-40cf6c54,99.138,99.249,1382,1180,27,27,0.91,0.71,0,0,3000,2498,623,0,3217,2160
1793e4df-5b1fd824-cb5d0f43-bc3531f4-40cf6c54,99.263,99.43,1401,1170,27,27,0.91,0.71,0,0,3000,2498,623,0,3217,2160
1793e4df-5b1fd824-cb5d0f43-bc3531f4-40cf6c54,99.472,100.029,1525,1258,27,27,0.91,0.71,0,0,3000,2498,623,0,3217,2160
1793e4df-5b1fd824-cb5d0f43-bc3531f4-40cf6c54,100.043,100.212,1358,1248,27,27,0.91,0.63,0,0,3000,2498,623,0,3217,2160
1793e4df-5b1fd824-cb5d0f43-bc3531f4-40cf6c54,100.392,100.531,1303,1266,27,27,0.91,0.71,0,0,3000,2498,623,0,3217,2160
1793e4df-5b1fd824-cb5d0f43-bc3531f4-40cf6c54,100.545,100.782,1325,1248,27,27,0.91,0.76,0,0,3000,2498,623,0,3217,2160
1793e4df-5b1fd824-cb5d0f43-bc3531f4-40cf6c54,100.795,100.98,1366,1164,27,27,0.92,0.74,0,0,3000,2498,623,0,3217,2160
1793e4df-5b1fd824-cb5d0f43-bc3531f4-40cf6c54,100.996,101.198,1398,1168,27,27,0.92,0.69,0,0,3000,2498,623,0,3217,2160
1793e4df-5b1fd824-cb5d0f43-bc3531f4-40cf6c54,101.268,101.42,2145,1310,27,27,0.92,0.62,0,0,3000,2498,623,0,3217,2160
1793e4df-5b1fd824-cb5d0f43-bc3531f4-40cf6c54,101.435,101.615,2124,1269,27,27,0.92,0.61,0,0,3000,2498,623,0,3217,2160
1793e4df-5b1fd824-cb5d0f43-bc3531f4-40cf6c54,101.63,101.811,2131,1292,27,27,0.91,0.57,0,0,3000,2498,623,0,3217,2160
1793e4df-5b1fd824-cb5d0f43-bc3531f4-40cf6c54,102.019,102.27,1987,1379,27,27,0.91,0.57,0,0,3000,2498,623,0,3217,2160
1793e4df-5b1fd824-cb5d0f43-bc3531f4-40cf6c54,102.284,102.646,1974,1376,27,27,0.91,0.64,0,0,3000,2498,623,0,3217,2160
1793e4df-5b1fd824-cb5d0f43-bc3531f4-40cf6c54,102.66,102.814,2029,1349,27,27,0.93,0.63,0,0,3000,2498,623,0,3217,2160
1793e4df-5b1fd824-cb5d0f43-bc3531f4-40cf6c54,102.952,103.093,1213,1180,27,27,0.93,0.55,0,0,3000,2498,623,0,3217,2160
1793e4df-5b1fd824-cb5d0f43-bc3531f4-40cf6c54,103.104,103.244,1213,1169,27,27,0.92,0.51,0,0,3000,2498,623,0,3217,2160
1793e4df-5b1fd824-cb5d0f43-bc3531f4-40cf6c54,103.288,103.564,1388,1185,27,27,0.91,0.53,0,0,3000,2498,623,0,3217,2160
1793e4df-5b1fd824-cb5d0f43-bc3531f4-40cf6c54,103.578,103.773,1376,1214,27,27,0.9,0.62,0,0,3000,2498,623,0,3217,2160
1793e4df-5b1fd824-cb5d0f43-bc3531f4-40cf6c54,103.787,104.051,1388,1177,27,27,0.87,0.74,0,0,3000,2498,623,0,3217,2160
1793e4df-5b1fd824-cb5d0f43-bc3531f4-40cf6c54,104.107,104.413,1285,1108,27,27,0.86,0.8,0,0,3000,2498,623,0,3217,2160
1793e4df-5b1fd824-cb5d0f43-bc3531f4-40cf6c54,104.469,104.65,1407,1107,27,27,0.88,0.68,0,0,3000,2498,623,0,3217,2160
1793e4df-5b1fd824-cb5d0f43-bc3531f4-40cf6c54,104.663,104.805,1409,1088,27,27,0.87,0.64,0,0,3000,2498,623,0,3217,2160
1793e4df-5b1fd824-cb5d0f43-bc3531f4-40cf6c54,104.818,105.166,1399,1138,27,27,0.85,0.57,0,0,3000,2498,623,0,3217,2160
1793e4df-5b1fd824-cb5d0f43-bc3531f4-40cf6c54,105.332,105.694,1354,1228,27,27,0.8,0.61,0,0,3000,2498,623,0,3217,2160
1793e4df-5b1fd824-cb5d0f43-bc3531f4-40cf6c54,105.708,105.919,1441,1198,27,27,0.79,0.7,0,0,3000,2498,623,0,3217,2160
1793e4df-5b1fd824-cb5d0f43-bc3531f4-40cf6c54,105.931,106.167,1422,1194,27,27,0.79,0.75,0,0,3000,2498,623,0,3217,2160
1793e4df-5b1fd824-cb5d0f43-bc3531f4-40cf6c54,106.181,106.338,1423,1191,27,27,0.79,0.78,0,0,3000,2498,623,0,3217,2160
1793e4df-5b1fd824-cb5d0f43-bc3531f4-40cf6c54,106.351,106.587,1376,1356,27,27,0.79,0.73,0,0,3000,2498,623,0,3217,2160
1793e4df-5b1fd824-cb5d0f43-bc3531f4-40cf6c54,106.628,106.797,1711,1705,27,27,0.8,0.62,0,0,3000,2498,623,0,3217,2160
1793e4df-5b1fd824-cb5d0f43-bc3531f4-40cf6c54,106.811,106.935,1700,1703,27,27,0.8,0.54,0,0,3000,2498,623,0,3217,2160
1793e4df-5b1fd824-cb5d0f43-bc3531f4-40cf6c54,106.961,107.155,1995,1858,27,27,0.8,0.53,0,0,3000,2498,623,0,3217,2160
1793e4df-5b1fd824-cb5d0f43-bc3531f4-40cf6c54,107.255,107.451,1992,1969,27,27,0.8,0.55,0,0,3000,2498,623,0,3217,2160
1793e4df-5b1fd824-cb5d0f43-bc3531f4-40cf6c54,107.463,107.699,2012,1970,27,27,0.8,0.63,0,0,3000,2498,623,0,3217,2160
1793e4df-5b1fd824-cb5d0f43-bc3531f4-40cf6c54,107.712,107.88,2013,1954,27,27,0.8,0.65,0,0,3000,2498,623,0,3217,2160
1793e4df-5b1fd824-cb5d0f43-bc3531f4-40cf6c54,107.894,108.076,2021,1945,27,27,0.8,0.68,0,0,3000,2498,623,0,3217,2160
1793e4df-5b1fd824-cb5d0f43-bc3531f4-40cf6c54,108.09,108.367,1972,1949,27,27,0.8,0.72,0,0,3000,2498,623,0,3217,2160
1793e4df-5b1fd824-cb5d0f43-bc3531f4-40cf6c54,108.382,108.508,1954,2001,27,27,0.8,0.82,0,0,3000,2498,623,0,3217,2160
1793e4df-5b1fd824-cb5d0f43-bc3531f4-40cf6c54,108.593,108.8,2722,2193,27,27,0.8,0.72,0,0,3000,2498,623,0,3217,2160
1793e4df-5b1fd824-cb5d0f43-bc3531f4-40cf6c54,108.814,108.926,2693,2135,27,27,0.81,0.59,0,0,3000,2498,623,0,3217,2160
1793e4df-5b1fd824-cb5d0f43-bc3531f4-40cf6c54,109.09,109.203,2510,2155,27,27,0.81,0.57,0,0,3000,2498,623,0,3217,2160
1793e4df-5b1fd824-cb5d0f43-bc3531f4-40cf6c54,109.231,109.341,2510,2125,27,27,0.81,0.7,0,0,3000,2498,623,0,3217,2160
1793e4df-5b1fd824-cb5d0f43-bc3531f4-40cf6c54,109.355,109.509,2509,2174,27,27,0.81,0.71,0,0,3000,2498,623,0,3217,2160
1793e4df-5b1fd824-cb5d0f43-bc3531f4-40cf6c54,109.55,110.106,2403,2267,27,27,0.81,0.71,0,0,3000,2498,623,0,3217,2160
1793e4df-5b1fd824-cb5d0f43-bc3531f4-40cf6c54,110.12,110.233,2396,2259,27,27,0.8,0.6,0,0,3000,2498,623,0,3217,2160
1793e4df-5b1fd824-cb5d0f43-bc3531f4-40cf6c54,110.262,110.47,1926,2008,27,27,0.82,0.53,0,0,3000,2498,623,0,3217,2160
1793e4df-5b1fd824-cb5d0f43-bc3531f4-40cf6c54,110.484,110.651,1915,1985,27,27,0.81,0.55,0,0,3000,2498,623,0,3217,2160
1793e4df-5b1fd824-cb5d0f43-bc3531f4-40cf6c54,110.666,110.985,1926,1959,27,27,0.79,0.62,0,0,3000,2498,623,0,3217,2160
1793e4df-5b1fd824-cb5d0f43-bc3531f4-40cf6c54,110.998,111.109,1917,1981,27,27,0.8,0.74,0,0,3000,2498,623,0,3217,2160
1793e4df-5b1fd824-cb5d0f43-bc3531f4-40cf6c54,111.123,111.583,1926,1959,27,27,0.81,0.74,0,0,3000,2498,623,0,3217,2160
1793e4df-5b1fd824-cb5d0f43-bc3531f4-40cf6c54,111.596,111.779,1989,1893,27,27,0.81,0.73,0,0,3000,2498,623,0,3217,2160
1793e4df-5b1fd824-cb5d0f43-bc3531f4-40cf6c54,111.794,112.111,1988,1882,27,27,0.81,0.67,0,0,3000,2498,623,0,3217,2160
1793e4df-5b1fd824-cb5d0f43-bc3531f4-40cf6c54,112.209,112.473,1802,1900,27,27,0.81,0.53,0,0,3000,2498,623,0,3217,2160
1793e4df-5b1fd824-cb5d0f43-bc3531f4-40cf6c54,112.529,112.891,1922,1925,27,27,0.78,0.59,0,0,3000,2498,623,0,3217,2160
1793e4df-5b1fd824-cb5d0f43-bc3531f4-40cf6c54,112.962,113.071,1857,1906,27,27,0.77,0.73,0,0,3000,2498,623,0,3217,2160
1793e4df-5b1fd824-cb5d0f43-bc3531f4-40cf6c54,113.099,113.489,1933,1941,27,27,0.77,0.73,0,0,3000,2498,623,0,3217,2160
1793e4df-5b1fd824-cb5d0f43-bc3531f4-40cf6c54,113.502,113.63,1947,1939,27,27,0.77,0.68,0,0,3000,2498,623,0,3217,2160
1793e4df-5b1fd824-cb5d0f43-bc3531f4-40cf6c54,113.712,113.879,2680,2081,27,27,0.77,0.76,0,0,3000,2498,623,0,3217,2160
1793e4df-5b1fd824-cb5d0f43-bc3531f4-40cf6c54,114.033,114.212,2101,1861,27,27,0.77,0.66,0,0,3000,2498,623,0,3217,2160
1793e4df-5b1fd824-cb5d0f43-bc3531f4-40cf6c54,114.463,114.672,2103,1581,27,27,0.79,0.62,0,0,3000,2498,623,0,3217,2160
1793e4df-5b1fd824-cb5d0f43-bc3531f4-40cf6c54,114.686,114.853,2059,1377,27,27,0.79,0.57,0,0,3000,2498,623,0,3217,2160
1793e4df-5b1fd824-cb5d0f43-bc3531f4-40cf6c54,115.035,115.145,1240,1248,27,27,0.8,0.54,0,0,3000,2498,623,0,3217,2160
1793e4df-5b1fd824-cb5d0f43-bc3531f4-40cf6c54,115.16,115.356,1258,1287,27,27,0.8,0.53,0,0,3000,2498,623,0,3217,2160
1793e4df-5b1fd824-cb5d0f43-bc3531f4-40cf6c54,115.37,115.48,1268,1260,27,27,0.79,0.59,0,0,3000,2498,623,0,3217,2160
1793e4df-5b1fd824-cb5d0f43-bc3531f4-40cf6c54,115.508,115.648,1366,1788,27,27,0.78,0.64,0,0,3000,2498,623,0,3217,2160
1793e4df-5b1fd824-cb5d0f43-bc3531f4-40cf6c54,115.662,115.898,1377,1799,27,27,0.77,0.73,0,0,3000,2498,623,0,3217,2160
1793e4df-5b1fd824-cb5d0f43-bc3531f4-40cf6c54,115.939,116.078,1503,2113,27,27,0.76,0.77,0,0,3000,2498,623,0,3217,2160
1793e4df-5b1fd824-cb5d0f43-bc3531f4-40cf6c54,116.091,116.277,1504,2096,27,27,0.76,0.78,0,0,3000,2498,623,0,3217,2160
1793e4df-5b1fd824-cb5d0f43-bc3531f4-40cf6c54,116.343,116.539,1413,1780,27,27,0.8,0.72,0,0,3000,2498,623,0,3217,2160
1793e4df-5b1fd824-cb5d0f43-bc3531f4-40cf6c54,116.678,116.817,1296,1226,27,27,0.83,0.57,0,0,3000,2498,623,0,3217,2160
1793e4df-5b1fd824-cb5d0f43-bc3531f4-40cf6c54,116.857,116.997,1363,1189,27,27,0.83,0.54,0,0,3000,2498,623,0,3217,2160
1793e4df-5b1fd824-cb5d0f43-bc3531f4-40cf6c54,117.011,117.275,1259,1079,27,27,0.83,0.54,0,0,3000,2498,623,0,3217,2160
1793e4df-5b1fd824-cb5d0f43-bc3531f4-40cf6c54,117.289,117.513,1291,1090,27,27,0.78,0.62,0,0,3000,2498,623,0,3217,2160
1793e4df-5b1fd824-cb5d0f43-bc3531f4-40cf6c54,117.569,118.013,1362,1197,27,27,0.76,0.73,0,0,3000,2498,623,0,3217,2160
1793e4df-5b1fd824-cb5d0f43-bc3531f4-40cf6c54,118.195,118.347,1412,1481,27,27,0.75,0.79,0,0,3000,2498,623,0,3217,2160
1793e4df-5b1fd824-cb5d0f43-bc3531f4-40cf6c54,118.432,118.543,1257,1409,27,27,0.77,0.74,0,0,3000,2498,623,0,3217,2160
1793e4df-5b1fd824-cb5d0f43-bc3531f4-40cf6c54,118.808,118.932,918,1215,27,27,0.77,0.6,0,0,3000,2498,623,0,3217,2160
1793e4df-5b1fd824-cb5d0f43-bc3531f4-40cf6c54,118.946,119.099,959,1224,27,27,0.77,0.57,0,0,3000,2498,623,0,3217,2160
1793e4df-5b1fd824-cb5d0f43-bc3531f4-40cf6c54,119.197,119.307,1100,1395,27,27,0.77,0.52,0,0,3000,2498,623,0,3217,2160
1793e4df-5b1fd824-cb5d0f43-bc3531f4-40cf6c54,119.321,119.461,1130,1419,27,27,0.77,0.5,0,0,3000,2498,623,0,3217,2160
1793e4df-5b1fd824-cb5d0f43-bc3531f4-40cf6c54,119.892,120.004,1744,2355,27,27,0.77,0.5,0,0,3000,2498,623,0,3217,2160
1793e4df-5b1fd824-cb5d0f43-bc3531f4-40cf6c54,120.033,120.2,1754,2255,27,27,0.77,0.53,0,0,3000,2498,623,0,3217,2160
1793e4df-5b1fd824-cb5d0f43-bc3531f4-40cf6c54,120.324,120.644,1756,2123,27,27,0.77,0.55,0,0,3000,2498,623,0,3217,2160
1793e4df-5b1fd824-cb5d0f43-bc3531f4-40cf6c54,120.755,121.145,1523,2292,27,27,0.77,0.54,0,0,3000,2498,623,0,3217,2160
1793e4df-5b1fd824-cb5d0f43-bc3531f4-40cf6c54,121.172,121.368,1256,2364,27,27,0.77,0.54,0,0,3000,2498,623,0,3217,2160
1793e4df-5b1fd824-cb5d0f43-bc3531f4-40cf6c54,121.381,121.577,1246,2338,27,27,0.77,0.54,0,0,3000,2498,623,0,3217,2160
1793e4df-5b1fd824-cb5d0f43-bc3531f4-40cf6c54,121.674,121.799,1323,1668,27,27,0.77,0.54,0,0,3000,2498,623,0,3217,2160
1793e4df-5b1fd824-cb5d0f43-bc3531f4-40cf6c54,121.841,122.022,1329,1690,27,27,0.77,0.54,0,0,3000,2498,623,0,3217,2160
1793e4df-5b1fd824-cb5d0f43-bc3531f4-40cf6c54,122.035,122.175,1280,1687,27,27,0.77,0.54,0,0,3000,2498,623,0,3217,2160
1793e4df-5b1fd824-cb5d0f43-bc3531f4-40cf6c54,122.495,122.634,1027,993,27,27,0.77,0.54,0,0,3000,2498,623,0,3217,2160
1793e4df-5b1fd824-cb5d0f43-bc3531f4-40cf6c54,122.705,122.815,714,535,27,27,0.78,0.54,0,0,3000,2498,623,0,3217,2160
1793e4df-5b1fd824-cb5d0f43-bc3531f4-40cf6c54,123.109,123.219,2705,511,27,27,0.78,0.54,0,0,3000,2498,623,0,3217,2160
1793e4df-5b1fd824-cb5d0f43-bc3531f4-40cf6c54,123.539,123.706,2371,790,27,27,0.78,0.54,0,0,3000,2498,623,0,3217,2160
1793e4df-5b1fd824-cb5d0f43-bc3531f4-40cf6c54,123.748,124.18,2458,698,27,27,0.78,0.54,0,0,3000,2498,623,0,3217,2160
1793e4df-5b1fd824-cb5d0f43-bc3531f4-40cf6c54,124.458,124.598,2217,338,27,27,0.78,0.54,0,0,3000,2498,623,0,3217,2160
1793e4df-5b1fd824-cb5d0f43-bc3531f4-40cf6c54,124.612,124.75,2426,445,27,27,0.78,0.54,0,0,3000,2498,623,0,3217,2160
1793e4df-5b1fd824-cb5d0f43-bc3531f4-40cf6c54,124.764,124.889,2412,467,27,27,0.78,0.54,0,0,3000,2498,623,0,3217,2160
060cf092-fe76bdf7-19fee515-26cbef2c-5c16ba6f,0.0,0.417,2294,618,24,24,1.0,0.5,0,0,2663,3000,961,0,2879,2160
060cf092-fe76bdf7-19fee515-26cbef2c-5c16ba6f,0.444,0.556,1088,1414,24,24,1.0,0.5,0,0,2663,3000,961,0,2879,2160
060cf092-fe76bdf7-19fee515-26cbef2c-5c16ba6f,0.654,0.766,726,1215,24,24,1.0,0.5,0,0,2663,3000,961,0,2879,2160
060cf092-fe76bdf7-19fee515-26cbef2c-5c16ba6f,0.919,1.045,693,1947,24,24,1.0,0.5,0,0,2663,3000,961,0,2879,2160
060cf092-fe76bdf7-19fee515-26cbef2c-5c16ba6f,1.073,1.196,703,1905,24,24,1.0,0.5,0,0,2663,3000,961,0,2879,2160
060cf092-fe76bdf7-19fee515-26cbef2c-5c16ba6f,1.308,1.419,711,1955,24,24,1.0,0.5,0,0,2663,3000,961,0,2879,2160
060cf092-fe76bdf7-19fee515-26cbef2c-5c16ba6f,1.461,1.614,685,1321,24,24,1.0,0.5,0,0,2663,3000,961,0,2879,2160
060cf092-fe76bdf7-19fee515-26cbef2c-5c16ba6f,1.628,1.782,694,1316,24,24,1.0,0.5,0,0,2663,3000,961,0,2879,2160
060cf092-fe76bdf7-19fee515-26cbef2c-5c16ba6f,1.795,1.962,783,1238,24,24,1.0,0.5,0,0,2663,3000,961,0,2879,2160
060cf092-fe76bdf7-19fee515-26cbef2c-5c16ba6f,1.976,2.115,792,1275,24,24,1.0,0.5,0,0,2663,3000,961,0,2879,2160
060cf092-fe76bdf7-19fee515-26cbef2c-5c16ba6f,2.185,2.408,888,2119,24,24,1.0,0.5,0,0,2663,3000,961,0,2879,2160
060cf092-fe76bdf7-19fee515-26cbef2c-5c16ba6f,2.45,2.561,915,2053,24,24,1.0,0.5,0,0,2663,3000,961,0,2879,2160
060cf092-fe76bdf7-19fee515-26cbef2c-5c16ba6f,2.644,2.826,907,1924,24,24,1.0,0.5,0,0,2663,3000,961,0,2879,2160
060cf092-fe76bdf7-19fee515-26cbef2c-5c16ba6f,2.895,3.202,584,1650,24,24,1.0,0.5,0,0,2663,3000,961,0,2879,2160
060cf092-fe76bdf7-19fee515-26cbef2c-5c16ba6f,3.3,3.452,623,2179,24,24,1.0,0.5,0,0,2663,3000,961,0,2879,2160
060cf092-fe76bdf7-19fee515-26cbef2c-5c16ba6f,3.619,3.731,1668,2083,24,24,1.0,0.5,0,0,2663,3000,961,0,2879,2160
060cf092-fe76bdf7-19fee515-26cbef2c-5c16ba6f,3.744,4.009,1705,2101,24,24,1.0,0.5,0,0,2663,3000,961,0,2879,2160
060cf092-fe76bdf7-19fee515-26cbef2c-5c16ba6f,4.037,4.176,1887,1872,24,24,1.0,0.5,0,0,2663,3000,961,0,2879,2160
060cf092-fe76bdf7-19fee515-26cbef2c-5c16ba6f,4.19,4.4,1850,1881,24,24,1.0,0.5,0,0,2663,3000,961,0,2879,2160
060cf092-fe76bdf7-19fee515-26cbef2c-5c16ba6f,4.441,4.58,1908,1963,24,24,1.0,0.5,0,0,2663,3000,961,0,2879,2160
060cf092-fe76bdf7-19fee515-26cbef2c-5c16ba6f,4.67,4.801,627,1813,24,24,1.0,0.5,0,0,2663,3000,961,0,2879,2160
060cf092-fe76bdf7-19fee515-26cbef2c-5c16ba6f,4.814,5.039,620,1885,24,24,1.0,0.5,0,0,2663,3000,961,0,2879,2160
060cf092-fe76bdf7-19fee515-26cbef2c-5c16ba6f,5.067,5.289,600,1562,24,24,1.0,0.5,0,0,2663,3000,961,0,2879,2160
060cf092-fe76bdf7-19fee515-26cbef2c-5c16ba6f,5.303,5.498,628,1591,24,24,1.0,0.5,0,0,2663,3000,961,0,2879,2160
060cf092-fe76bdf7-19fee515-26cbef2c-5c16ba6f,5.526,5.791,1081,1635,24,24,1.0,0.5,0,0,2663,3000,961,0,2879,2160
060cf092-fe76bdf7-19fee515-26cbef2c-5c16ba6f,5.888,6.111,1176,1729,24,24,1.0,0.5,0,0,2663,3000,961,0,2879,2160
060cf092-fe76bdf7-19fee515-26cbef2c-5c16ba6f,6.139,6.389,1161,2370,24,24,1.0,0.5,0,0,2663,3000,961,0,2879,2160
060cf092-fe76bdf7-19fee515-26cbef2c-5c16ba6f,6.403,6.514,1165,2392,24,24,1.0,0.5,0,0,2663,3000,961,0,2879,2160
060cf092-fe76bdf7-19fee515-26cbef2c-5c16ba6f,6.528,6.793,1215,2375,24,24,1.0,0.5,0,0,2663,3000,961,0,2879,2160
060cf092-fe76bdf7-19fee515-26cbef2c-5c16ba6f,6.848,7.197,1169,1801,24,24,1.0,0.5,0,0,2663,3000,961,0,2879,2160
060cf092-fe76bdf7-19fee515-26cbef2c-5c16ba6f,7.211,7.476,1204,1844,24,24,1.0,0.5,0,0,2663,3000,961,0,2879,2160
060cf092-fe76bdf7-19fee515-26cbef2c-5c16ba6f,7.517,7.781,1074,1601,24,24,1.0,0.5,0,0,2663,3000,961,0,2879,2160
060cf092-fe76bdf7-19fee515-26cbef2c-5c16ba6f,7.809,8.129,895,1518,24,24,1.0,0.5,0,0,2663,3000,961,0,2879,2160
060cf092-fe76bdf7-19fee515-26cbef2c-5c16ba6f,8.171,8.352,459,1347,24,24,1.0,0.5,0,0,2663,3000,961,0,2879,2160
060cf092-fe76bdf7-19fee515-26cbef2c-5c16ba6f,8.449,8.644,601,1138,24,24,1.0,0.5,0,0,2663,3000,961,0,2879,2160
060cf092-fe76bdf7-19fee515-26cbef2c-5c16ba6f,8.686,8.867,900,1399,24,24,1.0,0.5,0,0,2663,3000,961,0,2879,2160
060cf092-fe76bdf7-19fee515-26cbef2c-5c16ba6f,8.936,9.062,929,1267,24,24,1.0,0.5,0,0,2663,3000,961,0,2879,2160
060cf092-fe76bdf7-19fee515-26cbef2c-5c16ba6f,9.911,10.023,609,2075,24,24,1.0,0.5,0,0,2663,3000,961,0,2879,2160
060cf092-fe76bdf7-19fee515-26cbef2c-5c16ba6f,10.218,10.468,524,1893,24,24,1.0,0.5,0,0,2663,3000,961,0,2879,2160
060cf092-fe76bdf7-19fee515-26cbef2c-5c16ba6f,10.496,10.635,619,1817,24,24,1.0,0.5,0,0,2663,3000,961,0,2879,2160
060cf092-fe76bdf7-19fee515-26cbef2c-5c16ba6f,10.65,10.844,626,1838,24,24,1.0,0.5,0,0,2663,3000,961,0,2879,2160
060cf092-fe76bdf7-19fee515-26cbef2c-5c16ba6f,10.872,11.027,634,1502,24,24,1.0,0.5,0,0,2663,3000,961,0,2879,2160
060cf092-fe76bdf7-19fee515-26cbef2c-5c16ba6f,11.039,11.193,649,1519,24,24,1.0,0.5,0,0,2663,3000,961,0,2879,2160
060cf092-fe76bdf7-19fee515-26cbef2c-5c16ba6f,11.206,11.388,669,1534,24,24,1.0,0.5,0,0,2663,3000,961,0,2879,2160
060cf092-fe76bdf7-19fee515-26cbef2c-5c16ba6f,11.72,11.874,717,1505,24,24,1.0,0.5,0,0,2663,3000,961,0,2879,2160
060cf092-fe76bdf7-19fee515-26cbef2c-5c16ba6f,11.888,12.111,606,1791,24,24,1.0,0.5,0,0,2663,3000,961,0,2879,2160
060cf092-fe76bdf7-19fee515-26cbef2c-5c16ba6f,12.194,12.347,732,2178,24,24,1.0,0.5,0,0,2663,3000,961,0,2879,2160
060cf092-fe76bdf7-19fee515-26cbef2c-5c16ba6f,12.361,12.542,803,2197,24,24,1.0,0.5,0,0,2663,3000,961,0,2879,2160
060cf092-fe76bdf7-19fee515-26cbef2c-5c16ba6f,12.751,13.155,1951,1843,24,24,1.0,0.5,0,0,2663,3000,961,0,2879,2160
060cf092-fe76bdf7-19fee515-26cbef2c-5c16ba6f,13.656,13.891,2095,780,24,24,1.0,0.5,0,0,2663,3000,961,0,2879,2160
060cf092-fe76bdf7-19fee515-26cbef2c-5c16ba6f,14.118,14.351,615,689,24,24,1.0,0.5,0,0,2663,3000,961,0,2879,2160
060cf092-fe76bdf7-19fee515-26cbef2c-5c16ba6f,14.407,14.52,660,883,24,24,1.0,0.5,0,0,2663,3000,961,0,2879,2160
060cf092-fe76bdf7-19fee515-26cbef2c-5c16ba6f,14.645,14.882,2048,470,24,24,1.0,0.5,0,0,2663,3000,961,0,2879,2160
060cf092-fe76bdf7-19fee515-26cbef2c-5c16ba6f,14.979,15.105,1504,2358,24,24,1.0,0.5,0,0,2663,3000,961,0,2879,2160
060cf092-fe76bdf7-19fee515-26cbef2c-5c16ba6f,15.133,15.451,1002,2244,24,24,1.0,0.5,0,0,2663,3000,961,0,2879,2160
060cf092-fe76bdf7-19fee515-26cbef2c-5c16ba6f,15.467,15.716,1000,2233,24,24,1.0,0.5,0,0,2663,3000,961,0,2879,2160
060cf092-fe76bdf7-19fee515-26cbef2c-5c16ba6f,15.743,16.036,1179,1938,24,24,1.0,0.5,0,0,2663,3000,961,0,2879,2160
060cf092-fe76bdf7-19fee515-26cbef2c-5c16ba6f,16.092,16.356,1392,2916,24,24,1.0,0.5,0,0,2663,3000,961,0,2879,2160
060cf092-fe76bdf7-19fee515-26cbef2c-5c16ba6f,17.136,17.248,2186,392,24,24,1.0,0.5,0,0,2663,3000,961,0,2879,2160
060cf092-fe76bdf7-19fee515-26cbef2c-5c16ba6f,17.456,17.581,2298,668,24,24,1.0,0.5,0,0,2663,3000,961,0,2879,2160
060cf092-fe76bdf7-19fee515-26cbef2c-5c16ba6f,17.595,17.887,2335,659,24,24,1.0,0.5,0,0,2663,3000,961,0,2879,2160
060cf092-fe76bdf7-19fee515-26cbef2c-5c16ba6f,17.901,18.32,2308,638,24,24,1.0,0.5,0,0,2663,3000,961,0,2879,2160
060cf092-fe76bdf7-19fee515-26cbef2c-5c16ba6f,18.375,18.5,1906,550,24,24,1.0,0.5,0,0,2663,3000,961,0,2879,2160
060cf092-fe76bdf7-19fee515-26cbef2c-5c16ba6f,18.514,18.625,1860,593,24,24,1.0,0.5,0,0,2663,3000,961,0,2879,2160
060cf092-fe76bdf7-19fee515-26cbef2c-5c16ba6f,18.792,18.924,1086,1350,24,24,1.0,0.5,0,0,2663,3000,961,0,2879,2160
060cf092-fe76bdf7-19fee515-26cbef2c-5c16ba6f,18.974,19.085,967,1632,24,24,1.0,0.68,0,0,2663,3000,961,0,2879,2160
060cf092-fe76bdf7-19fee515-26cbef2c-5c16ba6f,19.112,19.251,946,1629,24,24,1.0,0.68,0,0,2663,3000,961,0,2879,2160
060cf092-fe76bdf7-19fee515-26cbef2c-5c16ba6f,19.432,19.544,720,1815,24,24,1.0,0.74,0,0,2663,3000,961,0,2879,2160
060cf092-fe76bdf7-19fee515-26cbef2c-5c16ba6f,19.74,19.842,589,1832,24,24,1.05,0.72,0,0,2663,3000,961,0,2879,2160
060cf092-fe76bdf7-19fee515-26cbef2c-5c16ba6f,20.046,20.184,520,2089,24,24,1.11,0.66,0,0,2663,3000,961,0,2879,2160
060cf092-fe76bdf7-19fee515-26cbef2c-5c16ba6f,20.198,20.299,510,2073,24,24,1.13,0.65,0,0,2663,3000,961,0,2879,2160
060cf092-fe76bdf7-19fee515-26cbef2c-5c16ba6f,20.394,20.531,643,2386,24,24,1.19,0.51,0,0,2663,3000,961,0,2879,2160
060cf092-fe76bdf7-19fee515-26cbef2c-5c16ba6f,20.545,20.702,653,2342,24,24,1.19,0.51,0,0,2663,3000,961,0,2879,2160
060cf092-fe76bdf7-19fee515-26cbef2c-5c16ba6f,20.713,20.88,801,2287,24,24,1.18,0.64,0,0,2663,3000,961,0,2879,2160
060cf092-fe76bdf7-19fee515-26cbef2c-5c16ba6f,20.907,21.075,803,2285,24,24,1.18,0.65,0,0,2663,3000,961,0,2879,2160
060cf092-fe76bdf7-19fee515-26cbef2c-5c16ba6f,21.089,21.465,765,1981,24,24,1.18,0.69,0,0,2663,3000,961,0,2879,2160
060cf092-fe76bdf7-19fee515-26cbef2c-5c16ba6f,21.52,21.77,683,1832,24,24,1.18,0.7,0,0,2663,3000,961,0,2879,2160
060cf092-fe76bdf7-19fee515-26cbef2c-5c16ba6f,21.799,22.453,630,1486,24,24,1.18,0.7,0,0,2663,3000,961,0,2879,2160
060cf092-fe76bdf7-19fee515-26cbef2c-5c16ba6f,22.565,22.982,388,1690,24,24,1.2,0.65,0,0,2663,3000,961,0,2879,2160
060cf092-fe76bdf7-19fee515-26cbef2c-5c16ba6f,22.995,23.135,447,1814,24,24,1.12,0.72,0,0,2663,3000,961,0,2879,2160
060cf092-fe76bdf7-19fee515-26cbef2c-5c16ba6f,23.149,23.54,452,1836,24,24,1.12,0.72,0,0,2663,3000,961,0,2879,2160
060cf092-fe76bdf7-19fee515-26cbef2c-5c16ba6f,23.61,23.902,717,1246,24,24,1.1,0.66,0,0,2663,3000,961,0,2879,2160
060cf092-fe76bdf7-19fee515-26cbef2c-5c16ba6f,23.915,24.276,796,1062,24,24,1.09,0.6,0,0,2663,3000,961,0,2879,2160
060cf092-fe76bdf7-19fee515-26cbef2c-5c16ba6f,24.291,24.834,895,976,24,24,1.08,0.5,0,0,2663,3000,961,0,2879,2160
060cf092-fe76bdf7-19fee515-26cbef2c-5c16ba6f,24.847,24.95,904,951,24,24,1.08,0.41,0,0,2663,3000,961,0,2879,2160
060cf092-fe76bdf7-19fee515-26cbef2c-5c16ba6f,24.961,25.281,804,1037,24,24,1.06,0.45,0,0,2663,3000,961,0,2879,2160
060cf092-fe76bdf7-19fee515-26cbef2c-5c16ba6f,25.323,25.697,912,1628,24,24,1.08,0.49,0,0,2663,3000,961,0,2879,2160
060cf092-fe76bdf7-19fee515-26cbef2c-5c16ba6f,25.712,26.118,1068,1598,24,24,1.11,0.6,0,0,2663,3000,961,0,2879,2160
060cf092-fe76bdf7-19fee515-26cbef2c-5c16ba6f,26.156,26.462,1058,2182,24,24,1.11,0.62,0,0,2663,3000,961,0,2879,2160
060cf092-fe76bdf7-19fee515-26cbef2c-5c16ba6f,26.489,26.699,1076,1752,24,24,1.11,0.64,0,0,2663,3000,961,0,2879,2160
060cf092-fe76bdf7-19fee515-26cbef2c-5c16ba6f,26.728,26.879,1063,1565,24,24,1.12,0.67,0,0,2663,3000,961,0,2879,2160
060cf092-fe76bdf7-19fee515-26cbef2c-5c16ba6f,26.893,27.048,1062,1579,24,24,1.12,0.67,0,0,2663,3000,961,0,2879,2160
060cf092-fe76bdf7-19fee515-26cbef2c-5c16ba6f,27.061,27.215,1029,1470,24,24,1.16,0.67,0,0,2663,3000,961,0,2879,2160
060cf092-fe76bdf7-19fee515-26cbef2c-5c16ba6f,27.257,27.492,826,2339,24,24,1.2,0.66,0,0,2663,3000,961,0,2879,2160
060cf092-fe76bdf7-19fee515-26cbef2c-5c16ba6f,27.507,27.66,809,2349,24,24,1.21,0.65,0,0,2663,3000,961,0,2879,2160
060cf092-fe76bdf7-19fee515-26cbef2c-5c16ba6f,27.674,28.062,819,2154,24,24,1.22,0.6,0,0,2663,3000,961,0,2879,2160
060cf092-fe76bdf7-19fee515-26cbef2c-5c16ba6f,28.076,28.286,767,2020,24,24,1.23,0.56,0,0,2663,3000,961,0,2879,2160
060cf092-fe76bdf7-19fee515-26cbef2c-5c16ba6f,28.3,28.425,787,2008,24,24,1.21,0.59,0,0,2663,3000,961,0,2879,2160
060cf092-fe76bdf7-19fee515-26cbef2c-5c16ba6f,28.438,28.911,767,1918,24,24,1.21,0.59,0,0,2663,3000,961,0,2879,2160
060cf092-fe76bdf7-19fee515-26cbef2c-5c16ba6f,28.939,29.371,756,1617,24,24,1.18,0.63,0,0,2663,3000,961,0,2879,2160
060cf092-fe76bdf7-19fee515-26cbef2c-5c16ba6f,29.399,29.761,777,1808,24,24,1.18,0.74,0,0,2663,3000,961,0,2879,2160
060cf092-fe76bdf7-19fee515-26cbef2c-5c16ba6f,29.817,30.124,697,1437,24,24,1.18,0.75,0,0,2663,3000,961,0,2879,2160
060cf092-fe76bdf7-19fee515-26cbef2c-5c16ba6f,30.29,30.416,2053,1399,24,24,1.18,0.75,0,0,2663,3000,961,0,2879,2160
060cf092-fe76bdf7-19fee515-26cbef2c-5c16ba6f,30.583,30.709,1972,1567,24,24,1.18,0.75,0,0,2663,3000,961,0,2879,2160
060cf092-fe76bdf7-19fee515-26cbef2c-5c16ba6f,30.807,31.182,1833,1984,24,24,1.2,0.71,0,0,2663,3000,961,0,2879,2160
060cf092-fe76bdf7-19fee515-26cbef2c-5c16ba6f,31.209,31.406,1981,1966,24,24,1.24,0.62,0,0,2663,3000,961,0,2879,2160
060cf092-fe76bdf7-19fee515-26cbef2c-5c16ba6f,31.418,31.793,1987,1968,24,24,1.25,0.53,0,0,2663,3000,961,0,2879,2160
060cf092-fe76bdf7-19fee515-26cbef2c-5c16ba6f,32.044,32.294,729,1814,24,24,1.25,0.43,0,0,2663,3000,961,0,2879,2160
060cf092-fe76bdf7-19fee515-26cbef2c-5c16ba6f,32.573,32.711,811,2312,24,24,1.25,0.43,0,0,2663,3000,961,0,2879,2160
060cf092-fe76bdf7-19fee515-26cbef2c-5c16ba6f,32.725,32.976,845,2282,24,24,1.25,0.43,0,0,2663,3000,961,0,2879,2160
060cf092-fe76bdf7-19fee515-26cbef2c-5c16ba6f,33.018,33.213,1057,2314,24,24,1.25,0.43,0,0,2663,3000,961,0,2879,2160
060cf092-fe76bdf7-19fee515-26cbef2c-5c16ba6f,33.338,33.63,879,2245,24,24,1.25,0.43,0,0,2663,3000,961,0,2879,2160
060cf092-fe76bdf7-19fee515-26cbef2c-5c16ba6f,33.643,33.88,896,2256,24,24,1.25,0.46,0,0,2663,3000,961,0,2879,2160
060cf092-fe76bdf7-19fee515-26cbef2c-5c16ba6f,33.894,34.242,816,2222,24,24,1.25,0.53,0,0,2663,3000,961,0,2879,2160
060cf092-fe76bdf7-19fee515-26cbef2c-5c16ba6f,34.256,34.618,929,2144,24,24,1.25,0.58,0,0,2663,3000,961,0,2879,2160
060cf092-fe76bdf7-19fee515-26cbef2c-5c16ba6f,34.646,34.813,907,2367,24,24,1.25,0.58,0,0,2663,3000,961,0,2879,2160
060cf092-fe76bdf7-19fee515-26cbef2c-5c16ba6f,34.897,35.105,760,2368,24,24,1.25,0.58,0,0,2663,3000,961,0,2879,2160
060cf092-fe76bdf7-19fee515-26cbef2c-5c16ba6f,35.134,35.398,620,2210,24,24,1.25,0.58,0,0,2663,3000,961,0,2879,2160
060cf092-fe76bdf7-19fee515-26cbef2c-5c16ba6f,35.412,35.745,617,2248,24,24,1.25,0.58,0,0,2663,3000,961,0,2879,2160
060cf092-fe76bdf7-19fee515-26cbef2c-5c16ba6f,35.887,36.094,784,2446,24,24,1.26,0.6,0,0,2663,3000,961,0,2879,2160
060cf092-fe76bdf7-19fee515-26cbef2c-5c16ba6f,36.121,36.291,1235,2598,24,24,1.26,0.62,0,0,2663,3000,961,0,2879,2160
060cf092-fe76bdf7-19fee515-26cbef2c-5c16ba6f,36.305,36.542,1244,2579,24,24,1.29,0.61,0,0,2663,3000,961,0,2879,2160
060cf092-fe76bdf7-19fee515-26cbef2c-5c16ba6f,36.554,37.097,1234,2564,24,24,1.31,0.57,0,0,2663,3000,961,0,2879,2160
060cf092-fe76bdf7-19fee515-26cbef2c-5c16ba6f,37.181,37.417,2349,2679,24,24,1.32,0.5,0,0,2663,3000,961,0,2879,2160
060cf092-fe76bdf7-19fee515-26cbef2c-5c16ba6f,37.472,37.653,2101,2542,24,24,1.32,0.49,0,0,2663,3000,961,0,2879,2160
060cf092-fe76bdf7-19fee515-26cbef2c-5c16ba6f,37.668,37.778,2089,2561,24,24,1.32,0.49,0,0,2663,3000,961,0,2879,2160
060cf092-fe76bdf7-19fee515-26cbef2c-5c16ba6f,37.806,38.085,2394,2413,24,24,1.32,0.49,0,0,2663,3000,961,0,2879,2160
060cf092-fe76bdf7-19fee515-26cbef2c-5c16ba6f,38.211,38.601,1975,2113,24,24,1.32,0.5,0,0,2663,3000,961,0,2879,2160
060cf092-fe76bdf7-19fee515-26cbef2c-5c16ba6f,38.629,38.822,1690,2335,24,24,1.32,0.54,0,0,2663,3000,961,0,2879,2160
060cf092-fe76bdf7-19fee515-26cbef2c-5c16ba6f,39.032,39.282,1077,1966,24,24,1.34,0.53,0,0,2663,3000,961,0,2879,2160
060cf092-fe76bdf7-19fee515-26cbef2c-5c16ba6f,39.323,39.518,927,1849,24,24,1.35,0.47,0,0,2663,3000,961,0,2879,2160
060cf092-fe76bdf7-19fee515-26cbef2c-5c16ba6f,39.533,39.882,829,1277,24,24,1.35,0.47,0,0,2663,3000,961,0,2879,2160
060cf092-fe76bdf7-19fee515-26cbef2c-5c16ba6f,39.925,40.187,796,1114,24,24,1.35,0.42,0,0,2663,3000,961,0,2879,2160
060cf092-fe76bdf7-19fee515-26cbef2c-5c16ba6f,40.201,40.465,888,1013,24,24,1.35,0.36,0,0,2663,3000,961,0,2879,2160
060cf092-fe76bdf7-19fee515-26cbef2c-5c16ba6f,40.507,40.786,910,1260,24,24,1.35,0.3,0,0,2663,3000,961,0,2879,2160
060cf092-fe76bdf7-19fee515-26cbef2c-5c16ba6f,40.812,41.162,973,1565,24,24,1.33,0.3,0,0,2663,3000,961,0,2879,2160
060cf092-fe76bdf7-19fee515-26cbef2c-5c16ba6f,41.175,41.494,1109,1580,24,24,1.34,0.35,0,0,2663,3000,961,0,2879,2160
060cf092-fe76bdf7-19fee515-26cbef2c-5c16ba6f,41.522,41.787,1039,1303,24,24,1.34,0.38,0,0,2663,3000,961,0,2879,2160
060cf092-fe76bdf7-19fee515-26cbef2c-5c16ba6f,41.803,41.941,808,983,24,24,1.35,0.44,0,0,2663,3000,961,0,2879,2160
060cf092-fe76bdf7-19fee515-26cbef2c-5c16ba6f,41.954,42.067,793,927,24,24,1.35,0.45,0,0,2663,3000,961,0,2879,2160
060cf092-fe76bdf7-19fee515-26cbef2c-5c16ba6f,42.552,42.762,762,1020,24,24,1.36,0.53,0,0,2663,3000,961,0,2879,2160
060cf092-fe76bdf7-19fee515-26cbef2c-5c16ba6f,42.831,43.011,625,1153,24,24,1.38,0.55,0,0,2663,3000,961,0,2879,2160
060cf092-fe76bdf7-19fee515-26cbef2c-5c16ba6f,43.109,43.471,536,1244,24,24,1.38,0.53,0,0,2663,3000,961,0,2879,2160
060cf092-fe76bdf7-19fee515-26cbef2c-5c16ba6f,43.485,43.722,427,1067,24,24,1.38,0.51,0,0,2663,3000,961,0,2879,2160
060cf092-fe76bdf7-19fee515-26cbef2c-5c16ba6f,43.875,43.986,329,887,24,24,1.38,0.51,0,0,2663,3000,961,0,2879,2160
060cf092-fe76bdf7-19fee515-26cbef2c-5c16ba6f,44.181,44.319,203,800,24,24,1.38,0.51,0,0,2663,3000,961,0,2879,2160
060cf092-fe76bdf7-19fee515-26cbef2c-5c16ba6f,44.39,44.543,295,832,24,24,1.38,0.51,0,0,2663,3000,961,0,2879,2160
060cf092-fe76bdf7-19fee515-26cbef2c-5c16ba6f,44.668,44.89,406,1254,24,24,1.38,0.51,0,0,2663,3000,961,0,2879,2160
060cf092-fe76bdf7-19fee515-26cbef2c-5c16ba6f,44.919,45.297,444,1488,24,24,1.38,0.51,0,0,2663,3000,961,0,2879,2160
060cf092-fe76bdf7-19fee515-26cbef2c-5c16ba6f,45.339,45.628,554,2037,24,24,1.38,0.51,0,0,2663,3000,961,0,2879,2160
060cf092-fe76bdf7-19fee515-26cbef2c-5c16ba6f,45.642,45.783,517,2052,24,24,1.38,0.51,0,0,2663,3000,961,0,2879,2160
060cf092-fe76bdf7-19fee515-26cbef2c-5c16ba6f,46.046,46.214,396,1269,24,24,1.38,0.51,0,0,2663,3000,961,0,2879,2160
060cf092-fe76bdf7-19fee515-26cbef2c-5c16ba6f,46.227,46.632,439,1267,24,24,1.38,0.51,0,0,2663,3000,961,0,2879,2160
060cf092-fe76bdf7-19fee515-26cbef2c-5c16ba6f,46.658,46.853,511,1228,24,24,1.38,0.55,0,0,2663,3000,961,0,2879,2160
060cf092-fe76bdf7-19fee515-26cbef2c-5c16ba6f,46.868,47.048,515,1246,24,24,1.38,0.53,0,0,2663,3000,961,0,2879,2160
060cf092-fe76bdf7-19fee515-26cbef2c-5c16ba6f,47.076,47.285,441,1509,24,24,1.38,0.53,0,0,2663,3000,961,0,2879,2160
060cf092-fe76bdf7-19fee515-26cbef2c-5c16ba6f,47.383,47.8,385,1922,24,24,1.38,0.51,0,0,2663,3000,961,0,2879,2160
060cf092-fe76bdf7-19fee515-26cbef2c-5c16ba6f,47.925,48.092,492,2524,24,24,1.38,0.51,0,0,2663,3000,961,0,2879,2160
060cf092-fe76bdf7-19fee515-26cbef2c-5c16ba6f,48.12,48.232,774,2589,24,24,1.38,0.51,0,0,2663,3000,961,0,2879,2160
060cf092-fe76bdf7-19fee515-26cbef2c-5c16ba6f,48.245,48.457,792,2593,24,24,1.38,0.51,0,0,2663,3000,961,0,2879,2160
060cf092-fe76bdf7-19fee515-26cbef2c-5c16ba6f,48.47,48.774,860,2365,24,24,1.38,0.53,0,0,2663,3000,961,0,2879,2160
060cf092-fe76bdf7-19fee515-26cbef2c-5c16ba6f,48.817,49.18,832,2179,24,24,1.38,0.55,0,0,2663,3000,961,0,2879,2160
060cf092-fe76bdf7-19fee515-26cbef2c-5c16ba6f,49.192,49.359,844,2149,24,24,1.38,0.56,0,0,2663,3000,961,0,2879,2160
060cf092-fe76bdf7-19fee515-26cbef2c-5c16ba6f,49.373,49.638,913,1964,24,24,1.38,0.57,0,0,2663,3000,961,0,2879,2160
060cf092-fe76bdf7-19fee515-26cbef2c-5c16ba6f,49.68,49.93,1063,1749,24,24,1.38,0.57,0,0,2663,3000,961,0,2879,2160
060cf092-fe76bdf7-19fee515-26cbef2c-5c16ba6f,50.292,50.418,2086,1526,24,24,1.38,0.57,0,0,2663,3000,961,0,2879,2160
060cf092-fe76bdf7-19fee515-26cbef2c-5c16ba6f,50.975,51.169,761,1510,24,24,1.38,0.57,0,0,2663,3000,961,0,2879,2160
060cf092-fe76bdf7-19fee515-26cbef2c-5c16ba6f,51.322,51.489,720,1735,24,24,1.38,0.57,0,0,2663,3000,961,0,2879,2160
060cf092-fe76bdf7-19fee515-26cbef2c-5c16ba6f,51.573,51.726,777,2239,24,24,1.38,0.57,0,0,2663,3000,961,0,2879,2160
060cf092-fe76bdf7-19fee515-26cbef2c-5c16ba6f,51.74,52.144,786,2263,24,24,1.38,0.57,0,0,2663,3000,961,0,2879,2160
060cf092-fe76bdf7-19fee515-26cbef2c-5c16ba6f,52.172,52.368,830,2106,24,24,1.38,0.57,0,0,2663,3000,961,0,2879,2160
060cf092-fe76bdf7-19fee515-26cbef2c-5c16ba6f,52.381,52.673,825,2062,24,24,1.37,0.62,0,0,2663,3000,961,0,2879,2160
060cf092-fe76bdf7-19fee515-26cbef2c-5c16ba6f,52.728,52.979,939,1850,24,24,1.36,0.63,0,0,2663,3000,961,0,2879,2160
060cf092-fe76bdf7-19fee515-26cbef2c-5c16ba6f,52.993,53.398,1005,1738,24,24,1.37,0.58,0,0,2663,3000,961,0,2879,2160
060cf092-fe76bdf7-19fee515-26cbef2c-5c16ba6f,53.411,53.967,1030,1649,24,24,1.37,0.52,0,0,2663,3000,961,0,2879,2160
060cf092-fe76bdf7-19fee515-26cbef2c-5c16ba6f,54.051,54.204,1215,1647,24,24,1.36,0.5,0,0,2663,3000,961,0,2879,2160
060cf092-fe76bdf7-19fee515-26cbef2c-5c16ba6f,54.218,54.524,1223,1645,24,24,1.36,0.49,0,0,2663,3000,961,0,2879,2160
060cf092-fe76bdf7-19fee515-26cbef2c-5c16ba6f,54.538,54.719,1148,1669,24,24,1.36,0.44,0,0,2663,3000,961,0,2879,2160
060cf092-fe76bdf7-19fee515-26cbef2c-5c16ba6f,54.749,55.086,1053,1402,24,24,1.36,0.4,0,0,2663,3000,961,0,2879,2160
060cf092-fe76bdf7-19fee515-26cbef2c-5c16ba6f,55.192,55.403,1037,1695,24,24,1.35,0.32,0,0,2663,3000,961,0,2879,2160
060cf092-fe76bdf7-19fee515-26cbef2c-5c16ba6f,55.473,55.862,1260,2695,24,24,1.33,0.4,0,0,2663,3000,961,0,2879,2160
060cf092-fe76bdf7-19fee515-26cbef2c-5c16ba6f,55.902,56.168,1273,2201,24,24,1.33,0.46,0,0,2663,3000,961,0,2879,2160
060cf092-fe76bdf7-19fee515-26cbef2c-5c16ba6f,56.208,56.348,922,2604,24,24,1.33,0.51,0,0,2663,3000,961,0,2879,2160
060cf092-fe76bdf7-19fee515-26cbef2c-5c16ba6f,56.361,56.57,894,2603,24,24,1.33,0.51,0,0,2663,3000,961,0,2879,2160
060cf092-fe76bdf7-19fee515-26cbef2c-5c16ba6f,56.626,56.779,267,2613,24,24,1.33,0.53,0,0,2663,3000,961,0,2879,2160
060cf092-fe76bdf7-19fee515-26cbef2c-5c16ba6f,56.793,57.03,291,2621,24,24,1.33,0.53,0,0,2663,3000,961,0,2879,2160
060cf092-fe76bdf7-19fee515-26cbef2c-5c16ba6f,57.141,57.377,465,2241,24,24,1.33,0.57,0,0,2663,3000,961,0,2879,2160
060cf092-fe76bdf7-19fee515-26cbef2c-5c16ba6f,57.405,57.795,547,2151,24,24,1.36,0.58,0,0,2663,3000,961,0,2879,2160
060cf092-fe76bdf7-19fee515-26cbef2c-5c16ba6f,57.809,58.06,522,2149,24,24,1.36,0.56,0,0,2663,3000,961,0,2879,2160
060cf092-fe76bdf7-19fee515-26cbef2c-5c16ba6f,58.074,58.421,483,2148,24,24,1.35,0.52,0,0,2663,3000,961,0,2879,2160
060cf092-fe76bdf7-19fee515-26cbef2c-5c16ba6f,58.534,58.714,475,848,24,24,1.35,0.51,0,0,2663,3000,961,0,2879,2160
060cf092-fe76bdf7-19fee515-26cbef2c-5c16ba6f,58.798,59.398,427,868,24,24,1.35,0.5,0,0,2663,3000,961,0,2879,2160
060cf092-fe76bdf7-19fee515-26cbef2c-5c16ba6f,59.437,59.786,571,785,24,24,1.35,0.46,0,0,2663,3000,961,0,2879,2160
060cf092-fe76bdf7-19fee515-26cbef2c-5c16ba6f,59.8,59.925,613,783,24,24,1.34,0.45,0,0,2663,3000,961,0,2879,2160
060cf092-fe76bdf7-19fee515-26cbef2c-5c16ba6f,59.953,60.148,764,879,24,24,1.34,0.45,0,0,2663,3000,961,0,2879,2160
060cf092-fe76bdf7-19fee515-26cbef2c-5c16ba6f,60.203,60.468,2115,647,24,24,1.34,0.45,0,0,2663,3000,961,0,2879,2160
060cf092-fe76bdf7-19fee515-26cbef2c-5c16ba6f,60.537,60.858,2300,546,24,24,1.34,0.45,0,0,2663,3000,961,0,2879,2160
060cf092-fe76bdf7-19fee515-26cbef2c-5c16ba6f,60.969,61.275,2137,1142,24,24,1.34,0.45,0,0,2663,3000,961,0,2879,2160
060cf092-fe76bdf7-19fee515-26cbef2c-5c16ba6f,61.456,61.568,977,1223,24,24,1.34,0.45,0,0,2663,3000,961,0,2879,2160
060cf092-fe76bdf7-19fee515-26cbef2c-5c16ba6f,61.582,61.72,949,1223,24,24,1.34,0.45,0,0,2663,3000,961,0,2879,2160
060cf092-fe76bdf7-19fee515-26cbef2c-5c16ba6f,61.734,62.04,756,1140,24,24,1.34,0.45,0,0,2663,3000,961,0,2879,2160
060cf092-fe76bdf7-19fee515-26cbef2c-5c16ba6f,62.055,62.542,890,1071,24,24,1.34,0.45,0,0,2663,3000,961,0,2879,2160
060cf092-fe76bdf7-19fee515-26cbef2c-5c16ba6f,62.556,62.764,899,1061,24,24,1.35,0.44,0,0,2663,3000,961,0,2879,2160
060cf092-fe76bdf7-19fee515-26cbef2c-5c16ba6f,62.806,63.1,855,1382,24,24,1.35,0.41,0,0,2663,3000,961,0,2879,2160
060cf092-fe76bdf7-19fee515-26cbef2c-5c16ba6f,63.142,63.476,776,1864,24,24,1.33,0.43,0,0,2663,3000,961,0,2879,2160
060cf092-fe76bdf7-19fee515-26cbef2c-5c16ba6f,63.505,63.628,786,1879,24,24,1.33,0.48,0,0,2663,3000,961,0,2879,2160
060cf092-fe76bdf7-19fee515-26cbef2c-5c16ba6f,63.684,63.961,767,2480,24,24,1.33,0.53,0,0,2663,3000,961,0,2879,2160
060cf092-fe76bdf7-19fee515-26cbef2c-5c16ba6f,64.072,64.295,889,2373,24,24,1.33,0.56,0,0,2663,3000,961,0,2879,2160
060cf092-fe76bdf7-19fee515-26cbef2c-5c16ba6f,64.309,64.657,896,2360,24,24,1.33,0.56,0,0,2663,3000,961,0,2879,2160
060cf092-fe76bdf7-19fee515-26cbef2c-5c16ba6f,64.88,65.047,814,2059,24,24,1.33,0.57,0,0,2663,3000,961,0,2879,2160
060cf092-fe76bdf7-19fee515-26cbef2c-5c16ba6f,65.061,65.214,874,2045,24,24,1.33,0.57,0,0,2663,3000,961,0,2879,2160
060cf092-fe76bdf7-19fee515-26cbef2c-5c16ba6f,65.227,65.395,892,2077,24,24,1.33,0.57,0,0,2663,3000,961,0,2879,2160
060cf092-fe76bdf7-19fee515-26cbef2c-5c16ba6f,65.451,65.757,778,2469,24,24,1.32,0.58,0,0,2663,3000,961,0,2879,2160
060cf092-fe76bdf7-19fee515-26cbef2c-5c16ba6f,65.868,66.007,902,2292,24,24,1.32,0.6,0,0,2663,3000,961,0,2879,2160
060cf092-fe76bdf7-19fee515-26cbef2c-5c16ba6f,66.021,66.133,871,2280,24,24,1.32,0.59,0,0,2663,3000,961,0,2879,2160
060cf092-fe76bdf7-19fee515-26cbef2c-5c16ba6f,66.147,66.272,731,1898,24,24,1.32,0.59,0,0,2663,3000,961,0,2879,2160
060cf092-fe76bdf7-19fee515-26cbef2c-5c16ba6f,66.286,66.481,741,1887,24,24,1.32,0.59,0,0,2663,3000,961,0,2879,2160
060cf092-fe76bdf7-19fee515-26cbef2c-5c16ba6f,66.494,66.648,781,1706,24,24,1.32,0.59,0,0,2663,3000,961,0,2879,2160
060cf092-fe76bdf7-19fee515-26cbef2c-5c16ba6f,66.773,66.884,1032,1693,24,24,1.32,0.59,0,0,2663,3000,961,0,2879,2160
060cf092-fe76bdf7-19fee515-26cbef2c-5c16ba6f,66.94,67.093,1068,1706,24,24,1.32,0.59,0,0,2663,3000,961,0,2879,2160
060cf092-fe76bdf7-19fee515-26cbef2c-5c16ba6f,67.107,67.33,1042,1708,24,24,1.32,0.61,0,0,2663,3000,961,0,2879,2160
060cf092-fe76bdf7-19fee515-26cbef2c-5c16ba6f,67.344,67.58,1041,1702,24,24,1.32,0.61,0,0,2663,3000,961,0,2879,2160
060cf092-fe76bdf7-19fee515-26cbef2c-5c16ba6f,67.609,67.97,1044,1453,24,24,1.32,0.6,0,0,2663,3000,961,0,2879,2160
060cf092-fe76bdf7-19fee515-26cbef2c-5c16ba6f,67.984,68.374,1141,1474,24,24,1.31,0.52,0,0,2663,3000,961,0,2879,2160
060cf092-fe76bdf7-19fee515-26cbef2c-5c16ba6f,68.402,68.708,1125,1228,24,24,1.31,0.49,0,0,2663,3000,961,0,2879,2160
060cf092-fe76bdf7-19fee515-26cbef2c-5c16ba6f,68.751,69.237,1300,2395,24,24,1.3,0.45,0,0,2663,3000,961,0,2879,2160
060cf092-fe76bdf7-19fee515-26cbef2c-5c16ba6f,69.292,69.682,1243,2868,24,24,1.3,0.44,0,0,2663,3000,961,0,2879,2160
060cf092-fe76bdf7-19fee515-26cbef2c-5c16ba6f,69.696,69.821,1263,2865,24,24,1.3,0.47,0,0,2663,3000,961,0,2879,2160
060cf092-fe76bdf7-19fee515-26cbef2c-5c16ba6f,69.877,70.114,1321,2378,24,24,1.3,0.47,0,0,2663,3000,961,0,2879,2160
060cf092-fe76bdf7-19fee515-26cbef2c-5c16ba6f,70.155,70.337,1461,1831,24,24,1.3,0.48,0,0,2663,3000,961,0,2879,2160
060cf092-fe76bdf7-19fee515-26cbef2c-5c16ba6f,70.977,71.102,1141,1611,24,24,1.3,0.5,0,0,2663,3000,961,0,2879,2160
060cf092-fe76bdf7-19fee515-26cbef2c-5c16ba6f,71.117,71.227,1137,1611,24,24,1.3,0.5,0,0,2663,3000,961,0,2879,2160
060cf092-fe76bdf7-19fee515-26cbef2c-5c16ba6f,71.339,71.492,1063,1484,24,24,1.3,0.5,0,0,2663,3000,961,0,2879,2160
060cf092-fe76bdf7-19fee515-26cbef2c-5c16ba6f,71.505,71.631,1028,1509,24,24,1.3,0.5,0,0,2663,3000,961,0,2879,2160
060cf092-fe76bdf7-19fee515-26cbef2c-5c16ba6f,71.645,71.798,947,1346,24,24,1.3,0.5,0,0,2663,3000,961,0,2879,2160
060cf092-fe76bdf7-19fee515-26cbef2c-5c16ba6f,71.812,71.993,956,1318,24,24,1.3,0.5,0,0,2663,3000,961,0,2879,2160
060cf092-fe76bdf7-19fee515-26cbef2c-5c16ba6f,72.007,72.201,957,1334,24,24,1.3,0.5,0,0,2663,3000,961,0,2879,2160
060cf092-fe76bdf7-19fee515-26cbef2c-5c16ba6f,72.258,72.452,1006,1543,24,24,1.3,0.5,0,0,2663,3000,961,0,2879,2160
060cf092-fe76bdf7-19fee515-26cbef2c-5c16ba6f,72.466,72.619,1015,1533,24,24,1.3,0.5,0,0,2663,3000,961,0,2879,2160
060cf092-fe76bdf7-19fee515-26cbef2c-5c16ba6f,72.633,72.884,928,1538,24,24,1.3,0.5,0,0,2663,3000,961,0,2879,2160
060cf092-fe76bdf7-19fee515-26cbef2c-5c16ba6f,73.009,73.176,969,1609,24,24,1.3,0.5,0,0,2663,3000,961,0,2879,2160
060cf092-fe76bdf7-19fee515-26cbef2c-5c16ba6f,73.19,73.316,965,1582,24,24,1.3,0.5,0,0,2663,3000,961,0,2879,2160
060cf092-fe76bdf7-19fee515-26cbef2c-5c16ba6f,73.329,73.608,916,1472,24,24,1.3,0.5,0,0,2663,3000,961,0,2879,2160
060cf092-fe76bdf7-19fee515-26cbef2c-5c16ba6f,73.635,73.913,956,1288,24,24,1.3,0.5,0,0,2663,3000,961,0,2879,2160
060cf092-fe76bdf7-19fee515-26cbef2c-5c16ba6f,73.955,74.164,792,1031,24,24,1.3,0.5,0,0,2663,3000,961,0,2879,2160
060cf092-fe76bdf7-19fee515-26cbef2c-5c16ba6f,74.178,74.345,790,1051,24,24,1.3,0.5,0,0,2663,3000,961,0,2879,2160
060cf092-fe76bdf7-19fee515-26cbef2c-5c16ba6f,74.373,74.652,760,1101,24,24,1.3,0.5,0,0,2663,3000,961,0,2879,2160
060cf092-fe76bdf7-19fee515-26cbef2c-5c16ba6f,74.707,75.055,871,887,24,24,1.3,0.5,0,0,2663,3000,961,0,2879,2160
060cf092-fe76bdf7-19fee515-26cbef2c-5c16ba6f,75.306,75.542,931,1557,24,24,1.3,0.48,0,0,2663,3000,961,0,2879,2160
060cf092-fe76bdf7-19fee515-26cbef2c-5c16ba6f,75.572,75.766,1076,2092,24,24,1.3,0.45,0,0,2663,3000,961,0,2879,2160
060cf092-fe76bdf7-19fee515-26cbef2c-5c16ba6f,75.807,75.974,1934,1368,24,24,1.3,0.43,0,0,2663,3000,961,0,2879,2160
060cf092-fe76bdf7-19fee515-26cbef2c-5c16ba6f,76.071,76.378,2034,640,24,24,1.28,0.42,0,0,2663,3000,961,0,2879,2160
060cf092-fe76bdf7-19fee515-26cbef2c-5c16ba6f,76.406,76.531,495,725,24,24,1.28,0.34,0,0,2663,3000,961,0,2879,2160
060cf092-fe76bdf7-19fee515-26cbef2c-5c16ba6f,76.544,76.727,475,734,24,24,1.28,0.34,0,0,2663,3000,961,0,2879,2160
060cf092-fe76bdf7-19fee515-26cbef2c-5c16ba6f,76.743,76.949,741,794,24,24,1.27,0.34,0,0,2663,3000,961,0,2879,2160
060cf092-fe76bdf7-19fee515-26cbef2c-5c16ba6f,76.962,77.242,760,801,24,24,1.26,0.41,0,0,2663,3000,961,0,2879,2160
060cf092-fe76bdf7-19fee515-26cbef2c-5c16ba6f,77.34,77.644,2002,304,24,24,1.26,0.49,0,0,2663,3000,961,0,2879,2160
060cf092-fe76bdf7-19fee515-26cbef2c-5c16ba6f,77.7,77.951,1591,883,24,24,1.27,0.54,0,0,2663,3000,961,0,2879,2160
060cf092-fe76bdf7-19fee515-26cbef2c-5c16ba6f,78.076,78.215,1548,1935,24,24,1.28,0.51,0,0,2663,3000,961,0,2879,2160
060cf092-fe76bdf7-19fee515-26cbef2c-5c16ba6f,78.229,78.383,1542,1944,24,24,1.29,0.5,0,0,2663,3000,961,0,2879,2160
060cf092-fe76bdf7-19fee515-26cbef2c-5c16ba6f,78.396,78.688,1671,2401,24,24,1.29,0.49,0,0,2663,3000,961,0,2879,2160
060cf092-fe76bdf7-19fee515-26cbef2c-5c16ba6f,78.717,78.869,1393,2144,24,24,1.28,0.47,0,0,2663,3000,961,0,2879,2160
060cf092-fe76bdf7-19fee515-26cbef2c-5c16ba6f,79.078,79.217,1311,1800,24,24,1.28,0.47,0,0,2663,3000,961,0,2879,2160
060cf092-fe76bdf7-19fee515-26cbef2c-5c16ba6f,79.315,79.454,1271,1624,24,24,1.28,0.47,0,0,2663,3000,961,0,2879,2160
060cf092-fe76bdf7-19fee515-26cbef2c-5c16ba6f,79.482,79.649,1428,1812,24,24,1.28,0.47,0,0,2663,3000,961,0,2879,2160
060cf092-fe76bdf7-19fee515-26cbef2c-5c16ba6f,79.663,80.024,1456,1817,24,24,1.28,0.48,0,0,2663,3000,961,0,2879,2160
060cf092-fe76bdf7-19fee515-26cbef2c-5c16ba6f,80.08,80.233,1588,1551,24,24,1.28,0.48,0,0,2663,3000,961,0,2879,2160
060cf092-fe76bdf7-19fee515-26cbef2c-5c16ba6f,80.288,80.401,727,1014,24,24,1.28,0.48,0,0,2663,3000,961,0,2879,2160
060cf092-fe76bdf7-19fee515-26cbef2c-5c16ba6f,80.414,80.554,711,999,24,24,1.28,0.49,0,0,2663,3000,961,0,2879,2160
060cf092-fe76bdf7-19fee515-26cbef2c-5c16ba6f,80.567,80.776,773,900,24,24,1.28,0.5,0,0,2663,3000,961,0,2879,2160
060cf092-fe76bdf7-19fee515-26cbef2c-5c16ba6f,80.79,81.208,801,1075,24,24,1.28,0.5,0,0,2663,3000,961,0,2879,2160
060cf092-fe76bdf7-19fee515-26cbef2c-5c16ba6f,81.237,81.556,966,918,24,24,1.28,0.52,0,0,2663,3000,961,0,2879,2160
060cf092-fe76bdf7-19fee515-26cbef2c-5c16ba6f,81.598,82.017,746,1246,24,24,1.28,0.52,0,0,2663,3000,961,0,2879,2160
060cf092-fe76bdf7-19fee515-26cbef2c-5c16ba6f,82.043,82.238,890,998,24,24,1.28,0.49,0,0,2663,3000,961,0,2879,2160
060cf092-fe76bdf7-19fee515-26cbef2c-5c16ba6f,82.254,82.448,905,989,24,24,1.28,0.47,0,0,2663,3000,961,0,2879,2160
060cf092-fe76bdf7-19fee515-26cbef2c-5c16ba6f,82.46,82.865,964,1397,24,24,1.28,0.46,0,0,2663,3000,961,0,2879,2160
060cf092-fe76bdf7-19fee515-26cbef2c-5c16ba6f,82.892,83.297,961,1669,24,24,1.27,0.44,0,0,2663,3000,961,0,2879,2160
060cf092-fe76bdf7-19fee515-26cbef2c-5c16ba6f,83.338,83.742,545,1855,24,24,1.26,0.41,0,0,2663,3000,961,0,2879,2160
060cf092-fe76bdf7-19fee515-26cbef2c-5c16ba6f,83.797,83.908,398,1962,24,24,1.25,0.44,0,0,2663,3000,961,0,2879,2160
060cf092-fe76bdf7-19fee515-26cbef2c-5c16ba6f,83.922,84.076,394,1965,24,24,1.25,0.44,0,0,2663,3000,961,0,2879,2160
060cf092-fe76bdf7-19fee515-26cbef2c-5c16ba6f,84.089,84.284,388,1954,24,24,1.25,0.45,0,0,2663,3000,961,0,2879,2160
060cf092-fe76bdf7-19fee515-26cbef2c-5c16ba6f,84.368,84.717,616,2346,24,24,1.26,0.46,0,0,2663,3000,961,0,2879,2160
060cf092-fe76bdf7-19fee515-26cbef2c-5c16ba6f,84.729,85.021,678,2299,24,24,1.26,0.46,0,0,2663,3000,961,0,2879,2160
060cf092-fe76bdf7-19fee515-26cbef2c-5c16ba6f,85.286,85.453,449,2076,24,24,1.26,0.46,0,0,2663,3000,961,0,2879,2160
060cf092-fe76bdf7-19fee515-26cbef2c-5c16ba6f,85.508,85.619,576,2635,24,24,1.26,0.46,0,0,2663,3000,961,0,2879,2160
060cf092-fe76bdf7-19fee515-26cbef2c-5c16ba6f,85.634,85.772,559,2592,24,24,1.26,0.46,0,0,2663,3000,961,0,2879,2160
060cf092-fe76bdf7-19fee515-26cbef2c-5c16ba6f,85.87,86.135,1958,2055,24,24,1.26,0.46,0,0,2663,3000,961,0,2879,2160
060cf092-fe76bdf7-19fee515-26cbef2c-5c16ba6f,86.204,86.385,2010,2510,24,24,1.26,0.46,0,0,2663,3000,961,0,2879,2160
060cf092-fe76bdf7-19fee515-26cbef2c-5c16ba6f,86.399,86.594,1927,2544,24,24,1.26,0.46,0,0,2663,3000,961,0,2879,2160
060cf092-fe76bdf7-19fee515-26cbef2c-5c16ba6f,86.833,86.956,1502,2284,24,24,1.26,0.46,0,0,2663,3000,961,0,2879,2160
060cf092-fe76bdf7-19fee515-26cbef2c-5c16ba6f,87.039,87.165,1248,2447,24,24,1.26,0.46,0,0,2663,3000,961,0,2879,2160
060cf092-fe76bdf7-19fee515-26cbef2c-5c16ba6f,87.401,87.526,946,2447,24,24,1.26,0.46,0,0,2663,3000,961,0,2879,2160
060cf092-fe76bdf7-19fee515-26cbef2c-5c16ba6f,87.582,87.722,893,2486,24,24,1.26,0.46,0,0,2663,3000,961,0,2879,2160
060cf092-fe76bdf7-19fee515-26cbef2c-5c16ba6f,87.889,88.028,835,2228,24,24,1.26,0.46,0,0,2663,3000,961,0,2879,2160
060cf092-fe76bdf7-19fee515-26cbef2c-5c16ba6f,88.042,88.222,865,2216,24,24,1.26,0.46,0,0,2663,3000,961,0,2879,2160
060cf092-fe76bdf7-19fee515-26cbef2c-5c16ba6f,88.236,88.348,864,2179,24,24,1.26,0.46,0,0,2663,3000,961,0,2879,2160
060cf092-fe76bdf7-19fee515-26cbef2c-5c16ba6f,88.391,88.542,908,1887,24,24,1.26,0.48,0,0,2663,3000,961,0,2879,2160
060cf092-fe76bdf7-19fee515-26cbef2c-5c16ba6f,88.556,88.798,929,1882,24,24,1.26,0.48,0,0,2663,3000,961,0,2879,2160
060cf092-fe76bdf7-19fee515-26cbef2c-5c16ba6f,88.82,89.086,957,1842,24,24,1.27,0.55,0,0,2663,3000,961,0,2879,2160
060cf092-fe76bdf7-19fee515-26cbef2c-5c16ba6f,89.1,89.211,938,1828,24,24,1.27,0.59,0,0,2663,3000,961,0,2879,2160
060cf092-fe76bdf7-19fee515-26cbef2c-5c16ba6f,89.252,89.405,881,2077,24,24,1.27,0.59,0,0,2663,3000,961,0,2879,2160
060cf092-fe76bdf7-19fee515-26cbef2c-5c16ba6f,89.448,89.699,911,2481,24,24,1.27,0.59,0,0,2663,3000,961,0,2879,2160
060cf092-fe76bdf7-19fee515-26cbef2c-5c16ba6f,89.712,90.034,916,2480,24,24,1.27,0.59,0,0,2663,3000,961,0,2879,2160
060cf092-fe76bdf7-19fee515-26cbef2c-5c16ba6f,90.047,90.186,795,2372,24,24,1.29,0.59,0,0,2663,3000,961,0,2879,2160
060cf092-fe76bdf7-19fee515-26cbef2c-5c16ba6f,90.2,90.367,798,2372,24,24,1.29,0.59,0,0,2663,3000,961,0,2879,2160
060cf092-fe76bdf7-19fee515-26cbef2c-5c16ba6f,90.492,90.84,618,2356,24,24,1.28,0.58,0,0,2663,3000,961,0,2879,2160
060cf092-fe76bdf7-19fee515-26cbef2c-5c16ba6f,90.882,91.133,527,2229,24,24,1.28,0.58,0,0,2663,3000,961,0,2879,2160
060cf092-fe76bdf7-19fee515-26cbef2c-5c16ba6f,91.146,91.508,605,2199,24,24,1.28,0.58,0,0,2663,3000,961,0,2879,2160
060cf092-fe76bdf7-19fee515-26cbef2c-5c16ba6f,91.564,91.786,537,2187,24,24,1.28,0.58,0,0,2663,3000,961,0,2879,2160
060cf092-fe76bdf7-19fee515-26cbef2c-5c16ba6f,91.856,92.468,956,2479,24,24,1.28,0.58,0,0,2663,3000,961,0,2879,2160
060cf092-fe76bdf7-19fee515-26cbef2c-5c16ba6f,92.483,92.608,980,2480,24,24,1.28,0.58,0,0,2663,3000,961,0,2879,2160
060cf092-fe76bdf7-19fee515-26cbef2c-5c16ba6f,92.621,92.775,1027,2424,24,24,1.28,0.58,0,0,2663,3000,961,0,2879,2160
060cf092-fe76bdf7-19fee515-26cbef2c-5c16ba6f,92.789,93.122,1023,2419,24,24,1.28,0.58,0,0,2663,3000,961,0,2879,2160
060cf092-fe76bdf7-19fee515-26cbef2c-5c16ba6f,93.15,93.525,1099,2107,24,24,1.28,0.58,0,0,2663,3000,961,0,2879,2160
060cf092-fe76bdf7-19fee515-26cbef2c-5c16ba6f,93.554,93.693,1007,2568,24,24,1.28,0.58,0,0,2663,3000,961,0,2879,2160
060cf092-fe76bdf7-19fee515-26cbef2c-5c16ba6f,93.874,94.0,1824,2540,24,24,1.28,0.58,0,0,2663,3000,961,0,2879,2160
060cf092-fe76bdf7-19fee515-26cbef2c-5c16ba6f,94.069,94.306,1832,2525,24,24,1.28,0.58,0,0,2663,3000,961,0,2879,2160
060cf092-fe76bdf7-19fee515-26cbef2c-5c16ba6f,94.417,94.542,1938,2303,24,24,1.28,0.58,0,0,2663,3000,961,0,2879,2160
060cf092-fe76bdf7-19fee515-26cbef2c-5c16ba6f,95.461,95.674,692,2039,24,24,1.28,0.58,0,0,2663,3000,961,0,2879,2160
060cf092-fe76bdf7-19fee515-26cbef2c-5c16ba6f,95.714,96.044,696,1863,24,24,1.28,0.58,0,0,2663,3000,961,0,2879,2160
060cf092-fe76bdf7-19fee515-26cbef2c-5c16ba6f,96.211,96.365,805,1769,24,24,1.28,0.58,0,0,2663,3000,961,0,2879,2160
060cf092-fe76bdf7-19fee515-26cbef2c-5c16ba6f,96.379,96.685,815,1785,24,24,1.28,0.55,0,0,2663,3000,961,0,2879,2160
060cf092-fe76bdf7-19fee515-26cbef2c-5c16ba6f,96.727,97.005,944,1678,24,24,1.28,0.55,0,0,2663,3000,961,0,2879,2160
060cf092-fe76bdf7-19fee515-26cbef2c-5c16ba6f,97.13,97.339,967,1560,24,24,1.28,0.57,0,0,2663,3000,961,0,2879,2160
060cf092-fe76bdf7-19fee515-26cbef2c-5c16ba6f,97.395,98.007,746,1510,24,24,1.28,0.58,0,0,2663,3000,961,0,2879,2160
060cf092-fe76bdf7-19fee515-26cbef2c-5c16ba6f,98.035,98.369,559,1837,24,24,1.28,0.58,0,0,2663,3000,961,0,2879,2160
060cf092-fe76bdf7-19fee515-26cbef2c-5c16ba6f,98.482,98.815,651,1560,24,24,1.28,0.58,0,0,2663,3000,961,0,2879,2160
060cf092-fe76bdf7-19fee515-26cbef2c-5c16ba6f,98.926,99.441,548,1996,24,24,1.28,0.58,0,0,2663,3000,961,0,2879,2160
060cf092-fe76bdf7-19fee515-26cbef2c-5c16ba6f,99.47,99.762,692,2189,24,24,1.28,0.58,0,0,2663,3000,961,0,2879,2160
060cf092-fe76bdf7-19fee515-26cbef2c-5c16ba6f,99.999,100.109,1975,1525,24,24,1.28,0.58,0,0,2663,3000,961,0,2879,2160
060cf092-fe76bdf7-19fee515-26cbef2c-5c16ba6f,100.138,100.263,1919,1536,24,24,1.28,0.57,0,0,2663,3000,961,0,2879,2160
060cf092-fe76bdf7-19fee515-26cbef2c-5c16ba6f,100.291,100.459,1884,1554,24,24,1.28,0.57,0,0,2663,3000,961,0,2879,2160
060cf092-fe76bdf7-19fee515-26cbef2c-5c16ba6f,100.474,100.694,1868,1562,24,24,1.28,0.52,0,0,2663,3000,961,0,2879,2160
060cf092-fe76bdf7-19fee515-26cbef2c-5c16ba6f,100.791,100.903,1041,1322,24,24,1.27,0.45,0,0,2663,3000,961,0,2879,2160
060cf092-fe76bdf7-19fee515-26cbef2c-5c16ba6f,101.251,101.39,785,1162,24,24,1.29,0.51,0,0,2663,3000,961,0,2879,2160
060cf092-fe76bdf7-19fee515-26cbef2c-5c16ba6f,101.794,101.907,692,790,24,24,1.28,0.58,0,0,2663,3000,961,0,2879,2160
060cf092-fe76bdf7-19fee515-26cbef2c-5c16ba6f,101.922,102.031,678,721,24,24,1.28,0.54,0,0,2663,3000,961,0,2879,2160
060cf092-fe76bdf7-19fee515-26cbef2c-5c16ba6f,102.045,102.171,630,763,24,24,1.28,0.52,0,0,2663,3000,961,0,2879,2160
060cf092-fe76bdf7-19fee515-26cbef2c-5c16ba6f,102.184,102.309,675,801,24,24,1.28,0.51,0,0,2663,3000,961,0,2879,2160
060cf092-fe76bdf7-19fee515-26cbef2c-5c16ba6f,102.56,102.671,2062,611,24,24,1.28,0.51,0,0,2663,3000,961,0,2879,2160
060cf092-fe76bdf7-19fee515-26cbef2c-5c16ba6f,102.713,103.019,1981,671,24,24,1.28,0.51,0,0,2663,3000,961,0,2879,2160
060cf092-fe76bdf7-19fee515-26cbef2c-5c16ba6f,103.145,103.437,1816,697,24,24,1.28,0.51,0,0,2663,3000,961,0,2879,2160
060cf092-fe76bdf7-19fee515-26cbef2c-5c16ba6f,103.451,103.716,1986,872,24,24,1.28,0.51,0,0,2663,3000,961,0,2879,2160
060cf092-fe76bdf7-19fee515-26cbef2c-5c16ba6f,103.897,104.037,1461,1667,24,24,1.28,0.54,0,0,2663,3000,961,0,2879,2160
060cf092-fe76bdf7-19fee515-26cbef2c-5c16ba6f,104.051,104.578,1470,1674,24,24,1.28,0.48,0,0,2663,3000,961,0,2879,2160
060cf092-fe76bdf7-19fee515-26cbef2c-5c16ba6f,104.623,104.985,1541,1061,24,24,1.27,0.4,0,0,2663,3000,961,0,2879,2160
060cf092-fe76bdf7-19fee515-26cbef2c-5c16ba6f,105.163,105.442,1804,624,24,24,1.27,0.59,0,0,2663,3000,961,0,2879,2160
060cf092-fe76bdf7-19fee515-26cbef2c-5c16ba6f,105.457,105.679,1799,581,24,24,1.28,0.51,0,0,2663,3000,961,0,2879,2160
060cf092-fe76bdf7-19fee515-26cbef2c-5c16ba6f,105.692,105.929,1784,633,24,24,1.28,0.48,0,0,2663,3000,961,0,2879,2160
060cf092-fe76bdf7-19fee515-26cbef2c-5c16ba6f,105.984,106.123,2150,310,24,24,1.28,0.47,0,0,2663,3000,961,0,2879,2160
060cf092-fe76bdf7-19fee515-26cbef2c-5c16ba6f,106.374,106.486,450,1071,24,24,1.28,0.48,0,0,2663,3000,961,0,2879,2160
060cf092-fe76bdf7-19fee515-26cbef2c-5c16ba6f,106.543,106.667,526,1068,24,24,1.28,0.53,0,0,2663,3000,961,0,2879,2160
060cf092-fe76bdf7-19fee515-26cbef2c-5c16ba6f,106.736,106.932,361,876,24,24,1.28,0.54,0,0,2663,3000,961,0,2879,2160
060cf092-fe76bdf7-19fee515-26cbef2c-5c16ba6f,106.973,107.098,880,983,24,24,1.28,0.54,0,0,2663,3000,961,0,2879,2160
060cf092-fe76bdf7-19fee515-26cbef2c-5c16ba6f,107.112,107.343,882,1031,24,24,1.28,0.57,0,0,2663,3000,961,0,2879,2160
060cf092-fe76bdf7-19fee515-26cbef2c-5c16ba6f,107.354,107.696,751,961,24,24,1.28,0.52,0,0,2663,3000,961,0,2879,2160
060cf092-fe76bdf7-19fee515-26cbef2c-5c16ba6f,107.822,108.06,1186,796,24,24,1.28,0.44,0,0,2663,3000,961,0,2879,2160
060cf092-fe76bdf7-19fee515-26cbef2c-5c16ba6f,108.13,108.575,759,892,24,24,1.27,0.46,0,0,2663,3000,961,0,2879,2160
060cf092-fe76bdf7-19fee515-26cbef2c-5c16ba6f,108.616,108.728,680,961,24,24,1.26,0.55,0,0,2663,3000,961,0,2879,2160
060cf092-fe76bdf7-19fee515-26cbef2c-5c16ba6f,108.74,108.866,669,960,24,24,1.26,0.58,0,0,2663,3000,961,0,2879,2160
060cf092-fe76bdf7-19fee515-26cbef2c-5c16ba6f,108.88,109.102,681,964,24,24,1.26,0.59,0,0,2663,3000,961,0,2879,2160
060cf092-fe76bdf7-19fee515-26cbef2c-5c16ba6f,109.144,109.269,714,967,24,24,1.27,0.53,0,0,2663,3000,961,0,2879,2160
060cf092-fe76bdf7-19fee515-26cbef2c-5c16ba6f,109.395,109.52,599,950,24,24,1.27,0.53,0,0,2663,3000,961,0,2879,2160
060cf092-fe76bdf7-19fee515-26cbef2c-5c16ba6f,109.534,109.716,578,921,24,24,1.27,0.53,0,0,2663,3000,961,0,2879,2160
060cf092-fe76bdf7-19fee515-26cbef2c-5c16ba6f,109.728,109.979,583,902,24,24,1.28,0.51,0,0,2663,3000,961,0,2879,2160
060cf092-fe76bdf7-19fee515-26cbef2c-5c16ba6f,109.993,110.118,574,903,24,24,1.28,0.51,0,0,2663,3000,961,0,2879,2160
060cf092-fe76bdf7-19fee515-26cbef2c-5c16ba6f,110.146,110.55,753,874,24,24,1.28,0.51,0,0,2663,3000,961,0,2879,2160
060cf092-fe76bdf7-19fee515-26cbef2c-5c16ba6f,110.564,110.704,774,885,24,24,1.28,0.51,0,0,2663,3000,961,0,2879,2160
060cf092-fe76bdf7-19fee515-26cbef2c-5c16ba6f,110.718,111.136,739,874,24,24,1.28,0.51,0,0,2663,3000,961,0,2879,2160
060cf092-fe76bdf7-19fee515-26cbef2c-5c16ba6f,111.17,111.357,757,884,24,24,1.28,0.57,0,0,2663,3000,961,0,2879,2160
060cf092-fe76bdf7-19fee515-26cbef2c-5c16ba6f,111.371,111.596,737,879,24,24,1.28,0.6,0,0,2663,3000,961,0,2879,2160
060cf092-fe76bdf7-19fee515-26cbef2c-5c16ba6f,111.625,111.886,694,906,24,24,1.29,0.54,0,0,2663,3000,961,0,2879,2160
060cf092-fe76bdf7-19fee515-26cbef2c-5c16ba6f,111.9,112.123,702,863,24,24,1.29,0.54,0,0,2663,3000,961,0,2879,2160
060cf092-fe76bdf7-19fee515-26cbef2c-5c16ba6f,112.917,113.099,1001,916,24,24,1.29,0.54,0,0,2663,3000,961,0,2879,2160
060cf092-fe76bdf7-19fee515-26cbef2c-5c16ba6f,113.21,113.32,809,1115,24,24,1.29,0.49,0,0,2663,3000,961,0,2879,2160
060cf092-fe76bdf7-19fee515-26cbef2c-5c16ba6f,113.334,113.435,827,1105,24,24,1.29,0.48,0,0,2663,3000,961,0,2879,2160
060cf092-fe76bdf7-19fee515-26cbef2c-5c16ba6f,113.466,113.627,848,1095,24,24,1.29,0.45,0,0,2663,3000,961,0,2879,2160
060cf092-fe76bdf7-19fee515-26cbef2c-5c16ba6f,113.64,113.835,843,1113,24,24,1.28,0.42,0,0,2663,3000,961,0,2879,2160
060cf092-fe76bdf7-19fee515-26cbef2c-5c16ba6f,113.878,114.044,966,1530,24,24,1.28,0.43,0,0,2663,3000,961,0,2879,2160
060cf092-fe76bdf7-19fee515-26cbef2c-5c16ba6f,114.155,114.268,923,2213,24,24,1.28,0.47,0,0,2663,3000,961,0,2879,2160
060cf092-fe76bdf7-19fee515-26cbef2c-5c16ba6f,114.299,114.42,964,2188,24,24,1.28,0.53,0,0,2663,3000,961,0,2879,2160
060cf092-fe76bdf7-19fee515-26cbef2c-5c16ba6f,114.461,114.574,903,2488,24,24,1.28,0.56,0,0,2663,3000,961,0,2879,2160
060cf092-fe76bdf7-19fee515-26cbef2c-5c16ba6f,114.976,115.09,1835,1968,24,24,1.28,0.59,0,0,2663,3000,961,0,2879,2160
060cf092-fe76bdf7-19fee515-26cbef2c-5c16ba6f,115.213,115.395,723,1973,24,24,1.28,0.55,0,0,2663,3000,961,0,2879,2160
060cf092-fe76bdf7-19fee515-26cbef2c-5c16ba6f,115.41,115.533,757,1907,24,24,1.28,0.5,0,0,2663,3000,961,0,2879,2160
060cf092-fe76bdf7-19fee515-26cbef2c-5c16ba6f,115.658,115.784,776,1979,24,24,1.28,0.49,0,0,2663,3000,961,0,2879,2160
060cf092-fe76bdf7-19fee515-26cbef2c-5c16ba6f,115.826,115.992,541,2045,24,24,1.25,0.53,0,0,2663,3000,961,0,2879,2160
060cf092-fe76bdf7-19fee515-26cbef2c-5c16ba6f,116.008,116.131,519,2050,24,24,1.24,0.53,0,0,2663,3000,961,0,2879,2160
060cf092-fe76bdf7-19fee515-26cbef2c-5c16ba6f,116.148,116.342,544,2088,24,24,1.23,0.56,0,0,2663,3000,961,0,2879,2160
060cf092-fe76bdf7-19fee515-26cbef2c-5c16ba6f,116.355,116.467,766,2106,24,24,1.22,0.59,0,0,2663,3000,961,0,2879,2160
060cf092-fe76bdf7-19fee515-26cbef2c-5c16ba6f,116.481,116.884,800,2107,24,24,1.21,0.61,0,0,2663,3000,961,0,2879,2160
060cf092-fe76bdf7-19fee515-26cbef2c-5c16ba6f,116.897,117.065,802,2119,24,24,1.18,0.64,0,0,2663,3000,961,0,2879,2160
060cf092-fe76bdf7-19fee515-26cbef2c-5c16ba6f,117.078,117.315,927,2035,24,24,1.17,0.67,0,0,2663,3000,961,0,2879,2160
060cf092-fe76bdf7-19fee515-26cbef2c-5c16ba6f,117.454,117.733,826,2065,24,24,1.17,0.64,0,0,2663,3000,961,0,2879,2160
060cf092-fe76bdf7-19fee515-26cbef2c-5c16ba6f,117.76,117.983,829,2030,24,24,1.17,0.61,0,0,2663,3000,961,0,2879,2160
060cf092-fe76bdf7-19fee515-26cbef2c-5c16ba6f,117.996,118.136,689,1821,24,24,1.17,0.54,0,0,2663,3000,961,0,2879,2160
060cf092-fe76bdf7-19fee515-26cbef2c-5c16ba6f,118.151,118.274,686,1811,24,24,1.16,0.51,0,0,2663,3000,961,0,2879,2160
060cf092-fe76bdf7-19fee515-26cbef2c-5c16ba6f,118.29,118.428,723,1803,24,24,1.16,0.5,0,0,2663,3000,961,0,2879,2160
060cf092-fe76bdf7-19fee515-26cbef2c-5c16ba6f,118.443,118.639,931,1893,24,24,1.15,0.5,0,0,2663,3000,961,0,2879,2160
060cf092-fe76bdf7-19fee515-26cbef2c-5c16ba6f,118.652,118.987,940,1890,24,24,1.14,0.59,0,0,2663,3000,961,0,2879,2160
060cf092-fe76bdf7-19fee515-26cbef2c-5c16ba6f,119.0,119.305,840,1855,24,24,1.14,0.61,0,0,2663,3000,961,0,2879,2160
060cf092-fe76bdf7-19fee515-26cbef2c-5c16ba6f,119.319,119.514,883,2103,24,24,1.13,0.66,0,0,2663,3000,961,0,2879,2160
060cf092-fe76bdf7-19fee515-26cbef2c-5c16ba6f,119.528,119.849,902,2127,24,24,1.13,0.66,0,0,2663,3000,961,0,2879,2160
060cf092-fe76bdf7-19fee515-26cbef2c-5c16ba6f,119.861,120.016,916,2100,24,24,1.12,0.71,0,0,2663,3000,961,0,2879,2160
060cf092-fe76bdf7-19fee515-26cbef2c-5c16ba6f,120.087,120.238,885,1848,24,24,1.12,0.66,0,0,2663,3000,961,0,2879,2160
060cf092-fe76bdf7-19fee515-26cbef2c-5c16ba6f,120.252,120.377,853,1857,24,24,1.12,0.64,0,0,2663,3000,961,0,2879,2160
060cf092-fe76bdf7-19fee515-26cbef2c-5c16ba6f,120.447,120.573,1970,1947,24,24,1.09,0.62,0,0,2663,3000,961,0,2879,2160
060cf092-fe76bdf7-19fee515-26cbef2c-5c16ba6f,120.588,120.699,1961,1978,24,24,1.09,0.6,0,0,2663,3000,961,0,2879,2160
060cf092-fe76bdf7-19fee515-26cbef2c-5c16ba6f,120.712,120.894,1906,1962,24,24,1.09,0.56,0,0,2663,3000,961,0,2879,2160
060cf092-fe76bdf7-19fee515-26cbef2c-5c16ba6f,120.948,121.368,845,2121,24,24,1.09,0.5,0,0,2663,3000,961,0,2879,2160
060cf092-fe76bdf7-19fee515-26cbef2c-5c16ba6f,121.381,121.56,833,2113,24,24,1.06,0.46,0,0,2663,3000,961,0,2879,2160
060cf092-fe76bdf7-19fee515-26cbef2c-5c16ba6f,121.588,121.827,1155,2296,24,24,1.03,0.53,0,0,2663,3000,961,0,2879,2160
060cf092-fe76bdf7-19fee515-26cbef2c-5c16ba6f,121.867,122.384,957,2595,24,24,1.03,0.62,0,0,2663,3000,961,0,2879,2160
060cf092-fe76bdf7-19fee515-26cbef2c-5c16ba6f,122.466,122.674,2042,2478,24,24,1.06,0.51,0,0,2663,3000,961,0,2879,2160
060cf092-fe76bdf7-19fee515-26cbef2c-5c16ba6f,122.688,122.855,1992,2460,24,24,1.06,0.51,0,0,2663,3000,961,0,2879,2160
060cf092-fe76bdf7-19fee515-26cbef2c-5c16ba6f,122.994,123.274,1646,2461,24,24,1.05,0.45,0,0,2663,3000,961,0,2879,2160
060cf092-fe76bdf7-19fee515-26cbef2c-5c16ba6f,123.328,123.468,840,2440,24,24,1.03,0.49,0,0,2663,3000,961,0,2879,2160
060cf092-fe76bdf7-19fee515-26cbef2c-5c16ba6f,123.704,123.9,820,2358,24,24,1.03,0.56,0,0,2663,3000,961,0,2879,2160
060cf092-fe76bdf7-19fee515-26cbef2c-5c16ba6f,123.913,124.067,823,2365,24,24,1.03,0.59,0,0,2663,3000,961,0,2879,2160
060cf092-fe76bdf7-19fee515-26cbef2c-5c16ba6f,124.08,124.374,702,2090,24,24,1.03,0.59,0,0,2663,3000,961,0,2879,2160
060cf092-fe76bdf7-19fee515-26cbef2c-5c16ba6f,124.388,124.498,730,2077,24,24,1.04,0.53,0,0,2663,3000,961,0,2879,2160
060cf092-fe76bdf7-19fee515-26cbef2c-5c16ba6f,124.555,124.679,1460,1937,24,24,1.04,0.51,0,0,2663,3000,961,0,2879,2160
060cf092-fe76bdf7-19fee515-26cbef2c-5c16ba6f,124.734,124.903,2086,1975,24,24,1.04,0.48,0,0,2663,3000,961,0,2879,2160
060cf092-fe76bdf7-19fee515-26cbef2c-5c16ba6f,124.917,125.027,2029,1968,24,24,1.04,0.45,0,0,2663,3000,961,0,2879,2160
060cf092-fe76bdf7-19fee515-26cbef2c-5c16ba6f,125.152,125.458,1801,1896,24,24,1.04,0.43,0,0,2663,3000,961,0,2879,2160
060cf092-fe76bdf7-19fee515-26cbef2c-5c16ba6f,125.611,125.74,671,1689,24,24,1.03,0.51,0,0,2663,3000,961,0,2879,2160
060cf092-fe76bdf7-19fee515-26cbef2c-5c16ba6f,125.766,125.905,688,1694,24,24,1.03,0.55,0,0,2663,3000,961,0,2879,2160
060cf092-fe76bdf7-19fee515-26cbef2c-5c16ba6f,126.001,126.184,783,1766,24,24,1.01,0.58,0,0,2663,3000,961,0,2879,2160
060cf092-fe76bdf7-19fee515-26cbef2c-5c16ba6f,126.239,126.601,842,1900,24,24,1.0,0.63,0,0,2663,3000,961,0,2879,2160
060cf092-fe76bdf7-19fee515-26cbef2c-5c16ba6f,126.655,126.809,598,1544,24,24,0.99,0.67,0,0,2663,3000,961,0,2879,2160
060cf092-fe76bdf7-19fee515-26cbef2c-5c16ba6f,126.823,127.017,617,1559,24,24,0.99,0.69,0,0,2663,3000,961,0,2879,2160
060cf092-fe76bdf7-19fee515-26cbef2c-5c16ba6f,127.045,127.366,748,1500,24,24,0.99,0.72,0,0,2663,3000,961,0,2879,2160
060cf092-fe76bdf7-19fee515-26cbef2c-5c16ba6f,127.49,127.756,584,1616,24,24,1.01,0.63,0,0,2663,3000,961,0,2879,2160
060cf092-fe76bdf7-19fee515-26cbef2c-5c16ba6f,128.215,128.325,1888,1820,24,24,1.01,0.58,0,0,2663,3000,961,0,2879,2160
060cf092-fe76bdf7-19fee515-26cbef2c-5c16ba6f,128.576,128.717,1836,1884,24,24,1.0,0.6,0,0,2663,3000,961,0,2879,2160
060cf092-fe76bdf7-19fee515-26cbef2c-5c16ba6f,128.73,128.869,1811,1932,24,24,1.0,0.62,0,0,2663,3000,961,0,2879,2160
060cf092-fe76bdf7-19fee515-26cbef2c-5c16ba6f,128.883,129.05,1705,1820,24,24,1.0,0.64,0,0,2663,3000,961,0,2879,2160
060cf092-fe76bdf7-19fee515-26cbef2c-5c16ba6f,129.273,129.508,1753,1859,24,24,1.01,0.7,0,0,2663,3000,961,0,2879,2160
060cf092-fe76bdf7-19fee515-26cbef2c-5c16ba6f,129.581,129.705,1903,1826,24,24,1.03,0.72,0,0,2663,3000,961,0,2879,2160
060cf092-fe76bdf7-19fee515-26cbef2c-5c16ba6f,129.968,130.219,736,1774,24,24,1.03,0.67,0,0,2663,3000,961,0,2879,2160
060cf092-fe76bdf7-19fee515-26cbef2c-5c16ba6f,130.26,130.525,933,1639,24,24,1.03,0.64,0,0,2663,3000,961,0,2879,2160
060cf092-fe76bdf7-19fee515-26cbef2c-5c16ba6f,130.581,130.858,888,2464,24,24,1.03,0.59,0,0,2663,3000,961,0,2879,2160
060cf092-fe76bdf7-19fee515-26cbef2c-5c16ba6f,130.872,131.054,893,2477,24,24,0.98,0.64,0,0,2663,3000,961,0,2879,2160
060cf092-fe76bdf7-19fee515-26cbef2c-5c16ba6f,131.167,131.333,883,2278,24,24,0.98,0.67,0,0,2663,3000,961,0,2879,2160
060cf092-fe76bdf7-19fee515-26cbef2c-5c16ba6f,131.348,131.569,855,2268,24,24,0.96,0.68,0,0,2663,3000,961,0,2879,2160
060cf092-fe76bdf7-19fee515-26cbef2c-5c16ba6f,131.652,131.764,579,2125,24,24,0.96,0.69,0,0,2663,3000,961,0,2879,2160
060cf092-fe76bdf7-19fee515-26cbef2c-5c16ba6f,131.792,132.223,466,1994,24,24,0.98,0.66,0,0,2663,3000,961,0,2879,2160
060cf092-fe76bdf7-19fee515-26cbef2c-5c16ba6f,132.237,132.489,817,2480,24,24,1.01,0.6,0,0,2663,3000,961,0,2879,2160
060cf092-fe76bdf7-19fee515-26cbef2c-5c16ba6f,132.588,132.946,412,2000,24,24,1.01,0.54,0,0,2663,3000,961,0,2879,2160
060cf092-fe76bdf7-19fee515-26cbef2c-5c16ba6f,132.974,133.322,361,1917,24,24,1.01,0.54,0,0,2663,3000,961,0,2879,2160
060cf092-fe76bdf7-19fee515-26cbef2c-5c16ba6f,133.477,133.587,781,1398,24,24,0.98,0.58,0,0,2663,3000,961,0,2879,2160
060cf092-fe76bdf7-19fee515-26cbef2c-5c16ba6f,133.656,133.893,854,1039,24,24,0.98,0.6,0,0,2663,3000,961,0,2879,2160
060cf092-fe76bdf7-19fee515-26cbef2c-5c16ba6f,133.908,134.172,847,1016,24,24,0.98,0.62,0,0,2663,3000,961,0,2879,2160
060cf092-fe76bdf7-19fee515-26cbef2c-5c16ba6f,134.187,134.436,864,1009,24,24,1.02,0.52,0,0,2663,3000,961,0,2879,2160
060cf092-fe76bdf7-19fee515-26cbef2c-5c16ba6f,134.575,135.188,921,923,24,24,1.01,0.48,0,0,2663,3000,961,0,2879,2160
060cf092-fe76bdf7-19fee515-26cbef2c-5c16ba6f,135.202,135.355,858,1060,24,24,1.0,0.54,0,0,2663,3000,961,0,2879,2160
060cf092-fe76bdf7-19fee515-26cbef2c-5c16ba6f,135.397,135.508,1053,1104,24,24,1.0,0.54,0,0,2663,3000,961,0,2879,2160
060cf092-fe76bdf7-19fee515-26cbef2c-5c16ba6f,135.564,135.703,770,1080,24,24,1.0,0.54,0,0,2663,3000,961,0,2879,2160
060cf092-fe76bdf7-19fee515-26cbef2c-5c16ba6f,135.717,136.149,774,1100,24,24,1.0,0.54,0,0,2663,3000,961,0,2879,2160
060cf092-fe76bdf7-19fee515-26cbef2c-5c16ba6f,136.204,136.428,931,1468,24,24,1.0,0.54,0,0,2663,3000,961,0,2879,2160
060cf092-fe76bdf7-19fee515-26cbef2c-5c16ba6f,136.469,136.636,1088,1580,24,24,1.0,0.54,0,0,2663,3000,961,0,2879,2160
060cf092-fe76bdf7-19fee515-26cbef2c-5c16ba6f,136.65,136.872,1083,1595,24,24,1.0,0.54,0,0,2663,3000,961,0,2879,2160
060cf092-fe76bdf7-19fee515-26cbef2c-5c16ba6f,136.97,137.083,591,771,24,24,1.0,0.54,0,0,2663,3000,961,0,2879,2160
060cf092-fe76bdf7-19fee515-26cbef2c-5c16ba6f,137.541,137.694,682,1517,24,24,1.0,0.54,0,0,2663,3000,961,0,2879,2160
060cf092-fe76bdf7-19fee515-26cbef2c-5c16ba6f,137.791,137.945,850,2205,24,24,1.0,0.54,0,0,2663,3000,961,0,2879,2160
060cf092-fe76bdf7-19fee515-26cbef2c-5c16ba6f,137.959,138.194,892,2537,24,24,1.0,0.54,0,0,2663,3000,961,0,2879,2160
060cf092-fe76bdf7-19fee515-26cbef2c-5c16ba6f,138.306,138.654,1111,2263,24,24,1.0,0.54,0,0,2663,3000,961,0,2879,2160
060cf092-fe76bdf7-19fee515-26cbef2c-5c16ba6f,138.709,138.849,1173,1782,24,24,1.0,0.54,0,0,2663,3000,961,0,2879,2160
060cf092-fe76bdf7-19fee515-26cbef2c-5c16ba6f,138.865,139.17,1185,1790,24,24,1.0,0.54,0,0,2663,3000,961,0,2879,2160
060cf092-fe76bdf7-19fee515-26cbef2c-5c16ba6f,139.225,139.378,1199,1613,24,24,1.0,0.54,0,0,2663,3000,961,0,2879,2160
060cf092-fe76bdf7-19fee515-26cbef2c-5c16ba6f,139.391,139.574,1194,1581,24,24,1.0,0.54,0,0,2663,3000,961,0,2879,2160
060cf092-fe76bdf7-19fee515-26cbef2c-5c16ba6f,139.615,139.767,1054,1399,24,24,1.0,0.54,0,0,2663,3000,961,0,2879,2160
060cf092-fe76bdf7-19fee515-26cbef2c-5c16ba6f,139.782,139.906,1041,1363,24,24,1.0,0.54,0,0,2663,3000,961,0,2879,2160
060cf092-fe76bdf7-19fee515-26cbef2c-5c16ba6f,139.949,140.074,1049,1382,24,24,1.0,0.54,0,0,2663,3000,961,0,2879,2160
060cf092-fe76bdf7-19fee515-26cbef2c-5c16ba6f,140.145,140.381,842,1122,24,24,1.0,0.54,0,0,2663,3000,961,0,2879,2160
060cf092-fe76bdf7-19fee515-26cbef2c-5c16ba6f,140.394,140.756,854,1113,24,24,1.0,0.54,0,0,2663,3000,961,0,2879,2160
060cf092-fe76bdf7-19fee515-26cbef2c-5c16ba6f,140.937,141.201,763,1298,24,24,1.0,0.54,0,0,2663,3000,961,0,2879,2160
060cf092-fe76bdf7-19fee515-26cbef2c-5c16ba6f,141.215,141.368,766,1292,24,24,1.0,0.54,0,0,2663,3000,961,0,2879,2160
060cf092-fe76bdf7-19fee515-26cbef2c-5c16ba6f,141.551,141.704,691,1314,24,24,1.0,0.54,0,0,2663,3000,961,0,2879,2160
060cf092-fe76bdf7-19fee515-26cbef2c-5c16ba6f,141.718,141.87,735,1284,24,24,1.0,0.54,0,0,2663,3000,961,0,2879,2160
060cf092-fe76bdf7-19fee515-26cbef2c-5c16ba6f,141.994,142.121,658,1047,24,24,1.0,0.54,0,0,2663,3000,961,0,2879,2160
060cf092-fe76bdf7-19fee515-26cbef2c-5c16ba6f,142.135,142.288,592,1048,24,24,1.0,0.54,0,0,2663,3000,961,0,2879,2160
060cf092-fe76bdf7-19fee515-26cbef2c-5c16ba6f,142.301,142.454,580,1021,24,24,1.0,0.54,0,0,2663,3000,961,0,2879,2160
060cf092-fe76bdf7-19fee515-26cbef2c-5c16ba6f,142.483,142.677,779,1184,24,24,1.0,0.54,0,0,2663,3000,961,0,2879,2160
060cf092-fe76bdf7-19fee515-26cbef2c-5c16ba6f,142.692,142.818,776,1226,24,24,1.0,0.54,0,0,2663,3000,961,0,2879,2160
060cf092-fe76bdf7-19fee515-26cbef2c-5c16ba6f,143.29,143.444,834,1055,24,24,1.0,0.54,0,0,2663,3000,961,0,2879,2160
060cf092-fe76bdf7-19fee515-26cbef2c-5c16ba6f,143.874,144.014,693,1094,24,24,1.0,0.54,0,0,2663,3000,961,0,2879,2160
060cf092-fe76bdf7-19fee515-26cbef2c-5c16ba6f,144.041,144.153,655,1142,24,24,1.0,0.54,0,0,2663,3000,961,0,2879,2160
060cf092-fe76bdf7-19fee515-26cbef2c-5c16ba6f,144.167,144.293,672,1100,24,24,1.0,0.54,0,0,2663,3000,961,0,2879,2160
060cf092-fe76bdf7-19fee515-26cbef2c-5c16ba6f,144.307,144.57,723,1114,24,24,1.0,0.54,0,0,2663,3000,961,0,2879,2160
060cf092-fe76bdf7-19fee515-26cbef2c-5c16ba6f,144.696,144.89,865,1051,24,24,1.0,0.54,0,0,2663,3000,961,0,2879,2160
060cf092-fe76bdf7-19fee515-26cbef2c-5c16ba6f,144.904,145.044,890,1084,24,24,1.0,0.54,0,0,2663,3000,961,0,2879,2160
060cf092-fe76bdf7-19fee515-26cbef2c-5c16ba6f,145.058,145.197,874,1053,24,24,1.0,0.54,0,0,2663,3000,961,0,2879,2160
060cf092-fe76bdf7-19fee515-26cbef2c-5c16ba6f,145.211,145.711,812,1077,24,24,1.0,0.54,0,0,2663,3000,961,0,2879,2160
060cf092-fe76bdf7-19fee515-26cbef2c-5c16ba6f,145.725,146.104,874,1048,24,24,1.0,0.54,0,0,2663,3000,961,0,2879,2160
060cf092-fe76bdf7-19fee515-26cbef2c-5c16ba6f,146.118,146.326,870,1053,24,24,1.0,0.54,0,0,2663,3000,961,0,2879,2160
060cf092-fe76bdf7-19fee515-26cbef2c-5c16ba6f,146.463,146.589,725,1089,24,24,1.0,0.54,0,0,2663,3000,961,0,2879,2160
060cf092-fe76bdf7-19fee515-26cbef2c-5c16ba6f,146.603,146.992,743,1103,24,24,1.0,0.54,0,0,2663,3000,961,0,2879,2160
060cf092-fe76bdf7-19fee515-26cbef2c-5c16ba6f,148.356,148.492,1181,1311,24,24,1.0,0.5,0,0,2663,3000,961,0,2879,2160
060cf092-fe76bdf7-19fee515-26cbef2c-5c16ba6f,148.621,149.456,797,1131,24,24,1.0,0.5,0,0,2663,3000,961,0,2879,2160
060cf092-fe76bdf7-19fee515-26cbef2c-5c16ba6f,149.484,149.609,825,1108,24,24,0.98,0.46,0,0,2663,3000,961,0,2879,2160
060cf092-fe76bdf7-19fee515-26cbef2c-5c16ba6f,149.651,149.847,638,1170,24,24,0.98,0.46,0,0,2663,3000,961,0,2879,2160
060cf092-fe76bdf7-19fee515-26cbef2c-5c16ba6f,149.86,149.971,612,1189,24,24,0.97,0.47,0,0,2663,3000,961,0,2879,2160
060cf092-fe76bdf7-19fee515-26cbef2c-5c16ba6f,150.124,150.279,783,1118,24,24,0.96,0.51,0,0,2663,3000,961,0,2879,2160
060cf092-fe76bdf7-19fee515-26cbef2c-5c16ba6f,150.43,150.572,860,1044,24,24,0.95,0.6,0,0,2663,3000,961,0,2879,2160
060cf092-fe76bdf7-19fee515-26cbef2c-5c16ba6f,150.585,150.934,870,1039,24,24,0.94,0.68,0,0,2663,3000,961,0,2879,2160
060cf092-fe76bdf7-19fee515-26cbef2c-5c16ba6f,150.948,151.323,852,1050,24,24,0.98,0.65,0,0,2663,3000,961,0,2879,2160
060cf092-fe76bdf7-19fee515-26cbef2c-5c16ba6f,151.336,151.586,952,1057,24,24,0.98,0.49,0,0,2663,3000,961,0,2879,2160
060cf092-fe76bdf7-19fee515-26cbef2c-5c16ba6f,151.6,151.823,961,1045,24,24,0.89,0.43,0,0,2663,3000,961,0,2879,2160
060cf092-fe76bdf7-19fee515-26cbef2c-5c16ba6f,151.938,152.213,864,1005,24,24,0.86,0.51,0,0,2663,3000,961,0,2879,2160
060cf092-fe76bdf7-19fee515-26cbef2c-5c16ba6f,152.241,152.393,876,983,24,24,0.83,0.58,0,0,2663,3000,961,0,2879,2160
060cf092-fe76bdf7-19fee515-26cbef2c-5c16ba6f,152.421,152.717,1029,1061,24,24,0.83,0.58,0,0,2663,3000,961,0,2879,2160
060cf092-fe76bdf7-19fee515-26cbef2c-5c16ba6f,152.728,152.867,1042,1080,24,24,0.85,0.52,0,0,2663,3000,961,0,2879,2160
060cf092-fe76bdf7-19fee515-26cbef2c-5c16ba6f,153.075,153.215,1034,1008,24,24,0.85,0.51,0,0,2663,3000,961,0,2879,2160
060cf092-fe76bdf7-19fee515-26cbef2c-5c16ba6f,153.27,153.437,900,979,24,24,0.85,0.51,0,0,2663,3000,961,0,2879,2160
060cf092-fe76bdf7-19fee515-26cbef2c-5c16ba6f,153.551,153.688,684,841,24,24,0.84,0.55,0,0,2663,3000,961,0,2879,2160
060cf092-fe76bdf7-19fee515-26cbef2c-5c16ba6f,153.702,153.868,717,871,24,24,0.84,0.55,0,0,2663,3000,961,0,2879,2160
060cf092-fe76bdf7-19fee515-26cbef2c-5c16ba6f,153.883,153.994,785,950,24,24,0.84,0.55,0,0,2663,3000,961,0,2879,2160
060cf092-fe76bdf7-19fee515-26cbef2c-5c16ba6f,154.008,154.245,806,945,24,24,0.83,0.58,0,0,2663,3000,961,0,2879,2160
060cf092-fe76bdf7-19fee515-26cbef2c-5c16ba6f,154.258,154.718,787,950,24,24,0.85,0.54,0,0,2663,3000,961,0,2879,2160
060cf092-fe76bdf7-19fee515-26cbef2c-5c16ba6f,154.732,154.94,822,965,24,24,0.82,0.59,0,0,2663,3000,961,0,2879,2160
060cf092-fe76bdf7-19fee515-26cbef2c-5c16ba6f,155.26,155.386,1089,1171,24,24,0.85,0.53,0,0,2663,3000,961,0,2879,2160
060cf092-fe76bdf7-19fee515-26cbef2c-5c16ba6f,155.399,155.553,1090,1256,24,24,0.87,0.51,0,0,2663,3000,961,0,2879,2160
060cf092-fe76bdf7-19fee515-26cbef2c-5c16ba6f,155.705,155.819,1031,1622,24,24,0.89,0.49,0,0,2663,3000,961,0,2879,2160
060cf092-fe76bdf7-19fee515-26cbef2c-5c16ba6f,155.833,155.97,1054,1658,24,24,0.9,0.45,0,0,2663,3000,961,0,2879,2160
060cf092-fe76bdf7-19fee515-26cbef2c-5c16ba6f,155.984,156.263,1134,1674,24,24,0.9,0.41,0,0,2663,3000,961,0,2879,2160
060cf092-fe76bdf7-19fee515-26cbef2c-5c16ba6f,156.305,156.417,1076,1324,24,24,0.91,0.37,0,0,2663,3000,961,0,2879,2160
060cf092-fe76bdf7-19fee515-26cbef2c-5c16ba6f,156.431,156.695,1069,1313,24,24,0.9,0.41,0,0,2663,3000,961,0,2879,2160
060cf092-fe76bdf7-19fee515-26cbef2c-5c16ba6f,156.71,156.863,1085,1284,24,24,0.89,0.5,0,0,2663,3000,961,0,2879,2160
060cf092-fe76bdf7-19fee515-26cbef2c-5c16ba6f,156.876,157.028,1014,1071,24,24,0.89,0.51,0,0,2663,3000,961,0,2879,2160
060cf092-fe76bdf7-19fee515-26cbef2c-5c16ba6f,157.043,157.153,1004,1101,24,24,0.87,0.56,0,0,2663,3000,961,0,2879,2160
060cf092-fe76bdf7-19fee515-26cbef2c-5c16ba6f,157.209,157.362,1036,890,24,24,0.87,0.57,0,0,2663,3000,961,0,2879,2160
060cf092-fe76bdf7-19fee515-26cbef2c-5c16ba6f,157.405,157.712,1029,2008,24,24,0.86,0.59,0,0,2663,3000,961,0,2879,2160
060cf092-fe76bdf7-19fee515-26cbef2c-5c16ba6f,157.795,158.142,800,2180,24,24,0.83,0.7,0,0,2663,3000,961,0,2879,2160
060cf092-fe76bdf7-19fee515-26cbef2c-5c16ba6f,158.322,158.491,662,2191,24,24,0.85,0.6,0,0,2663,3000,961,0,2879,2160
060cf092-fe76bdf7-19fee515-26cbef2c-5c16ba6f,158.522,158.699,680,2175,24,24,0.85,0.59,0,0,2663,3000,961,0,2879,2160
060cf092-fe76bdf7-19fee515-26cbef2c-5c16ba6f,158.881,159.005,774,1956,24,24,0.85,0.52,0,0,2663,3000,961,0,2879,2160
060cf092-fe76bdf7-19fee515-26cbef2c-5c16ba6f,159.158,159.297,1017,1495,24,24,0.85,0.52,0,0,2663,3000,961,0,2879,2160
060cf092-fe76bdf7-19fee515-26cbef2c-5c16ba6f,159.313,159.52,1010,1455,24,24,0.84,0.52,0,0,2663,3000,961,0,2879,2160
060cf092-fe76bdf7-19fee515-26cbef2c-5c16ba6f,159.648,159.812,870,1510,24,24,0.83,0.58,0,0,2663,3000,961,0,2879,2160
060cf092-fe76bdf7-19fee515-26cbef2c-5c16ba6f,159.826,160.021,849,1560,24,24,0.81,0.59,0,0,2663,3000,961,0,2879,2160
060cf092-fe76bdf7-19fee515-26cbef2c-5c16ba6f,160.076,160.438,969,2176,24,24,0.79,0.61,0,0,2663,3000,961,0,2879,2160
060cf092-fe76bdf7-19fee515-26cbef2c-5c16ba6f,160.467,160.898,1166,2004,24,24,0.79,0.62,0,0,2663,3000,961,0,2879,2160
060cf092-fe76bdf7-19fee515-26cbef2c-5c16ba6f,160.912,161.206,1208,1856,24,24,0.83,0.67,0,0,2663,3000,961,0,2879,2160
060cf092-fe76bdf7-19fee515-26cbef2c-5c16ba6f,161.246,161.706,961,2384,24,24,0.84,0.67,0,0,2663,3000,961,0,2879,2160
060cf092-fe76bdf7-19fee515-26cbef2c-5c16ba6f,161.746,162.039,1246,2290,24,24,0.81,0.54,0,0,2663,3000,961,0,2879,2160
060cf092-fe76bdf7-19fee515-26cbef2c-5c16ba6f,162.067,162.54,1238,1938,24,24,0.81,0.51,0,0,2663,3000,961,0,2879,2160
060cf092-fe76bdf7-19fee515-26cbef2c-5c16ba6f,162.582,162.832,1099,1738,24,24,0.81,0.56,0,0,2663,3000,961,0,2879,2160
060cf092-fe76bdf7-19fee515-26cbef2c-5c16ba6f,162.888,163.055,877,1502,24,24,0.79,0.62,0,0,2663,3000,961,0,2879,2160
060cf092-fe76bdf7-19fee515-26cbef2c-5c16ba6f,163.181,163.432,818,1674,24,24,0.78,0.64,0,0,2663,3000,961,0,2879,2160
060cf092-fe76bdf7-19fee515-26cbef2c-5c16ba6f,163.46,163.878,808,2301,24,24,0.76,0.67,0,0,2663,3000,961,0,2879,2160
060cf092-fe76bdf7-19fee515-26cbef2c-5c16ba6f,163.904,164.337,973,2177,24,24,0.73,0.71,0,0,2663,3000,961,0,2879,2160
060cf092-fe76bdf7-19fee515-26cbef2c-5c16ba6f,164.364,164.614,775,2170,24,24,0.76,0.68,0,0,2663,3000,961,0,2879,2160
060cf092-fe76bdf7-19fee515-26cbef2c-5c16ba6f,164.657,165.074,617,1671,24,24,0.78,0.63,0,0,2663,3000,961,0,2879,2160
060cf092-fe76bdf7-19fee515-26cbef2c-5c16ba6f,165.104,165.422,574,1467,24,24,0.79,0.53,0,0,2663,3000,961,0,2879,2160
060cf092-fe76bdf7-19fee515-26cbef2c-5c16ba6f,165.491,165.895,1150,1699,24,24,0.79,0.49,0,0,2663,3000,961,0,2879,2160
060cf092-fe76bdf7-19fee515-26cbef2c-5c16ba6f,165.923,166.229,1081,1523,24,24,0.79,0.54,0,0,2663,3000,961,0,2879,2160
060cf092-fe76bdf7-19fee515-26cbef2c-5c16ba6f,166.243,166.633,1001,1328,24,24,0.78,0.6,0,0,2663,3000,961,0,2879,2160
060cf092-fe76bdf7-19fee515-26cbef2c-5c16ba6f,166.647,166.841,989,1325,24,24,0.78,0.63,0,0,2663,3000,961,0,2879,2160
060cf092-fe76bdf7-19fee515-26cbef2c-5c16ba6f,166.856,167.119,976,1228,24,24,0.78,0.63,0,0,2663,3000,961,0,2879,2160
060cf092-fe76bdf7-19fee515-26cbef2c-5c16ba6f,167.175,167.524,983,1494,24,24,0.78,0.61,0,0,2663,3000,961,0,2879,2160
060cf092-fe76bdf7-19fee515-26cbef2c-5c16ba6f,167.553,167.718,947,1574,24,24,0.76,0.56,0,0,2663,3000,961,0,2879,2160
060cf092-fe76bdf7-19fee515-26cbef2c-5c16ba6f,167.749,168.053,1010,1224,24,24,0.75,0.53,0,0,2663,3000,961,0,2879,2160
060cf092-fe76bdf7-19fee515-26cbef2c-5c16ba6f,168.164,168.402,1244,1142,24,24,0.77,0.49,0,0,2663,3000,961,0,2879,2160
060cf092-fe76bdf7-19fee515-26cbef2c-5c16ba6f,168.416,168.539,1211,1155,24,24,0.79,0.48,0,0,2663,3000,961,0,2879,2160
060cf092-fe76bdf7-19fee515-26cbef2c-5c16ba6f,168.568,168.806,934,972,24,24,0.8,0.46,0,0,2663,3000,961,0,2879,2160
060cf092-fe76bdf7-19fee515-26cbef2c-5c16ba6f,168.832,169.25,503,864,24,24,0.79,0.48,0,0,2663,3000,961,0,2879,2160
060cf092-fe76bdf7-19fee515-26cbef2c-5c16ba6f,169.277,169.432,732,876,24,24,0.78,0.52,0,0,2663,3000,961,0,2879,2160
060cf092-fe76bdf7-19fee515-26cbef2c-5c16ba6f,169.473,169.654,764,1077,24,24,0.78,0.54,0,0,2663,3000,961,0,2879,2160
060cf092-fe76bdf7-19fee515-26cbef2c-5c16ba6f,169.792,170.071,655,1495,24,24,0.83,0.55,0,0,2663,3000,961,0,2879,2160
060cf092-fe76bdf7-19fee515-26cbef2c-5c16ba6f,170.126,170.253,669,797,24,24,0.83,0.58,0,0,2663,3000,961,0,2879,2160
060cf092-fe76bdf7-19fee515-26cbef2c-5c16ba6f,170.391,170.808,468,806,24,24,0.83,0.63,0,0,2663,3000,961,0,2879,2160
060cf092-fe76bdf7-19fee515-26cbef2c-5c16ba6f,170.822,170.989,311,857,24,24,0.83,0.54,0,0,2663,3000,961,0,2879,2160
060cf092-fe76bdf7-19fee515-26cbef2c-5c16ba6f,171.004,171.324,326,878,24,24,0.82,0.5,0,0,2663,3000,961,0,2879,2160
060cf092-fe76bdf7-19fee515-26cbef2c-5c16ba6f,171.52,171.632,2098,591,24,24,0.78,0.55,0,0,2663,3000,961,0,2879,2160
060cf092-fe76bdf7-19fee515-26cbef2c-5c16ba6f,171.743,171.894,1968,665,24,24,0.78,0.63,0,0,2663,3000,961,0,2879,2160
060cf092-fe76bdf7-19fee515-26cbef2c-5c16ba6f,171.908,172.048,1947,685,24,24,0.78,0.64,0,0,2663,3000,961,0,2879,2160
060cf092-fe76bdf7-19fee515-26cbef2c-5c16ba6f,172.061,172.173,2359,343,24,24,0.78,0.64,0,0,2663,3000,961,0,2879,2160
060cf092-fe76bdf7-19fee515-26cbef2c-5c16ba6f,172.423,172.632,2214,352,24,24,0.8,0.57,0,0,2663,3000,961,0,2879,2160
060cf092-fe76bdf7-19fee515-26cbef2c-5c16ba6f,172.826,173.036,471,771,24,24,0.8,0.5,0,0,2663,3000,961,0,2879,2160
060cf092-fe76bdf7-19fee515-26cbef2c-5c16ba6f,173.05,173.495,510,822,24,24,0.8,0.55,0,0,2663,3000,961,0,2879,2160
060cf092-fe76bdf7-19fee515-26cbef2c-5c16ba6f,173.552,173.665,403,880,24,24,0.76,0.65,0,0,2663,3000,961,0,2879,2160
060cf092-fe76bdf7-19fee515-26cbef2c-5c16ba6f,173.699,173.817,371,892,24,24,0.78,0.66,0,0,2663,3000,961,0,2879,2160
060cf092-fe76bdf7-19fee515-26cbef2c-5c16ba6f,173.885,174.024,303,857,24,24,0.79,0.63,0,0,2663,3000,961,0,2879,2160
060cf092-fe76bdf7-19fee515-26cbef2c-5c16ba6f,174.178,174.303,333,834,24,24,0.79,0.55,0,0,2663,3000,961,0,2879,2160
060cf092-fe76bdf7-19fee515-26cbef2c-5c16ba6f,174.667,174.945,671,1084,24,24,0.78,0.56,0,0,2663,3000,961,0,2879,2160
060cf092-fe76bdf7-19fee515-26cbef2c-5c16ba6f,174.958,175.097,824,898,24,24,0.79,0.63,0,0,2663,3000,961,0,2879,2160
060cf092-fe76bdf7-19fee515-26cbef2c-5c16ba6f,175.11,175.376,831,909,24,24,0.82,0.64,0,0,2663,3000,961,0,2879,2160
060cf092-fe76bdf7-19fee515-26cbef2c-5c16ba6f,175.444,175.555,1055,2274,24,24,0.81,0.69,0,0,2663,3000,961,0,2879,2160
060cf092-fe76bdf7-19fee515-26cbef2c-5c16ba6f,175.584,175.806,1101,2263,24,24,0.8,0.69,0,0,2663,3000,961,0,2879,2160
060cf092-fe76bdf7-19fee515-26cbef2c-5c16ba6f,175.903,176.015,1010,2118,24,24,0.8,0.7,0,0,2663,3000,961,0,2879,2160
060cf092-fe76bdf7-19fee515-26cbef2c-5c16ba6f,176.112,176.322,710,2127,24,24,0.8,0.71,0,0,2663,3000,961,0,2879,2160
060cf092-fe76bdf7-19fee515-26cbef2c-5c16ba6f,176.336,176.517,519,2043,24,24,0.81,0.64,0,0,2663,3000,961,0,2879,2160
060cf092-fe76bdf7-19fee515-26cbef2c-5c16ba6f,176.642,176.962,378,1967,24,24,0.82,0.55,0,0,2663,3000,961,0,2879,2160
060cf092-fe76bdf7-19fee515-26cbef2c-5c16ba6f,176.975,177.142,407,2001,24,24,0.82,0.55,0,0,2663,3000,961,0,2879,2160
060cf092-fe76bdf7-19fee515-26cbef2c-5c16ba6f,177.156,177.379,488,1923,24,24,0.82,0.55,0,0,2663,3000,961,0,2879,2160
060cf092-fe76bdf7-19fee515-26cbef2c-5c16ba6f,177.449,177.616,624,1777,24,24,0.82,0.58,0,0,2663,3000,961,0,2879,2160
060cf092-fe76bdf7-19fee515-26cbef2c-5c16ba6f,177.685,177.824,1035,2511,24,24,0.82,0.58,0,0,2663,3000,961,0,2879,2160
060cf092-fe76bdf7-19fee515-26cbef2c-5c16ba6f,177.867,178.16,1694,2280,24,24,0.82,0.58,0,0,2663,3000,961,0,2879,2160
060cf092-fe76bdf7-19fee515-26cbef2c-5c16ba6f,178.201,178.591,1762,2039,24,24,0.82,0.63,0,0,2663,3000,961,0,2879,2160
060cf092-fe76bdf7-19fee515-26cbef2c-5c16ba6f,178.645,179.523,849,2200,24,24,0.81,0.7,0,0,2663,3000,961,0,2879,2160
060cf092-fe76bdf7-19fee515-26cbef2c-5c16ba6f,179.552,179.943,970,2006,24,24,0.83,0.54,0,0,2663,3000,961,0,2879,2160
060cf092-fe76bdf7-19fee515-26cbef2c-5c16ba6f,180.093,180.513,724,2236,24,24,0.81,0.61,0,0,2663,3000,961,0,2879,2160
060cf092-fe76bdf7-19fee515-26cbef2c-5c16ba6f,180.527,180.902,737,2217,24,24,0.79,0.71,0,0,2663,3000,961,0,2879,2160
060cf092-fe76bdf7-19fee515-26cbef2c-5c16ba6f,180.932,181.085,724,2286,24,24,0.8,0.7,0,0,2663,3000,961,0,2879,2160
060cf092-fe76bdf7-19fee515-26cbef2c-5c16ba6f,181.097,181.209,739,2299,24,24,0.81,0.65,0,0,2663,3000,961,0,2879,2160
060cf092-fe76bdf7-19fee515-26cbef2c-5c16ba6f,181.249,181.514,1054,2375,24,24,0.81,0.62,0,0,2663,3000,961,0,2879,2160
060cf092-fe76bdf7-19fee515-26cbef2c-5c16ba6f,181.527,181.667,1119,2381,24,24,0.81,0.62,0,0,2663,3000,961,0,2879,2160
060cf092-fe76bdf7-19fee515-26cbef2c-5c16ba6f,181.764,181.903,852,2206,24,24,0.81,0.59,0,0,2663,3000,961,0,2879,2160
060cf092-fe76bdf7-19fee515-26cbef2c-5c16ba6f,181.917,182.056,843,2202,24,24,0.81,0.56,0,0,2663,3000,961,0,2879,2160
060cf092-fe76bdf7-19fee515-26cbef2c-5c16ba6f,182.07,182.239,729,2154,24,24,0.81,0.52,0,0,2663,3000,961,0,2879,2160
060cf092-fe76bdf7-19fee515-26cbef2c-5c16ba6f,182.27,182.474,740,2118,24,24,0.79,0.55,0,0,2663,3000,961,0,2879,2160
060cf092-fe76bdf7-19fee515-26cbef2c-5c16ba6f,182.516,182.821,679,2163,24,24,0.79,0.58,0,0,2663,3000,961,0,2879,2160
060cf092-fe76bdf7-19fee515-26cbef2c-5c16ba6f,182.905,183.268,877,1807,24,24,0.79,0.61,0,0,2663,3000,961,0,2879,2160
060cf092-fe76bdf7-19fee515-26cbef2c-5c16ba6f,183.282,183.42,869,1798,24,24,0.78,0.62,0,0,2663,3000,961,0,2879,2160
060cf092-fe76bdf7-19fee515-26cbef2c-5c16ba6f,183.434,183.545,928,1832,24,24,0.78,0.62,0,0,2663,3000,961,0,2879,2160
060cf092-fe76bdf7-19fee515-26cbef2c-5c16ba6f,183.559,183.659,960,1802,24,24,0.78,0.62,0,0,2663,3000,961,0,2879,2160
060cf092-fe76bdf7-19fee515-26cbef2c-5c16ba6f,183.741,184.007,939,2411,24,24,0.79,0.53,0,0,2663,3000,961,0,2879,2160
060cf092-fe76bdf7-19fee515-26cbef2c-5c16ba6f,184.033,184.148,948,2420,24,24,0.77,0.53,0,0,2663,3000,961,0,2879,2160
060cf092-fe76bdf7-19fee515-26cbef2c-5c16ba6f,184.227,184.415,852,2440,24,24,0.76,0.58,0,0,2663,3000,961,0,2879,2160
060cf092-fe76bdf7-19fee515-26cbef2c-5c16ba6f,184.577,184.729,690,2241,24,24,0.75,0.67,0,0,2663,3000,961,0,2879,2160
060cf092-fe76bdf7-19fee515-26cbef2c-5c16ba6f,184.742,184.951,728,2245,24,24,0.75,0.67,0,0,2663,3000,961,0,2879,2160
060cf092-fe76bdf7-19fee515-26cbef2c-5c16ba6f,184.979,185.285,946,2165,24,24,0.75,0.67,0,0,2663,3000,961,0,2879,2160
060cf092-fe76bdf7-19fee515-26cbef2c-5c16ba6f,185.383,185.731,1073,1758,24,24,0.75,0.72,0,0,2663,3000,961,0,2879,2160
060cf092-fe76bdf7-19fee515-26cbef2c-5c16ba6f,185.759,186.094,955,1661,24,24,0.75,0.76,0,0,2663,3000,961,0,2879,2160
060cf092-fe76bdf7-19fee515-26cbef2c-5c16ba6f,186.108,186.358,950,1662,24,24,0.76,0.65,0,0,2663,3000,961,0,2879,2160
060cf092-fe76bdf7-19fee515-26cbef2c-5c16ba6f,186.399,186.566,1021,1927,24,24,0.76,0.57,0,0,2663,3000,961,0,2879,2160
060cf092-fe76bdf7-19fee515-26cbef2c-5c16ba6f,186.581,186.747,1036,1933,24,24,0.76,0.57,0,0,2663,3000,961,0,2879,2160
060cf092-fe76bdf7-19fee515-26cbef2c-5c16ba6f,186.802,187.053,1030,2340,24,24,0.75,0.59,0,0,2663,3000,961,0,2879,2160
060cf092-fe76bdf7-19fee515-26cbef2c-5c16ba6f,187.181,187.291,906,2377,24,24,0.74,0.66,0,0,2663,3000,961,0,2879,2160
060cf092-fe76bdf7-19fee515-26cbef2c-5c16ba6f,187.322,187.526,911,2329,24,24,0.73,0.68,0,0,2663,3000,961,0,2879,2160
060cf092-fe76bdf7-19fee515-26cbef2c-5c16ba6f,187.652,187.791,854,2385,24,24,0.73,0.72,0,0,2663,3000,961,0,2879,2160
060cf092-fe76bdf7-19fee515-26cbef2c-5c16ba6f,187.958,188.097,968,2193,24,24,0.76,0.59,0,0,2663,3000,961,0,2879,2160
060cf092-fe76bdf7-19fee515-26cbef2c-5c16ba6f,188.111,188.403,949,2211,24,24,0.76,0.59,0,0,2663,3000,961,0,2879,2160
060cf092-fe76bdf7-19fee515-26cbef2c-5c16ba6f,188.459,188.572,889,1880,24,24,0.78,0.52,0,0,2663,3000,961,0,2879,2160
060cf092-fe76bdf7-19fee515-26cbef2c-5c16ba6f,188.586,188.766,857,1838,24,24,0.77,0.57,0,0,2663,3000,961,0,2879,2160
060cf092-fe76bdf7-19fee515-26cbef2c-5c16ba6f,188.808,188.92,545,1677,24,24,0.77,0.59,0,0,2663,3000,961,0,2879,2160
060cf092-fe76bdf7-19fee515-26cbef2c-5c16ba6f,189.043,189.169,486,1589,24,24,0.77,0.63,0,0,2663,3000,961,0,2879,2160
060cf092-fe76bdf7-19fee515-26cbef2c-5c16ba6f,189.252,189.405,667,1337,24,24,0.78,0.63,0,0,2663,3000,961,0,2879,2160
060cf092-fe76bdf7-19fee515-26cbef2c-5c16ba6f,189.419,189.619,673,1408,24,24,0.78,0.63,0,0,2663,3000,961,0,2879,2160
060cf092-fe76bdf7-19fee515-26cbef2c-5c16ba6f,189.656,190.241,980,1619,24,24,0.83,0.61,0,0,2663,3000,961,0,2879,2160
060cf092-fe76bdf7-19fee515-26cbef2c-5c16ba6f,190.255,190.477,1082,1410,24,24,0.85,0.56,0,0,2663,3000,961,0,2879,2160
060cf092-fe76bdf7-19fee515-26cbef2c-5c16ba6f,190.492,190.785,1089,1446,24,24,0.85,0.55,0,0,2663,3000,961,0,2879,2160
060cf092-fe76bdf7-19fee515-26cbef2c-5c16ba6f,190.798,190.937,1019,1430,24,24,0.85,0.59,0,0,2663,3000,961,0,2879,2160
060cf092-fe76bdf7-19fee515-26cbef2c-5c16ba6f,191.049,191.19,1017,1686,24,24,0.85,0.59,0,0,2663,3000,961,0,2879,2160
060cf092-fe76bdf7-19fee515-26cbef2c-5c16ba6f,191.204,191.48,1014,1657,24,24,0.85,0.61,0,0,2663,3000,961,0,2879,2160
060cf092-fe76bdf7-19fee515-26cbef2c-5c16ba6f,191.661,191.772,847,1416,24,24,0.85,0.63,0,0,2663,3000,961,0,2879,2160
060cf092-fe76bdf7-19fee515-26cbef2c-5c16ba6f,191.842,191.967,796,1365,24,24,0.85,0.63,0,0,2663,3000,961,0,2879,2160
060cf092-fe76bdf7-19fee515-26cbef2c-5c16ba6f,191.998,192.121,794,1424,24,24,0.86,0.61,0,0,2663,3000,961,0,2879,2160
060cf092-fe76bdf7-19fee515-26cbef2c-5c16ba6f,192.149,192.37,723,1458,24,24,0.89,0.54,0,0,2663,3000,961,0,2879,2160
060cf092-fe76bdf7-19fee515-26cbef2c-5c16ba6f,192.483,192.733,973,1080,24,24,0.9,0.5,0,0,2663,3000,961,0,2879,2160
060cf092-fe76bdf7-19fee515-26cbef2c-5c16ba6f,193.499,193.609,1071,1436,24,24,0.85,0.59,0,0,2663,3000,961,0,2879,2160
060cf092-fe76bdf7-19fee515-26cbef2c-5c16ba6f,193.651,193.861,1047,1476,24,24,0.85,0.59,0,0,2663,3000,961,0,2879,2160
060cf092-fe76bdf7-19fee515-26cbef2c-5c16ba6f,193.999,194.11,880,2182,24,24,0.85,0.54,0,0,2663,3000,961,0,2879,2160
060cf092-fe76bdf7-19fee515-26cbef2c-5c16ba6f,194.124,194.25,919,2105,24,24,0.85,0.54,0,0,2663,3000,961,0,2879,2160
060cf092-fe76bdf7-19fee515-26cbef2c-5c16ba6f,194.264,194.375,892,2173,24,24,0.86,0.51,0,0,2663,3000,961,0,2879,2160
060cf092-fe76bdf7-19fee515-26cbef2c-5c16ba6f,194.57,194.697,797,2196,24,24,0.85,0.5,0,0,2663,3000,961,0,2879,2160
060cf092-fe76bdf7-19fee515-26cbef2c-5c16ba6f,194.793,194.905,834,2198,24,24,0.81,0.61,0,0,2663,3000,961,0,2879,2160
060cf092-fe76bdf7-19fee515-26cbef2c-5c16ba6f,194.918,195.058,819,2237,24,24,0.8,0.63,0,0,2663,3000,961,0,2879,2160
060cf092-fe76bdf7-19fee515-26cbef2c-5c16ba6f,195.308,195.434,922,2158,24,24,0.78,0.68,0,0,2663,3000,961,0,2879,2160
060cf092-fe76bdf7-19fee515-26cbef2c-5c16ba6f,195.586,195.699,790,2230,24,24,0.77,0.69,0,0,2663,3000,961,0,2879,2160
060cf092-fe76bdf7-19fee515-26cbef2c-5c16ba6f,195.711,195.909,819,2199,24,24,0.79,0.63,0,0,2663,3000,961,0,2879,2160
060cf092-fe76bdf7-19fee515-26cbef2c-5c16ba6f,196.073,196.309,1757,2202,24,24,0.81,0.59,0,0,2663,3000,961,0,2879,2160
060cf092-fe76bdf7-19fee515-26cbef2c-5c16ba6f,196.379,196.519,2048,1599,24,24,0.83,0.51,0,0,2663,3000,961,0,2879,2160
060cf092-fe76bdf7-19fee515-26cbef2c-5c16ba6f,196.617,196.77,1713,1566,24,24,0.84,0.46,0,0,2663,3000,961,0,2879,2160
060cf092-fe76bdf7-19fee515-26cbef2c-5c16ba6f,196.784,197.006,1672,1535,24,24,0.84,0.47,0,0,2663,3000,961,0,2879,2160
060cf092-fe76bdf7-19fee515-26cbef2c-5c16ba6f,197.061,197.172,1720,2479,24,24,0.83,0.5,0,0,2663,3000,961,0,2879,2160
060cf092-fe76bdf7-19fee515-26cbef2c-5c16ba6f,197.315,197.456,830,1879,24,24,0.83,0.55,0,0,2663,3000,961,0,2879,2160
060cf092-fe76bdf7-19fee515-26cbef2c-5c16ba6f,197.604,197.8,1031,2480,24,24,0.83,0.6,0,0,2663,3000,961,0,2879,2160
060cf092-fe76bdf7-19fee515-26cbef2c-5c16ba6f,197.841,197.968,1704,2500,24,24,0.83,0.65,0,0,2663,3000,961,0,2879,2160
060cf092-fe76bdf7-19fee515-26cbef2c-5c16ba6f,197.982,198.317,1734,2486,24,24,0.82,0.68,0,0,2663,3000,961,0,2879,2160
060cf092-fe76bdf7-19fee515-26cbef2c-5c16ba6f,198.398,198.581,1826,2269,24,24,0.85,0.67,0,0,2663,3000,961,0,2879,2160
060cf092-fe76bdf7-19fee515-26cbef2c-5c16ba6f,198.704,198.871,774,2457,24,24,0.85,0.61,0,0,2663,3000,961,0,2879,2160
060cf092-fe76bdf7-19fee515-26cbef2c-5c16ba6f,198.885,199.066,835,2403,24,24,0.85,0.61,0,0,2663,3000,961,0,2879,2160
060cf092-fe76bdf7-19fee515-26cbef2c-5c16ba6f,199.136,199.289,775,2425,24,24,0.86,0.61,0,0,2663,3000,961,0,2879,2160
060cf092-fe76bdf7-19fee515-26cbef2c-5c16ba6f,199.581,199.72,540,2147,24,24,0.87,0.61,0,0,2663,3000,961,0,2879,2160
060cf092-fe76bdf7-19fee515-26cbef2c-5c16ba6f,199.916,200.054,1909,2294,24,24,0.87,0.6,0,0,2663,3000,961,0,2879,2160
060cf092-fe76bdf7-19fee515-26cbef2c-5c16ba6f,200.07,200.18,1842,2288,24,24,0.87,0.56,0,0,2663,3000,961,0,2879,2160
060cf092-fe76bdf7-19fee515-26cbef2c-5c16ba6f,200.222,200.555,1607,2362,24,24,0.87,0.55,0,0,2663,3000,961,0,2879,2160
060cf092-fe76bdf7-19fee515-26cbef2c-5c16ba6f,200.597,200.722,1711,1755,24,24,0.88,0.49,0,0,2663,3000,961,0,2879,2160
060cf092-fe76bdf7-19fee515-26cbef2c-5c16ba6f,200.738,201.182,1739,1781,24,24,0.88,0.43,0,0,2663,3000,961,0,2879,2160
060cf092-fe76bdf7-19fee515-26cbef2c-5c16ba6f,201.335,201.46,1952,1368,24,24,0.86,0.49,0,0,2663,3000,961,0,2879,2160
060cf092-fe76bdf7-19fee515-26cbef2c-5c16ba6f,201.657,201.883,1767,1333,24,24,0.86,0.54,0,0,2663,3000,961,0,2879,2160
060cf092-fe76bdf7-19fee515-26cbef2c-5c16ba6f,201.906,202.101,1751,1328,24,24,0.86,0.58,0,0,2663,3000,961,0,2879,2160
060cf092-fe76bdf7-19fee515-26cbef2c-5c16ba6f,202.128,202.394,1813,1629,24,24,0.86,0.62,0,0,2663,3000,961,0,2879,2160
060cf092-fe76bdf7-19fee515-26cbef2c-5c16ba6f,202.409,202.573,1762,1662,24,24,0.85,0.64,0,0,2663,3000,961,0,2879,2160
060cf092-fe76bdf7-19fee515-26cbef2c-5c16ba6f,202.671,202.796,1747,2063,24,24,0.85,0.65,0,0,2663,3000,961,0,2879,2160
060cf092-fe76bdf7-19fee515-26cbef2c-5c16ba6f,202.813,202.937,1762,2046,24,24,0.86,0.65,0,0,2663,3000,961,0,2879,2160
060cf092-fe76bdf7-19fee515-26cbef2c-5c16ba6f,203.061,203.284,2081,2024,24,24,0.87,0.57,0,0,2663,3000,961,0,2879,2160
060cf092-fe76bdf7-19fee515-26cbef2c-5c16ba6f,203.339,203.453,2080,1984,24,24,0.9,0.46,0,0,2663,3000,961,0,2879,2160
060cf092-fe76bdf7-19fee515-26cbef2c-5c16ba6f,203.466,203.732,2066,1973,24,24,0.87,0.49,0,0,2663,3000,961,0,2879,2160
060cf092-fe76bdf7-19fee515-26cbef2c-5c16ba6f,203.786,203.91,1982,1084,24,24,0.86,0.61,0,0,2663,3000,961,0,2879,2160
060cf092-fe76bdf7-19fee515-26cbef2c-5c16ba6f,203.924,204.064,1975,1028,24,24,0.86,0.61,0,0,2663,3000,961,0,2879,2160
060cf092-fe76bdf7-19fee515-26cbef2c-5c16ba6f,204.314,204.439,2020,596,24,24,0.88,0.52,0,0,2663,3000,961,0,2879,2160
060cf092-fe76bdf7-19fee515-26cbef2c-5c16ba6f,204.494,204.787,1799,733,24,24,0.9,0.49,0,0,2663,3000,961,0,2879,2160
060cf092-fe76bdf7-19fee515-26cbef2c-5c16ba6f,204.801,204.926,1914,1160,24,24,0.9,0.49,0,0,2663,3000,961,0,2879,2160
060cf092-fe76bdf7-19fee515-26cbef2c-5c16ba6f,204.94,205.135,1940,1160,24,24,0.9,0.49,0,0,2663,3000,961,0,2879,2160
060cf092-fe76bdf7-19fee515-26cbef2c-5c16ba6f,205.15,206.416,1950,1176,24,24,0.9,0.49,0,0,2663,3000,961,0,2879,2160
060cf092-fe76bdf7-19fee515-26cbef2c-5c16ba6f,206.486,206.986,1879,1370,24,24,0.88,0.58,0,0,2663,3000,961,0,2879,2160
060cf092-fe76bdf7-19fee515-26cbef2c-5c16ba6f,207.014,207.292,1759,1408,24,24,0.89,0.49,0,0,2663,3000,961,0,2879,2160
060cf092-fe76bdf7-19fee515-26cbef2c-5c16ba6f,207.336,207.711,1898,1561,24,24,0.92,0.42,0,0,2663,3000,961,0,2879,2160
060cf092-fe76bdf7-19fee515-26cbef2c-5c16ba6f,207.738,208.019,1990,1927,24,24,0.9,0.48,0,0,2663,3000,961,0,2879,2160
060cf092-fe76bdf7-19fee515-26cbef2c-5c16ba6f,208.032,208.35,2064,1944,24,24,0.86,0.59,0,0,2663,3000,961,0,2879,2160
060cf092-fe76bdf7-19fee515-26cbef2c-5c16ba6f,208.366,208.851,2074,1930,24,24,0.86,0.62,0,0,2663,3000,961,0,2879,2160
060cf092-fe76bdf7-19fee515-26cbef2c-5c16ba6f,209.2,209.353,1742,1513,24,24,0.88,0.57,0,0,2663,3000,961,0,2879,2160
060cf092-fe76bdf7-19fee515-26cbef2c-5c16ba6f,209.408,209.603,1983,554,24,24,0.88,0.57,0,0,2663,3000,961,0,2879,2160
060cf092-fe76bdf7-19fee515-26cbef2c-5c16ba6f,209.618,209.798,1979,557,24,24,0.89,0.5,0,0,2663,3000,961,0,2879,2160
060cf092-fe76bdf7-19fee515-26cbef2c-5c16ba6f,209.882,210.021,2122,272,24,24,0.89,0.5,0,0,2663,3000,961,0,2879,2160
060cf092-fe76bdf7-19fee515-26cbef2c-5c16ba6f,210.042,210.411,2162,301,24,24,0.89,0.49,0,0,2663,3000,961,0,2879,2160
060cf092-fe76bdf7-19fee515-26cbef2c-5c16ba6f,210.481,211.104,2073,440,24,24,0.89,0.53,0,0,2663,3000,961,0,2879,2160
060cf092-fe76bdf7-19fee515-26cbef2c-5c16ba6f,211.121,211.568,2091,461,24,24,0.89,0.54,0,0,2663,3000,961,0,2879,2160
060cf092-fe76bdf7-19fee515-26cbef2c-5c16ba6f,211.582,211.72,2074,474,24,24,0.89,0.5,0,0,2663,3000,961,0,2879,2160
060cf092-fe76bdf7-19fee515-26cbef2c-5c16ba6f,211.761,211.957,2396,189,24,24,0.89,0.5,0,0,2663,3000,961,0,2879,2160
060cf092-fe76bdf7-19fee515-26cbef2c-5c16ba6f,212.067,212.249,2275,271,24,24,0.89,0.5,0,0,2663,3000,961,0,2879,2160
060cf092-fe76bdf7-19fee515-26cbef2c-5c16ba6f,212.265,212.499,2296,290,24,24,0.89,0.5,0,0,2663,3000,961,0,2879,2160
060cf092-fe76bdf7-19fee515-26cbef2c-5c16ba6f,212.597,212.764,1784,641,24,24,0.89,0.5,0,0,2663,3000,961,0,2879,2160
060cf092-fe76bdf7-19fee515-26cbef2c-5c16ba6f,212.847,212.987,1483,1591,24,24,0.89,0.5,0,0,2663,3000,961,0,2879,2160
060cf092-fe76bdf7-19fee515-26cbef2c-5c16ba6f,213.06,213.167,1532,1551,24,24,0.91,0.61,0,0,2663,3000,961,0,2879,2160
060cf092-fe76bdf7-19fee515-26cbef2c-5c16ba6f,213.25,213.863,1316,1725,24,24,0.89,0.65,0,0,2663,3000,961,0,2879,2160
060cf092-fe76bdf7-19fee515-26cbef2c-5c16ba6f,213.877,214.044,1289,1732,24,24,0.95,0.56,0,0,2663,3000,961,0,2879,2160
060cf092-fe76bdf7-19fee515-26cbef2c-5c16ba6f,214.071,214.185,1285,1584,24,24,0.95,0.56,0,0,2663,3000,961,0,2879,2160
060cf092-fe76bdf7-19fee515-26cbef2c-5c16ba6f,214.199,214.419,1302,1575,24,24,0.93,0.6,0,0,2663,3000,961,0,2879,2160
060cf092-fe76bdf7-19fee515-26cbef2c-5c16ba6f,214.448,214.627,1297,1609,24,24,0.93,0.68,0,0,2663,3000,961,0,2879,2160
060cf092-fe76bdf7-19fee515-26cbef2c-5c16ba6f,214.641,214.795,1310,1572,24,24,0.97,0.6,0,0,2663,3000,961,0,2879,2160
060cf092-fe76bdf7-19fee515-26cbef2c-5c16ba6f,215.02,215.13,1227,1231,24,24,0.98,0.42,0,0,2663,3000,961,0,2879,2160
060cf092-fe76bdf7-19fee515-26cbef2c-5c16ba6f,215.142,215.27,1238,1264,24,24,0.98,0.38,0,0,2663,3000,961,0,2879,2160
060cf092-fe76bdf7-19fee515-26cbef2c-5c16ba6f,215.313,215.478,1147,1033,24,24,0.98,0.31,0,0,2663,3000,961,0,2879,2160
060cf092-fe76bdf7-19fee515-26cbef2c-5c16ba6f,215.491,215.632,1175,1059,24,24,0.95,0.27,0,0,2663,3000,961,0,2879,2160
060cf092-fe76bdf7-19fee515-26cbef2c-5c16ba6f,215.714,215.853,1555,1275,24,24,0.94,0.34,0,0,2663,3000,961,0,2879,2160
060cf092-fe76bdf7-19fee515-26cbef2c-5c16ba6f,215.869,215.994,1502,1277,24,24,0.94,0.36,0,0,2663,3000,961,0,2879,2160
060cf092-fe76bdf7-19fee515-26cbef2c-5c16ba6f,216.02,216.146,1492,1191,24,24,0.95,0.41,0,0,2663,3000,961,0,2879,2160
060cf092-fe76bdf7-19fee515-26cbef2c-5c16ba6f,216.216,216.37,1448,1141,24,24,0.95,0.41,0,0,2663,3000,961,0,2879,2160
060cf092-fe76bdf7-19fee515-26cbef2c-5c16ba6f,216.384,216.493,1467,1151,24,24,0.94,0.46,0,0,2663,3000,961,0,2879,2160
060cf092-fe76bdf7-19fee515-26cbef2c-5c16ba6f,216.591,216.801,1679,1100,24,24,0.94,0.47,0,0,2663,3000,961,0,2879,2160
060cf092-fe76bdf7-19fee515-26cbef2c-5c16ba6f,216.813,216.953,1670,1060,24,24,0.94,0.5,0,0,2663,3000,961,0,2879,2160
060cf092-fe76bdf7-19fee515-26cbef2c-5c16ba6f,216.994,217.21,1097,1051,24,24,0.94,0.51,0,0,2663,3000,961,0,2879,2160
060cf092-fe76bdf7-19fee515-26cbef2c-5c16ba6f,217.221,217.37,1150,1007,24,24,0.94,0.54,0,0,2663,3000,961,0,2879,2160
060cf092-fe76bdf7-19fee515-26cbef2c-5c16ba6f,217.384,217.539,1114,1037,24,24,0.94,0.54,0,0,2663,3000,961,0,2879,2160
060cf092-fe76bdf7-19fee515-26cbef2c-5c16ba6f,217.552,217.734,1129,1037,24,24,0.95,0.49,0,0,2663,3000,961,0,2879,2160
060cf092-fe76bdf7-19fee515-26cbef2c-5c16ba6f,217.83,218.011,1313,1710,24,24,0.97,0.44,0,0,2663,3000,961,0,2879,2160
060cf092-fe76bdf7-19fee515-26cbef2c-5c16ba6f,218.067,218.29,1299,2257,24,24,0.97,0.42,0,0,2663,3000,961,0,2879,2160
060cf092-fe76bdf7-19fee515-26cbef2c-5c16ba6f,218.319,218.5,1316,2187,24,24,0.95,0.43,0,0,2663,3000,961,0,2879,2160
060cf092-fe76bdf7-19fee515-26cbef2c-5c16ba6f,218.514,218.651,1334,2224,24,24,0.94,0.5,0,0,2663,3000,961,0,2879,2160
060cf092-fe76bdf7-19fee515-26cbef2c-5c16ba6f,218.752,218.859,1449,1940,24,24,0.94,0.53,0,0,2663,3000,961,0,2879,2160
060cf092-fe76bdf7-19fee515-26cbef2c-5c16ba6f,218.889,219.086,1478,1951,24,24,0.94,0.58,0,0,2663,3000,961,0,2879,2160
060cf092-fe76bdf7-19fee515-26cbef2c-5c16ba6f,219.098,219.235,1438,1971,24,24,0.97,0.56,0,0,2663,3000,961,0,2879,2160
060cf092-fe76bdf7-19fee515-26cbef2c-5c16ba6f,219.277,219.486,1522,1808,24,24,0.97,0.43,0,0,2663,3000,961,0,2879,2160
060cf092-fe76bdf7-19fee515-26cbef2c-5c16ba6f,219.75,219.861,1678,471,24,24,0.97,0.36,0,0,2663,3000,961,0,2879,2160
060cf092-fe76bdf7-19fee515-26cbef2c-5c16ba6f,219.875,220.029,1681,497,24,24,0.97,0.36,0,0,2663,3000,961,0,2879,2160
060cf092-fe76bdf7-19fee515-26cbef2c-5c16ba6f,220.363,220.505,1334,2527,24,24,0.97,0.29,0,0,2663,3000,961,0,2879,2160
060cf092-fe76bdf7-19fee515-26cbef2c-5c16ba6f,221.226,221.382,846,632,24,24,0.97,0.52,0,0,2663,3000,961,0,2879,2160
060cf092-fe76bdf7-19fee515-26cbef2c-5c16ba6f,221.45,221.713,736,836,24,24,0.97,0.58,0,0,2663,3000,961,0,2879,2160
060cf092-fe76bdf7-19fee515-26cbef2c-5c16ba6f,221.817,221.937,413,1017,24,24,0.97,0.59,0,0,2663,3000,961,0,2879,2160
060cf092-fe76bdf7-19fee515-26cbef2c-5c16ba6f,221.966,222.075,403,1028,24,24,0.95,0.46,0,0,2663,3000,961,0,2879,2160
060cf092-fe76bdf7-19fee515-26cbef2c-5c16ba6f,222.145,222.382,442,2378,24,24,0.93,0.42,0,0,2663,3000,961,0,2879,2160
060cf092-fe76bdf7-19fee515-26cbef2c-5c16ba6f,222.481,222.729,918,2535,24,24,0.91,0.4,0,0,2663,3000,961,0,2879,2160
060cf092-fe76bdf7-19fee515-26cbef2c-5c16ba6f,222.757,222.898,920,2568,24,24,0.9,0.42,0,0,2663,3000,961,0,2879,2160
060cf092-fe76bdf7-19fee515-26cbef2c-5c16ba6f,222.91,223.038,932,2494,24,24,0.9,0.5,0,0,2663,3000,961,0,2879,2160
060cf092-fe76bdf7-19fee515-26cbef2c-5c16ba6f,223.052,223.205,929,2453,24,24,0.91,0.54,0,0,2663,3000,961,0,2879,2160
060cf092-fe76bdf7-19fee515-26cbef2c-5c16ba6f,223.233,223.385,666,2469,24,24,0.91,0.61,0,0,2663,3000,961,0,2879,2160
060cf092-fe76bdf7-19fee515-26cbef2c-5c16ba6f,223.398,223.51,640,2464,24,24,0.91,0.65,0,0,2663,3000,961,0,2879,2160
060cf092-fe76bdf7-19fee515-26cbef2c-5c16ba6f,224.178,224.471,1982,2673,24,24,0.93,0.69,0,0,2663,3000,961,0,2879,2160
060cf092-fe76bdf7-19fee515-26cbef2c-5c16ba6f,224.5,224.664,1604,2772,24,24,0.94,0.61,0,0,2663,3000,961,0,2879,2160
060cf092-fe76bdf7-19fee515-26cbef2c-5c16ba6f,224.678,224.887,1578,2775,24,24,0.94,0.61,0,0,2663,3000,961,0,2879,2160
060cf092-fe76bdf7-19fee515-26cbef2c-5c16ba6f,224.901,225.082,1613,2753,24,24,0.94,0.61,0,0,2663,3000,961,0,2879,2160
060cf092-fe76bdf7-19fee515-26cbef2c-5c16ba6f,225.153,225.265,2227,2406,24,24,0.96,0.57,0,0,2663,3000,961,0,2879,2160
060cf092-fe76bdf7-19fee515-26cbef2c-5c16ba6f,225.277,225.416,2253,2390,24,24,0.97,0.55,0,0,2663,3000,961,0,2879,2160
060cf092-fe76bdf7-19fee515-26cbef2c-5c16ba6f,225.485,225.616,2396,2012,24,24,0.98,0.52,0,0,2663,3000,961,0,2879,2160
060cf092-fe76bdf7-19fee515-26cbef2c-5c16ba6f,225.708,225.847,2471,1850,24,24,0.98,0.48,0,0,2663,3000,961,0,2879,2160
060cf092-fe76bdf7-19fee515-26cbef2c-5c16ba6f,225.861,226.001,2463,1830,24,24,0.98,0.47,0,0,2663,3000,961,0,2879,2160
060cf092-fe76bdf7-19fee515-26cbef2c-5c16ba6f,226.015,226.282,2447,1859,24,24,0.98,0.44,0,0,2663,3000,961,0,2879,2160
060cf092-fe76bdf7-19fee515-26cbef2c-5c16ba6f,226.306,226.446,2260,1963,24,24,0.99,0.39,0,0,2663,3000,961,0,2879,2160
060cf092-fe76bdf7-19fee515-26cbef2c-5c16ba6f,227.226,227.367,436,1645,24,24,0.93,0.44,0,0,2663,3000,961,0,2879,2160
060cf092-fe76bdf7-19fee515-26cbef2c-5c16ba6f,227.741,227.893,1248,3080,24,24,0.89,0.58,0,0,2663,3000,961,0,2879,2160
060cf092-fe76bdf7-19fee515-26cbef2c-5c16ba6f,227.907,228.047,1226,3051,24,24,0.89,0.61,0,0,2663,3000,961,0,2879,2160
060cf092-fe76bdf7-19fee515-26cbef2c-5c16ba6f,228.106,228.27,771,2941,24,24,0.89,0.58,0,0,2663,3000,961,0,2879,2160
060cf092-fe76bdf7-19fee515-26cbef2c-5c16ba6f,228.284,228.422,767,2923,24,24,0.9,0.53,0,0,2663,3000,961,0,2879,2160
060cf092-fe76bdf7-19fee515-26cbef2c-5c16ba6f,228.618,228.728,1072,2847,24,24,0.9,0.53,0,0,2663,3000,961,0,2879,2160
060cf092-fe76bdf7-19fee515-26cbef2c-5c16ba6f,228.909,229.182,743,1673,24,24,0.92,0.52,0,0,2663,3000,961,0,2879,2160
060cf092-fe76bdf7-19fee515-26cbef2c-5c16ba6f,229.244,229.411,700,1718,24,24,0.92,0.44,0,0,2663,3000,961,0,2879,2160
060cf092-fe76bdf7-19fee515-26cbef2c-5c16ba6f,229.484,229.674,730,1299,24,24,0.89,0.5,0,0,2663,3000,961,0,2879,2160
060cf092-fe76bdf7-19fee515-26cbef2c-5c16ba6f,230.149,230.331,440,1318,24,24,0.88,0.53,0,0,2663,3000,961,0,2879,2160
9c452d99-a2e14f15-8458865f-92178374-a9e29b76,0.0,0.418,702,2104,23,23,1.0,0.5,0,0,2498,3000,1021,0,2819,2160
9c452d99-a2e14f15-8458865f-92178374-a9e29b76,0.821,0.989,517,1692,23,23,1.0,0.5,0,0,2498,3000,1021,0,2819,2160
9c452d99-a2e14f15-8458865f-92178374-a9e29b76,1.548,1.687,442,1930,23,23,1.0,0.5,0,0,2498,3000,1021,0,2819,2160
9c452d99-a2e14f15-8458865f-92178374-a9e29b76,2.256,2.395,1616,1741,23,23,1.0,0.5,0,0,2498,3000,1021,0,2819,2160
9c452d99-a2e14f15-8458865f-92178374-a9e29b76,2.409,2.59,1621,1715,23,23,1.0,0.5,0,0,2498,3000,1021,0,2819,2160
9c452d99-a2e14f15-8458865f-92178374-a9e29b76,2.994,3.147,1276,2654,23,23,1.0,0.5,0,0,2498,3000,1021,0,2819,2160
9c452d99-a2e14f15-8458865f-92178374-a9e29b76,3.313,3.495,1200,2733,23,23,1.0,0.5,0,0,2498,3000,1021,0,2819,2160
9c452d99-a2e14f15-8458865f-92178374-a9e29b76,4.079,4.205,1182,711,23,23,1.0,0.5,0,0,2498,3000,1021,0,2819,2160
9c452d99-a2e14f15-8458865f-92178374-a9e29b76,4.441,4.568,1400,764,23,23,1.0,0.5,0,0,2498,3000,1021,0,2819,2160
9c452d99-a2e14f15-8458865f-92178374-a9e29b76,4.58,4.692,1420,825,23,23,1.0,0.5,0,0,2498,3000,1021,0,2819,2160
9c452d99-a2e14f15-8458865f-92178374-a9e29b76,4.748,4.903,528,649,23,23,1.0,0.5,0,0,2498,3000,1021,0,2819,2160
9c452d99-a2e14f15-8458865f-92178374-a9e29b76,4.915,5.109,530,649,23,23,1.0,0.5,0,0,2498,3000,1021,0,2819,2160
9c452d99-a2e14f15-8458865f-92178374-a9e29b76,5.57,5.683,289,745,23,23,1.0,0.5,0,0,2498,3000,1021,0,2819,2160
9c452d99-a2e14f15-8458865f-92178374-a9e29b76,5.82,5.931,1971,873,23,23,1.0,0.5,0,0,2498,3000,1021,0,2819,2160
9c452d99-a2e14f15-8458865f-92178374-a9e29b76,6.378,6.529,1987,761,23,23,1.0,0.5,0,0,2498,3000,1021,0,2819,2160
9c452d99-a2e14f15-8458865f-92178374-a9e29b76,6.543,6.669,1976,803,23,23,1.0,0.5,0,0,2498,3000,1021,0,2819,2160
9c452d99-a2e14f15-8458865f-92178374-a9e29b76,6.822,6.976,2220,843,23,23,1.0,0.5,0,0,2498,3000,1021,0,2819,2160
9c452d99-a2e14f15-8458865f-92178374-a9e29b76,7.059,7.281,1995,1723,23,23,1.0,0.5,0,0,2498,3000,1021,0,2819,2160
9c452d99-a2e14f15-8458865f-92178374-a9e29b76,7.337,7.477,1415,1607,23,23,1.0,0.5,0,0,2498,3000,1021,0,2819,2160
9c452d99-a2e14f15-8458865f-92178374-a9e29b76,7.49,7.616,1439,1608,23,23,1.0,0.5,0,0,2498,3000,1021,0,2819,2160
9c452d99-a2e14f15-8458865f-92178374-a9e29b76,7.671,7.81,1364,2618,23,23,1.0,0.5,0,0,2498,3000,1021,0,2819,2160
9c452d99-a2e14f15-8458865f-92178374-a9e29b76,7.922,8.187,1176,2885,23,23,1.0,0.5,0,0,2498,3000,1021,0,2819,2160
9c452d99-a2e14f15-8458865f-92178374-a9e29b76,8.324,8.438,1100,2993,23,23,1.0,0.5,0,0,2498,3000,1021,0,2819,2160
9c452d99-a2e14f15-8458865f-92178374-a9e29b76,8.55,8.813,979,3003,23,23,1.0,0.5,0,0,2498,3000,1021,0,2819,2160
9c452d99-a2e14f15-8458865f-92178374-a9e29b76,8.828,8.952,956,3042,23,23,1.0,0.5,0,0,2498,3000,1021,0,2819,2160
9c452d99-a2e14f15-8458865f-92178374-a9e29b76,8.966,9.146,958,2983,23,23,1.0,0.5,0,0,2498,3000,1021,0,2819,2160
9c452d99-a2e14f15-8458865f-92178374-a9e29b76,9.161,9.272,963,2928,23,23,1.0,0.5,0,0,2498,3000,1021,0,2819,2160
9c452d99-a2e14f15-8458865f-92178374-a9e29b76,9.286,9.481,1004,2961,23,23,1.0,0.5,0,0,2498,3000,1021,0,2819,2160
9c452d99-a2e14f15-8458865f-92178374-a9e29b76,9.662,9.772,1011,2863,23,23,1.0,0.5,0,0,2498,3000,1021,0,2819,2160
9c452d99-a2e14f15-8458865f-92178374-a9e29b76,9.786,10.024,937,2827,23,23,1.0,0.5,0,0,2498,3000,1021,0,2819,2160
9c452d99-a2e14f15-8458865f-92178374-a9e29b76,10.468,10.594,1062,3014,23,23,1.0,0.5,0,0,2498,3000,1021,0,2819,2160
9c452d99-a2e14f15-8458865f-92178374-a9e29b76,10.65,10.858,1061,3019,23,23,1.0,0.5,0,0,2498,3000,1021,0,2819,2160
9c452d99-a2e14f15-8458865f-92178374-a9e29b76,10.902,11.025,1217,2965,23,23,1.0,0.5,0,0,2498,3000,1021,0,2819,2160
9c452d99-a2e14f15-8458865f-92178374-a9e29b76,11.039,11.249,1230,2972,23,23,1.0,0.5,0,0,2498,3000,1021,0,2819,2160
9c452d99-a2e14f15-8458865f-92178374-a9e29b76,11.402,11.542,2002,2330,23,23,1.0,0.5,0,0,2498,3000,1021,0,2819,2160
9c452d99-a2e14f15-8458865f-92178374-a9e29b76,11.722,12.155,1433,1919,23,23,1.0,0.5,0,0,2498,3000,1021,0,2819,2160
9c452d99-a2e14f15-8458865f-92178374-a9e29b76,12.17,12.627,1572,1761,23,23,1.06,0.54,0,0,2498,3000,1021,0,2819,2160
9c452d99-a2e14f15-8458865f-92178374-a9e29b76,12.641,12.951,1556,1727,23,23,1.17,0.52,0,0,2498,3000,1021,0,2819,2160
9c452d99-a2e14f15-8458865f-92178374-a9e29b76,13.081,13.28,528,1799,23,23,1.18,0.62,0,0,2498,3000,1021,0,2819,2160
9c452d99-a2e14f15-8458865f-92178374-a9e29b76,13.405,13.536,742,2469,23,23,1.2,0.58,0,0,2498,3000,1021,0,2819,2160
9c452d99-a2e14f15-8458865f-92178374-a9e29b76,13.558,13.878,766,2475,23,23,1.22,0.47,0,0,2498,3000,1021,0,2819,2160
9c452d99-a2e14f15-8458865f-92178374-a9e29b76,13.92,14.241,1211,2660,23,23,1.22,0.46,0,0,2498,3000,1021,0,2819,2160
9c452d99-a2e14f15-8458865f-92178374-a9e29b76,14.302,14.52,1230,2971,23,23,1.24,0.46,0,0,2498,3000,1021,0,2819,2160
9c452d99-a2e14f15-8458865f-92178374-a9e29b76,14.547,14.755,1212,2681,23,23,1.27,0.41,0,0,2498,3000,1021,0,2819,2160
9c452d99-a2e14f15-8458865f-92178374-a9e29b76,14.77,15.299,1215,2663,23,23,1.27,0.41,0,0,2498,3000,1021,0,2819,2160
9c452d99-a2e14f15-8458865f-92178374-a9e29b76,15.341,15.591,443,2475,23,23,1.27,0.45,0,0,2498,3000,1021,0,2819,2160
9c452d99-a2e14f15-8458865f-92178374-a9e29b76,15.72,15.915,611,2395,23,23,1.27,0.51,0,0,2498,3000,1021,0,2819,2160
9c452d99-a2e14f15-8458865f-92178374-a9e29b76,16.052,16.204,782,2428,23,23,1.27,0.36,0,0,2498,3000,1021,0,2819,2160
9c452d99-a2e14f15-8458865f-92178374-a9e29b76,16.303,16.524,1231,2691,23,23,1.26,0.36,0,0,2498,3000,1021,0,2819,2160
9c452d99-a2e14f15-8458865f-92178374-a9e29b76,16.538,16.707,1230,2670,23,23,1.26,0.4,0,0,2498,3000,1021,0,2819,2160
9c452d99-a2e14f15-8458865f-92178374-a9e29b76,16.763,16.903,1212,2472,23,23,1.25,0.43,0,0,2498,3000,1021,0,2819,2160
9c452d99-a2e14f15-8458865f-92178374-a9e29b76,17.055,17.178,1202,2823,23,23,1.25,0.48,0,0,2498,3000,1021,0,2819,2160
9c452d99-a2e14f15-8458865f-92178374-a9e29b76,17.207,17.319,1207,2805,23,23,1.23,0.51,0,0,2498,3000,1021,0,2819,2160
9c452d99-a2e14f15-8458865f-92178374-a9e29b76,17.332,17.667,1202,2789,23,23,1.23,0.56,0,0,2498,3000,1021,0,2819,2160
9c452d99-a2e14f15-8458865f-92178374-a9e29b76,17.736,17.903,1196,2700,23,23,1.25,0.54,0,0,2498,3000,1021,0,2819,2160
9c452d99-a2e14f15-8458865f-92178374-a9e29b76,18.027,18.181,1194,2798,23,23,1.26,0.51,0,0,2498,3000,1021,0,2819,2160
9c452d99-a2e14f15-8458865f-92178374-a9e29b76,18.195,18.306,1194,2855,23,23,1.26,0.51,0,0,2498,3000,1021,0,2819,2160
9c452d99-a2e14f15-8458865f-92178374-a9e29b76,18.375,18.516,1164,2903,23,23,1.26,0.51,0,0,2498,3000,1021,0,2819,2160
9c452d99-a2e14f15-8458865f-92178374-a9e29b76,18.529,18.64,1158,2861,23,23,1.26,0.51,0,0,2498,3000,1021,0,2819,2160
9c452d99-a2e14f15-8458865f-92178374-a9e29b76,18.742,19.016,1145,2587,23,23,1.26,0.5,0,0,2498,3000,1021,0,2819,2160
9c452d99-a2e14f15-8458865f-92178374-a9e29b76,19.057,19.308,1134,2755,23,23,1.26,0.47,0,0,2498,3000,1021,0,2819,2160
9c452d99-a2e14f15-8458865f-92178374-a9e29b76,19.322,19.823,1133,2783,23,23,1.26,0.45,0,0,2498,3000,1021,0,2819,2160
9c452d99-a2e14f15-8458865f-92178374-a9e29b76,19.865,20.129,1109,2910,23,23,1.26,0.42,0,0,2498,3000,1021,0,2819,2160
9c452d99-a2e14f15-8458865f-92178374-a9e29b76,20.241,20.38,1143,2639,23,23,1.25,0.42,0,0,2498,3000,1021,0,2819,2160
9c452d99-a2e14f15-8458865f-92178374-a9e29b76,20.394,20.548,1127,2638,23,23,1.25,0.42,0,0,2498,3000,1021,0,2819,2160
9c452d99-a2e14f15-8458865f-92178374-a9e29b76,20.589,20.965,1170,2339,23,23,1.25,0.42,0,0,2498,3000,1021,0,2819,2160
9c452d99-a2e14f15-8458865f-92178374-a9e29b76,20.992,21.187,1177,2505,23,23,1.24,0.44,0,0,2498,3000,1021,0,2819,2160
9c452d99-a2e14f15-8458865f-92178374-a9e29b76,21.216,21.744,1155,2688,23,23,1.24,0.44,0,0,2498,3000,1021,0,2819,2160
9c452d99-a2e14f15-8458865f-92178374-a9e29b76,21.758,22.009,1155,2577,23,23,1.24,0.44,0,0,2498,3000,1021,0,2819,2160
9c452d99-a2e14f15-8458865f-92178374-a9e29b76,22.12,22.315,1141,2657,23,23,1.24,0.44,0,0,2498,3000,1021,0,2819,2160
9c452d99-a2e14f15-8458865f-92178374-a9e29b76,22.635,22.817,1155,2259,23,23,1.24,0.44,0,0,2498,3000,1021,0,2819,2160
9c452d99-a2e14f15-8458865f-92178374-a9e29b76,22.888,23.094,1151,2073,23,23,1.24,0.49,0,0,2498,3000,1021,0,2819,2160
9c452d99-a2e14f15-8458865f-92178374-a9e29b76,23.122,23.234,1166,2092,23,23,1.24,0.49,0,0,2498,3000,1021,0,2819,2160
9c452d99-a2e14f15-8458865f-92178374-a9e29b76,23.303,23.706,1184,2614,23,23,1.24,0.51,0,0,2498,3000,1021,0,2819,2160
9c452d99-a2e14f15-8458865f-92178374-a9e29b76,23.818,23.985,1579,2398,23,23,1.23,0.57,0,0,2498,3000,1021,0,2819,2160
9c452d99-a2e14f15-8458865f-92178374-a9e29b76,23.999,24.207,1591,2345,23,23,1.24,0.5,0,0,2498,3000,1021,0,2819,2160
9c452d99-a2e14f15-8458865f-92178374-a9e29b76,24.263,24.403,1167,2440,23,23,1.24,0.5,0,0,2498,3000,1021,0,2819,2160
9c452d99-a2e14f15-8458865f-92178374-a9e29b76,24.556,24.904,1169,1901,23,23,1.24,0.5,0,0,2498,3000,1021,0,2819,2160
9c452d99-a2e14f15-8458865f-92178374-a9e29b76,24.92,25.126,1153,1883,23,23,1.24,0.51,0,0,2498,3000,1021,0,2819,2160
9c452d99-a2e14f15-8458865f-92178374-a9e29b76,25.169,25.363,1184,1704,23,23,1.24,0.51,0,0,2498,3000,1021,0,2819,2160
9c452d99-a2e14f15-8458865f-92178374-a9e29b76,25.405,25.534,1208,1872,23,23,1.24,0.54,0,0,2498,3000,1021,0,2819,2160
9c452d99-a2e14f15-8458865f-92178374-a9e29b76,25.547,25.879,1206,1891,23,23,1.24,0.49,0,0,2498,3000,1021,0,2819,2160
9c452d99-a2e14f15-8458865f-92178374-a9e29b76,25.893,26.018,1187,1902,23,23,1.24,0.43,0,0,2498,3000,1021,0,2819,2160
9c452d99-a2e14f15-8458865f-92178374-a9e29b76,26.144,26.338,486,2122,23,23,1.24,0.4,0,0,2498,3000,1021,0,2819,2160
9c452d99-a2e14f15-8458865f-92178374-a9e29b76,26.422,26.561,666,2042,23,23,1.23,0.4,0,0,2498,3000,1021,0,2819,2160
9c452d99-a2e14f15-8458865f-92178374-a9e29b76,26.575,26.884,684,2070,23,23,1.22,0.46,0,0,2498,3000,1021,0,2819,2160
9c452d99-a2e14f15-8458865f-92178374-a9e29b76,26.895,27.062,835,2011,23,23,1.21,0.59,0,0,2498,3000,1021,0,2819,2160
9c452d99-a2e14f15-8458865f-92178374-a9e29b76,27.075,27.243,844,1990,23,23,1.19,0.62,0,0,2498,3000,1021,0,2819,2160
9c452d99-a2e14f15-8458865f-92178374-a9e29b76,27.257,27.396,844,2004,23,23,1.2,0.6,0,0,2498,3000,1021,0,2819,2160
9c452d99-a2e14f15-8458865f-92178374-a9e29b76,27.493,27.604,558,1525,23,23,1.2,0.54,0,0,2498,3000,1021,0,2819,2160
9c452d99-a2e14f15-8458865f-92178374-a9e29b76,27.632,27.813,585,1572,23,23,1.2,0.54,0,0,2498,3000,1021,0,2819,2160
9c452d99-a2e14f15-8458865f-92178374-a9e29b76,27.869,28.065,752,1489,23,23,1.2,0.54,0,0,2498,3000,1021,0,2819,2160
9c452d99-a2e14f15-8458865f-92178374-a9e29b76,28.258,28.37,1558,1644,23,23,1.2,0.54,0,0,2498,3000,1021,0,2819,2160
9c452d99-a2e14f15-8458865f-92178374-a9e29b76,28.397,28.551,1576,1644,23,23,1.2,0.54,0,0,2498,3000,1021,0,2819,2160
9c452d99-a2e14f15-8458865f-92178374-a9e29b76,28.718,29.009,1601,2229,23,23,1.2,0.54,0,0,2498,3000,1021,0,2819,2160
9c452d99-a2e14f15-8458865f-92178374-a9e29b76,29.052,29.191,1689,2205,23,23,1.19,0.57,0,0,2498,3000,1021,0,2819,2160
9c452d99-a2e14f15-8458865f-92178374-a9e29b76,29.247,29.358,1599,2083,23,23,1.19,0.57,0,0,2498,3000,1021,0,2819,2160
9c452d99-a2e14f15-8458865f-92178374-a9e29b76,29.372,29.554,1598,2052,23,23,1.19,0.57,0,0,2498,3000,1021,0,2819,2160
9c452d99-a2e14f15-8458865f-92178374-a9e29b76,29.636,29.75,1612,2163,23,23,1.18,0.62,0,0,2498,3000,1021,0,2819,2160
9c452d99-a2e14f15-8458865f-92178374-a9e29b76,29.784,29.902,1577,2147,23,23,1.19,0.61,0,0,2498,3000,1021,0,2819,2160
9c452d99-a2e14f15-8458865f-92178374-a9e29b76,29.957,30.184,1523,1759,23,23,1.2,0.56,0,0,2498,3000,1021,0,2819,2160
9c452d99-a2e14f15-8458865f-92178374-a9e29b76,30.194,30.349,1518,1769,23,23,1.2,0.49,0,0,2498,3000,1021,0,2819,2160
9c452d99-a2e14f15-8458865f-92178374-a9e29b76,30.513,30.67,452,1378,23,23,1.2,0.47,0,0,2498,3000,1021,0,2819,2160
9c452d99-a2e14f15-8458865f-92178374-a9e29b76,30.874,30.987,473,805,23,23,1.2,0.47,0,0,2498,3000,1021,0,2819,2160
9c452d99-a2e14f15-8458865f-92178374-a9e29b76,31.015,31.209,545,837,23,23,1.2,0.47,0,0,2498,3000,1021,0,2819,2160
9c452d99-a2e14f15-8458865f-92178374-a9e29b76,31.251,31.432,581,1293,23,23,1.2,0.48,0,0,2498,3000,1021,0,2819,2160
9c452d99-a2e14f15-8458865f-92178374-a9e29b76,31.669,31.807,647,1617,23,23,1.2,0.5,0,0,2498,3000,1021,0,2819,2160
9c452d99-a2e14f15-8458865f-92178374-a9e29b76,31.822,31.95,662,1640,23,23,1.2,0.5,0,0,2498,3000,1021,0,2819,2160
9c452d99-a2e14f15-8458865f-92178374-a9e29b76,32.127,32.322,735,2062,23,23,1.19,0.56,0,0,2498,3000,1021,0,2819,2160
9c452d99-a2e14f15-8458865f-92178374-a9e29b76,32.42,32.657,698,2046,23,23,1.19,0.56,0,0,2498,3000,1021,0,2819,2160
9c452d99-a2e14f15-8458865f-92178374-a9e29b76,32.671,32.796,687,2061,23,23,1.19,0.56,0,0,2498,3000,1021,0,2819,2160
9c452d99-a2e14f15-8458865f-92178374-a9e29b76,32.81,33.202,593,2133,23,23,1.19,0.56,0,0,2498,3000,1021,0,2819,2160
9c452d99-a2e14f15-8458865f-92178374-a9e29b76,33.242,33.52,699,2006,23,23,1.19,0.49,0,0,2498,3000,1021,0,2819,2160
9c452d99-a2e14f15-8458865f-92178374-a9e29b76,33.562,33.812,872,1804,23,23,1.2,0.47,0,0,2498,3000,1021,0,2819,2160
9c452d99-a2e14f15-8458865f-92178374-a9e29b76,33.84,33.966,796,1436,23,23,1.18,0.47,0,0,2498,3000,1021,0,2819,2160
9c452d99-a2e14f15-8458865f-92178374-a9e29b76,33.98,34.107,782,1427,23,23,1.18,0.47,0,0,2498,3000,1021,0,2819,2160
9c452d99-a2e14f15-8458865f-92178374-a9e29b76,34.23,34.438,836,1720,23,23,1.17,0.57,0,0,2498,3000,1021,0,2819,2160
9c452d99-a2e14f15-8458865f-92178374-a9e29b76,34.553,34.787,856,2085,23,23,1.15,0.61,0,0,2498,3000,1021,0,2819,2160
9c452d99-a2e14f15-8458865f-92178374-a9e29b76,34.801,34.926,881,2057,23,23,1.15,0.63,0,0,2498,3000,1021,0,2819,2160
9c452d99-a2e14f15-8458865f-92178374-a9e29b76,35.024,35.177,1687,2040,23,23,1.16,0.56,0,0,2498,3000,1021,0,2819,2160
9c452d99-a2e14f15-8458865f-92178374-a9e29b76,35.19,35.608,1654,2055,23,23,1.16,0.53,0,0,2498,3000,1021,0,2819,2160
9c452d99-a2e14f15-8458865f-92178374-a9e29b76,35.649,35.761,1635,1973,23,23,1.16,0.52,0,0,2498,3000,1021,0,2819,2160
9c452d99-a2e14f15-8458865f-92178374-a9e29b76,35.886,35.998,1924,1448,23,23,1.16,0.52,0,0,2498,3000,1021,0,2819,2160
9c452d99-a2e14f15-8458865f-92178374-a9e29b76,36.011,36.276,1882,1427,23,23,1.16,0.52,0,0,2498,3000,1021,0,2819,2160
9c452d99-a2e14f15-8458865f-92178374-a9e29b76,36.318,36.707,1836,1206,23,23,1.16,0.52,0,0,2498,3000,1021,0,2819,2160
9c452d99-a2e14f15-8458865f-92178374-a9e29b76,36.945,37.07,220,1089,23,23,1.16,0.5,0,0,2498,3000,1021,0,2819,2160
9c452d99-a2e14f15-8458865f-92178374-a9e29b76,37.198,37.299,304,1113,23,23,1.14,0.53,0,0,2498,3000,1021,0,2819,2160
9c452d99-a2e14f15-8458865f-92178374-a9e29b76,37.389,37.529,577,1190,23,23,1.13,0.54,0,0,2498,3000,1021,0,2819,2160
9c452d99-a2e14f15-8458865f-92178374-a9e29b76,37.627,37.783,599,1199,23,23,1.13,0.54,0,0,2498,3000,1021,0,2819,2160
9c452d99-a2e14f15-8458865f-92178374-a9e29b76,37.798,37.987,373,920,23,23,1.12,0.62,0,0,2498,3000,1021,0,2819,2160
9c452d99-a2e14f15-8458865f-92178374-a9e29b76,38.003,38.155,384,902,23,23,1.11,0.62,0,0,2498,3000,1021,0,2819,2160
9c452d99-a2e14f15-8458865f-92178374-a9e29b76,38.171,38.324,355,873,23,23,1.11,0.62,0,0,2498,3000,1021,0,2819,2160
9c452d99-a2e14f15-8458865f-92178374-a9e29b76,38.548,38.726,647,1230,23,23,1.11,0.5,0,0,2498,3000,1021,0,2819,2160
9c452d99-a2e14f15-8458865f-92178374-a9e29b76,38.781,39.116,378,1552,23,23,1.11,0.5,0,0,2498,3000,1021,0,2819,2160
9c452d99-a2e14f15-8458865f-92178374-a9e29b76,39.227,39.423,710,2154,23,23,1.11,0.5,0,0,2498,3000,1021,0,2819,2160
9c452d99-a2e14f15-8458865f-92178374-a9e29b76,39.492,39.645,1526,1998,23,23,1.11,0.56,0,0,2498,3000,1021,0,2819,2160
9c452d99-a2e14f15-8458865f-92178374-a9e29b76,39.661,39.784,1530,1988,23,23,1.11,0.57,0,0,2498,3000,1021,0,2819,2160
9c452d99-a2e14f15-8458865f-92178374-a9e29b76,39.812,40.035,1698,2200,23,23,1.1,0.61,0,0,2498,3000,1021,0,2819,2160
9c452d99-a2e14f15-8458865f-92178374-a9e29b76,40.076,40.313,1355,2097,23,23,1.1,0.61,0,0,2498,3000,1021,0,2819,2160
9c452d99-a2e14f15-8458865f-92178374-a9e29b76,40.374,40.494,1214,2223,23,23,1.11,0.53,0,0,2498,3000,1021,0,2819,2160
9c452d99-a2e14f15-8458865f-92178374-a9e29b76,40.521,40.743,1199,2249,23,23,1.11,0.52,0,0,2498,3000,1021,0,2819,2160
9c452d99-a2e14f15-8458865f-92178374-a9e29b76,41.217,41.37,1066,2389,23,23,1.12,0.5,0,0,2498,3000,1021,0,2819,2160
9c452d99-a2e14f15-8458865f-92178374-a9e29b76,41.621,42.066,676,2292,23,23,1.12,0.5,0,0,2498,3000,1021,0,2819,2160
9c452d99-a2e14f15-8458865f-92178374-a9e29b76,42.108,42.22,1402,2234,23,23,1.12,0.5,0,0,2498,3000,1021,0,2819,2160
9c452d99-a2e14f15-8458865f-92178374-a9e29b76,42.233,42.47,1399,2254,23,23,1.12,0.5,0,0,2498,3000,1021,0,2819,2160
9c452d99-a2e14f15-8458865f-92178374-a9e29b76,42.999,43.18,519,937,23,23,1.12,0.5,0,0,2498,3000,1021,0,2819,2160
9c452d99-a2e14f15-8458865f-92178374-a9e29b76,43.208,43.403,214,821,23,23,1.11,0.45,0,0,2498,3000,1021,0,2819,2160
9c452d99-a2e14f15-8458865f-92178374-a9e29b76,43.459,43.626,715,1574,23,23,1.11,0.51,0,0,2498,3000,1021,0,2819,2160
9c452d99-a2e14f15-8458865f-92178374-a9e29b76,43.668,43.934,1114,1683,23,23,1.11,0.51,0,0,2498,3000,1021,0,2819,2160
9c452d99-a2e14f15-8458865f-92178374-a9e29b76,43.974,44.141,1171,2262,23,23,1.09,0.58,0,0,2498,3000,1021,0,2819,2160
9c452d99-a2e14f15-8458865f-92178374-a9e29b76,44.155,44.405,1159,2251,23,23,1.09,0.58,0,0,2498,3000,1021,0,2819,2160
9c452d99-a2e14f15-8458865f-92178374-a9e29b76,44.449,44.628,1220,2010,23,23,1.09,0.51,0,0,2498,3000,1021,0,2819,2160
9c452d99-a2e14f15-8458865f-92178374-a9e29b76,44.686,44.809,923,1573,23,23,1.09,0.49,0,0,2498,3000,1021,0,2819,2160
9c452d99-a2e14f15-8458865f-92178374-a9e29b76,45.003,45.198,937,1422,23,23,1.09,0.49,0,0,2498,3000,1021,0,2819,2160
9c452d99-a2e14f15-8458865f-92178374-a9e29b76,45.464,45.643,1415,1344,23,23,1.1,0.42,0,0,2498,3000,1021,0,2819,2160
9c452d99-a2e14f15-8458865f-92178374-a9e29b76,45.657,45.81,1430,1371,23,23,1.1,0.4,0,0,2498,3000,1021,0,2819,2160
9c452d99-a2e14f15-8458865f-92178374-a9e29b76,45.894,46.117,847,1530,23,23,1.08,0.43,0,0,2498,3000,1021,0,2819,2160
9c452d99-a2e14f15-8458865f-92178374-a9e29b76,46.228,46.62,905,1960,23,23,1.08,0.43,0,0,2498,3000,1021,0,2819,2160
9c452d99-a2e14f15-8458865f-92178374-a9e29b76,46.675,46.924,1354,1967,23,23,1.08,0.46,0,0,2498,3000,1021,0,2819,2160
9c452d99-a2e14f15-8458865f-92178374-a9e29b76,47.05,47.314,1219,2159,23,23,1.08,0.46,0,0,2498,3000,1021,0,2819,2160
9c452d99-a2e14f15-8458865f-92178374-a9e29b76,47.355,47.594,1289,2020,23,23,1.07,0.47,0,0,2498,3000,1021,0,2819,2160
9c452d99-a2e14f15-8458865f-92178374-a9e29b76,47.705,47.816,1339,1694,23,23,1.06,0.52,0,0,2498,3000,1021,0,2819,2160
9c452d99-a2e14f15-8458865f-92178374-a9e29b76,47.83,47.955,1313,1689,23,23,1.06,0.53,0,0,2498,3000,1021,0,2819,2160
9c452d99-a2e14f15-8458865f-92178374-a9e29b76,48.163,48.274,724,1091,23,23,1.06,0.46,0,0,2498,3000,1021,0,2819,2160
9c452d99-a2e14f15-8458865f-92178374-a9e29b76,48.288,48.455,759,1074,23,23,1.06,0.46,0,0,2498,3000,1021,0,2819,2160
9c452d99-a2e14f15-8458865f-92178374-a9e29b76,48.567,48.817,1112,1020,23,23,1.06,0.46,0,0,2498,3000,1021,0,2819,2160
9c452d99-a2e14f15-8458865f-92178374-a9e29b76,48.873,49.221,1184,1334,23,23,1.06,0.46,0,0,2498,3000,1021,0,2819,2160
9c452d99-a2e14f15-8458865f-92178374-a9e29b76,49.332,49.569,1057,929,23,23,1.06,0.41,0,0,2498,3000,1021,0,2819,2160
9c452d99-a2e14f15-8458865f-92178374-a9e29b76,49.625,49.778,309,759,23,23,1.04,0.44,0,0,2498,3000,1021,0,2819,2160
9c452d99-a2e14f15-8458865f-92178374-a9e29b76,49.792,49.905,365,798,23,23,1.04,0.47,0,0,2498,3000,1021,0,2819,2160
9c452d99-a2e14f15-8458865f-92178374-a9e29b76,49.918,50.225,372,802,23,23,1.04,0.5,0,0,2498,3000,1021,0,2819,2160
9c452d99-a2e14f15-8458865f-92178374-a9e29b76,50.238,50.571,368,798,23,23,1.04,0.58,0,0,2498,3000,1021,0,2819,2160
9c452d99-a2e14f15-8458865f-92178374-a9e29b76,50.586,50.891,292,740,23,23,1.08,0.57,0,0,2498,3000,1021,0,2819,2160
9c452d99-a2e14f15-8458865f-92178374-a9e29b76,51.127,51.297,2000,667,23,23,1.06,0.51,0,0,2498,3000,1021,0,2819,2160
9c452d99-a2e14f15-8458865f-92178374-a9e29b76,51.45,51.603,2086,614,23,23,1.06,0.45,0,0,2498,3000,1021,0,2819,2160
9c452d99-a2e14f15-8458865f-92178374-a9e29b76,51.616,51.74,2070,640,23,23,1.06,0.42,0,0,2498,3000,1021,0,2819,2160
9c452d99-a2e14f15-8458865f-92178374-a9e29b76,51.796,52.05,1923,811,23,23,1.06,0.42,0,0,2498,3000,1021,0,2819,2160
9c452d99-a2e14f15-8458865f-92178374-a9e29b76,52.13,52.395,1123,1116,23,23,1.04,0.47,0,0,2498,3000,1021,0,2819,2160
9c452d99-a2e14f15-8458865f-92178374-a9e29b76,52.659,52.855,1391,1573,23,23,1.04,0.52,0,0,2498,3000,1021,0,2819,2160
9c452d99-a2e14f15-8458865f-92178374-a9e29b76,52.966,53.09,1664,1188,23,23,1.03,0.56,0,0,2498,3000,1021,0,2819,2160
9c452d99-a2e14f15-8458865f-92178374-a9e29b76,53.119,53.301,1624,1216,23,23,1.03,0.56,0,0,2498,3000,1021,0,2819,2160
9c452d99-a2e14f15-8458865f-92178374-a9e29b76,53.426,53.578,1448,1294,23,23,1.05,0.45,0,0,2498,3000,1021,0,2819,2160
9c452d99-a2e14f15-8458865f-92178374-a9e29b76,53.593,53.773,1476,1323,23,23,1.05,0.43,0,0,2498,3000,1021,0,2819,2160
9c452d99-a2e14f15-8458865f-92178374-a9e29b76,53.87,54.204,1800,1045,23,23,1.05,0.42,0,0,2498,3000,1021,0,2819,2160
9c452d99-a2e14f15-8458865f-92178374-a9e29b76,54.246,54.692,1068,1225,23,23,1.05,0.42,0,0,2498,3000,1021,0,2819,2160
9c452d99-a2e14f15-8458865f-92178374-a9e29b76,54.735,54.873,1362,1355,23,23,1.05,0.42,0,0,2498,3000,1021,0,2819,2160
9c452d99-a2e14f15-8458865f-92178374-a9e29b76,54.998,55.235,1420,1333,23,23,1.05,0.42,0,0,2498,3000,1021,0,2819,2160
9c452d99-a2e14f15-8458865f-92178374-a9e29b76,55.249,55.402,1378,1365,23,23,1.05,0.42,0,0,2498,3000,1021,0,2819,2160
9c452d99-a2e14f15-8458865f-92178374-a9e29b76,55.541,55.722,1135,1466,23,23,1.05,0.42,0,0,2498,3000,1021,0,2819,2160
9c452d99-a2e14f15-8458865f-92178374-a9e29b76,55.736,55.862,1128,1452,23,23,1.05,0.42,0,0,2498,3000,1021,0,2819,2160
9c452d99-a2e14f15-8458865f-92178374-a9e29b76,55.889,56.098,1257,1617,23,23,1.05,0.42,0,0,2498,3000,1021,0,2819,2160
9c452d99-a2e14f15-8458865f-92178374-a9e29b76,56.209,56.418,1241,1855,23,23,1.05,0.42,0,0,2498,3000,1021,0,2819,2160
9c452d99-a2e14f15-8458865f-92178374-a9e29b76,56.432,56.655,1270,1851,23,23,1.05,0.42,0,0,2498,3000,1021,0,2819,2160
9c452d99-a2e14f15-8458865f-92178374-a9e29b76,56.697,57.072,1440,1456,23,23,1.05,0.42,0,0,2498,3000,1021,0,2819,2160
9c452d99-a2e14f15-8458865f-92178374-a9e29b76,57.114,57.602,1513,1307,23,23,1.05,0.42,0,0,2498,3000,1021,0,2819,2160
9c452d99-a2e14f15-8458865f-92178374-a9e29b76,57.629,57.964,1522,1164,23,23,1.05,0.42,0,0,2498,3000,1021,0,2819,2160
9c452d99-a2e14f15-8458865f-92178374-a9e29b76,57.991,58.311,1634,995,23,23,1.05,0.42,0,0,2498,3000,1021,0,2819,2160
9c452d99-a2e14f15-8458865f-92178374-a9e29b76,58.339,58.52,1404,1261,23,23,1.05,0.42,0,0,2498,3000,1021,0,2819,2160
9c452d99-a2e14f15-8458865f-92178374-a9e29b76,58.576,59.133,839,1255,23,23,1.05,0.42,0,0,2498,3000,1021,0,2819,2160
9c452d99-a2e14f15-8458865f-92178374-a9e29b76,59.316,59.452,1434,1158,23,23,1.05,0.45,0,0,2498,3000,1021,0,2819,2160
9c452d99-a2e14f15-8458865f-92178374-a9e29b76,59.467,59.745,1448,1176,23,23,1.05,0.45,0,0,2498,3000,1021,0,2819,2160
9c452d99-a2e14f15-8458865f-92178374-a9e29b76,59.773,60.148,1587,1013,23,23,1.05,0.48,0,0,2498,3000,1021,0,2819,2160
9c452d99-a2e14f15-8458865f-92178374-a9e29b76,60.191,60.469,1566,1167,23,23,1.05,0.48,0,0,2498,3000,1021,0,2819,2160
9c452d99-a2e14f15-8458865f-92178374-a9e29b76,60.525,60.705,1392,1576,23,23,1.05,0.49,0,0,2498,3000,1021,0,2819,2160
9c452d99-a2e14f15-8458865f-92178374-a9e29b76,60.817,60.956,1168,2213,23,23,1.05,0.49,0,0,2498,3000,1021,0,2819,2160
9c452d99-a2e14f15-8458865f-92178374-a9e29b76,60.984,61.109,1191,2214,23,23,1.05,0.49,0,0,2498,3000,1021,0,2819,2160
9c452d99-a2e14f15-8458865f-92178374-a9e29b76,61.276,61.429,829,1704,23,23,1.05,0.49,0,0,2498,3000,1021,0,2819,2160
9c452d99-a2e14f15-8458865f-92178374-a9e29b76,61.443,61.554,829,1692,23,23,1.05,0.49,0,0,2498,3000,1021,0,2819,2160
9c452d99-a2e14f15-8458865f-92178374-a9e29b76,61.568,61.679,870,1659,23,23,1.05,0.49,0,0,2498,3000,1021,0,2819,2160
9c452d99-a2e14f15-8458865f-92178374-a9e29b76,61.694,61.861,887,1719,23,23,1.05,0.49,0,0,2498,3000,1021,0,2819,2160
9c452d99-a2e14f15-8458865f-92178374-a9e29b76,61.986,62.098,784,1551,23,23,1.05,0.49,0,0,2498,3000,1021,0,2819,2160
9c452d99-a2e14f15-8458865f-92178374-a9e29b76,62.126,62.322,799,1578,23,23,1.05,0.49,0,0,2498,3000,1021,0,2819,2160
9c452d99-a2e14f15-8458865f-92178374-a9e29b76,62.39,62.517,1369,1928,23,23,1.05,0.49,0,0,2498,3000,1021,0,2819,2160
9c452d99-a2e14f15-8458865f-92178374-a9e29b76,62.53,62.655,1394,1924,23,23,1.05,0.49,0,0,2498,3000,1021,0,2819,2160
9c452d99-a2e14f15-8458865f-92178374-a9e29b76,62.794,63.127,1710,2111,23,23,1.05,0.49,0,0,2498,3000,1021,0,2819,2160
9c452d99-a2e14f15-8458865f-92178374-a9e29b76,63.225,63.364,1520,1805,23,23,1.05,0.49,0,0,2498,3000,1021,0,2819,2160
9c452d99-a2e14f15-8458865f-92178374-a9e29b76,63.378,63.684,1526,1760,23,23,1.05,0.49,0,0,2498,3000,1021,0,2819,2160
9c452d99-a2e14f15-8458865f-92178374-a9e29b76,63.725,63.864,1296,2208,23,23,1.05,0.49,0,0,2498,3000,1021,0,2819,2160
9c452d99-a2e14f15-8458865f-92178374-a9e29b76,63.963,64.131,1094,2848,23,23,1.05,0.49,0,0,2498,3000,1021,0,2819,2160
9c452d99-a2e14f15-8458865f-92178374-a9e29b76,64.271,64.589,930,2410,23,23,1.05,0.49,0,0,2498,3000,1021,0,2819,2160
9c452d99-a2e14f15-8458865f-92178374-a9e29b76,64.603,64.826,916,2426,23,23,1.05,0.49,0,0,2498,3000,1021,0,2819,2160
9c452d99-a2e14f15-8458865f-92178374-a9e29b76,64.84,65.159,676,2255,23,23,1.05,0.49,0,0,2498,3000,1021,0,2819,2160
9c452d99-a2e14f15-8458865f-92178374-a9e29b76,65.285,65.564,1232,1901,23,23,1.05,0.49,0,0,2498,3000,1021,0,2819,2160
9c452d99-a2e14f15-8458865f-92178374-a9e29b76,65.577,65.745,1256,1954,23,23,1.05,0.49,0,0,2498,3000,1021,0,2819,2160
9c452d99-a2e14f15-8458865f-92178374-a9e29b76,65.912,66.037,1226,1992,23,23,1.05,0.49,0,0,2498,3000,1021,0,2819,2160
9c452d99-a2e14f15-8458865f-92178374-a9e29b76,66.064,66.344,1002,2064,23,23,1.05,0.49,0,0,2498,3000,1021,0,2819,2160
9c452d99-a2e14f15-8458865f-92178374-a9e29b76,66.623,66.733,1026,2265,23,23,1.07,0.57,0,0,2498,3000,1021,0,2819,2160
9c452d99-a2e14f15-8458865f-92178374-a9e29b76,66.746,66.885,1013,2267,23,23,1.07,0.55,0,0,2498,3000,1021,0,2819,2160
9c452d99-a2e14f15-8458865f-92178374-a9e29b76,66.913,67.275,1157,2390,23,23,1.07,0.55,0,0,2498,3000,1021,0,2819,2160
9c452d99-a2e14f15-8458865f-92178374-a9e29b76,67.303,67.442,1250,2409,23,23,1.07,0.54,0,0,2498,3000,1021,0,2819,2160
9c452d99-a2e14f15-8458865f-92178374-a9e29b76,67.458,67.598,1258,2384,23,23,1.07,0.53,0,0,2498,3000,1021,0,2819,2160
9c452d99-a2e14f15-8458865f-92178374-a9e29b76,67.655,68.041,1292,1920,23,23,1.07,0.46,0,0,2498,3000,1021,0,2819,2160
9c452d99-a2e14f15-8458865f-92178374-a9e29b76,68.055,68.362,1239,1946,23,23,1.07,0.43,0,0,2498,3000,1021,0,2819,2160
9c452d99-a2e14f15-8458865f-92178374-a9e29b76,68.459,68.697,1205,2593,23,23,1.07,0.42,0,0,2498,3000,1021,0,2819,2160
9c452d99-a2e14f15-8458865f-92178374-a9e29b76,68.729,68.876,1216,2589,23,23,1.05,0.39,0,0,2498,3000,1021,0,2819,2160
9c452d99-a2e14f15-8458865f-92178374-a9e29b76,68.904,69.029,1578,2076,23,23,1.05,0.39,0,0,2498,3000,1021,0,2819,2160
9c452d99-a2e14f15-8458865f-92178374-a9e29b76,69.407,69.544,1227,1961,23,23,1.03,0.4,0,0,2498,3000,1021,0,2819,2160
9c452d99-a2e14f15-8458865f-92178374-a9e29b76,69.559,69.712,1199,1961,23,23,1.03,0.4,0,0,2498,3000,1021,0,2819,2160
9c452d99-a2e14f15-8458865f-92178374-a9e29b76,70.018,70.157,885,2472,23,23,1.03,0.4,0,0,2498,3000,1021,0,2819,2160
9c452d99-a2e14f15-8458865f-92178374-a9e29b76,70.337,70.463,1129,2529,23,23,1.03,0.4,0,0,2498,3000,1021,0,2819,2160
9c452d99-a2e14f15-8458865f-92178374-a9e29b76,70.478,70.825,1164,2524,23,23,1.03,0.4,0,0,2498,3000,1021,0,2819,2160
9c452d99-a2e14f15-8458865f-92178374-a9e29b76,70.978,71.103,1282,1845,23,23,1.03,0.4,0,0,2498,3000,1021,0,2819,2160
9c452d99-a2e14f15-8458865f-92178374-a9e29b76,71.187,71.368,1245,1916,23,23,1.03,0.43,0,0,2498,3000,1021,0,2819,2160
9c452d99-a2e14f15-8458865f-92178374-a9e29b76,71.381,71.507,1219,1904,23,23,1.03,0.43,0,0,2498,3000,1021,0,2819,2160
9c452d99-a2e14f15-8458865f-92178374-a9e29b76,71.535,71.646,1241,1859,23,23,1.03,0.44,0,0,2498,3000,1021,0,2819,2160
9c452d99-a2e14f15-8458865f-92178374-a9e29b76,71.659,71.938,1216,1889,23,23,1.03,0.44,0,0,2498,3000,1021,0,2819,2160
9c452d99-a2e14f15-8458865f-92178374-a9e29b76,71.952,72.189,1256,1874,23,23,1.03,0.44,0,0,2498,3000,1021,0,2819,2160
9c452d99-a2e14f15-8458865f-92178374-a9e29b76,72.203,72.314,1225,1880,23,23,1.03,0.48,0,0,2498,3000,1021,0,2819,2160
9c452d99-a2e14f15-8458865f-92178374-a9e29b76,72.343,72.746,1401,2069,23,23,1.04,0.48,0,0,2498,3000,1021,0,2819,2160
9c452d99-a2e14f15-8458865f-92178374-a9e29b76,72.885,73.038,1452,1499,23,23,1.06,0.42,0,0,2498,3000,1021,0,2819,2160
9c452d99-a2e14f15-8458865f-92178374-a9e29b76,73.177,73.289,1315,1578,23,23,1.06,0.42,0,0,2498,3000,1021,0,2819,2160
9c452d99-a2e14f15-8458865f-92178374-a9e29b76,73.303,73.636,1310,1576,23,23,1.06,0.42,0,0,2498,3000,1021,0,2819,2160
9c452d99-a2e14f15-8458865f-92178374-a9e29b76,73.652,73.803,1308,1630,23,23,1.06,0.42,0,0,2498,3000,1021,0,2819,2160
9c452d99-a2e14f15-8458865f-92178374-a9e29b76,73.832,74.068,1576,1375,23,23,1.06,0.42,0,0,2498,3000,1021,0,2819,2160
9c452d99-a2e14f15-8458865f-92178374-a9e29b76,74.222,74.444,1492,999,23,23,1.06,0.42,0,0,2498,3000,1021,0,2819,2160
9c452d99-a2e14f15-8458865f-92178374-a9e29b76,74.473,74.766,1626,1264,23,23,1.06,0.42,0,0,2498,3000,1021,0,2819,2160
9c452d99-a2e14f15-8458865f-92178374-a9e29b76,74.821,74.987,1617,1191,23,23,1.06,0.42,0,0,2498,3000,1021,0,2819,2160
9c452d99-a2e14f15-8458865f-92178374-a9e29b76,75.016,75.169,1618,1135,23,23,1.06,0.42,0,0,2498,3000,1021,0,2819,2160
9c452d99-a2e14f15-8458865f-92178374-a9e29b76,75.21,75.391,1590,1077,23,23,1.06,0.42,0,0,2498,3000,1021,0,2819,2160
9c452d99-a2e14f15-8458865f-92178374-a9e29b76,75.418,75.725,1566,1294,23,23,1.06,0.42,0,0,2498,3000,1021,0,2819,2160
9c452d99-a2e14f15-8458865f-92178374-a9e29b76,75.739,75.867,1546,1327,23,23,1.06,0.42,0,0,2498,3000,1021,0,2819,2160
9c452d99-a2e14f15-8458865f-92178374-a9e29b76,75.962,76.142,1624,1525,23,23,1.06,0.42,0,0,2498,3000,1021,0,2819,2160
9c452d99-a2e14f15-8458865f-92178374-a9e29b76,76.212,76.464,1754,2137,23,23,1.06,0.42,0,0,2498,3000,1021,0,2819,2160
9c452d99-a2e14f15-8458865f-92178374-a9e29b76,76.574,76.713,1930,2016,23,23,1.06,0.42,0,0,2498,3000,1021,0,2819,2160
9c452d99-a2e14f15-8458865f-92178374-a9e29b76,76.81,76.977,1474,2222,23,23,1.06,0.42,0,0,2498,3000,1021,0,2819,2160
9c452d99-a2e14f15-8458865f-92178374-a9e29b76,77.118,77.367,1412,2188,23,23,1.06,0.52,0,0,2498,3000,1021,0,2819,2160
9c452d99-a2e14f15-8458865f-92178374-a9e29b76,77.409,77.785,1982,1975,23,23,1.06,0.53,0,0,2498,3000,1021,0,2819,2160
9c452d99-a2e14f15-8458865f-92178374-a9e29b76,77.841,78.021,1909,2000,23,23,1.06,0.48,0,0,2498,3000,1021,0,2819,2160
9c452d99-a2e14f15-8458865f-92178374-a9e29b76,78.119,78.258,1892,1983,23,23,1.06,0.45,0,0,2498,3000,1021,0,2819,2160
9c452d99-a2e14f15-8458865f-92178374-a9e29b76,78.273,78.592,1930,1978,23,23,1.06,0.45,0,0,2498,3000,1021,0,2819,2160
9c452d99-a2e14f15-8458865f-92178374-a9e29b76,78.732,78.843,2067,1988,23,23,1.06,0.45,0,0,2498,3000,1021,0,2819,2160
9c452d99-a2e14f15-8458865f-92178374-a9e29b76,79.01,79.163,1844,1901,23,23,1.06,0.45,0,0,2498,3000,1021,0,2819,2160
9c452d99-a2e14f15-8458865f-92178374-a9e29b76,79.177,79.316,1831,1881,23,23,1.06,0.45,0,0,2498,3000,1021,0,2819,2160
9c452d99-a2e14f15-8458865f-92178374-a9e29b76,79.358,79.469,1502,1763,23,23,1.06,0.45,0,0,2498,3000,1021,0,2819,2160
9c452d99-a2e14f15-8458865f-92178374-a9e29b76,79.484,79.678,1454,1761,23,23,1.06,0.45,0,0,2498,3000,1021,0,2819,2160
9c452d99-a2e14f15-8458865f-92178374-a9e29b76,79.706,79.915,979,1623,23,23,1.06,0.45,0,0,2498,3000,1021,0,2819,2160
9c452d99-a2e14f15-8458865f-92178374-a9e29b76,79.999,80.123,1943,2031,23,23,1.06,0.45,0,0,2498,3000,1021,0,2819,2160
9c452d99-a2e14f15-8458865f-92178374-a9e29b76,80.14,80.262,1956,1985,23,23,1.08,0.52,0,0,2498,3000,1021,0,2819,2160
9c452d99-a2e14f15-8458865f-92178374-a9e29b76,80.318,80.42,2081,2149,23,23,1.11,0.58,0,0,2498,3000,1021,0,2819,2160
9c452d99-a2e14f15-8458865f-92178374-a9e29b76,80.434,80.541,2061,2152,23,23,1.14,0.52,0,0,2498,3000,1021,0,2819,2160
9c452d99-a2e14f15-8458865f-92178374-a9e29b76,80.555,80.709,2006,1923,23,23,1.14,0.5,0,0,2498,3000,1021,0,2819,2160
9c452d99-a2e14f15-8458865f-92178374-a9e29b76,81.098,81.223,1444,2259,23,23,1.11,0.44,0,0,2498,3000,1021,0,2819,2160
9c452d99-a2e14f15-8458865f-92178374-a9e29b76,81.376,81.529,1018,1988,23,23,1.1,0.44,0,0,2498,3000,1021,0,2819,2160
9c452d99-a2e14f15-8458865f-92178374-a9e29b76,81.696,81.808,347,2492,23,23,1.1,0.44,0,0,2498,3000,1021,0,2819,2160
9c452d99-a2e14f15-8458865f-92178374-a9e29b76,81.919,82.058,448,2480,23,23,1.1,0.44,0,0,2498,3000,1021,0,2819,2160
9c452d99-a2e14f15-8458865f-92178374-a9e29b76,82.072,82.183,583,2623,23,23,1.1,0.44,0,0,2498,3000,1021,0,2819,2160
9c452d99-a2e14f15-8458865f-92178374-a9e29b76,82.21,82.363,615,2613,23,23,1.08,0.44,0,0,2498,3000,1021,0,2819,2160
9c452d99-a2e14f15-8458865f-92178374-a9e29b76,82.391,82.53,450,2778,23,23,1.08,0.44,0,0,2498,3000,1021,0,2819,2160
9c452d99-a2e14f15-8458865f-92178374-a9e29b76,82.572,82.78,1167,2776,23,23,1.08,0.44,0,0,2498,3000,1021,0,2819,2160
9c452d99-a2e14f15-8458865f-92178374-a9e29b76,82.794,82.906,1179,2740,23,23,1.08,0.44,0,0,2498,3000,1021,0,2819,2160
9c452d99-a2e14f15-8458865f-92178374-a9e29b76,82.919,83.059,1235,2674,23,23,1.08,0.44,0,0,2498,3000,1021,0,2819,2160
9c452d99-a2e14f15-8458865f-92178374-a9e29b76,83.073,83.449,1213,2683,23,23,1.08,0.44,0,0,2498,3000,1021,0,2819,2160
9c452d99-a2e14f15-8458865f-92178374-a9e29b76,83.476,83.7,1130,2701,23,23,1.08,0.44,0,0,2498,3000,1021,0,2819,2160
9c452d99-a2e14f15-8458865f-92178374-a9e29b76,83.741,84.061,965,2747,23,23,1.08,0.44,0,0,2498,3000,1021,0,2819,2160
9c452d99-a2e14f15-8458865f-92178374-a9e29b76,84.075,84.228,971,2988,23,23,1.08,0.44,0,0,2498,3000,1021,0,2819,2160
9c452d99-a2e14f15-8458865f-92178374-a9e29b76,84.621,84.744,1144,2845,23,23,1.08,0.44,0,0,2498,3000,1021,0,2819,2160
9c452d99-a2e14f15-8458865f-92178374-a9e29b76,84.883,84.994,1126,2904,23,23,1.06,0.45,0,0,2498,3000,1021,0,2819,2160
9c452d99-a2e14f15-8458865f-92178374-a9e29b76,85.008,85.356,1132,2845,23,23,1.05,0.45,0,0,2498,3000,1021,0,2819,2160
9c452d99-a2e14f15-8458865f-92178374-a9e29b76,85.37,85.787,1134,2810,23,23,1.01,0.53,0,0,2498,3000,1021,0,2819,2160
9c452d99-a2e14f15-8458865f-92178374-a9e29b76,85.801,85.941,1122,2789,23,23,1.0,0.51,0,0,2498,3000,1021,0,2819,2160
9c452d99-a2e14f15-8458865f-92178374-a9e29b76,85.954,86.206,1117,2800,23,23,1.0,0.51,0,0,2498,3000,1021,0,2819,2160
9c452d99-a2e14f15-8458865f-92178374-a9e29b76,86.25,86.707,1135,2550,23,23,1.0,0.48,0,0,2498,3000,1021,0,2819,2160
9c452d99-a2e14f15-8458865f-92178374-a9e29b76,86.736,86.96,1122,2246,23,23,0.98,0.42,0,0,2498,3000,1021,0,2819,2160
9c452d99-a2e14f15-8458865f-92178374-a9e29b76,87.0,87.321,1166,1621,23,23,0.97,0.38,0,0,2498,3000,1021,0,2819,2160
9c452d99-a2e14f15-8458865f-92178374-a9e29b76,87.403,87.528,1167,1271,23,23,0.96,0.33,0,0,2498,3000,1021,0,2819,2160
9c452d99-a2e14f15-8458865f-92178374-a9e29b76,87.542,87.737,1166,1296,23,23,0.96,0.31,0,0,2498,3000,1021,0,2819,2160
9c452d99-a2e14f15-8458865f-92178374-a9e29b76,87.931,88.058,1802,390,23,23,0.96,0.28,0,0,2498,3000,1021,0,2819,2160
9c452d99-a2e14f15-8458865f-92178374-a9e29b76,88.17,88.293,2129,586,23,23,0.96,0.33,0,0,2498,3000,1021,0,2819,2160
9c452d99-a2e14f15-8458865f-92178374-a9e29b76,88.307,88.462,2090,614,23,23,0.96,0.35,0,0,2498,3000,1021,0,2819,2160
9c452d99-a2e14f15-8458865f-92178374-a9e29b76,88.977,89.24,1657,901,23,23,0.96,0.42,0,0,2498,3000,1021,0,2819,2160
9c452d99-a2e14f15-8458865f-92178374-a9e29b76,89.799,90.105,1430,849,23,23,0.96,0.42,0,0,2498,3000,1021,0,2819,2160
9c452d99-a2e14f15-8458865f-92178374-a9e29b76,90.23,91.119,1731,917,23,23,0.95,0.37,0,0,2498,3000,1021,0,2819,2160
9c452d99-a2e14f15-8458865f-92178374-a9e29b76,91.218,91.524,1613,898,23,23,0.94,0.41,0,0,2498,3000,1021,0,2819,2160
9c452d99-a2e14f15-8458865f-92178374-a9e29b76,91.565,91.787,1155,790,23,23,0.94,0.46,0,0,2498,3000,1021,0,2819,2160
9c452d99-a2e14f15-8458865f-92178374-a9e29b76,91.829,92.067,525,720,23,23,0.94,0.47,0,0,2498,3000,1021,0,2819,2160
9c452d99-a2e14f15-8458865f-92178374-a9e29b76,92.079,92.65,552,746,23,23,0.94,0.51,0,0,2498,3000,1021,0,2819,2160
9c452d99-a2e14f15-8458865f-92178374-a9e29b76,92.666,92.819,566,711,23,23,0.93,0.48,0,0,2498,3000,1021,0,2819,2160
9c452d99-a2e14f15-8458865f-92178374-a9e29b76,92.873,92.984,1293,774,23,23,0.93,0.46,0,0,2498,3000,1021,0,2819,2160
9c452d99-a2e14f15-8458865f-92178374-a9e29b76,93.001,93.221,1309,788,23,23,0.93,0.45,0,0,2498,3000,1021,0,2819,2160
9c452d99-a2e14f15-8458865f-92178374-a9e29b76,93.249,93.571,1434,747,23,23,0.93,0.44,0,0,2498,3000,1021,0,2819,2160
9c452d99-a2e14f15-8458865f-92178374-a9e29b76,93.585,93.778,1497,841,23,23,0.93,0.41,0,0,2498,3000,1021,0,2819,2160
9c452d99-a2e14f15-8458865f-92178374-a9e29b76,93.834,93.987,1562,910,23,23,0.95,0.4,0,0,2498,3000,1021,0,2819,2160
9c452d99-a2e14f15-8458865f-92178374-a9e29b76,94.015,94.182,1610,930,23,23,0.95,0.4,0,0,2498,3000,1021,0,2819,2160
9c452d99-a2e14f15-8458865f-92178374-a9e29b76,94.196,94.362,1589,921,23,23,0.95,0.4,0,0,2498,3000,1021,0,2819,2160
9c452d99-a2e14f15-8458865f-92178374-a9e29b76,94.377,94.641,1578,912,23,23,0.95,0.4,0,0,2498,3000,1021,0,2819,2160
9c452d99-a2e14f15-8458865f-92178374-a9e29b76,94.655,95.044,1867,869,23,23,0.95,0.4,0,0,2498,3000,1021,0,2819,2160
9c452d99-a2e14f15-8458865f-92178374-a9e29b76,95.086,95.281,1743,946,23,23,0.95,0.4,0,0,2498,3000,1021,0,2819,2160
9c452d99-a2e14f15-8458865f-92178374-a9e29b76,95.336,95.852,829,801,23,23,0.95,0.4,0,0,2498,3000,1021,0,2819,2160
9c452d99-a2e14f15-8458865f-92178374-a9e29b76,95.879,96.269,652,740,23,23,0.95,0.4,0,0,2498,3000,1021,0,2819,2160
9c452d99-a2e14f15-8458865f-92178374-a9e29b76,96.325,96.812,1520,787,23,23,0.95,0.4,0,0,2498,3000,1021,0,2819,2160
9c452d99-a2e14f15-8458865f-92178374-a9e29b76,96.826,97.118,1608,749,23,23,0.95,0.4,0,0,2498,3000,1021,0,2819,2160
9c452d99-a2e14f15-8458865f-92178374-a9e29b76,97.132,97.397,1615,752,23,23,0.95,0.4,0,0,2498,3000,1021,0,2819,2160
9c452d99-a2e14f15-8458865f-92178374-a9e29b76,97.411,97.619,1740,840,23,23,0.95,0.41,0,0,2498,3000,1021,0,2819,2160
9c452d99-a2e14f15-8458865f-92178374-a9e29b76,97.718,97.939,860,739,23,23,0.94,0.46,0,0,2498,3000,1021,0,2819,2160
9c452d99-a2e14f15-8458865f-92178374-a9e29b76,97.969,98.399,563,752,23,23,0.93,0.48,0,0,2498,3000,1021,0,2819,2160
9c452d99-a2e14f15-8458865f-92178374-a9e29b76,98.413,98.719,669,743,23,23,0.92,0.49,0,0,2498,3000,1021,0,2819,2160
9c452d99-a2e14f15-8458865f-92178374-a9e29b76,98.97,99.082,1577,893,23,23,0.9,0.47,0,0,2498,3000,1021,0,2819,2160
9c452d99-a2e14f15-8458865f-92178374-a9e29b76,99.095,99.721,1602,901,23,23,0.89,0.46,0,0,2498,3000,1021,0,2819,2160
9c452d99-a2e14f15-8458865f-92178374-a9e29b76,99.735,100.292,1607,977,23,23,0.89,0.35,0,0,2498,3000,1021,0,2819,2160
9c452d99-a2e14f15-8458865f-92178374-a9e29b76,100.321,100.445,1833,988,23,23,0.89,0.37,0,0,2498,3000,1021,0,2819,2160
9c452d99-a2e14f15-8458865f-92178374-a9e29b76,100.501,100.612,1954,972,23,23,0.89,0.37,0,0,2498,3000,1021,0,2819,2160
9c452d99-a2e14f15-8458865f-92178374-a9e29b76,100.626,100.766,1951,1002,23,23,0.89,0.37,0,0,2498,3000,1021,0,2819,2160
9c452d99-a2e14f15-8458865f-92178374-a9e29b76,100.793,100.962,1890,992,23,23,0.89,0.37,0,0,2498,3000,1021,0,2819,2160
9c452d99-a2e14f15-8458865f-92178374-a9e29b76,100.975,101.225,1939,932,23,23,0.89,0.32,0,0,2498,3000,1021,0,2819,2160
9c452d99-a2e14f15-8458865f-92178374-a9e29b76,101.337,101.476,1484,987,23,23,0.89,0.32,0,0,2498,3000,1021,0,2819,2160
9c452d99-a2e14f15-8458865f-92178374-a9e29b76,101.489,101.754,1472,984,23,23,0.89,0.32,0,0,2498,3000,1021,0,2819,2160
9c452d99-a2e14f15-8458865f-92178374-a9e29b76,101.823,101.949,431,1014,23,23,0.89,0.32,0,0,2498,3000,1021,0,2819,2160
9c452d99-a2e14f15-8458865f-92178374-a9e29b76,101.976,102.102,416,997,23,23,0.89,0.32,0,0,2498,3000,1021,0,2819,2160
9c452d99-a2e14f15-8458865f-92178374-a9e29b76,102.134,102.436,451,981,23,23,0.88,0.35,0,0,2498,3000,1021,0,2819,2160
9c452d99-a2e14f15-8458865f-92178374-a9e29b76,102.45,102.561,476,997,23,23,0.88,0.36,0,0,2498,3000,1021,0,2819,2160
9c452d99-a2e14f15-8458865f-92178374-a9e29b76,102.589,102.911,482,915,23,23,0.88,0.37,0,0,2498,3000,1021,0,2819,2160
9c452d99-a2e14f15-8458865f-92178374-a9e29b76,102.925,103.118,512,918,23,23,0.87,0.49,0,0,2498,3000,1021,0,2819,2160
9c452d99-a2e14f15-8458865f-92178374-a9e29b76,103.146,103.258,536,694,23,23,0.87,0.5,0,0,2498,3000,1021,0,2819,2160
9c452d99-a2e14f15-8458865f-92178374-a9e29b76,103.271,103.411,576,704,23,23,0.87,0.49,0,0,2498,3000,1021,0,2819,2160
9c452d99-a2e14f15-8458865f-92178374-a9e29b76,103.424,103.79,592,715,23,23,0.87,0.44,0,0,2498,3000,1021,0,2819,2160
9c452d99-a2e14f15-8458865f-92178374-a9e29b76,103.818,104.064,571,754,23,23,0.87,0.39,0,0,2498,3000,1021,0,2819,2160
9c452d99-a2e14f15-8458865f-92178374-a9e29b76,104.08,104.231,551,721,23,23,0.87,0.31,0,0,2498,3000,1021,0,2819,2160
9c452d99-a2e14f15-8458865f-92178374-a9e29b76,104.426,104.732,436,931,23,23,0.87,0.33,0,0,2498,3000,1021,0,2819,2160
9c452d99-a2e14f15-8458865f-92178374-a9e29b76,104.76,104.955,628,822,23,23,0.88,0.24,0,0,2498,3000,1021,0,2819,2160
9c452d99-a2e14f15-8458865f-92178374-a9e29b76,104.997,105.108,786,789,23,23,0.87,0.28,0,0,2498,3000,1021,0,2819,2160
9c452d99-a2e14f15-8458865f-92178374-a9e29b76,105.122,105.345,800,760,23,23,0.87,0.28,0,0,2498,3000,1021,0,2819,2160
9c452d99-a2e14f15-8458865f-92178374-a9e29b76,105.359,106.017,806,774,23,23,0.87,0.31,0,0,2498,3000,1021,0,2819,2160
9c452d99-a2e14f15-8458865f-92178374-a9e29b76,106.057,106.167,851,852,23,23,0.84,0.44,0,0,2498,3000,1021,0,2819,2160
9c452d99-a2e14f15-8458865f-92178374-a9e29b76,106.181,106.375,663,848,23,23,0.84,0.47,0,0,2498,3000,1021,0,2819,2160
9c452d99-a2e14f15-8458865f-92178374-a9e29b76,106.389,106.64,697,873,23,23,0.84,0.49,0,0,2498,3000,1021,0,2819,2160
9c452d99-a2e14f15-8458865f-92178374-a9e29b76,106.753,107.003,1747,818,23,23,0.84,0.45,0,0,2498,3000,1021,0,2819,2160
9c452d99-a2e14f15-8458865f-92178374-a9e29b76,107.059,107.183,1617,853,23,23,0.84,0.45,0,0,2498,3000,1021,0,2819,2160
9c452d99-a2e14f15-8458865f-92178374-a9e29b76,107.197,107.42,1592,876,23,23,0.84,0.45,0,0,2498,3000,1021,0,2819,2160
9c452d99-a2e14f15-8458865f-92178374-a9e29b76,107.435,107.671,1514,955,23,23,0.84,0.45,0,0,2498,3000,1021,0,2819,2160
9c452d99-a2e14f15-8458865f-92178374-a9e29b76,107.685,107.837,1513,973,23,23,0.84,0.45,0,0,2498,3000,1021,0,2819,2160
9c452d99-a2e14f15-8458865f-92178374-a9e29b76,107.851,108.171,1513,963,23,23,0.84,0.45,0,0,2498,3000,1021,0,2819,2160
9c452d99-a2e14f15-8458865f-92178374-a9e29b76,108.185,108.338,1524,972,23,23,0.84,0.45,0,0,2498,3000,1021,0,2819,2160
9c452d99-a2e14f15-8458865f-92178374-a9e29b76,108.353,108.519,1529,947,23,23,0.84,0.45,0,0,2498,3000,1021,0,2819,2160
9c452d99-a2e14f15-8458865f-92178374-a9e29b76,108.574,108.755,1719,976,23,23,0.84,0.45,0,0,2498,3000,1021,0,2819,2160
9c452d99-a2e14f15-8458865f-92178374-a9e29b76,108.77,108.882,1720,968,23,23,0.84,0.45,0,0,2498,3000,1021,0,2819,2160
9c452d99-a2e14f15-8458865f-92178374-a9e29b76,108.895,109.215,1776,941,23,23,0.84,0.45,0,0,2498,3000,1021,0,2819,2160
9c452d99-a2e14f15-8458865f-92178374-a9e29b76,109.228,109.34,1751,920,23,23,0.84,0.45,0,0,2498,3000,1021,0,2819,2160
9c452d99-a2e14f15-8458865f-92178374-a9e29b76,109.48,109.855,1707,939,23,23,0.84,0.45,0,0,2498,3000,1021,0,2819,2160
9c452d99-a2e14f15-8458865f-92178374-a9e29b76,109.869,110.134,1728,963,23,23,0.84,0.45,0,0,2498,3000,1021,0,2819,2160
9c452d99-a2e14f15-8458865f-92178374-a9e29b76,110.175,110.523,1794,882,23,23,0.84,0.45,0,0,2498,3000,1021,0,2819,2160
9c452d99-a2e14f15-8458865f-92178374-a9e29b76,110.551,110.871,1805,905,23,23,0.84,0.45,0,0,2498,3000,1021,0,2819,2160
9c452d99-a2e14f15-8458865f-92178374-a9e29b76,111.637,111.79,1793,1010,23,23,0.84,0.45,0,0,2498,3000,1021,0,2819,2160
9c452d99-a2e14f15-8458865f-92178374-a9e29b76,111.804,111.943,1760,1046,23,23,0.84,0.45,0,0,2498,3000,1021,0,2819,2160
9c452d99-a2e14f15-8458865f-92178374-a9e29b76,111.971,112.096,1625,938,23,23,0.84,0.45,0,0,2498,3000,1021,0,2819,2160
9c452d99-a2e14f15-8458865f-92178374-a9e29b76,112.11,112.263,1622,914,23,23,0.84,0.45,0,0,2498,3000,1021,0,2819,2160
9c452d99-a2e14f15-8458865f-92178374-a9e29b76,112.277,112.402,1617,953,23,23,0.84,0.45,0,0,2498,3000,1021,0,2819,2160
9c452d99-a2e14f15-8458865f-92178374-a9e29b76,112.416,112.585,1455,993,23,23,0.84,0.45,0,0,2498,3000,1021,0,2819,2160
9c452d99-a2e14f15-8458865f-92178374-a9e29b76,112.6,113.126,1472,994,23,23,0.82,0.48,0,0,2498,3000,1021,0,2819,2160
9c452d99-a2e14f15-8458865f-92178374-a9e29b76,113.251,113.39,1824,915,23,23,0.85,0.55,0,0,2498,3000,1021,0,2819,2160
9c452d99-a2e14f15-8458865f-92178374-a9e29b76,113.406,113.684,1830,881,23,23,0.85,0.52,0,0,2498,3000,1021,0,2819,2160
9c452d99-a2e14f15-8458865f-92178374-a9e29b76,113.794,113.947,1732,940,23,23,0.87,0.5,0,0,2498,3000,1021,0,2819,2160
9c452d99-a2e14f15-8458865f-92178374-a9e29b76,114.046,114.311,1491,880,23,23,0.87,0.49,0,0,2498,3000,1021,0,2819,2160
9c452d99-a2e14f15-8458865f-92178374-a9e29b76,114.478,114.769,459,802,23,23,0.88,0.46,0,0,2498,3000,1021,0,2819,2160
9c452d99-a2e14f15-8458865f-92178374-a9e29b76,114.796,114.95,417,1027,23,23,0.88,0.46,0,0,2498,3000,1021,0,2819,2160
9c452d99-a2e14f15-8458865f-92178374-a9e29b76,114.964,115.145,452,1023,23,23,0.88,0.46,0,0,2498,3000,1021,0,2819,2160
9c452d99-a2e14f15-8458865f-92178374-a9e29b76,115.172,115.311,597,1502,23,23,0.88,0.46,0,0,2498,3000,1021,0,2819,2160
9c452d99-a2e14f15-8458865f-92178374-a9e29b76,115.339,115.676,805,1217,23,23,0.88,0.46,0,0,2498,3000,1021,0,2819,2160
9c452d99-a2e14f15-8458865f-92178374-a9e29b76,115.827,115.938,962,1072,23,23,0.88,0.54,0,0,2498,3000,1021,0,2819,2160
9c452d99-a2e14f15-8458865f-92178374-a9e29b76,116.091,116.286,1605,982,23,23,0.88,0.54,0,0,2498,3000,1021,0,2819,2160
9c452d99-a2e14f15-8458865f-92178374-a9e29b76,116.3,116.536,1649,957,23,23,0.9,0.53,0,0,2498,3000,1021,0,2819,2160
9c452d99-a2e14f15-8458865f-92178374-a9e29b76,116.551,116.704,1656,914,23,23,0.89,0.46,0,0,2498,3000,1021,0,2819,2160
9c452d99-a2e14f15-8458865f-92178374-a9e29b76,116.734,117.038,1503,1002,23,23,0.89,0.45,0,0,2498,3000,1021,0,2819,2160
9c452d99-a2e14f15-8458865f-92178374-a9e29b76,117.065,117.177,1529,1056,23,23,0.89,0.4,0,0,2498,3000,1021,0,2819,2160
9c452d99-a2e14f15-8458865f-92178374-a9e29b76,117.247,117.469,1567,1062,23,23,0.88,0.37,0,0,2498,3000,1021,0,2819,2160
9c452d99-a2e14f15-8458865f-92178374-a9e29b76,117.483,117.859,1582,1071,23,23,0.88,0.35,0,0,2498,3000,1021,0,2819,2160
9c452d99-a2e14f15-8458865f-92178374-a9e29b76,117.957,118.249,1554,1054,23,23,0.86,0.4,0,0,2498,3000,1021,0,2819,2160
9c452d99-a2e14f15-8458865f-92178374-a9e29b76,118.416,118.527,1612,1214,23,23,0.85,0.44,0,0,2498,3000,1021,0,2819,2160
9c452d99-a2e14f15-8458865f-92178374-a9e29b76,118.541,118.736,1552,1203,23,23,0.85,0.44,0,0,2498,3000,1021,0,2819,2160
9c452d99-a2e14f15-8458865f-92178374-a9e29b76,118.75,119.07,1586,1171,23,23,0.85,0.44,0,0,2498,3000,1021,0,2819,2160
9c452d99-a2e14f15-8458865f-92178374-a9e29b76,119.139,119.488,1786,904,23,23,0.85,0.46,0,0,2498,3000,1021,0,2819,2160
9c452d99-a2e14f15-8458865f-92178374-a9e29b76,119.503,120.227,1726,911,23,23,0.84,0.53,0,0,2498,3000,1021,0,2819,2160
9c452d99-a2e14f15-8458865f-92178374-a9e29b76,120.532,120.88,1597,1032,23,23,0.83,0.44,0,0,2498,3000,1021,0,2819,2160
9c452d99-a2e14f15-8458865f-92178374-a9e29b76,120.893,121.033,1617,980,23,23,0.82,0.49,0,0,2498,3000,1021,0,2819,2160
9c452d99-a2e14f15-8458865f-92178374-a9e29b76,121.047,121.2,1635,989,23,23,0.82,0.5,0,0,2498,3000,1021,0,2819,2160
9c452d99-a2e14f15-8458865f-92178374-a9e29b76,121.213,121.325,1486,964,23,23,0.82,0.5,0,0,2498,3000,1021,0,2819,2160
9c452d99-a2e14f15-8458865f-92178374-a9e29b76,121.339,121.52,1492,955,23,23,0.82,0.51,0,0,2498,3000,1021,0,2819,2160
9c452d99-a2e14f15-8458865f-92178374-a9e29b76,121.534,121.854,1497,959,23,23,0.82,0.57,0,0,2498,3000,1021,0,2819,2160
9c452d99-a2e14f15-8458865f-92178374-a9e29b76,121.884,122.232,1431,962,23,23,0.84,0.48,0,0,2498,3000,1021,0,2819,2160
9c452d99-a2e14f15-8458865f-92178374-a9e29b76,122.245,122.453,1434,974,23,23,0.84,0.54,0,0,2498,3000,1021,0,2819,2160
9c452d99-a2e14f15-8458865f-92178374-a9e29b76,122.467,122.815,1422,963,23,23,0.84,0.54,0,0,2498,3000,1021,0,2819,2160
9c452d99-a2e14f15-8458865f-92178374-a9e29b76,123.844,124.039,1580,1150,23,23,0.84,0.49,0,0,2498,3000,1021,0,2819,2160
9c452d99-a2e14f15-8458865f-92178374-a9e29b76,124.192,124.374,1501,1300,23,23,0.84,0.49,0,0,2498,3000,1021,0,2819,2160
9c452d99-a2e14f15-8458865f-92178374-a9e29b76,124.387,124.528,1496,1316,23,23,0.84,0.49,0,0,2498,3000,1021,0,2819,2160
9c452d99-a2e14f15-8458865f-92178374-a9e29b76,124.541,124.791,1520,1305,23,23,0.84,0.52,0,0,2498,3000,1021,0,2819,2160
9c452d99-a2e14f15-8458865f-92178374-a9e29b76,124.834,124.988,906,1666,23,23,0.84,0.53,0,0,2498,3000,1021,0,2819,2160
9c452d99-a2e14f15-8458865f-92178374-a9e29b76,125.058,125.266,559,1668,23,23,0.85,0.47,0,0,2498,3000,1021,0,2819,2160
9c452d99-a2e14f15-8458865f-92178374-a9e29b76,125.306,125.445,526,2202,23,23,0.85,0.45,0,0,2498,3000,1021,0,2819,2160
9c452d99-a2e14f15-8458865f-92178374-a9e29b76,125.598,125.71,406,2567,23,23,0.85,0.44,0,0,2498,3000,1021,0,2819,2160
9c452d99-a2e14f15-8458865f-92178374-a9e29b76,125.975,126.101,1185,2631,23,23,0.85,0.44,0,0,2498,3000,1021,0,2819,2160
9c452d99-a2e14f15-8458865f-92178374-a9e29b76,126.642,126.907,1612,792,23,23,0.85,0.44,0,0,2498,3000,1021,0,2819,2160
9c452d99-a2e14f15-8458865f-92178374-a9e29b76,127.019,127.254,1778,638,23,23,0.85,0.44,0,0,2498,3000,1021,0,2819,2160
9c452d99-a2e14f15-8458865f-92178374-a9e29b76,127.269,127.408,1778,635,23,23,0.85,0.46,0,0,2498,3000,1021,0,2819,2160
9c452d99-a2e14f15-8458865f-92178374-a9e29b76,127.422,128.174,1666,527,23,23,0.85,0.47,0,0,2498,3000,1021,0,2819,2160
9c452d99-a2e14f15-8458865f-92178374-a9e29b76,128.285,128.469,1994,647,23,23,0.88,0.36,0,0,2498,3000,1021,0,2819,2160
9c452d99-a2e14f15-8458865f-92178374-a9e29b76,128.48,128.647,2058,587,23,23,0.9,0.34,0,0,2498,3000,1021,0,2819,2160
9c452d99-a2e14f15-8458865f-92178374-a9e29b76,128.73,128.899,1901,1772,23,23,0.9,0.34,0,0,2498,3000,1021,0,2819,2160
9c452d99-a2e14f15-8458865f-92178374-a9e29b76,129.148,129.315,2107,2485,23,23,0.9,0.46,0,0,2498,3000,1021,0,2819,2160
9c452d99-a2e14f15-8458865f-92178374-a9e29b76,129.552,129.72,1864,2746,23,23,0.9,0.49,0,0,2498,3000,1021,0,2819,2160
9c452d99-a2e14f15-8458865f-92178374-a9e29b76,129.735,129.901,1859,2696,23,23,0.9,0.55,0,0,2498,3000,1021,0,2819,2160
9c452d99-a2e14f15-8458865f-92178374-a9e29b76,129.914,130.137,1840,2661,23,23,0.9,0.58,0,0,2498,3000,1021,0,2819,2160
9c452d99-a2e14f15-8458865f-92178374-a9e29b76,130.192,130.401,1259,2613,23,23,0.9,0.58,0,0,2498,3000,1021,0,2819,2160
9c452d99-a2e14f15-8458865f-92178374-a9e29b76,130.457,130.667,738,2311,23,23,0.9,0.62,0,0,2498,3000,1021,0,2819,2160
9c452d99-a2e14f15-8458865f-92178374-a9e29b76,130.679,130.833,695,2297,23,23,0.91,0.62,0,0,2498,3000,1021,0,2819,2160
9c452d99-a2e14f15-8458865f-92178374-a9e29b76,130.987,131.124,561,2100,23,23,0.92,0.53,0,0,2498,3000,1021,0,2819,2160
9c452d99-a2e14f15-8458865f-92178374-a9e29b76,131.153,131.459,493,2512,23,23,0.92,0.51,0,0,2498,3000,1021,0,2819,2160
9c452d99-a2e14f15-8458865f-92178374-a9e29b76,131.585,131.891,1129,2606,23,23,0.92,0.47,0,0,2498,3000,1021,0,2819,2160
9c452d99-a2e14f15-8458865f-92178374-a9e29b76,131.918,132.294,551,2080,23,23,0.92,0.42,0,0,2498,3000,1021,0,2819,2160
9c452d99-a2e14f15-8458865f-92178374-a9e29b76,132.335,132.714,448,2528,23,23,0.92,0.36,0,0,2498,3000,1021,0,2819,2160
9c452d99-a2e14f15-8458865f-92178374-a9e29b76,132.754,132.907,1177,2587,23,23,0.92,0.43,0,0,2498,3000,1021,0,2819,2160
9c452d99-a2e14f15-8458865f-92178374-a9e29b76,132.936,133.338,1165,2590,23,23,0.92,0.45,0,0,2498,3000,1021,0,2819,2160
9c452d99-a2e14f15-8458865f-92178374-a9e29b76,133.394,133.769,1113,2857,23,23,0.92,0.5,0,0,2498,3000,1021,0,2819,2160
9c452d99-a2e14f15-8458865f-92178374-a9e29b76,133.797,134.618,971,2905,23,23,0.92,0.52,0,0,2498,3000,1021,0,2819,2160
9c452d99-a2e14f15-8458865f-92178374-a9e29b76,134.634,135.273,960,2880,23,23,0.92,0.51,0,0,2498,3000,1021,0,2819,2160
9c452d99-a2e14f15-8458865f-92178374-a9e29b76,135.287,135.398,941,2867,23,23,0.92,0.51,0,0,2498,3000,1021,0,2819,2160
9c452d99-a2e14f15-8458865f-92178374-a9e29b76,135.412,135.551,1015,2893,23,23,0.92,0.51,0,0,2498,3000,1021,0,2819,2160
9c452d99-a2e14f15-8458865f-92178374-a9e29b76,135.719,135.858,909,2856,23,23,0.92,0.51,0,0,2498,3000,1021,0,2819,2160
9c452d99-a2e14f15-8458865f-92178374-a9e29b76,135.871,136.345,946,2882,23,23,0.92,0.51,0,0,2498,3000,1021,0,2819,2160
9c452d99-a2e14f15-8458865f-92178374-a9e29b76,136.359,136.469,937,2866,23,23,0.92,0.53,0,0,2498,3000,1021,0,2819,2160
9c452d99-a2e14f15-8458865f-92178374-a9e29b76,136.514,136.625,932,2730,23,23,0.92,0.52,0,0,2498,3000,1021,0,2819,2160
9c452d99-a2e14f15-8458865f-92178374-a9e29b76,136.818,136.929,210,2164,23,23,0.92,0.48,0,0,2498,3000,1021,0,2819,2160
9c452d99-a2e14f15-8458865f-92178374-a9e29b76,137.11,137.222,248,1417,23,23,0.92,0.46,0,0,2498,3000,1021,0,2819,2160
9c452d99-a2e14f15-8458865f-92178374-a9e29b76,137.347,137.529,465,1333,23,23,0.92,0.45,0,0,2498,3000,1021,0,2819,2160
9c452d99-a2e14f15-8458865f-92178374-a9e29b76,137.625,137.778,373,1750,23,23,0.92,0.42,0,0,2498,3000,1021,0,2819,2160
9c452d99-a2e14f15-8458865f-92178374-a9e29b76,138.42,138.822,972,3021,23,23,0.91,0.52,0,0,2498,3000,1021,0,2819,2160
9c452d99-a2e14f15-8458865f-92178374-a9e29b76,138.836,139.059,968,2954,23,23,0.9,0.53,0,0,2498,3000,1021,0,2819,2160
9c452d99-a2e14f15-8458865f-92178374-a9e29b76,139.546,139.671,952,2892,23,23,0.9,0.6,0,0,2498,3000,1021,0,2819,2160
9c452d99-a2e14f15-8458865f-92178374-a9e29b76,139.685,139.923,931,2819,23,23,0.9,0.6,0,0,2498,3000,1021,0,2819,2160
9c452d99-a2e14f15-8458865f-92178374-a9e29b76,139.936,140.103,933,2786,23,23,0.9,0.6,0,0,2498,3000,1021,0,2819,2160
9c452d99-a2e14f15-8458865f-92178374-a9e29b76,140.117,140.549,932,2776,23,23,0.9,0.6,0,0,2498,3000,1021,0,2819,2160
9c452d99-a2e14f15-8458865f-92178374-a9e29b76,140.645,140.812,1080,2799,23,23,0.9,0.6,0,0,2498,3000,1021,0,2819,2160
9c452d99-a2e14f15-8458865f-92178374-a9e29b76,140.883,141.413,1089,2810,23,23,0.9,0.6,0,0,2498,3000,1021,0,2819,2160
9c452d99-a2e14f15-8458865f-92178374-a9e29b76,141.426,141.565,1102,2799,23,23,0.9,0.6,0,0,2498,3000,1021,0,2819,2160
9c452d99-a2e14f15-8458865f-92178374-a9e29b76,141.592,142.081,974,2837,23,23,0.9,0.6,0,0,2498,3000,1021,0,2819,2160
9c452d99-a2e14f15-8458865f-92178374-a9e29b76,142.093,142.344,958,2827,23,23,0.9,0.6,0,0,2498,3000,1021,0,2819,2160
9c452d99-a2e14f15-8458865f-92178374-a9e29b76,142.358,142.915,959,2849,23,23,0.9,0.6,0,0,2498,3000,1021,0,2819,2160
9c452d99-a2e14f15-8458865f-92178374-a9e29b76,142.942,143.138,948,2832,23,23,0.87,0.58,0,0,2498,3000,1021,0,2819,2160
9c452d99-a2e14f15-8458865f-92178374-a9e29b76,143.151,143.305,983,2839,23,23,0.87,0.58,0,0,2498,3000,1021,0,2819,2160
9c452d99-a2e14f15-8458865f-92178374-a9e29b76,143.346,143.626,1334,2837,23,23,0.87,0.58,0,0,2498,3000,1021,0,2819,2160
9c452d99-a2e14f15-8458865f-92178374-a9e29b76,143.64,143.89,1373,2826,23,23,0.87,0.58,0,0,2498,3000,1021,0,2819,2160
9c452d99-a2e14f15-8458865f-92178374-a9e29b76,143.933,144.167,935,2838,23,23,0.87,0.58,0,0,2498,3000,1021,0,2819,2160
9c452d99-a2e14f15-8458865f-92178374-a9e29b76,144.335,144.531,950,2872,23,23,0.87,0.58,0,0,2498,3000,1021,0,2819,2160
9c452d99-a2e14f15-8458865f-92178374-a9e29b76,144.544,144.697,963,2846,23,23,0.87,0.58,0,0,2498,3000,1021,0,2819,2160
9c452d99-a2e14f15-8458865f-92178374-a9e29b76,144.712,144.892,1015,2875,23,23,0.87,0.58,0,0,2498,3000,1021,0,2819,2160
9c452d99-a2e14f15-8458865f-92178374-a9e29b76,144.905,145.212,971,2859,23,23,0.87,0.58,0,0,2498,3000,1021,0,2819,2160
9c452d99-a2e14f15-8458865f-92178374-a9e29b76,145.561,145.754,1223,2826,23,23,0.87,0.58,0,0,2498,3000,1021,0,2819,2160
9c452d99-a2e14f15-8458865f-92178374-a9e29b76,145.894,146.034,1015,2721,23,23,0.87,0.58,0,0,2498,3000,1021,0,2819,2160
9c452d99-a2e14f15-8458865f-92178374-a9e29b76,146.047,146.186,986,2716,23,23,0.87,0.58,0,0,2498,3000,1021,0,2819,2160
9c452d99-a2e14f15-8458865f-92178374-a9e29b76,146.367,146.536,1004,2921,23,23,0.87,0.58,0,0,2498,3000,1021,0,2819,2160
9c452d99-a2e14f15-8458865f-92178374-a9e29b76,146.813,146.954,963,2868,23,23,0.87,0.58,0,0,2498,3000,1021,0,2819,2160
9c452d99-a2e14f15-8458865f-92178374-a9e29b76,147.175,147.286,1008,2984,23,23,0.87,0.58,0,0,2498,3000,1021,0,2819,2160
9c452d99-a2e14f15-8458865f-92178374-a9e29b76,147.301,147.606,976,2920,23,23,0.87,0.58,0,0,2498,3000,1021,0,2819,2160
9c452d99-a2e14f15-8458865f-92178374-a9e29b76,147.62,147.732,974,2916,23,23,0.87,0.58,0,0,2498,3000,1021,0,2819,2160
9c452d99-a2e14f15-8458865f-92178374-a9e29b76,147.745,148.038,948,2938,23,23,0.87,0.58,0,0,2498,3000,1021,0,2819,2160
9c452d99-a2e14f15-8458865f-92178374-a9e29b76,148.052,148.191,939,2867,23,23,0.87,0.58,0,0,2498,3000,1021,0,2819,2160
9c452d99-a2e14f15-8458865f-92178374-a9e29b76,148.205,148.469,950,2905,23,23,0.87,0.58,0,0,2498,3000,1021,0,2819,2160
9c452d99-a2e14f15-8458865f-92178374-a9e29b76,148.485,148.845,962,2866,23,23,0.87,0.58,0,0,2498,3000,1021,0,2819,2160
9c452d99-a2e14f15-8458865f-92178374-a9e29b76,148.859,149.07,961,2851,23,23,0.87,0.58,0,0,2498,3000,1021,0,2819,2160
9c452d99-a2e14f15-8458865f-92178374-a9e29b76,149.501,149.722,923,2924,23,23,0.87,0.58,0,0,2498,3000,1021,0,2819,2160
9c452d99-a2e14f15-8458865f-92178374-a9e29b76,149.737,149.946,875,2924,23,23,0.87,0.58,0,0,2498,3000,1021,0,2819,2160
9c452d99-a2e14f15-8458865f-92178374-a9e29b76,149.987,150.112,988,2905,23,23,0.87,0.58,0,0,2498,3000,1021,0,2819,2160
9c452d99-a2e14f15-8458865f-92178374-a9e29b76,150.139,150.251,938,2887,23,23,0.87,0.58,0,0,2498,3000,1021,0,2819,2160
9c452d99-a2e14f15-8458865f-92178374-a9e29b76,150.265,150.376,950,2894,23,23,0.87,0.58,0,0,2498,3000,1021,0,2819,2160
9c452d99-a2e14f15-8458865f-92178374-a9e29b76,150.641,150.781,1016,2947,23,23,0.87,0.58,0,0,2498,3000,1021,0,2819,2160
9c452d99-a2e14f15-8458865f-92178374-a9e29b76,150.988,151.156,1168,2971,23,23,0.87,0.58,0,0,2498,3000,1021,0,2819,2160
9c452d99-a2e14f15-8458865f-92178374-a9e29b76,151.225,151.378,1151,2958,23,23,0.87,0.58,0,0,2498,3000,1021,0,2819,2160
9c452d99-a2e14f15-8458865f-92178374-a9e29b76,151.545,151.712,1097,2955,23,23,0.87,0.58,0,0,2498,3000,1021,0,2819,2160
9c452d99-a2e14f15-8458865f-92178374-a9e29b76,151.726,152.033,1109,2978,23,23,0.87,0.58,0,0,2498,3000,1021,0,2819,2160
9c452d99-a2e14f15-8458865f-92178374-a9e29b76,152.047,152.506,1023,2964,23,23,0.87,0.58,0,0,2498,3000,1021,0,2819,2160
9c452d99-a2e14f15-8458865f-92178374-a9e29b76,152.645,152.756,1020,2955,23,23,0.87,0.58,0,0,2498,3000,1021,0,2819,2160
9c452d99-a2e14f15-8458865f-92178374-a9e29b76,152.952,153.174,1036,2893,23,23,0.87,0.58,0,0,2498,3000,1021,0,2819,2160
9c452d99-a2e14f15-8458865f-92178374-a9e29b76,153.202,153.523,1049,2891,23,23,0.87,0.58,0,0,2498,3000,1021,0,2819,2160
9c452d99-a2e14f15-8458865f-92178374-a9e29b76,153.551,153.788,967,2878,23,23,0.87,0.58,0,0,2498,3000,1021,0,2819,2160
9c452d99-a2e14f15-8458865f-92178374-a9e29b76,153.816,154.15,956,2863,23,23,0.87,0.58,0,0,2498,3000,1021,0,2819,2160
9c452d99-a2e14f15-8458865f-92178374-a9e29b76,154.163,154.33,920,2818,23,23,0.87,0.58,0,0,2498,3000,1021,0,2819,2160
9c452d99-a2e14f15-8458865f-92178374-a9e29b76,154.343,154.539,957,2845,23,23,0.87,0.58,0,0,2498,3000,1021,0,2819,2160
9c452d99-a2e14f15-8458865f-92178374-a9e29b76,154.552,154.775,928,2829,23,23,0.87,0.58,0,0,2498,3000,1021,0,2819,2160
9c452d99-a2e14f15-8458865f-92178374-a9e29b76,154.789,154.942,943,2875,23,23,0.87,0.58,0,0,2498,3000,1021,0,2819,2160
9c452d99-a2e14f15-8458865f-92178374-a9e29b76,154.956,155.081,961,2852,23,23,0.87,0.58,0,0,2498,3000,1021,0,2819,2160
9c452d99-a2e14f15-8458865f-92178374-a9e29b76,155.095,155.276,926,2888,23,23,0.87,0.58,0,0,2498,3000,1021,0,2819,2160
9c452d99-a2e14f15-8458865f-92178374-a9e29b76,155.374,155.512,929,2882,23,23,0.87,0.58,0,0,2498,3000,1021,0,2819,2160
9c452d99-a2e14f15-8458865f-92178374-a9e29b76,155.527,155.735,972,2879,23,23,0.87,0.58,0,0,2498,3000,1021,0,2819,2160
9c452d99-a2e14f15-8458865f-92178374-a9e29b76,155.749,156.726,980,2871,23,23,0.87,0.58,0,0,2498,3000,1021,0,2819,2160
9c452d99-a2e14f15-8458865f-92178374-a9e29b76,156.767,156.892,1003,2869,23,23,0.87,0.58,0,0,2498,3000,1021,0,2819,2160
9c452d99-a2e14f15-8458865f-92178374-a9e29b76,156.905,157.057,995,2858,23,23,0.87,0.58,0,0,2498,3000,1021,0,2819,2160
9c452d99-a2e14f15-8458865f-92178374-a9e29b76,157.085,157.559,969,2896,23,23,0.87,0.58,0,0,2498,3000,1021,0,2819,2160
9c452d99-a2e14f15-8458865f-92178374-a9e29b76,157.573,157.837,961,2898,23,23,0.87,0.58,0,0,2498,3000,1021,0,2819,2160
9c452d99-a2e14f15-8458865f-92178374-a9e29b76,157.851,158.018,958,2855,23,23,0.87,0.58,0,0,2498,3000,1021,0,2819,2160
9c452d99-a2e14f15-8458865f-92178374-a9e29b76,158.408,158.575,975,2960,23,23,0.87,0.58,0,0,2498,3000,1021,0,2819,2160
9c452d99-a2e14f15-8458865f-92178374-a9e29b76,158.589,158.952,960,2946,23,23,0.87,0.58,0,0,2498,3000,1021,0,2819,2160
9c452d99-a2e14f15-8458865f-92178374-a9e29b76,159.118,159.354,902,2926,23,23,0.87,0.58,0,0,2498,3000,1021,0,2819,2160
9c452d99-a2e14f15-8458865f-92178374-a9e29b76,159.396,159.605,931,2956,23,23,0.87,0.58,0,0,2498,3000,1021,0,2819,2160
9c452d99-a2e14f15-8458865f-92178374-a9e29b76,159.661,159.856,1015,2774,23,23,0.87,0.58,0,0,2498,3000,1021,0,2819,2160
9c452d99-a2e14f15-8458865f-92178374-a9e29b76,159.87,160.065,963,2966,23,23,0.87,0.58,0,0,2498,3000,1021,0,2819,2160
9c452d99-a2e14f15-8458865f-92178374-a9e29b76,160.093,160.259,954,2952,23,23,0.87,0.58,0,0,2498,3000,1021,0,2819,2160
9c452d99-a2e14f15-8458865f-92178374-a9e29b76,160.274,160.51,972,2948,23,23,0.87,0.58,0,0,2498,3000,1021,0,2819,2160
9c452d99-a2e14f15-8458865f-92178374-a9e29b76,160.524,160.955,962,2944,23,23,0.87,0.66,0,0,2498,3000,1021,0,2819,2160
9c452d99-a2e14f15-8458865f-92178374-a9e29b76,160.969,161.137,977,2965,23,23,0.87,0.61,0,0,2498,3000,1021,0,2819,2160
9c452d99-a2e14f15-8458865f-92178374-a9e29b76,161.165,161.443,950,2923,23,23,0.87,0.58,0,0,2498,3000,1021,0,2819,2160
9c452d99-a2e14f15-8458865f-92178374-a9e29b76,161.47,161.89,949,2921,23,23,0.87,0.58,0,0,2498,3000,1021,0,2819,2160
9c452d99-a2e14f15-8458865f-92178374-a9e29b76,161.972,162.111,1020,2943,23,23,0.87,0.55,0,0,2498,3000,1021,0,2819,2160
9c452d99-a2e14f15-8458865f-92178374-a9e29b76,162.292,162.404,957,2985,23,23,0.87,0.53,0,0,2498,3000,1021,0,2819,2160
9c452d99-a2e14f15-8458865f-92178374-a9e29b76,162.417,162.709,979,2961,23,23,0.87,0.51,0,0,2498,3000,1021,0,2819,2160
9c452d99-a2e14f15-8458865f-92178374-a9e29b76,162.723,162.862,975,2922,23,23,0.87,0.49,0,0,2498,3000,1021,0,2819,2160
9c452d99-a2e14f15-8458865f-92178374-a9e29b76,162.877,163.085,946,2993,23,23,0.87,0.49,0,0,2498,3000,1021,0,2819,2160
9c452d99-a2e14f15-8458865f-92178374-a9e29b76,163.101,163.377,960,3002,23,23,0.85,0.52,0,0,2498,3000,1021,0,2819,2160
9c452d99-a2e14f15-8458865f-92178374-a9e29b76,163.392,163.881,951,2963,23,23,0.85,0.52,0,0,2498,3000,1021,0,2819,2160
9c452d99-a2e14f15-8458865f-92178374-a9e29b76,163.894,164.384,951,2965,23,23,0.84,0.54,0,0,2498,3000,1021,0,2819,2160
9c452d99-a2e14f15-8458865f-92178374-a9e29b76,164.408,164.659,978,2952,23,23,0.83,0.6,0,0,2498,3000,1021,0,2819,2160
9c452d99-a2e14f15-8458865f-92178374-a9e29b76,164.686,164.853,948,2929,23,23,0.83,0.6,0,0,2498,3000,1021,0,2819,2160
9c452d99-a2e14f15-8458865f-92178374-a9e29b76,164.867,165.049,943,3001,23,23,0.82,0.67,0,0,2498,3000,1021,0,2819,2160
9c452d99-a2e14f15-8458865f-92178374-a9e29b76,165.368,165.507,911,2994,23,23,0.82,0.59,0,0,2498,3000,1021,0,2819,2160
9c452d99-a2e14f15-8458865f-92178374-a9e29b76,165.521,165.786,932,2990,23,23,0.82,0.59,0,0,2498,3000,1021,0,2819,2160
9c452d99-a2e14f15-8458865f-92178374-a9e29b76,165.827,165.994,1129,2846,23,23,0.82,0.59,0,0,2498,3000,1021,0,2819,2160
9c452d99-a2e14f15-8458865f-92178374-a9e29b76,166.078,166.245,1381,2845,23,23,0.82,0.59,0,0,2498,3000,1021,0,2819,2160
9c452d99-a2e14f15-8458865f-92178374-a9e29b76,166.301,166.44,996,2956,23,23,0.82,0.59,0,0,2498,3000,1021,0,2819,2160
9c452d99-a2e14f15-8458865f-92178374-a9e29b76,166.454,166.69,981,2985,23,23,0.82,0.59,0,0,2498,3000,1021,0,2819,2160
9c452d99-a2e14f15-8458865f-92178374-a9e29b76,166.704,166.928,943,2991,23,23,0.82,0.59,0,0,2498,3000,1021,0,2819,2160
9c452d99-a2e14f15-8458865f-92178374-a9e29b76,167.513,167.637,1693,1406,23,23,0.81,0.63,0,0,2498,3000,1021,0,2819,2160
9c452d99-a2e14f15-8458865f-92178374-a9e29b76,167.776,167.985,1600,1483,23,23,0.81,0.63,0,0,2498,3000,1021,0,2819,2160
9c452d99-a2e14f15-8458865f-92178374-a9e29b76,168.096,168.403,1433,1374,23,23,0.82,0.53,0,0,2498,3000,1021,0,2819,2160
9c452d99-a2e14f15-8458865f-92178374-a9e29b76,168.501,168.625,1986,618,23,23,0.81,0.44,0,0,2498,3000,1021,0,2819,2160
9c452d99-a2e14f15-8458865f-92178374-a9e29b76,168.641,169.018,1982,627,23,23,0.81,0.43,0,0,2498,3000,1021,0,2819,2160
9c452d99-a2e14f15-8458865f-92178374-a9e29b76,169.03,169.252,2033,695,23,23,0.81,0.39,0,0,2498,3000,1021,0,2819,2160
9c452d99-a2e14f15-8458865f-92178374-a9e29b76,169.266,169.406,2163,912,23,23,0.81,0.36,0,0,2498,3000,1021,0,2819,2160
9c452d99-a2e14f15-8458865f-92178374-a9e29b76,169.42,169.669,2173,927,23,23,0.81,0.36,0,0,2498,3000,1021,0,2819,2160
9c452d99-a2e14f15-8458865f-92178374-a9e29b76,169.683,169.794,2212,915,23,23,0.81,0.36,0,0,2498,3000,1021,0,2819,2160
9c452d99-a2e14f15-8458865f-92178374-a9e29b76,169.822,169.934,2266,905,23,23,0.81,0.36,0,0,2498,3000,1021,0,2819,2160
9c452d99-a2e14f15-8458865f-92178374-a9e29b76,169.989,170.142,2215,1628,23,23,0.81,0.36,0,0,2498,3000,1021,0,2819,2160
9c452d99-a2e14f15-8458865f-92178374-a9e29b76,170.254,170.365,2052,2047,23,23,0.81,0.36,0,0,2498,3000,1021,0,2819,2160
9c452d99-a2e14f15-8458865f-92178374-a9e29b76,170.559,170.671,283,1985,23,23,0.81,0.36,0,0,2498,3000,1021,0,2819,2160
9c452d99-a2e14f15-8458865f-92178374-a9e29b76,171.256,171.395,135,1578,23,23,0.81,0.36,0,0,2498,3000,1021,0,2819,2160
9c452d99-a2e14f15-8458865f-92178374-a9e29b76,171.409,171.562,122,1580,23,23,0.81,0.36,0,0,2498,3000,1021,0,2819,2160
9c452d99-a2e14f15-8458865f-92178374-a9e29b76,171.702,172.022,396,2469,23,23,0.81,0.36,0,0,2498,3000,1021,0,2819,2160
9c452d99-a2e14f15-8458865f-92178374-a9e29b76,172.119,172.551,441,2502,23,23,0.81,0.36,0,0,2498,3000,1021,0,2819,2160
9c452d99-a2e14f15-8458865f-92178374-a9e29b76,172.565,172.787,450,2499,23,23,0.78,0.53,0,0,2498,3000,1021,0,2819,2160
9c452d99-a2e14f15-8458865f-92178374-a9e29b76,172.843,172.983,524,2714,23,23,0.78,0.53,0,0,2498,3000,1021,0,2819,2160
9c452d99-a2e14f15-8458865f-92178374-a9e29b76,172.998,173.288,490,2713,23,23,0.79,0.5,0,0,2498,3000,1021,0,2819,2160
9c452d99-a2e14f15-8458865f-92178374-a9e29b76,173.302,173.441,516,2697,23,23,0.79,0.43,0,0,2498,3000,1021,0,2819,2160
9c452d99-a2e14f15-8458865f-92178374-a9e29b76,173.775,173.915,287,2519,23,23,0.78,0.45,0,0,2498,3000,1021,0,2819,2160
9c452d99-a2e14f15-8458865f-92178374-a9e29b76,174.236,174.347,267,953,23,23,0.78,0.45,0,0,2498,3000,1021,0,2819,2160
9c452d99-a2e14f15-8458865f-92178374-a9e29b76,174.418,174.541,339,941,23,23,0.78,0.45,0,0,2498,3000,1021,0,2819,2160
9c452d99-a2e14f15-8458865f-92178374-a9e29b76,174.652,174.833,256,375,23,23,0.78,0.45,0,0,2498,3000,1021,0,2819,2160
9c452d99-a2e14f15-8458865f-92178374-a9e29b76,174.973,175.195,484,698,23,23,0.78,0.45,0,0,2498,3000,1021,0,2819,2160
9c452d99-a2e14f15-8458865f-92178374-a9e29b76,175.307,175.696,1594,670,23,23,0.78,0.45,0,0,2498,3000,1021,0,2819,2160
9c452d99-a2e14f15-8458865f-92178374-a9e29b76,175.822,176.156,1182,1434,23,23,0.78,0.45,0,0,2498,3000,1021,0,2819,2160
5c61db80-672e0874-ba236081-53d2f8ad-ab8d2efb,0.0,0.418,1163,1632,23,23,1.0,0.5,0,0,2498,3000,1021,0,2819,2160
5c61db80-672e0874-ba236081-53d2f8ad-ab8d2efb,1.297,1.422,1791,2686,23,23,1.0,0.5,0,0,2498,3000,1021,0,2819,2160
5c61db80-672e0874-ba236081-53d2f8ad-ab8d2efb,2.117,2.243,836,1335,23,23,1.0,0.5,0,0,2498,3000,1021,0,2819,2160
5c61db80-672e0874-ba236081-53d2f8ad-ab8d2efb,2.284,2.423,1303,1488,23,23,1.0,0.5,0,0,2498,3000,1021,0,2819,2160
5c61db80-672e0874-ba236081-53d2f8ad-ab8d2efb,2.452,2.673,1066,1861,23,23,1.0,0.5,0,0,2498,3000,1021,0,2819,2160
5c61db80-672e0874-ba236081-53d2f8ad-ab8d2efb,2.688,2.896,1067,1873,23,23,1.0,0.5,0,0,2498,3000,1021,0,2819,2160
5c61db80-672e0874-ba236081-53d2f8ad-ab8d2efb,3.022,3.133,1051,2079,23,23,1.0,0.5,0,0,2498,3000,1021,0,2819,2160
5c61db80-672e0874-ba236081-53d2f8ad-ab8d2efb,3.149,3.259,1071,2025,23,23,1.0,0.5,0,0,2498,3000,1021,0,2819,2160
5c61db80-672e0874-ba236081-53d2f8ad-ab8d2efb,3.914,4.024,855,1710,23,23,1.0,0.5,0,0,2498,3000,1021,0,2819,2160
5c61db80-672e0874-ba236081-53d2f8ad-ab8d2efb,4.205,4.469,1002,1927,23,23,1.0,0.5,0,0,2498,3000,1021,0,2819,2160
5c61db80-672e0874-ba236081-53d2f8ad-ab8d2efb,4.553,4.666,955,1556,23,23,1.0,0.5,0,0,2498,3000,1021,0,2819,2160
5c61db80-672e0874-ba236081-53d2f8ad-ab8d2efb,4.678,4.792,991,1600,23,23,1.0,0.5,0,0,2498,3000,1021,0,2819,2160
5c61db80-672e0874-ba236081-53d2f8ad-ab8d2efb,4.804,4.929,1027,1589,23,23,1.0,0.5,0,0,2498,3000,1021,0,2819,2160
5c61db80-672e0874-ba236081-53d2f8ad-ab8d2efb,5.166,5.277,1914,879,23,23,1.0,0.5,0,0,2498,3000,1021,0,2819,2160
5c61db80-672e0874-ba236081-53d2f8ad-ab8d2efb,5.291,5.431,1903,906,23,23,1.0,0.5,0,0,2498,3000,1021,0,2819,2160
5c61db80-672e0874-ba236081-53d2f8ad-ab8d2efb,5.445,5.597,1873,903,23,23,1.0,0.5,0,0,2498,3000,1021,0,2819,2160
5c61db80-672e0874-ba236081-53d2f8ad-ab8d2efb,6.07,6.182,355,1123,23,23,1.0,0.5,0,0,2498,3000,1021,0,2819,2160
5c61db80-672e0874-ba236081-53d2f8ad-ab8d2efb,6.251,6.377,449,1054,23,23,1.0,0.5,0,0,2498,3000,1021,0,2819,2160
5c61db80-672e0874-ba236081-53d2f8ad-ab8d2efb,6.46,6.738,629,2241,23,23,1.0,0.5,0,0,2498,3000,1021,0,2819,2160
5c61db80-672e0874-ba236081-53d2f8ad-ab8d2efb,6.794,7.004,928,2632,23,23,1.0,0.5,0,0,2498,3000,1021,0,2819,2160
5c61db80-672e0874-ba236081-53d2f8ad-ab8d2efb,7.018,7.198,923,2648,23,23,1.0,0.5,0,0,2498,3000,1021,0,2819,2160
5c61db80-672e0874-ba236081-53d2f8ad-ab8d2efb,7.255,7.393,926,2678,23,23,1.0,0.5,0,0,2498,3000,1021,0,2819,2160
5c61db80-672e0874-ba236081-53d2f8ad-ab8d2efb,7.407,7.574,978,2611,23,23,1.0,0.5,0,0,2498,3000,1021,0,2819,2160
5c61db80-672e0874-ba236081-53d2f8ad-ab8d2efb,7.601,7.852,1037,2776,23,23,1.0,0.5,0,0,2498,3000,1021,0,2819,2160
5c61db80-672e0874-ba236081-53d2f8ad-ab8d2efb,7.867,7.992,1040,2775,23,23,1.0,0.5,0,0,2498,3000,1021,0,2819,2160
5c61db80-672e0874-ba236081-53d2f8ad-ab8d2efb,8.006,8.117,1027,2647,23,23,1.0,0.5,0,0,2498,3000,1021,0,2819,2160
5c61db80-672e0874-ba236081-53d2f8ad-ab8d2efb,8.145,8.311,1062,2649,23,23,1.0,0.5,0,0,2498,3000,1021,0,2819,2160
5c61db80-672e0874-ba236081-53d2f8ad-ab8d2efb,8.353,8.674,642,2264,23,23,1.0,0.5,0,0,2498,3000,1021,0,2819,2160
5c61db80-672e0874-ba236081-53d2f8ad-ab8d2efb,8.687,9.146,635,2328,23,23,1.0,0.5,0,0,2498,3000,1021,0,2819,2160
5c61db80-672e0874-ba236081-53d2f8ad-ab8d2efb,9.328,9.704,2149,2777,23,23,1.0,0.5,0,0,2498,3000,1021,0,2819,2160
5c61db80-672e0874-ba236081-53d2f8ad-ab8d2efb,9.828,10.011,1576,2923,23,23,1.0,0.5,0,0,2498,3000,1021,0,2819,2160
5c61db80-672e0874-ba236081-53d2f8ad-ab8d2efb,10.025,10.135,1574,2921,23,23,1.0,0.5,0,0,2498,3000,1021,0,2819,2160
5c61db80-672e0874-ba236081-53d2f8ad-ab8d2efb,10.79,10.929,402,2663,23,23,1.0,0.5,0,0,2498,3000,1021,0,2819,2160
5c61db80-672e0874-ba236081-53d2f8ad-ab8d2efb,11.639,11.834,1790,1007,23,23,1.0,0.5,0,0,2498,3000,1021,0,2819,2160
5c61db80-672e0874-ba236081-53d2f8ad-ab8d2efb,11.847,12.001,1797,951,23,23,1.0,0.5,0,0,2498,3000,1021,0,2819,2160
5c61db80-672e0874-ba236081-53d2f8ad-ab8d2efb,12.739,12.85,1099,1751,23,23,1.0,0.5,0,0,2498,3000,1021,0,2819,2160
5c61db80-672e0874-ba236081-53d2f8ad-ab8d2efb,12.864,12.989,1106,1715,23,23,1.0,0.5,0,0,2498,3000,1021,0,2819,2160
5c61db80-672e0874-ba236081-53d2f8ad-ab8d2efb,13.045,13.171,1532,1255,23,23,1.0,0.5,0,0,2498,3000,1021,0,2819,2160
5c61db80-672e0874-ba236081-53d2f8ad-ab8d2efb,13.199,13.366,1531,1316,23,23,1.0,0.5,0,0,2498,3000,1021,0,2819,2160
5c61db80-672e0874-ba236081-53d2f8ad-ab8d2efb,13.547,13.714,1149,1555,23,23,1.0,0.5,0,0,2498,3000,1021,0,2819,2160
5c61db80-672e0874-ba236081-53d2f8ad-ab8d2efb,13.852,13.977,1298,2589,23,23,0.84,0.91,0,0,2498,3000,1021,0,2819,2160
5c61db80-672e0874-ba236081-53d2f8ad-ab8d2efb,14.132,14.271,1071,2664,23,23,0.85,0.84,0,0,2498,3000,1021,0,2819,2160
5c61db80-672e0874-ba236081-53d2f8ad-ab8d2efb,14.465,14.58,1140,2621,23,23,0.84,0.52,0,0,2498,3000,1021,0,2819,2160
5c61db80-672e0874-ba236081-53d2f8ad-ab8d2efb,14.701,14.993,1117,2321,23,23,0.84,0.4,0,0,2498,3000,1021,0,2819,2160
5c61db80-672e0874-ba236081-53d2f8ad-ab8d2efb,15.007,15.119,1102,2324,23,23,0.84,0.4,0,0,2498,3000,1021,0,2819,2160
5c61db80-672e0874-ba236081-53d2f8ad-ab8d2efb,15.133,15.258,1125,2295,23,23,0.84,0.4,0,0,2498,3000,1021,0,2819,2160
5c61db80-672e0874-ba236081-53d2f8ad-ab8d2efb,15.272,15.452,1217,2482,23,23,0.84,0.4,0,0,2498,3000,1021,0,2819,2160
5c61db80-672e0874-ba236081-53d2f8ad-ab8d2efb,15.522,15.995,1109,2744,23,23,0.84,0.5,0,0,2498,3000,1021,0,2819,2160
5c61db80-672e0874-ba236081-53d2f8ad-ab8d2efb,16.023,16.288,1055,2641,23,23,0.86,0.58,0,0,2498,3000,1021,0,2819,2160
5c61db80-672e0874-ba236081-53d2f8ad-ab8d2efb,16.385,16.58,638,2432,23,23,0.86,0.59,0,0,2498,3000,1021,0,2819,2160
5c61db80-672e0874-ba236081-53d2f8ad-ab8d2efb,16.594,16.761,594,2429,23,23,0.86,0.59,0,0,2498,3000,1021,0,2819,2160
5c61db80-672e0874-ba236081-53d2f8ad-ab8d2efb,16.872,17.095,704,2325,23,23,0.88,0.48,0,0,2498,3000,1021,0,2819,2160
5c61db80-672e0874-ba236081-53d2f8ad-ab8d2efb,17.151,17.345,457,2785,23,23,0.88,0.51,0,0,2498,3000,1021,0,2819,2160
5c61db80-672e0874-ba236081-53d2f8ad-ab8d2efb,17.359,17.499,482,2793,23,23,0.88,0.51,0,0,2498,3000,1021,0,2819,2160
5c61db80-672e0874-ba236081-53d2f8ad-ab8d2efb,17.554,17.695,1286,2894,23,23,0.88,0.51,0,0,2498,3000,1021,0,2819,2160
5c61db80-672e0874-ba236081-53d2f8ad-ab8d2efb,17.819,18.041,1280,2929,23,23,0.88,0.52,0,0,2498,3000,1021,0,2819,2160
5c61db80-672e0874-ba236081-53d2f8ad-ab8d2efb,18.11,18.252,1456,2864,23,23,0.88,0.52,0,0,2498,3000,1021,0,2819,2160
5c61db80-672e0874-ba236081-53d2f8ad-ab8d2efb,18.486,18.598,1310,2950,23,23,0.93,0.56,0,0,2498,3000,1021,0,2819,2160
5c61db80-672e0874-ba236081-53d2f8ad-ab8d2efb,18.612,18.821,1280,2917,23,23,0.94,0.57,0,0,2498,3000,1021,0,2819,2160
5c61db80-672e0874-ba236081-53d2f8ad-ab8d2efb,18.863,19.073,1430,2826,23,23,0.96,0.62,0,0,2498,3000,1021,0,2819,2160
5c61db80-672e0874-ba236081-53d2f8ad-ab8d2efb,19.085,19.391,1429,2824,23,23,0.96,0.54,0,0,2498,3000,1021,0,2819,2160
5c61db80-672e0874-ba236081-53d2f8ad-ab8d2efb,19.419,19.586,1443,2828,23,23,0.96,0.53,0,0,2498,3000,1021,0,2819,2160
5c61db80-672e0874-ba236081-53d2f8ad-ab8d2efb,19.6,19.781,1431,2836,23,23,0.96,0.5,0,0,2498,3000,1021,0,2819,2160
5c61db80-672e0874-ba236081-53d2f8ad-ab8d2efb,19.934,20.143,1379,2716,23,23,0.96,0.47,0,0,2498,3000,1021,0,2819,2160
5c61db80-672e0874-ba236081-53d2f8ad-ab8d2efb,20.199,20.602,1355,2909,23,23,0.96,0.47,0,0,2498,3000,1021,0,2819,2160
5c61db80-672e0874-ba236081-53d2f8ad-ab8d2efb,20.631,20.867,1284,2961,23,23,0.96,0.48,0,0,2498,3000,1021,0,2819,2160
5c61db80-672e0874-ba236081-53d2f8ad-ab8d2efb,20.881,21.049,1290,2991,23,23,0.96,0.5,0,0,2498,3000,1021,0,2819,2160
5c61db80-672e0874-ba236081-53d2f8ad-ab8d2efb,21.549,21.66,1176,2921,23,23,0.96,0.5,0,0,2498,3000,1021,0,2819,2160
5c61db80-672e0874-ba236081-53d2f8ad-ab8d2efb,21.73,21.855,1237,2929,23,23,0.96,0.5,0,0,2498,3000,1021,0,2819,2160
5c61db80-672e0874-ba236081-53d2f8ad-ab8d2efb,21.869,22.022,1203,2946,23,23,0.96,0.5,0,0,2498,3000,1021,0,2819,2160
5c61db80-672e0874-ba236081-53d2f8ad-ab8d2efb,22.037,22.204,1313,2910,23,23,0.96,0.5,0,0,2498,3000,1021,0,2819,2160
5c61db80-672e0874-ba236081-53d2f8ad-ab8d2efb,22.259,22.816,1425,2651,23,23,0.96,0.5,0,0,2498,3000,1021,0,2819,2160
5c61db80-672e0874-ba236081-53d2f8ad-ab8d2efb,22.844,23.154,1511,2646,23,23,0.96,0.49,0,0,2498,3000,1021,0,2819,2160
5c61db80-672e0874-ba236081-53d2f8ad-ab8d2efb,23.166,23.666,1362,2737,23,23,0.96,0.43,0,0,2498,3000,1021,0,2819,2160
5c61db80-672e0874-ba236081-53d2f8ad-ab8d2efb,23.679,24.389,1387,2833,23,23,0.93,0.45,0,0,2498,3000,1021,0,2819,2160
5c61db80-672e0874-ba236081-53d2f8ad-ab8d2efb,24.418,24.892,1402,2586,23,23,0.88,0.63,0,0,2498,3000,1021,0,2819,2160
5c61db80-672e0874-ba236081-53d2f8ad-ab8d2efb,24.932,25.405,1388,2368,23,23,0.89,0.53,0,0,2498,3000,1021,0,2819,2160
5c61db80-672e0874-ba236081-53d2f8ad-ab8d2efb,25.447,25.906,1415,2766,23,23,0.89,0.44,0,0,2498,3000,1021,0,2819,2160
5c61db80-672e0874-ba236081-53d2f8ad-ab8d2efb,26.004,26.24,1385,2630,23,23,0.89,0.4,0,0,2498,3000,1021,0,2819,2160
5c61db80-672e0874-ba236081-53d2f8ad-ab8d2efb,26.393,26.728,1381,2403,23,23,0.88,0.39,0,0,2498,3000,1021,0,2819,2160
5c61db80-672e0874-ba236081-53d2f8ad-ab8d2efb,26.769,27.089,1349,2167,23,23,0.88,0.42,0,0,2498,3000,1021,0,2819,2160
5c61db80-672e0874-ba236081-53d2f8ad-ab8d2efb,27.131,27.355,1319,1940,23,23,0.88,0.46,0,0,2498,3000,1021,0,2819,2160
5c61db80-672e0874-ba236081-53d2f8ad-ab8d2efb,27.41,27.66,1356,2304,23,23,0.89,0.51,0,0,2498,3000,1021,0,2819,2160
5c61db80-672e0874-ba236081-53d2f8ad-ab8d2efb,27.814,28.133,1204,2168,23,23,0.9,0.55,0,0,2498,3000,1021,0,2819,2160
5c61db80-672e0874-ba236081-53d2f8ad-ab8d2efb,28.147,28.706,1245,1971,23,23,0.9,0.51,0,0,2498,3000,1021,0,2819,2160
5c61db80-672e0874-ba236081-53d2f8ad-ab8d2efb,28.747,29.094,1292,1899,23,23,0.91,0.24,0,0,2498,3000,1021,0,2819,2160
5c61db80-672e0874-ba236081-53d2f8ad-ab8d2efb,29.15,29.304,1290,1678,23,23,0.92,0.18,0,0,2498,3000,1021,0,2819,2160
5c61db80-672e0874-ba236081-53d2f8ad-ab8d2efb,29.65,29.915,1445,2264,23,23,0.92,0.21,0,0,2498,3000,1021,0,2819,2160
5c61db80-672e0874-ba236081-53d2f8ad-ab8d2efb,30.014,30.708,1426,2449,23,23,0.95,0.15,0,0,2498,3000,1021,0,2819,2160
5c61db80-672e0874-ba236081-53d2f8ad-ab8d2efb,30.736,31.112,1386,2529,23,23,0.96,0.22,0,0,2498,3000,1021,0,2819,2160
5c61db80-672e0874-ba236081-53d2f8ad-ab8d2efb,31.126,31.335,1401,2521,23,23,0.96,0.27,0,0,2498,3000,1021,0,2819,2160
5c61db80-672e0874-ba236081-53d2f8ad-ab8d2efb,31.362,31.543,1361,2296,23,23,0.96,0.27,0,0,2498,3000,1021,0,2819,2160
5c61db80-672e0874-ba236081-53d2f8ad-ab8d2efb,31.585,32.239,1376,1994,23,23,0.96,0.27,0,0,2498,3000,1021,0,2819,2160
5c61db80-672e0874-ba236081-53d2f8ad-ab8d2efb,32.267,32.67,1317,2064,23,23,0.96,0.32,0,0,2498,3000,1021,0,2819,2160
5c61db80-672e0874-ba236081-53d2f8ad-ab8d2efb,32.713,33.075,1271,1579,23,23,0.96,0.34,0,0,2498,3000,1021,0,2819,2160
5c61db80-672e0874-ba236081-53d2f8ad-ab8d2efb,33.269,33.451,1283,1552,23,23,0.96,0.37,0,0,2498,3000,1021,0,2819,2160
5c61db80-672e0874-ba236081-53d2f8ad-ab8d2efb,33.492,33.631,1391,1872,23,23,0.96,0.4,0,0,2498,3000,1021,0,2819,2160
5c61db80-672e0874-ba236081-53d2f8ad-ab8d2efb,33.743,34.026,1350,2199,23,23,0.96,0.41,0,0,2498,3000,1021,0,2819,2160
5c61db80-672e0874-ba236081-53d2f8ad-ab8d2efb,34.051,34.496,1356,2186,23,23,0.96,0.43,0,0,2498,3000,1021,0,2819,2160
5c61db80-672e0874-ba236081-53d2f8ad-ab8d2efb,34.536,34.801,1384,2519,23,23,0.97,0.46,0,0,2498,3000,1021,0,2819,2160
5c61db80-672e0874-ba236081-53d2f8ad-ab8d2efb,34.94,35.052,1400,2676,23,23,0.98,0.49,0,0,2498,3000,1021,0,2819,2160
5c61db80-672e0874-ba236081-53d2f8ad-ab8d2efb,35.066,35.246,1464,2661,23,23,0.98,0.49,0,0,2498,3000,1021,0,2819,2160
5c61db80-672e0874-ba236081-53d2f8ad-ab8d2efb,35.302,35.413,1452,2746,23,23,0.98,0.49,0,0,2498,3000,1021,0,2819,2160
5c61db80-672e0874-ba236081-53d2f8ad-ab8d2efb,35.427,35.566,1415,2735,23,23,0.98,0.49,0,0,2498,3000,1021,0,2819,2160
5c61db80-672e0874-ba236081-53d2f8ad-ab8d2efb,35.581,35.733,1477,2874,23,23,0.98,0.49,0,0,2498,3000,1021,0,2819,2160
5c61db80-672e0874-ba236081-53d2f8ad-ab8d2efb,35.747,35.942,1498,2906,23,23,0.98,0.49,0,0,2498,3000,1021,0,2819,2160
5c61db80-672e0874-ba236081-53d2f8ad-ab8d2efb,36.04,36.179,1482,2817,23,23,0.98,0.49,0,0,2498,3000,1021,0,2819,2160
5c61db80-672e0874-ba236081-53d2f8ad-ab8d2efb,36.193,36.346,1505,2779,23,23,0.98,0.49,0,0,2498,3000,1021,0,2819,2160
5c61db80-672e0874-ba236081-53d2f8ad-ab8d2efb,36.554,36.694,1271,2612,23,23,0.98,0.49,0,0,2498,3000,1021,0,2819,2160
5c61db80-672e0874-ba236081-53d2f8ad-ab8d2efb,36.793,36.903,1493,2537,23,23,0.98,0.48,0,0,2498,3000,1021,0,2819,2160
5c61db80-672e0874-ba236081-53d2f8ad-ab8d2efb,36.93,37.041,1478,2548,23,23,0.98,0.48,0,0,2498,3000,1021,0,2819,2160
5c61db80-672e0874-ba236081-53d2f8ad-ab8d2efb,37.055,37.237,1457,2564,23,23,0.98,0.48,0,0,2498,3000,1021,0,2819,2160
5c61db80-672e0874-ba236081-53d2f8ad-ab8d2efb,37.251,37.404,1448,2559,23,23,0.98,0.48,0,0,2498,3000,1021,0,2819,2160
5c61db80-672e0874-ba236081-53d2f8ad-ab8d2efb,37.446,37.71,1454,2275,23,23,0.98,0.48,0,0,2498,3000,1021,0,2819,2160
5c61db80-672e0874-ba236081-53d2f8ad-ab8d2efb,37.766,37.877,1449,2269,23,23,0.98,0.44,0,0,2498,3000,1021,0,2819,2160
5c61db80-672e0874-ba236081-53d2f8ad-ab8d2efb,37.905,38.322,1400,2092,23,23,0.98,0.44,0,0,2498,3000,1021,0,2819,2160
5c61db80-672e0874-ba236081-53d2f8ad-ab8d2efb,38.336,38.684,1404,2066,23,23,0.98,0.42,0,0,2498,3000,1021,0,2819,2160
5c61db80-672e0874-ba236081-53d2f8ad-ab8d2efb,38.699,38.892,1432,2069,23,23,0.96,0.4,0,0,2498,3000,1021,0,2819,2160
5c61db80-672e0874-ba236081-53d2f8ad-ab8d2efb,39.018,39.129,1381,1215,23,23,0.96,0.44,0,0,2498,3000,1021,0,2819,2160
5c61db80-672e0874-ba236081-53d2f8ad-ab8d2efb,39.145,39.254,1385,1214,23,23,0.96,0.47,0,0,2498,3000,1021,0,2819,2160
5c61db80-672e0874-ba236081-53d2f8ad-ab8d2efb,39.268,39.422,1391,1313,23,23,0.96,0.49,0,0,2498,3000,1021,0,2819,2160
5c61db80-672e0874-ba236081-53d2f8ad-ab8d2efb,39.435,39.547,1388,1356,23,23,0.96,0.52,0,0,2498,3000,1021,0,2819,2160
5c61db80-672e0874-ba236081-53d2f8ad-ab8d2efb,39.603,39.867,1343,2404,23,23,0.96,0.52,0,0,2498,3000,1021,0,2819,2160
5c61db80-672e0874-ba236081-53d2f8ad-ab8d2efb,39.881,40.145,1332,2879,23,23,0.96,0.48,0,0,2498,3000,1021,0,2819,2160
5c61db80-672e0874-ba236081-53d2f8ad-ab8d2efb,40.173,40.535,1375,3036,23,23,0.96,0.48,0,0,2498,3000,1021,0,2819,2160
5c61db80-672e0874-ba236081-53d2f8ad-ab8d2efb,40.55,40.843,1363,3026,23,23,0.96,0.48,0,0,2498,3000,1021,0,2819,2160
5c61db80-672e0874-ba236081-53d2f8ad-ab8d2efb,40.856,41.008,1353,3024,23,23,0.96,0.48,0,0,2498,3000,1021,0,2819,2160
5c61db80-672e0874-ba236081-53d2f8ad-ab8d2efb,41.022,41.175,1419,2815,23,23,0.96,0.49,0,0,2498,3000,1021,0,2819,2160
5c61db80-672e0874-ba236081-53d2f8ad-ab8d2efb,41.191,41.315,1414,2791,23,23,0.96,0.5,0,0,2498,3000,1021,0,2819,2160
5c61db80-672e0874-ba236081-53d2f8ad-ab8d2efb,41.327,41.523,1457,2765,23,23,0.96,0.5,0,0,2498,3000,1021,0,2819,2160
5c61db80-672e0874-ba236081-53d2f8ad-ab8d2efb,41.537,41.676,1439,2843,23,23,0.96,0.5,0,0,2498,3000,1021,0,2819,2160
5c61db80-672e0874-ba236081-53d2f8ad-ab8d2efb,41.69,41.843,1480,2784,23,23,0.96,0.5,0,0,2498,3000,1021,0,2819,2160
5c61db80-672e0874-ba236081-53d2f8ad-ab8d2efb,41.885,42.025,1103,2806,23,23,0.96,0.5,0,0,2498,3000,1021,0,2819,2160
5c61db80-672e0874-ba236081-53d2f8ad-ab8d2efb,42.081,42.317,1252,3062,23,23,0.96,0.5,0,0,2498,3000,1021,0,2819,2160
5c61db80-672e0874-ba236081-53d2f8ad-ab8d2efb,42.442,42.776,1334,3058,23,23,0.96,0.54,0,0,2498,3000,1021,0,2819,2160
5c61db80-672e0874-ba236081-53d2f8ad-ab8d2efb,42.79,43.027,1330,3040,23,23,0.96,0.54,0,0,2498,3000,1021,0,2819,2160
5c61db80-672e0874-ba236081-53d2f8ad-ab8d2efb,43.055,43.305,1244,3132,23,23,0.96,0.56,0,0,2498,3000,1021,0,2819,2160
5c61db80-672e0874-ba236081-53d2f8ad-ab8d2efb,43.319,43.737,1010,3092,23,23,0.96,0.56,0,0,2498,3000,1021,0,2819,2160
5c61db80-672e0874-ba236081-53d2f8ad-ab8d2efb,43.765,44.294,1258,3085,23,23,0.96,0.56,0,0,2498,3000,1021,0,2819,2160
5c61db80-672e0874-ba236081-53d2f8ad-ab8d2efb,44.336,44.602,1063,3105,23,23,0.96,0.56,0,0,2498,3000,1021,0,2819,2160
5c61db80-672e0874-ba236081-53d2f8ad-ab8d2efb,44.656,44.92,565,2893,23,23,0.96,0.58,0,0,2498,3000,1021,0,2819,2160
5c61db80-672e0874-ba236081-53d2f8ad-ab8d2efb,44.949,45.171,838,2801,23,23,0.96,0.58,0,0,2498,3000,1021,0,2819,2160
5c61db80-672e0874-ba236081-53d2f8ad-ab8d2efb,45.199,45.311,859,2804,23,23,0.96,0.57,0,0,2498,3000,1021,0,2819,2160
5c61db80-672e0874-ba236081-53d2f8ad-ab8d2efb,45.422,45.561,837,1689,23,23,0.96,0.55,0,0,2498,3000,1021,0,2819,2160
5c61db80-672e0874-ba236081-53d2f8ad-ab8d2efb,45.7,45.857,897,1832,23,23,0.96,0.49,0,0,2498,3000,1021,0,2819,2160
5c61db80-672e0874-ba236081-53d2f8ad-ab8d2efb,45.869,46.048,914,1800,23,23,0.96,0.49,0,0,2498,3000,1021,0,2819,2160
5c61db80-672e0874-ba236081-53d2f8ad-ab8d2efb,46.117,46.229,1353,1369,23,23,0.96,0.49,0,0,2498,3000,1021,0,2819,2160
5c61db80-672e0874-ba236081-53d2f8ad-ab8d2efb,46.354,46.465,2400,1138,23,23,0.95,0.49,0,0,2498,3000,1021,0,2819,2160
5c61db80-672e0874-ba236081-53d2f8ad-ab8d2efb,46.632,46.8,1915,845,23,23,0.95,0.49,0,0,2498,3000,1021,0,2819,2160
5c61db80-672e0874-ba236081-53d2f8ad-ab8d2efb,46.814,46.994,1860,836,23,23,0.95,0.49,0,0,2498,3000,1021,0,2819,2160
5c61db80-672e0874-ba236081-53d2f8ad-ab8d2efb,47.579,47.816,1056,1459,23,23,0.95,0.51,0,0,2498,3000,1021,0,2819,2160
5c61db80-672e0874-ba236081-53d2f8ad-ab8d2efb,47.996,48.121,1049,1998,23,23,0.95,0.52,0,0,2498,3000,1021,0,2819,2160
5c61db80-672e0874-ba236081-53d2f8ad-ab8d2efb,48.182,48.428,1169,3008,23,23,0.95,0.54,0,0,2498,3000,1021,0,2819,2160
5c61db80-672e0874-ba236081-53d2f8ad-ab8d2efb,48.442,48.582,1168,2959,23,23,0.95,0.57,0,0,2498,3000,1021,0,2819,2160
5c61db80-672e0874-ba236081-53d2f8ad-ab8d2efb,48.595,48.888,1343,2973,23,23,0.95,0.57,0,0,2498,3000,1021,0,2819,2160
5c61db80-672e0874-ba236081-53d2f8ad-ab8d2efb,48.999,49.263,1294,3058,23,23,0.95,0.55,0,0,2498,3000,1021,0,2819,2160
5c61db80-672e0874-ba236081-53d2f8ad-ab8d2efb,49.277,49.402,1301,3067,23,23,0.95,0.55,0,0,2498,3000,1021,0,2819,2160
5c61db80-672e0874-ba236081-53d2f8ad-ab8d2efb,49.5,49.862,1317,3040,23,23,0.95,0.53,0,0,2498,3000,1021,0,2819,2160
5c61db80-672e0874-ba236081-53d2f8ad-ab8d2efb,49.876,50.141,1350,3024,23,23,0.95,0.49,0,0,2498,3000,1021,0,2819,2160
5c61db80-672e0874-ba236081-53d2f8ad-ab8d2efb,50.156,50.279,1406,2864,23,23,0.95,0.55,0,0,2498,3000,1021,0,2819,2160
5c61db80-672e0874-ba236081-53d2f8ad-ab8d2efb,50.293,50.419,1379,2864,23,23,0.95,0.55,0,0,2498,3000,1021,0,2819,2160
5c61db80-672e0874-ba236081-53d2f8ad-ab8d2efb,50.488,50.753,562,2820,23,23,0.95,0.55,0,0,2498,3000,1021,0,2819,2160
5c61db80-672e0874-ba236081-53d2f8ad-ab8d2efb,51.073,51.185,1441,2999,23,23,0.95,0.53,0,0,2498,3000,1021,0,2819,2160
5c61db80-672e0874-ba236081-53d2f8ad-ab8d2efb,51.574,51.783,1381,3005,23,23,0.95,0.5,0,0,2498,3000,1021,0,2819,2160
5c61db80-672e0874-ba236081-53d2f8ad-ab8d2efb,51.966,52.103,1431,2785,23,23,0.95,0.54,0,0,2498,3000,1021,0,2819,2160
5c61db80-672e0874-ba236081-53d2f8ad-ab8d2efb,52.117,52.409,1428,2839,23,23,0.95,0.54,0,0,2498,3000,1021,0,2819,2160
5c61db80-672e0874-ba236081-53d2f8ad-ab8d2efb,52.423,52.674,1425,2847,23,23,0.95,0.55,0,0,2498,3000,1021,0,2819,2160
5c61db80-672e0874-ba236081-53d2f8ad-ab8d2efb,52.701,53.035,1368,2742,23,23,0.95,0.6,0,0,2498,3000,1021,0,2819,2160
5c61db80-672e0874-ba236081-53d2f8ad-ab8d2efb,53.106,53.5,1373,2916,23,23,0.95,0.65,0,0,2498,3000,1021,0,2819,2160
5c61db80-672e0874-ba236081-53d2f8ad-ab8d2efb,53.515,53.8,1376,2946,23,23,0.95,0.58,0,0,2498,3000,1021,0,2819,2160
5c61db80-672e0874-ba236081-53d2f8ad-ab8d2efb,53.954,54.121,1418,2871,23,23,0.95,0.56,0,0,2498,3000,1021,0,2819,2160
5c61db80-672e0874-ba236081-53d2f8ad-ab8d2efb,54.135,54.401,1396,2867,23,23,0.95,0.55,0,0,2498,3000,1021,0,2819,2160
5c61db80-672e0874-ba236081-53d2f8ad-ab8d2efb,54.415,54.594,1432,2866,23,23,0.95,0.53,0,0,2498,3000,1021,0,2819,2160
5c61db80-672e0874-ba236081-53d2f8ad-ab8d2efb,54.608,54.804,1411,2847,23,23,0.95,0.51,0,0,2498,3000,1021,0,2819,2160
5c61db80-672e0874-ba236081-53d2f8ad-ab8d2efb,54.873,55.056,1329,3053,23,23,0.95,0.45,0,0,2498,3000,1021,0,2819,2160
5c61db80-672e0874-ba236081-53d2f8ad-ab8d2efb,55.069,55.333,1316,3030,23,23,0.95,0.51,0,0,2498,3000,1021,0,2819,2160
5c61db80-672e0874-ba236081-53d2f8ad-ab8d2efb,55.362,55.486,1407,3055,23,23,0.96,0.52,0,0,2498,3000,1021,0,2819,2160
5c61db80-672e0874-ba236081-53d2f8ad-ab8d2efb,55.513,55.625,1411,2976,23,23,1.0,0.53,0,0,2498,3000,1021,0,2819,2160
5c61db80-672e0874-ba236081-53d2f8ad-ab8d2efb,55.667,55.834,1311,3142,23,23,1.0,0.53,0,0,2498,3000,1021,0,2819,2160
5c61db80-672e0874-ba236081-53d2f8ad-ab8d2efb,55.847,56.042,1324,3078,23,23,1.06,0.53,0,0,2498,3000,1021,0,2819,2160
5c61db80-672e0874-ba236081-53d2f8ad-ab8d2efb,56.056,56.265,1304,3100,23,23,1.06,0.53,0,0,2498,3000,1021,0,2819,2160
5c61db80-672e0874-ba236081-53d2f8ad-ab8d2efb,56.279,56.418,1272,3067,23,23,1.06,0.53,0,0,2498,3000,1021,0,2819,2160
5c61db80-672e0874-ba236081-53d2f8ad-ab8d2efb,56.696,56.822,581,2839,23,23,1.06,0.6,0,0,2498,3000,1021,0,2819,2160
5c61db80-672e0874-ba236081-53d2f8ad-ab8d2efb,56.921,57.073,1353,3006,23,23,1.06,0.65,0,0,2498,3000,1021,0,2819,2160
5c61db80-672e0874-ba236081-53d2f8ad-ab8d2efb,57.086,57.212,1363,2962,23,23,1.06,0.66,0,0,2498,3000,1021,0,2819,2160
5c61db80-672e0874-ba236081-53d2f8ad-ab8d2efb,57.226,57.643,1349,2946,23,23,1.06,0.65,0,0,2498,3000,1021,0,2819,2160
5c61db80-672e0874-ba236081-53d2f8ad-ab8d2efb,58.284,58.395,1330,3055,23,23,1.06,0.59,0,0,2498,3000,1021,0,2819,2160
5c61db80-672e0874-ba236081-53d2f8ad-ab8d2efb,58.409,58.59,1319,2994,23,23,1.06,0.59,0,0,2498,3000,1021,0,2819,2160
5c61db80-672e0874-ba236081-53d2f8ad-ab8d2efb,58.646,58.8,1320,3019,23,23,1.06,0.59,0,0,2498,3000,1021,0,2819,2160
5c61db80-672e0874-ba236081-53d2f8ad-ab8d2efb,58.909,59.022,1110,2966,23,23,1.06,0.59,0,0,2498,3000,1021,0,2819,2160
5c61db80-672e0874-ba236081-53d2f8ad-ab8d2efb,59.174,59.327,1338,3018,23,23,1.06,0.59,0,0,2498,3000,1021,0,2819,2160
5c61db80-672e0874-ba236081-53d2f8ad-ab8d2efb,59.663,59.856,1243,3030,23,23,1.06,0.55,0,0,2498,3000,1021,0,2819,2160
5c61db80-672e0874-ba236081-53d2f8ad-ab8d2efb,59.87,60.148,1249,3087,23,23,1.06,0.55,0,0,2498,3000,1021,0,2819,2160
5c61db80-672e0874-ba236081-53d2f8ad-ab8d2efb,60.162,60.413,1404,3056,23,23,1.06,0.55,0,0,2498,3000,1021,0,2819,2160
5c61db80-672e0874-ba236081-53d2f8ad-ab8d2efb,60.426,60.719,1407,3032,23,23,1.06,0.55,0,0,2498,3000,1021,0,2819,2160
5c61db80-672e0874-ba236081-53d2f8ad-ab8d2efb,60.733,60.858,1408,3038,23,23,1.06,0.55,0,0,2498,3000,1021,0,2819,2160
5c61db80-672e0874-ba236081-53d2f8ad-ab8d2efb,60.872,61.108,1198,3063,23,23,1.06,0.55,0,0,2498,3000,1021,0,2819,2160
5c61db80-672e0874-ba236081-53d2f8ad-ab8d2efb,61.165,61.457,925,3135,23,23,1.06,0.55,0,0,2498,3000,1021,0,2819,2160
5c61db80-672e0874-ba236081-53d2f8ad-ab8d2efb,61.499,61.777,1360,3117,23,23,1.06,0.59,0,0,2498,3000,1021,0,2819,2160
5c61db80-672e0874-ba236081-53d2f8ad-ab8d2efb,61.791,61.93,1324,3119,23,23,1.06,0.56,0,0,2498,3000,1021,0,2819,2160
5c61db80-672e0874-ba236081-53d2f8ad-ab8d2efb,62.0,62.473,1368,2474,23,23,1.05,0.54,0,0,2498,3000,1021,0,2819,2160
5c61db80-672e0874-ba236081-53d2f8ad-ab8d2efb,62.557,63.184,1427,2760,23,23,1.04,0.52,0,0,2498,3000,1021,0,2819,2160
5c61db80-672e0874-ba236081-53d2f8ad-ab8d2efb,63.199,63.506,1444,2773,23,23,1.01,0.37,0,0,2498,3000,1021,0,2819,2160
5c61db80-672e0874-ba236081-53d2f8ad-ab8d2efb,63.606,63.727,1394,3045,23,23,1.01,0.44,0,0,2498,3000,1021,0,2819,2160
5c61db80-672e0874-ba236081-53d2f8ad-ab8d2efb,63.949,64.074,1421,3015,23,23,1.01,0.48,0,0,2498,3000,1021,0,2819,2160
5c61db80-672e0874-ba236081-53d2f8ad-ab8d2efb,64.254,64.367,1376,3035,23,23,1.01,0.5,0,0,2498,3000,1021,0,2819,2160
5c61db80-672e0874-ba236081-53d2f8ad-ab8d2efb,64.379,64.575,1335,3028,23,23,1.01,0.5,0,0,2498,3000,1021,0,2819,2160
5c61db80-672e0874-ba236081-53d2f8ad-ab8d2efb,64.617,64.853,931,3035,23,23,1.01,0.5,0,0,2498,3000,1021,0,2819,2160
5c61db80-672e0874-ba236081-53d2f8ad-ab8d2efb,64.867,65.02,927,3075,23,23,1.01,0.5,0,0,2498,3000,1021,0,2819,2160
5c61db80-672e0874-ba236081-53d2f8ad-ab8d2efb,65.049,65.284,955,2955,23,23,1.01,0.5,0,0,2498,3000,1021,0,2819,2160
5c61db80-672e0874-ba236081-53d2f8ad-ab8d2efb,65.299,65.438,948,2940,23,23,1.01,0.5,0,0,2498,3000,1021,0,2819,2160
5c61db80-672e0874-ba236081-53d2f8ad-ab8d2efb,65.452,65.647,1036,2939,23,23,1.01,0.5,0,0,2498,3000,1021,0,2819,2160
5c61db80-672e0874-ba236081-53d2f8ad-ab8d2efb,65.744,65.869,1305,3090,23,23,1.01,0.5,0,0,2498,3000,1021,0,2819,2160
5c61db80-672e0874-ba236081-53d2f8ad-ab8d2efb,65.897,66.009,1309,3041,23,23,1.01,0.5,0,0,2498,3000,1021,0,2819,2160
5c61db80-672e0874-ba236081-53d2f8ad-ab8d2efb,66.077,66.44,1367,2859,23,23,1.01,0.5,0,0,2498,3000,1021,0,2819,2160
5c61db80-672e0874-ba236081-53d2f8ad-ab8d2efb,66.454,66.677,1362,2857,23,23,1.01,0.5,0,0,2498,3000,1021,0,2819,2160
5c61db80-672e0874-ba236081-53d2f8ad-ab8d2efb,66.83,67.01,1354,3046,23,23,1.01,0.5,0,0,2498,3000,1021,0,2819,2160
5c61db80-672e0874-ba236081-53d2f8ad-ab8d2efb,67.024,67.275,1381,3022,23,23,1.01,0.5,0,0,2498,3000,1021,0,2819,2160
5c61db80-672e0874-ba236081-53d2f8ad-ab8d2efb,67.317,67.442,1179,3001,23,23,1.01,0.5,0,0,2498,3000,1021,0,2819,2160
5c61db80-672e0874-ba236081-53d2f8ad-ab8d2efb,67.763,67.902,1215,3068,23,23,1.01,0.5,0,0,2498,3000,1021,0,2819,2160
5c61db80-672e0874-ba236081-53d2f8ad-ab8d2efb,68.361,68.514,1089,3139,23,23,1.01,0.5,0,0,2498,3000,1021,0,2819,2160
5c61db80-672e0874-ba236081-53d2f8ad-ab8d2efb,68.527,68.987,1015,3109,23,23,1.01,0.5,0,0,2498,3000,1021,0,2819,2160
5c61db80-672e0874-ba236081-53d2f8ad-ab8d2efb,69.028,69.279,1343,2962,23,23,1.01,0.51,0,0,2498,3000,1021,0,2819,2160
5c61db80-672e0874-ba236081-53d2f8ad-ab8d2efb,69.321,69.585,1490,2725,23,23,1.01,0.51,0,0,2498,3000,1021,0,2819,2160
5c61db80-672e0874-ba236081-53d2f8ad-ab8d2efb,69.697,69.808,1009,1895,23,23,1.01,0.53,0,0,2498,3000,1021,0,2819,2160
5c61db80-672e0874-ba236081-53d2f8ad-ab8d2efb,69.822,69.961,1008,1903,23,23,1.01,0.53,0,0,2498,3000,1021,0,2819,2160
5c61db80-672e0874-ba236081-53d2f8ad-ab8d2efb,69.975,70.2,1020,1921,23,23,1.01,0.51,0,0,2498,3000,1021,0,2819,2160
5c61db80-672e0874-ba236081-53d2f8ad-ab8d2efb,70.241,70.365,945,2118,23,23,1.02,0.47,0,0,2498,3000,1021,0,2819,2160
5c61db80-672e0874-ba236081-53d2f8ad-ab8d2efb,70.462,70.729,1232,2817,23,23,1.02,0.46,0,0,2498,3000,1021,0,2819,2160
5c61db80-672e0874-ba236081-53d2f8ad-ab8d2efb,70.741,70.866,1249,2785,23,23,1.02,0.51,0,0,2498,3000,1021,0,2819,2160
5c61db80-672e0874-ba236081-53d2f8ad-ab8d2efb,70.893,71.186,1431,2653,23,23,1.02,0.54,0,0,2498,3000,1021,0,2819,2160
5c61db80-672e0874-ba236081-53d2f8ad-ab8d2efb,71.2,71.325,1457,2627,23,23,1.02,0.55,0,0,2498,3000,1021,0,2819,2160
5c61db80-672e0874-ba236081-53d2f8ad-ab8d2efb,71.382,71.8,1318,2347,23,23,1.02,0.58,0,0,2498,3000,1021,0,2819,2160
5c61db80-672e0874-ba236081-53d2f8ad-ab8d2efb,71.813,72.092,1331,2321,23,23,1.01,0.56,0,0,2498,3000,1021,0,2819,2160
5c61db80-672e0874-ba236081-53d2f8ad-ab8d2efb,72.121,72.384,1118,2128,23,23,1.01,0.52,0,0,2498,3000,1021,0,2819,2160
5c61db80-672e0874-ba236081-53d2f8ad-ab8d2efb,72.411,72.664,1405,2236,23,23,1.01,0.5,0,0,2498,3000,1021,0,2819,2160
5c61db80-672e0874-ba236081-53d2f8ad-ab8d2efb,72.76,73.053,1432,2840,23,23,1.01,0.46,0,0,2498,3000,1021,0,2819,2160
5c61db80-672e0874-ba236081-53d2f8ad-ab8d2efb,73.164,73.302,1387,2367,23,23,1.01,0.39,0,0,2498,3000,1021,0,2819,2160
5c61db80-672e0874-ba236081-53d2f8ad-ab8d2efb,73.427,73.567,1348,2020,23,23,1.01,0.37,0,0,2498,3000,1021,0,2819,2160
5c61db80-672e0874-ba236081-53d2f8ad-ab8d2efb,73.583,73.748,1355,2071,23,23,1.01,0.38,0,0,2498,3000,1021,0,2819,2160
5c61db80-672e0874-ba236081-53d2f8ad-ab8d2efb,73.776,73.971,1333,2234,23,23,1.01,0.42,0,0,2498,3000,1021,0,2819,2160
5c61db80-672e0874-ba236081-53d2f8ad-ab8d2efb,74.054,74.249,967,1879,23,23,1.02,0.47,0,0,2498,3000,1021,0,2819,2160
5c61db80-672e0874-ba236081-53d2f8ad-ab8d2efb,74.263,74.402,928,1906,23,23,1.02,0.51,0,0,2498,3000,1021,0,2819,2160
5c61db80-672e0874-ba236081-53d2f8ad-ab8d2efb,74.514,74.626,1025,2350,23,23,1.02,0.53,0,0,2498,3000,1021,0,2819,2160
5c61db80-672e0874-ba236081-53d2f8ad-ab8d2efb,74.778,75.14,1061,2764,23,23,1.03,0.56,0,0,2498,3000,1021,0,2819,2160
5c61db80-672e0874-ba236081-53d2f8ad-ab8d2efb,75.154,75.362,1083,2758,23,23,1.03,0.52,0,0,2498,3000,1021,0,2819,2160
5c61db80-672e0874-ba236081-53d2f8ad-ab8d2efb,75.391,75.516,1109,2715,23,23,1.03,0.51,0,0,2498,3000,1021,0,2819,2160
5c61db80-672e0874-ba236081-53d2f8ad-ab8d2efb,75.627,75.766,1745,2765,23,23,1.03,0.51,0,0,2498,3000,1021,0,2819,2160
5c61db80-672e0874-ba236081-53d2f8ad-ab8d2efb,75.905,76.031,1898,2741,23,23,1.03,0.51,0,0,2498,3000,1021,0,2819,2160
5c61db80-672e0874-ba236081-53d2f8ad-ab8d2efb,76.044,76.351,1887,2745,23,23,1.03,0.53,0,0,2498,3000,1021,0,2819,2160
5c61db80-672e0874-ba236081-53d2f8ad-ab8d2efb,76.365,76.615,1806,2781,23,23,1.03,0.56,0,0,2498,3000,1021,0,2819,2160
5c61db80-672e0874-ba236081-53d2f8ad-ab8d2efb,76.629,76.741,1807,2787,23,23,1.03,0.57,0,0,2498,3000,1021,0,2819,2160
5c61db80-672e0874-ba236081-53d2f8ad-ab8d2efb,77.102,77.241,926,2749,23,23,1.03,0.6,0,0,2498,3000,1021,0,2819,2160
5c61db80-672e0874-ba236081-53d2f8ad-ab8d2efb,77.255,77.394,948,2711,23,23,1.03,0.6,0,0,2498,3000,1021,0,2819,2160
5c61db80-672e0874-ba236081-53d2f8ad-ab8d2efb,77.408,77.535,964,2749,23,23,1.03,0.6,0,0,2498,3000,1021,0,2819,2160
5c61db80-672e0874-ba236081-53d2f8ad-ab8d2efb,77.576,77.691,1028,2833,23,23,1.03,0.57,0,0,2498,3000,1021,0,2819,2160
5c61db80-672e0874-ba236081-53d2f8ad-ab8d2efb,77.715,78.272,1040,2826,23,23,1.03,0.56,0,0,2498,3000,1021,0,2819,2160
5c61db80-672e0874-ba236081-53d2f8ad-ab8d2efb,78.563,78.674,790,1906,23,23,1.03,0.61,0,0,2498,3000,1021,0,2819,2160
5c61db80-672e0874-ba236081-53d2f8ad-ab8d2efb,78.772,78.941,763,2105,23,23,1.03,0.6,0,0,2498,3000,1021,0,2819,2160
5c61db80-672e0874-ba236081-53d2f8ad-ab8d2efb,78.955,79.093,736,2094,23,23,1.02,0.54,0,0,2498,3000,1021,0,2819,2160
5c61db80-672e0874-ba236081-53d2f8ad-ab8d2efb,79.108,79.259,758,2057,23,23,1.02,0.5,0,0,2498,3000,1021,0,2819,2160
5c61db80-672e0874-ba236081-53d2f8ad-ab8d2efb,79.302,79.469,739,2075,23,23,1.02,0.45,0,0,2498,3000,1021,0,2819,2160
5c61db80-672e0874-ba236081-53d2f8ad-ab8d2efb,79.607,79.886,1088,2156,23,23,1.02,0.52,0,0,2498,3000,1021,0,2819,2160
5c61db80-672e0874-ba236081-53d2f8ad-ab8d2efb,80.069,80.252,691,1500,23,23,1.02,0.59,0,0,2498,3000,1021,0,2819,2160
5c61db80-672e0874-ba236081-53d2f8ad-ab8d2efb,80.334,80.497,777,1535,23,23,1.02,0.64,0,0,2498,3000,1021,0,2819,2160
5c61db80-672e0874-ba236081-53d2f8ad-ab8d2efb,80.609,80.916,893,1616,23,23,1.02,0.64,0,0,2498,3000,1021,0,2819,2160
5c61db80-672e0874-ba236081-53d2f8ad-ab8d2efb,80.93,81.138,477,1239,23,23,1.02,0.58,0,0,2498,3000,1021,0,2819,2160
5c61db80-672e0874-ba236081-53d2f8ad-ab8d2efb,81.151,81.277,484,1250,23,23,1.01,0.57,0,0,2498,3000,1021,0,2819,2160
5c61db80-672e0874-ba236081-53d2f8ad-ab8d2efb,81.374,81.486,985,1714,23,23,1.01,0.56,0,0,2498,3000,1021,0,2819,2160
5c61db80-672e0874-ba236081-53d2f8ad-ab8d2efb,81.625,81.736,1524,1875,23,23,1.01,0.55,0,0,2498,3000,1021,0,2819,2160
5c61db80-672e0874-ba236081-53d2f8ad-ab8d2efb,81.862,81.973,1838,1925,23,23,1.01,0.55,0,0,2498,3000,1021,0,2819,2160
5c61db80-672e0874-ba236081-53d2f8ad-ab8d2efb,82.307,82.446,1822,2425,23,23,1.01,0.55,0,0,2498,3000,1021,0,2819,2160
5c61db80-672e0874-ba236081-53d2f8ad-ab8d2efb,82.461,82.601,1792,2412,23,23,1.01,0.55,0,0,2498,3000,1021,0,2819,2160
5c61db80-672e0874-ba236081-53d2f8ad-ab8d2efb,82.628,82.809,1377,2480,23,23,1.02,0.53,0,0,2498,3000,1021,0,2819,2160
5c61db80-672e0874-ba236081-53d2f8ad-ab8d2efb,82.822,82.934,1351,2499,23,23,1.02,0.51,0,0,2498,3000,1021,0,2819,2160
5c61db80-672e0874-ba236081-53d2f8ad-ab8d2efb,82.948,83.24,1345,2448,23,23,1.02,0.51,0,0,2498,3000,1021,0,2819,2160
5c61db80-672e0874-ba236081-53d2f8ad-ab8d2efb,83.254,83.588,1384,2594,23,23,1.02,0.5,0,0,2498,3000,1021,0,2819,2160
5c61db80-672e0874-ba236081-53d2f8ad-ab8d2efb,83.714,84.005,1412,2859,23,23,1.02,0.5,0,0,2498,3000,1021,0,2819,2160
5c61db80-672e0874-ba236081-53d2f8ad-ab8d2efb,84.019,84.215,1436,2859,23,23,1.02,0.5,0,0,2498,3000,1021,0,2819,2160
5c61db80-672e0874-ba236081-53d2f8ad-ab8d2efb,84.298,84.409,1448,2320,23,23,1.02,0.5,0,0,2498,3000,1021,0,2819,2160
5c61db80-672e0874-ba236081-53d2f8ad-ab8d2efb,84.436,84.603,1442,2290,23,23,1.02,0.5,0,0,2498,3000,1021,0,2819,2160
5c61db80-672e0874-ba236081-53d2f8ad-ab8d2efb,84.618,84.812,1425,2313,23,23,1.02,0.5,0,0,2498,3000,1021,0,2819,2160
5c61db80-672e0874-ba236081-53d2f8ad-ab8d2efb,84.826,85.007,1455,2257,23,23,1.02,0.5,0,0,2498,3000,1021,0,2819,2160
5c61db80-672e0874-ba236081-53d2f8ad-ab8d2efb,85.021,85.133,1432,2318,23,23,1.02,0.5,0,0,2498,3000,1021,0,2819,2160
5c61db80-672e0874-ba236081-53d2f8ad-ab8d2efb,85.202,85.314,1422,2070,23,23,1.02,0.5,0,0,2498,3000,1021,0,2819,2160
5c61db80-672e0874-ba236081-53d2f8ad-ab8d2efb,85.327,85.522,1443,2060,23,23,1.02,0.5,0,0,2498,3000,1021,0,2819,2160
5c61db80-672e0874-ba236081-53d2f8ad-ab8d2efb,85.578,85.856,1378,2442,23,23,1.02,0.53,0,0,2498,3000,1021,0,2819,2160
5c61db80-672e0874-ba236081-53d2f8ad-ab8d2efb,85.871,86.009,1400,2433,23,23,1.02,0.57,0,0,2498,3000,1021,0,2819,2160
5c61db80-672e0874-ba236081-53d2f8ad-ab8d2efb,86.024,86.135,1294,2445,23,23,1.02,0.6,0,0,2498,3000,1021,0,2819,2160
5c61db80-672e0874-ba236081-53d2f8ad-ab8d2efb,86.15,86.595,1308,2433,23,23,1.02,0.6,0,0,2498,3000,1021,0,2819,2160
5c61db80-672e0874-ba236081-53d2f8ad-ab8d2efb,86.609,86.956,1253,2398,23,23,1.03,0.55,0,0,2498,3000,1021,0,2819,2160
5c61db80-672e0874-ba236081-53d2f8ad-ab8d2efb,86.97,87.236,1258,2387,23,23,1.03,0.54,0,0,2498,3000,1021,0,2819,2160
5c61db80-672e0874-ba236081-53d2f8ad-ab8d2efb,87.251,87.658,1312,2447,23,23,1.03,0.51,0,0,2498,3000,1021,0,2819,2160
5c61db80-672e0874-ba236081-53d2f8ad-ab8d2efb,87.972,88.14,1396,2539,23,23,1.03,0.5,0,0,2498,3000,1021,0,2819,2160
5c61db80-672e0874-ba236081-53d2f8ad-ab8d2efb,88.154,88.335,1393,2503,23,23,1.03,0.5,0,0,2498,3000,1021,0,2819,2160
5c61db80-672e0874-ba236081-53d2f8ad-ab8d2efb,88.725,88.906,1384,1900,23,23,1.03,0.51,0,0,2498,3000,1021,0,2819,2160
5c61db80-672e0874-ba236081-53d2f8ad-ab8d2efb,88.92,89.058,1406,1931,23,23,1.03,0.51,0,0,2498,3000,1021,0,2819,2160
5c61db80-672e0874-ba236081-53d2f8ad-ab8d2efb,89.086,89.254,1387,1614,23,23,1.03,0.51,0,0,2498,3000,1021,0,2819,2160
5c61db80-672e0874-ba236081-53d2f8ad-ab8d2efb,89.309,89.685,1012,1878,23,23,1.03,0.49,0,0,2498,3000,1021,0,2819,2160
5c61db80-672e0874-ba236081-53d2f8ad-ab8d2efb,89.7,89.851,1011,1889,23,23,1.03,0.41,0,0,2498,3000,1021,0,2819,2160
5c61db80-672e0874-ba236081-53d2f8ad-ab8d2efb,89.867,90.354,972,1946,23,23,1.03,0.42,0,0,2498,3000,1021,0,2819,2160
5c61db80-672e0874-ba236081-53d2f8ad-ab8d2efb,90.368,90.672,993,1959,23,23,1.03,0.53,0,0,2498,3000,1021,0,2819,2160
5c61db80-672e0874-ba236081-53d2f8ad-ab8d2efb,90.687,90.826,1013,1949,23,23,1.03,0.58,0,0,2498,3000,1021,0,2819,2160
5c61db80-672e0874-ba236081-53d2f8ad-ab8d2efb,90.909,91.035,1083,2107,23,23,1.03,0.58,0,0,2498,3000,1021,0,2819,2160
5c61db80-672e0874-ba236081-53d2f8ad-ab8d2efb,91.202,91.369,1758,1980,23,23,1.03,0.58,0,0,2498,3000,1021,0,2819,2160
5c61db80-672e0874-ba236081-53d2f8ad-ab8d2efb,91.383,91.521,1771,1962,23,23,1.03,0.58,0,0,2498,3000,1021,0,2819,2160
5c61db80-672e0874-ba236081-53d2f8ad-ab8d2efb,91.536,91.716,1754,1985,23,23,1.03,0.58,0,0,2498,3000,1021,0,2819,2160
5c61db80-672e0874-ba236081-53d2f8ad-ab8d2efb,91.941,92.05,1659,1973,23,23,1.02,0.5,0,0,2498,3000,1021,0,2819,2160
5c61db80-672e0874-ba236081-53d2f8ad-ab8d2efb,92.162,92.51,1374,1850,23,23,1.01,0.48,0,0,2498,3000,1021,0,2819,2160
5c61db80-672e0874-ba236081-53d2f8ad-ab8d2efb,92.607,92.734,1129,1722,23,23,1.01,0.52,0,0,2498,3000,1021,0,2819,2160
5c61db80-672e0874-ba236081-53d2f8ad-ab8d2efb,92.749,92.858,1141,1642,23,23,1.01,0.55,0,0,2498,3000,1021,0,2819,2160
5c61db80-672e0874-ba236081-53d2f8ad-ab8d2efb,92.872,92.984,1163,1628,23,23,1.01,0.56,0,0,2498,3000,1021,0,2819,2160
5c61db80-672e0874-ba236081-53d2f8ad-ab8d2efb,93.053,93.222,1420,1730,23,23,1.01,0.56,0,0,2498,3000,1021,0,2819,2160
5c61db80-672e0874-ba236081-53d2f8ad-ab8d2efb,93.499,93.681,1523,1523,23,23,1.01,0.53,0,0,2498,3000,1021,0,2819,2160
5c61db80-672e0874-ba236081-53d2f8ad-ab8d2efb,94.0,94.153,1629,1655,23,23,1.01,0.53,0,0,2498,3000,1021,0,2819,2160
5c61db80-672e0874-ba236081-53d2f8ad-ab8d2efb,94.167,94.279,1636,1634,23,23,1.01,0.53,0,0,2498,3000,1021,0,2819,2160
5c61db80-672e0874-ba236081-53d2f8ad-ab8d2efb,94.292,94.418,1730,1641,23,23,1.01,0.53,0,0,2498,3000,1021,0,2819,2160
5c61db80-672e0874-ba236081-53d2f8ad-ab8d2efb,94.586,94.74,1804,1422,23,23,1.01,0.52,0,0,2498,3000,1021,0,2819,2160
5c61db80-672e0874-ba236081-53d2f8ad-ab8d2efb,94.753,94.947,1815,1446,23,23,1.01,0.48,0,0,2498,3000,1021,0,2819,2160
5c61db80-672e0874-ba236081-53d2f8ad-ab8d2efb,95.1,95.253,1676,1295,23,23,1.01,0.47,0,0,2498,3000,1021,0,2819,2160
5c61db80-672e0874-ba236081-53d2f8ad-ab8d2efb,95.573,95.726,2117,1042,23,23,1.01,0.47,0,0,2498,3000,1021,0,2819,2160
5c61db80-672e0874-ba236081-53d2f8ad-ab8d2efb,96.492,96.673,746,1095,23,23,1.01,0.48,0,0,2498,3000,1021,0,2819,2160
5c61db80-672e0874-ba236081-53d2f8ad-ab8d2efb,96.7,96.826,759,1108,23,23,1.01,0.5,0,0,2498,3000,1021,0,2819,2160
5c61db80-672e0874-ba236081-53d2f8ad-ab8d2efb,96.854,96.979,779,1130,23,23,1.01,0.5,0,0,2498,3000,1021,0,2819,2160
5c61db80-672e0874-ba236081-53d2f8ad-ab8d2efb,97.09,97.201,1097,1074,23,23,1.01,0.5,0,0,2498,3000,1021,0,2819,2160
5c61db80-672e0874-ba236081-53d2f8ad-ab8d2efb,97.633,97.786,1048,1119,23,23,1.01,0.5,0,0,2498,3000,1021,0,2819,2160
5c61db80-672e0874-ba236081-53d2f8ad-ab8d2efb,98.12,98.237,635,1113,23,23,1.0,0.48,0,0,2498,3000,1021,0,2819,2160
5c61db80-672e0874-ba236081-53d2f8ad-ab8d2efb,98.259,98.414,659,1040,23,23,0.96,0.44,0,0,2498,3000,1021,0,2819,2160
5c61db80-672e0874-ba236081-53d2f8ad-ab8d2efb,98.454,98.621,771,1016,23,23,0.96,0.45,0,0,2498,3000,1021,0,2819,2160
5c61db80-672e0874-ba236081-53d2f8ad-ab8d2efb,99.011,99.317,1918,909,23,23,0.96,0.46,0,0,2498,3000,1021,0,2819,2160
5c61db80-672e0874-ba236081-53d2f8ad-ab8d2efb,99.359,99.791,1676,979,23,23,0.98,0.49,0,0,2498,3000,1021,0,2819,2160
5c61db80-672e0874-ba236081-53d2f8ad-ab8d2efb,99.805,100.043,1647,997,23,23,0.98,0.51,0,0,2498,3000,1021,0,2819,2160
5c61db80-672e0874-ba236081-53d2f8ad-ab8d2efb,100.075,100.181,1618,996,23,23,0.97,0.39,0,0,2498,3000,1021,0,2819,2160
5c61db80-672e0874-ba236081-53d2f8ad-ab8d2efb,100.557,100.684,678,1025,23,23,0.97,0.44,0,0,2498,3000,1021,0,2819,2160
5c61db80-672e0874-ba236081-53d2f8ad-ab8d2efb,100.696,100.966,712,1058,23,23,0.97,0.45,0,0,2498,3000,1021,0,2819,2160
5c61db80-672e0874-ba236081-53d2f8ad-ab8d2efb,100.991,101.367,724,1059,23,23,0.97,0.53,0,0,2498,3000,1021,0,2819,2160
5c61db80-672e0874-ba236081-53d2f8ad-ab8d2efb,101.383,101.658,740,1090,23,23,0.96,0.56,0,0,2498,3000,1021,0,2819,2160
5c61db80-672e0874-ba236081-53d2f8ad-ab8d2efb,101.795,101.92,1490,987,23,23,0.96,0.62,0,0,2498,3000,1021,0,2819,2160
5c61db80-672e0874-ba236081-53d2f8ad-ab8d2efb,102.131,102.24,2139,923,23,23,0.96,0.6,0,0,2498,3000,1021,0,2819,2160
5c61db80-672e0874-ba236081-53d2f8ad-ab8d2efb,102.741,102.868,228,1017,23,23,0.96,0.53,0,0,2498,3000,1021,0,2819,2160
5c61db80-672e0874-ba236081-53d2f8ad-ab8d2efb,102.881,103.008,228,1029,23,23,0.95,0.5,0,0,2498,3000,1021,0,2819,2160
5c61db80-672e0874-ba236081-53d2f8ad-ab8d2efb,103.034,103.158,306,1022,23,23,0.95,0.49,0,0,2498,3000,1021,0,2819,2160
5c61db80-672e0874-ba236081-53d2f8ad-ab8d2efb,103.215,103.34,421,1908,23,23,0.95,0.47,0,0,2498,3000,1021,0,2819,2160
5c61db80-672e0874-ba236081-53d2f8ad-ab8d2efb,103.493,103.647,749,2455,23,23,0.94,0.46,0,0,2498,3000,1021,0,2819,2160
5c61db80-672e0874-ba236081-53d2f8ad-ab8d2efb,103.869,104.077,816,2406,23,23,0.94,0.45,0,0,2498,3000,1021,0,2819,2160
5c61db80-672e0874-ba236081-53d2f8ad-ab8d2efb,104.092,104.258,791,2443,23,23,0.94,0.45,0,0,2498,3000,1021,0,2819,2160
5c61db80-672e0874-ba236081-53d2f8ad-ab8d2efb,104.429,104.605,456,2740,23,23,0.94,0.49,0,0,2498,3000,1021,0,2819,2160
5c61db80-672e0874-ba236081-53d2f8ad-ab8d2efb,105.177,105.288,2131,2669,23,23,0.94,0.52,0,0,2498,3000,1021,0,2819,2160
5c61db80-672e0874-ba236081-53d2f8ad-ab8d2efb,105.428,105.582,1981,2509,23,23,0.94,0.49,0,0,2498,3000,1021,0,2819,2160
5c61db80-672e0874-ba236081-53d2f8ad-ab8d2efb,105.749,105.901,2220,1757,23,23,0.94,0.51,0,0,2498,3000,1021,0,2819,2160
5c61db80-672e0874-ba236081-53d2f8ad-ab8d2efb,106.041,106.154,2264,1241,23,23,0.94,0.51,0,0,2498,3000,1021,0,2819,2160
5c61db80-672e0874-ba236081-53d2f8ad-ab8d2efb,106.18,106.305,2229,1270,23,23,0.94,0.53,0,0,2498,3000,1021,0,2819,2160
5c61db80-672e0874-ba236081-53d2f8ad-ab8d2efb,106.472,106.612,2268,1397,23,23,0.94,0.54,0,0,2498,3000,1021,0,2819,2160
5c61db80-672e0874-ba236081-53d2f8ad-ab8d2efb,106.695,106.822,2065,1900,23,23,0.94,0.55,0,0,2498,3000,1021,0,2819,2160
5c61db80-672e0874-ba236081-53d2f8ad-ab8d2efb,106.854,107.114,2032,1896,23,23,0.94,0.58,0,0,2498,3000,1021,0,2819,2160
5c61db80-672e0874-ba236081-53d2f8ad-ab8d2efb,107.698,107.865,462,2115,23,23,0.94,0.54,0,0,2498,3000,1021,0,2819,2160
5c61db80-672e0874-ba236081-53d2f8ad-ab8d2efb,108.087,108.407,672,2082,23,23,0.94,0.54,0,0,2498,3000,1021,0,2819,2160
5c61db80-672e0874-ba236081-53d2f8ad-ab8d2efb,108.421,108.576,692,2087,23,23,0.94,0.5,0,0,2498,3000,1021,0,2819,2160
5c61db80-672e0874-ba236081-53d2f8ad-ab8d2efb,108.589,108.714,567,2133,23,23,0.94,0.49,0,0,2498,3000,1021,0,2819,2160
5c61db80-672e0874-ba236081-53d2f8ad-ab8d2efb,108.88,108.992,722,2543,23,23,0.94,0.47,0,0,2498,3000,1021,0,2819,2160
5c61db80-672e0874-ba236081-53d2f8ad-ab8d2efb,109.076,109.217,1082,2658,23,23,0.94,0.47,0,0,2498,3000,1021,0,2819,2160
5c61db80-672e0874-ba236081-53d2f8ad-ab8d2efb,109.409,109.523,1180,2993,23,23,0.93,0.39,0,0,2498,3000,1021,0,2819,2160
5c61db80-672e0874-ba236081-53d2f8ad-ab8d2efb,109.771,109.912,1312,2693,23,23,0.94,0.48,0,0,2498,3000,1021,0,2819,2160
5c61db80-672e0874-ba236081-53d2f8ad-ab8d2efb,110.147,110.425,1367,2831,23,23,0.94,0.55,0,0,2498,3000,1021,0,2819,2160
5c61db80-672e0874-ba236081-53d2f8ad-ab8d2efb,110.439,110.566,1360,2822,23,23,0.94,0.62,0,0,2498,3000,1021,0,2819,2160
5c61db80-672e0874-ba236081-53d2f8ad-ab8d2efb,110.651,111.024,358,2789,23,23,0.94,0.61,0,0,2498,3000,1021,0,2819,2160
5c61db80-672e0874-ba236081-53d2f8ad-ab8d2efb,111.08,111.219,504,2712,23,23,0.92,0.53,0,0,2498,3000,1021,0,2819,2160
5c61db80-672e0874-ba236081-53d2f8ad-ab8d2efb,111.233,111.483,533,2696,23,23,0.92,0.52,0,0,2498,3000,1021,0,2819,2160
5c61db80-672e0874-ba236081-53d2f8ad-ab8d2efb,111.498,111.609,562,2758,23,23,0.91,0.49,0,0,2498,3000,1021,0,2819,2160
5c61db80-672e0874-ba236081-53d2f8ad-ab8d2efb,111.623,111.874,544,2822,23,23,0.91,0.49,0,0,2498,3000,1021,0,2819,2160
5c61db80-672e0874-ba236081-53d2f8ad-ab8d2efb,111.901,112.068,538,2798,23,23,0.91,0.52,0,0,2498,3000,1021,0,2819,2160
5c61db80-672e0874-ba236081-53d2f8ad-ab8d2efb,112.152,112.388,640,2598,23,23,0.91,0.55,0,0,2498,3000,1021,0,2819,2160
5c61db80-672e0874-ba236081-53d2f8ad-ab8d2efb,112.444,112.569,628,2636,23,23,0.91,0.55,0,0,2498,3000,1021,0,2819,2160
5c61db80-672e0874-ba236081-53d2f8ad-ab8d2efb,113.282,113.405,922,1733,23,23,0.91,0.55,0,0,2498,3000,1021,0,2819,2160
5c61db80-672e0874-ba236081-53d2f8ad-ab8d2efb,113.6,113.781,598,1334,23,23,0.91,0.51,0,0,2498,3000,1021,0,2819,2160
5c61db80-672e0874-ba236081-53d2f8ad-ab8d2efb,113.794,113.92,601,1311,23,23,0.91,0.5,0,0,2498,3000,1021,0,2819,2160
5c61db80-672e0874-ba236081-53d2f8ad-ab8d2efb,114.074,114.268,808,932,23,23,0.91,0.42,0,0,2498,3000,1021,0,2819,2160
5c61db80-672e0874-ba236081-53d2f8ad-ab8d2efb,114.282,114.392,828,985,23,23,0.89,0.32,0,0,2498,3000,1021,0,2819,2160
5c61db80-672e0874-ba236081-53d2f8ad-ab8d2efb,114.984,115.27,2240,878,23,23,0.87,0.23,0,0,2498,3000,1021,0,2819,2160
5c61db80-672e0874-ba236081-53d2f8ad-ab8d2efb,115.451,115.813,2262,1165,23,23,0.88,0.29,0,0,2498,3000,1021,0,2819,2160
5c61db80-672e0874-ba236081-53d2f8ad-ab8d2efb,115.826,116.104,2268,1295,23,23,0.9,0.35,0,0,2498,3000,1021,0,2819,2160
5c61db80-672e0874-ba236081-53d2f8ad-ab8d2efb,116.133,116.272,2293,1551,23,23,0.9,0.37,0,0,2498,3000,1021,0,2819,2160
5c61db80-672e0874-ba236081-53d2f8ad-ab8d2efb,116.314,116.466,1949,1618,23,23,0.91,0.38,0,0,2498,3000,1021,0,2819,2160
5c61db80-672e0874-ba236081-53d2f8ad-ab8d2efb,116.48,116.69,1937,1600,23,23,0.91,0.37,0,0,2498,3000,1021,0,2819,2160
5c61db80-672e0874-ba236081-53d2f8ad-ab8d2efb,116.774,116.884,2066,1771,23,23,0.91,0.33,0,0,2498,3000,1021,0,2819,2160
5c61db80-672e0874-ba236081-53d2f8ad-ab8d2efb,117.023,117.22,2261,1922,23,23,0.91,0.3,0,0,2498,3000,1021,0,2819,2160
5c61db80-672e0874-ba236081-53d2f8ad-ab8d2efb,117.235,117.526,2273,1920,23,23,0.91,0.35,0,0,2498,3000,1021,0,2819,2160
5c61db80-672e0874-ba236081-53d2f8ad-ab8d2efb,117.582,117.845,2173,2264,23,23,0.91,0.43,0,0,2498,3000,1021,0,2819,2160
5c61db80-672e0874-ba236081-53d2f8ad-ab8d2efb,117.942,118.053,2089,2302,23,23,0.91,0.5,0,0,2498,3000,1021,0,2819,2160
5c61db80-672e0874-ba236081-53d2f8ad-ab8d2efb,118.069,118.234,2074,2332,23,23,0.91,0.52,0,0,2498,3000,1021,0,2819,2160
5c61db80-672e0874-ba236081-53d2f8ad-ab8d2efb,118.318,118.568,2061,2494,23,23,0.91,0.53,0,0,2498,3000,1021,0,2819,2160
5c61db80-672e0874-ba236081-53d2f8ad-ab8d2efb,118.583,118.735,2038,2491,23,23,0.91,0.57,0,0,2498,3000,1021,0,2819,2160
5c61db80-672e0874-ba236081-53d2f8ad-ab8d2efb,118.805,118.916,1710,2569,23,23,0.91,0.58,0,0,2498,3000,1021,0,2819,2160
5c61db80-672e0874-ba236081-53d2f8ad-ab8d2efb,118.931,119.083,1695,2546,23,23,0.91,0.58,0,0,2498,3000,1021,0,2819,2160
5c61db80-672e0874-ba236081-53d2f8ad-ab8d2efb,119.111,119.278,1749,2588,23,23,0.91,0.58,0,0,2498,3000,1021,0,2819,2160
5c61db80-672e0874-ba236081-53d2f8ad-ab8d2efb,119.292,119.447,1734,2558,23,23,0.91,0.57,0,0,2498,3000,1021,0,2819,2160
5c61db80-672e0874-ba236081-53d2f8ad-ab8d2efb,119.473,119.682,1127,2613,23,23,0.91,0.56,0,0,2498,3000,1021,0,2819,2160
5c61db80-672e0874-ba236081-53d2f8ad-ab8d2efb,119.766,119.877,1048,2637,23,23,0.91,0.56,0,0,2498,3000,1021,0,2819,2160
5c61db80-672e0874-ba236081-53d2f8ad-ab8d2efb,119.975,120.1,745,2644,23,23,0.91,0.55,0,0,2498,3000,1021,0,2819,2160
5c61db80-672e0874-ba236081-53d2f8ad-ab8d2efb,120.254,120.378,1216,2582,23,23,0.91,0.54,0,0,2498,3000,1021,0,2819,2160
5c61db80-672e0874-ba236081-53d2f8ad-ab8d2efb,120.391,120.559,1252,2603,23,23,0.91,0.53,0,0,2498,3000,1021,0,2819,2160
5c61db80-672e0874-ba236081-53d2f8ad-ab8d2efb,120.67,120.795,1255,2400,23,23,0.91,0.53,0,0,2498,3000,1021,0,2819,2160
5c61db80-672e0874-ba236081-53d2f8ad-ab8d2efb,121.283,121.414,1804,2866,23,23,0.91,0.53,0,0,2498,3000,1021,0,2819,2160
5c61db80-672e0874-ba236081-53d2f8ad-ab8d2efb,121.436,121.603,1803,2896,23,23,0.91,0.58,0,0,2498,3000,1021,0,2819,2160
5c61db80-672e0874-ba236081-53d2f8ad-ab8d2efb,121.922,122.076,1046,2728,23,23,0.91,0.58,0,0,2498,3000,1021,0,2819,2160
5c61db80-672e0874-ba236081-53d2f8ad-ab8d2efb,122.09,122.202,1027,2781,23,23,0.89,0.49,0,0,2498,3000,1021,0,2819,2160
5c61db80-672e0874-ba236081-53d2f8ad-ab8d2efb,122.216,122.326,996,2804,23,23,0.89,0.49,0,0,2498,3000,1021,0,2819,2160
5c61db80-672e0874-ba236081-53d2f8ad-ab8d2efb,122.368,122.508,713,2189,23,23,0.89,0.49,0,0,2498,3000,1021,0,2819,2160
5c61db80-672e0874-ba236081-53d2f8ad-ab8d2efb,122.633,122.802,652,1961,23,23,0.91,0.57,0,0,2498,3000,1021,0,2819,2160
5c61db80-672e0874-ba236081-53d2f8ad-ab8d2efb,123.066,123.204,746,1996,23,23,0.91,0.53,0,0,2498,3000,1021,0,2819,2160
5c61db80-672e0874-ba236081-53d2f8ad-ab8d2efb,123.274,123.483,557,1491,23,23,0.9,0.53,0,0,2498,3000,1021,0,2819,2160
5c61db80-672e0874-ba236081-53d2f8ad-ab8d2efb,123.496,123.65,570,1507,23,23,0.9,0.54,0,0,2498,3000,1021,0,2819,2160
5c61db80-672e0874-ba236081-53d2f8ad-ab8d2efb,123.705,123.816,583,1243,23,23,0.9,0.54,0,0,2498,3000,1021,0,2819,2160
5c61db80-672e0874-ba236081-53d2f8ad-ab8d2efb,124.053,124.164,835,1192,23,23,0.9,0.54,0,0,2498,3000,1021,0,2819,2160
5c61db80-672e0874-ba236081-53d2f8ad-ab8d2efb,124.512,124.638,1626,1705,23,23,0.9,0.54,0,0,2498,3000,1021,0,2819,2160
5c61db80-672e0874-ba236081-53d2f8ad-ab8d2efb,124.707,124.902,1884,1720,23,23,0.9,0.54,0,0,2498,3000,1021,0,2819,2160
5c61db80-672e0874-ba236081-53d2f8ad-ab8d2efb,125.168,125.277,2347,1044,23,23,0.9,0.51,0,0,2498,3000,1021,0,2819,2160
5c61db80-672e0874-ba236081-53d2f8ad-ab8d2efb,125.348,125.472,2203,1061,23,23,0.9,0.57,0,0,2498,3000,1021,0,2819,2160
5c61db80-672e0874-ba236081-53d2f8ad-ab8d2efb,125.514,125.682,2288,1117,23,23,0.91,0.6,0,0,2498,3000,1021,0,2819,2160
5c61db80-672e0874-ba236081-53d2f8ad-ab8d2efb,125.753,126.058,1912,813,23,23,0.91,0.59,0,0,2498,3000,1021,0,2819,2160
5c61db80-672e0874-ba236081-53d2f8ad-ab8d2efb,126.071,126.28,1922,795,23,23,0.91,0.54,0,0,2498,3000,1021,0,2819,2160
cb1f25ef-87f09c2a-0f656ffe-f63022ab-8b305520,0.0,0.416,1511,1396,23,23,1.0,0.5,0,0,2498,3000,1021,0,2819,2160
cb1f25ef-87f09c2a-0f656ffe-f63022ab-8b305520,0.43,0.599,1245,1715,23,23,1.0,0.5,0,0,2498,3000,1021,0,2819,2160
cb1f25ef-87f09c2a-0f656ffe-f63022ab-8b305520,0.669,0.876,996,1585,23,23,1.0,0.5,0,0,2498,3000,1021,0,2819,2160
cb1f25ef-87f09c2a-0f656ffe-f63022ab-8b305520,1.476,1.6,1326,2928,23,23,1.0,0.5,0,0,2498,3000,1021,0,2819,2160
cb1f25ef-87f09c2a-0f656ffe-f63022ab-8b305520,1.656,1.781,1297,2863,23,23,1.0,0.5,0,0,2498,3000,1021,0,2819,2160
cb1f25ef-87f09c2a-0f656ffe-f63022ab-8b305520,1.921,2.061,661,2538,23,23,1.0,0.5,0,0,2498,3000,1021,0,2819,2160
cb1f25ef-87f09c2a-0f656ffe-f63022ab-8b305520,2.075,2.283,313,2292,23,23,1.0,0.5,0,0,2498,3000,1021,0,2819,2160
cb1f25ef-87f09c2a-0f656ffe-f63022ab-8b305520,2.477,2.699,1230,2761,23,23,1.0,0.5,0,0,2498,3000,1021,0,2819,2160
cb1f25ef-87f09c2a-0f656ffe-f63022ab-8b305520,2.714,3.006,1242,2794,23,23,1.0,0.5,0,0,2498,3000,1021,0,2819,2160
cb1f25ef-87f09c2a-0f656ffe-f63022ab-8b305520,3.23,3.369,1691,2801,23,23,1.0,0.5,0,0,2498,3000,1021,0,2819,2160
cb1f25ef-87f09c2a-0f656ffe-f63022ab-8b305520,3.424,3.646,2100,2486,23,23,1.0,0.5,0,0,2498,3000,1021,0,2819,2160
cb1f25ef-87f09c2a-0f656ffe-f63022ab-8b305520,3.73,3.939,1933,2347,23,23,1.0,0.5,0,0,2498,3000,1021,0,2819,2160
cb1f25ef-87f09c2a-0f656ffe-f63022ab-8b305520,4.078,4.343,1418,1825,23,23,1.0,0.5,0,0,2498,3000,1021,0,2819,2160
cb1f25ef-87f09c2a-0f656ffe-f63022ab-8b305520,4.525,4.663,769,1501,23,23,1.0,0.5,0,0,2498,3000,1021,0,2819,2160
cb1f25ef-87f09c2a-0f656ffe-f63022ab-8b305520,4.677,5.038,806,1465,23,23,1.0,0.5,0,0,2498,3000,1021,0,2819,2160
cb1f25ef-87f09c2a-0f656ffe-f63022ab-8b305520,5.107,5.274,1813,693,23,23,1.0,0.5,0,0,2498,3000,1021,0,2819,2160
cb1f25ef-87f09c2a-0f656ffe-f63022ab-8b305520,5.316,5.678,1853,1356,23,23,1.0,0.5,0,0,2498,3000,1021,0,2819,2160
cb1f25ef-87f09c2a-0f656ffe-f63022ab-8b305520,5.747,5.998,2181,1212,23,23,1.0,0.5,0,0,2498,3000,1021,0,2819,2160
cb1f25ef-87f09c2a-0f656ffe-f63022ab-8b305520,6.04,6.415,1946,1117,23,23,1.0,0.5,0,0,2498,3000,1021,0,2819,2160
cb1f25ef-87f09c2a-0f656ffe-f63022ab-8b305520,6.486,6.652,1694,1167,23,23,1.0,0.5,0,0,2498,3000,1021,0,2819,2160
cb1f25ef-87f09c2a-0f656ffe-f63022ab-8b305520,6.693,7.125,968,1130,23,23,1.0,0.5,0,0,2498,3000,1021,0,2819,2160
cb1f25ef-87f09c2a-0f656ffe-f63022ab-8b305520,7.139,7.264,951,1117,23,23,1.0,0.5,0,0,2498,3000,1021,0,2819,2160
cb1f25ef-87f09c2a-0f656ffe-f63022ab-8b305520,7.307,7.446,583,1035,23,23,1.0,0.5,0,0,2498,3000,1021,0,2819,2160
cb1f25ef-87f09c2a-0f656ffe-f63022ab-8b305520,7.668,7.821,808,1888,23,23,1.0,0.5,0,0,2498,3000,1021,0,2819,2160
cb1f25ef-87f09c2a-0f656ffe-f63022ab-8b305520,7.835,8.24,826,1889,23,23,1.0,0.5,0,0,2498,3000,1021,0,2819,2160
cb1f25ef-87f09c2a-0f656ffe-f63022ab-8b305520,8.351,8.686,2217,1670,23,23,1.0,0.5,0,0,2498,3000,1021,0,2819,2160
cb1f25ef-87f09c2a-0f656ffe-f63022ab-8b305520,8.81,9.035,1863,1707,23,23,1.0,0.5,0,0,2498,3000,1021,0,2819,2160
cb1f25ef-87f09c2a-0f656ffe-f63022ab-8b305520,9.089,9.325,1966,2092,23,23,1.0,0.5,0,0,2498,3000,1021,0,2819,2160
cb1f25ef-87f09c2a-0f656ffe-f63022ab-8b305520,9.409,9.562,940,1965,23,23,1.0,0.5,0,0,2498,3000,1021,0,2819,2160
cb1f25ef-87f09c2a-0f656ffe-f63022ab-8b305520,9.59,9.715,1251,1822,23,23,1.0,0.5,0,0,2498,3000,1021,0,2819,2160
cb1f25ef-87f09c2a-0f656ffe-f63022ab-8b305520,9.882,10.049,1435,1815,23,23,1.0,0.5,0,0,2498,3000,1021,0,2819,2160
cb1f25ef-87f09c2a-0f656ffe-f63022ab-8b305520,10.119,10.313,1040,2133,23,23,1.0,0.5,0,0,2498,3000,1021,0,2819,2160
cb1f25ef-87f09c2a-0f656ffe-f63022ab-8b305520,10.467,10.592,792,1139,23,23,1.0,0.5,0,0,2498,3000,1021,0,2819,2160
cb1f25ef-87f09c2a-0f656ffe-f63022ab-8b305520,10.689,10.94,1019,1124,23,23,1.0,0.5,0,0,2498,3000,1021,0,2819,2160
cb1f25ef-87f09c2a-0f656ffe-f63022ab-8b305520,10.968,11.148,690,901,23,23,1.0,0.5,0,0,2498,3000,1021,0,2819,2160
cb1f25ef-87f09c2a-0f656ffe-f63022ab-8b305520,11.652,11.872,2370,559,23,23,1.0,0.5,0,0,2498,3000,1021,0,2819,2160
cb1f25ef-87f09c2a-0f656ffe-f63022ab-8b305520,11.886,12.054,2354,597,23,23,1.0,0.5,0,0,2498,3000,1021,0,2819,2160
cb1f25ef-87f09c2a-0f656ffe-f63022ab-8b305520,12.095,12.207,2231,995,23,23,1.0,0.5,0,0,2498,3000,1021,0,2819,2160
cb1f25ef-87f09c2a-0f656ffe-f63022ab-8b305520,12.22,12.36,2248,1055,23,23,1.0,0.5,0,0,2498,3000,1021,0,2819,2160
cb1f25ef-87f09c2a-0f656ffe-f63022ab-8b305520,12.541,12.652,1604,1127,23,23,1.0,0.5,0,0,2498,3000,1021,0,2819,2160
cb1f25ef-87f09c2a-0f656ffe-f63022ab-8b305520,12.82,12.958,1542,1837,23,23,1.0,0.5,0,0,2498,3000,1021,0,2819,2160
cb1f25ef-87f09c2a-0f656ffe-f63022ab-8b305520,12.987,13.223,1850,1299,23,23,1.0,0.5,0,0,2498,3000,1021,0,2819,2160
cb1f25ef-87f09c2a-0f656ffe-f63022ab-8b305520,13.237,13.445,1748,1285,23,23,1.0,0.5,0,0,2498,3000,1021,0,2819,2160
cb1f25ef-87f09c2a-0f656ffe-f63022ab-8b305520,13.46,13.683,1720,1288,23,23,1.0,0.5,0,0,2498,3000,1021,0,2819,2160
cb1f25ef-87f09c2a-0f656ffe-f63022ab-8b305520,13.697,13.989,1737,1284,23,23,1.0,0.5,0,0,2498,3000,1021,0,2819,2160
cb1f25ef-87f09c2a-0f656ffe-f63022ab-8b305520,14.102,14.462,1913,1164,23,23,1.0,0.5,0,0,2498,3000,1021,0,2819,2160
cb1f25ef-87f09c2a-0f656ffe-f63022ab-8b305520,14.615,14.756,998,1698,23,23,1.0,0.5,0,0,2498,3000,1021,0,2819,2160
cb1f25ef-87f09c2a-0f656ffe-f63022ab-8b305520,14.921,15.074,698,1605,23,23,1.0,0.5,0,0,2498,3000,1021,0,2819,2160
cb1f25ef-87f09c2a-0f656ffe-f63022ab-8b305520,15.102,15.213,346,1093,23,23,1.0,0.5,0,0,2498,3000,1021,0,2819,2160
cb1f25ef-87f09c2a-0f656ffe-f63022ab-8b305520,15.227,15.367,381,1049,23,23,1.0,0.5,0,0,2498,3000,1021,0,2819,2160
cb1f25ef-87f09c2a-0f656ffe-f63022ab-8b305520,15.381,15.52,429,1073,23,23,1.0,0.5,0,0,2498,3000,1021,0,2819,2160
cb1f25ef-87f09c2a-0f656ffe-f63022ab-8b305520,15.547,15.672,494,928,23,23,1.0,0.5,0,0,2498,3000,1021,0,2819,2160
cb1f25ef-87f09c2a-0f656ffe-f63022ab-8b305520,15.687,16.216,530,952,23,23,1.0,0.5,0,0,2498,3000,1021,0,2819,2160
cb1f25ef-87f09c2a-0f656ffe-f63022ab-8b305520,16.314,16.606,508,983,23,23,1.0,0.5,0,0,2498,3000,1021,0,2819,2160
cb1f25ef-87f09c2a-0f656ffe-f63022ab-8b305520,16.633,16.912,978,1113,23,23,1.0,0.5,0,0,2498,3000,1021,0,2819,2160
cb1f25ef-87f09c2a-0f656ffe-f63022ab-8b305520,16.94,17.357,405,951,23,23,1.0,0.5,0,0,2498,3000,1021,0,2819,2160
cb1f25ef-87f09c2a-0f656ffe-f63022ab-8b305520,17.566,17.706,1532,2682,23,23,1.0,0.5,0,0,2498,3000,1021,0,2819,2160
cb1f25ef-87f09c2a-0f656ffe-f63022ab-8b305520,17.859,17.984,1235,2862,23,23,1.0,0.5,0,0,2498,3000,1021,0,2819,2160
cb1f25ef-87f09c2a-0f656ffe-f63022ab-8b305520,17.998,18.137,1230,2848,23,23,1.0,0.5,0,0,2498,3000,1021,0,2819,2160
cb1f25ef-87f09c2a-0f656ffe-f63022ab-8b305520,18.165,18.471,1317,2927,23,23,1.0,0.5,0,0,2498,3000,1021,0,2819,2160
cb1f25ef-87f09c2a-0f656ffe-f63022ab-8b305520,18.486,18.596,1324,2924,23,23,1.0,0.5,0,0,2498,3000,1021,0,2819,2160
cb1f25ef-87f09c2a-0f656ffe-f63022ab-8b305520,18.624,18.903,1421,2704,23,23,1.0,0.5,0,0,2498,3000,1021,0,2819,2160
cb1f25ef-87f09c2a-0f656ffe-f63022ab-8b305520,18.917,19.209,1413,2667,23,23,1.0,0.5,0,0,2498,3000,1021,0,2819,2160
cb1f25ef-87f09c2a-0f656ffe-f63022ab-8b305520,19.236,19.376,1306,2987,23,23,1.0,0.5,0,0,2498,3000,1021,0,2819,2160
cb1f25ef-87f09c2a-0f656ffe-f63022ab-8b305520,19.39,19.515,1308,2952,23,23,1.0,0.5,0,0,2498,3000,1021,0,2819,2160
cb1f25ef-87f09c2a-0f656ffe-f63022ab-8b305520,19.528,19.668,1163,3096,23,23,1.0,0.5,0,0,2498,3000,1021,0,2819,2160
cb1f25ef-87f09c2a-0f656ffe-f63022ab-8b305520,19.682,19.862,1158,3079,23,23,1.0,0.5,0,0,2498,3000,1021,0,2819,2160
cb1f25ef-87f09c2a-0f656ffe-f63022ab-8b305520,19.89,20.071,996,2822,23,23,1.0,0.5,0,0,2498,3000,1021,0,2819,2160
cb1f25ef-87f09c2a-0f656ffe-f63022ab-8b305520,20.17,20.28,399,2378,23,23,1.0,0.5,0,0,2498,3000,1021,0,2819,2160
cb1f25ef-87f09c2a-0f656ffe-f63022ab-8b305520,20.294,20.434,366,2357,23,23,1.0,0.5,0,0,2498,3000,1021,0,2819,2160
cb1f25ef-87f09c2a-0f656ffe-f63022ab-8b305520,20.461,20.572,428,2376,23,23,1.0,0.5,0,0,2498,3000,1021,0,2819,2160
cb1f25ef-87f09c2a-0f656ffe-f63022ab-8b305520,20.587,20.893,513,2529,23,23,1.0,0.5,0,0,2498,3000,1021,0,2819,2160
cb1f25ef-87f09c2a-0f656ffe-f63022ab-8b305520,20.907,21.422,690,2396,23,23,1.0,0.5,0,0,2498,3000,1021,0,2819,2160
cb1f25ef-87f09c2a-0f656ffe-f63022ab-8b305520,22.049,22.159,1450,2766,23,23,1.0,0.5,0,0,2498,3000,1021,0,2819,2160
cb1f25ef-87f09c2a-0f656ffe-f63022ab-8b305520,22.412,22.606,1320,2366,23,23,1.0,0.5,0,0,2498,3000,1021,0,2819,2160
cb1f25ef-87f09c2a-0f656ffe-f63022ab-8b305520,22.62,22.745,1322,2355,23,23,1.0,0.5,0,0,2498,3000,1021,0,2819,2160
cb1f25ef-87f09c2a-0f656ffe-f63022ab-8b305520,22.773,22.926,1283,2546,23,23,1.0,0.5,0,0,2498,3000,1021,0,2819,2160
cb1f25ef-87f09c2a-0f656ffe-f63022ab-8b305520,22.94,23.26,1292,2571,23,23,1.0,0.5,0,0,2498,3000,1021,0,2819,2160
cb1f25ef-87f09c2a-0f656ffe-f63022ab-8b305520,23.274,23.385,1296,2596,23,23,1.0,0.5,0,0,2498,3000,1021,0,2819,2160
cb1f25ef-87f09c2a-0f656ffe-f63022ab-8b305520,23.399,23.566,1344,2547,23,23,1.0,0.5,0,0,2498,3000,1021,0,2819,2160
cb1f25ef-87f09c2a-0f656ffe-f63022ab-8b305520,23.579,23.803,1353,2521,23,23,1.0,0.5,0,0,2498,3000,1021,0,2819,2160
cb1f25ef-87f09c2a-0f656ffe-f63022ab-8b305520,23.816,24.149,1331,2480,23,23,1.0,0.5,0,0,2498,3000,1021,0,2819,2160
cb1f25ef-87f09c2a-0f656ffe-f63022ab-8b305520,24.163,24.581,1328,2475,23,23,1.0,0.5,0,0,2498,3000,1021,0,2819,2160
cb1f25ef-87f09c2a-0f656ffe-f63022ab-8b305520,24.664,24.985,1466,2605,23,23,1.0,0.5,0,0,2498,3000,1021,0,2819,2160
cb1f25ef-87f09c2a-0f656ffe-f63022ab-8b305520,25.04,25.262,1849,2233,23,23,1.0,0.5,0,0,2498,3000,1021,0,2819,2160
cb1f25ef-87f09c2a-0f656ffe-f63022ab-8b305520,25.389,25.555,1984,2232,23,23,1.0,0.5,0,0,2498,3000,1021,0,2819,2160
cb1f25ef-87f09c2a-0f656ffe-f63022ab-8b305520,25.847,25.974,1499,2736,23,23,1.0,0.5,0,0,2498,3000,1021,0,2819,2160
cb1f25ef-87f09c2a-0f656ffe-f63022ab-8b305520,26.099,26.253,1550,1528,23,23,1.0,0.5,0,0,2498,3000,1021,0,2819,2160
cb1f25ef-87f09c2a-0f656ffe-f63022ab-8b305520,26.404,26.546,1842,979,23,23,1.0,0.5,0,0,2498,3000,1021,0,2819,2160
cb1f25ef-87f09c2a-0f656ffe-f63022ab-8b305520,26.657,26.879,1835,1012,23,23,1.0,0.5,0,0,2498,3000,1021,0,2819,2160
cb1f25ef-87f09c2a-0f656ffe-f63022ab-8b305520,26.92,27.073,1248,1162,23,23,1.0,0.5,0,0,2498,3000,1021,0,2819,2160
cb1f25ef-87f09c2a-0f656ffe-f63022ab-8b305520,27.172,27.353,1275,1235,23,23,1.0,0.5,0,0,2498,3000,1021,0,2819,2160
cb1f25ef-87f09c2a-0f656ffe-f63022ab-8b305520,27.367,27.56,1100,1163,23,23,1.0,0.5,0,0,2498,3000,1021,0,2819,2160
cb1f25ef-87f09c2a-0f656ffe-f63022ab-8b305520,27.574,27.894,1115,1191,23,23,1.0,0.5,0,0,2498,3000,1021,0,2819,2160
cb1f25ef-87f09c2a-0f656ffe-f63022ab-8b305520,27.936,28.047,1045,1366,23,23,1.0,0.5,0,0,2498,3000,1021,0,2819,2160
cb1f25ef-87f09c2a-0f656ffe-f63022ab-8b305520,28.063,28.312,1039,1393,23,23,1.0,0.5,0,0,2498,3000,1021,0,2819,2160
cb1f25ef-87f09c2a-0f656ffe-f63022ab-8b305520,28.34,28.73,983,1216,23,23,1.0,0.5,0,0,2498,3000,1021,0,2819,2160
cb1f25ef-87f09c2a-0f656ffe-f63022ab-8b305520,28.759,28.967,1087,1379,23,23,1.0,0.5,0,0,2498,3000,1021,0,2819,2160
cb1f25ef-87f09c2a-0f656ffe-f63022ab-8b305520,29.05,29.192,2142,1391,23,23,1.0,0.5,0,0,2498,3000,1021,0,2819,2160
cb1f25ef-87f09c2a-0f656ffe-f63022ab-8b305520,29.203,29.356,2107,1389,23,23,1.0,0.5,0,0,2498,3000,1021,0,2819,2160
cb1f25ef-87f09c2a-0f656ffe-f63022ab-8b305520,29.662,29.815,996,1104,23,23,1.0,0.5,0,0,2498,3000,1021,0,2819,2160
cb1f25ef-87f09c2a-0f656ffe-f63022ab-8b305520,29.857,29.969,949,1095,23,23,1.0,0.5,0,0,2498,3000,1021,0,2819,2160
cb1f25ef-87f09c2a-0f656ffe-f63022ab-8b305520,30.079,30.205,991,948,23,23,1.0,0.5,0,0,2498,3000,1021,0,2819,2160
cb1f25ef-87f09c2a-0f656ffe-f63022ab-8b305520,30.483,30.637,1106,1592,23,23,1.0,0.5,0,0,2498,3000,1021,0,2819,2160
cb1f25ef-87f09c2a-0f656ffe-f63022ab-8b305520,30.761,30.873,890,1657,23,23,1.0,0.5,0,0,2498,3000,1021,0,2819,2160
cb1f25ef-87f09c2a-0f656ffe-f63022ab-8b305520,30.888,31.054,895,1641,23,23,1.0,0.5,0,0,2498,3000,1021,0,2819,2160
cb1f25ef-87f09c2a-0f656ffe-f63022ab-8b305520,31.095,31.318,1011,2255,23,23,1.0,0.5,0,0,2498,3000,1021,0,2819,2160
cb1f25ef-87f09c2a-0f656ffe-f63022ab-8b305520,31.463,31.569,2502,2105,23,23,1.0,0.5,0,0,2498,3000,1021,0,2819,2160
cb1f25ef-87f09c2a-0f656ffe-f63022ab-8b305520,31.582,31.695,2446,2116,23,23,1.0,0.5,0,0,2498,3000,1021,0,2819,2160
cb1f25ef-87f09c2a-0f656ffe-f63022ab-8b305520,33.017,33.296,1658,1516,23,23,1.0,0.48,0,0,2498,3000,1021,0,2819,2160
cb1f25ef-87f09c2a-0f656ffe-f63022ab-8b305520,33.31,33.479,1643,1551,23,23,1.0,0.48,0,0,2498,3000,1021,0,2819,2160
cb1f25ef-87f09c2a-0f656ffe-f63022ab-8b305520,33.492,33.671,1648,1650,23,23,0.95,0.91,0,0,2498,3000,1021,0,2819,2160
cb1f25ef-87f09c2a-0f656ffe-f63022ab-8b305520,33.938,34.215,903,1690,23,23,1.04,0.57,0,0,2498,3000,1021,0,2819,2160
cb1f25ef-87f09c2a-0f656ffe-f63022ab-8b305520,34.27,34.423,989,1296,23,23,1.06,0.43,0,0,2498,3000,1021,0,2819,2160
cb1f25ef-87f09c2a-0f656ffe-f63022ab-8b305520,34.493,34.618,1191,2030,23,23,1.06,0.43,0,0,2498,3000,1021,0,2819,2160
cb1f25ef-87f09c2a-0f656ffe-f63022ab-8b305520,34.631,34.854,1188,2037,23,23,1.06,0.44,0,0,2498,3000,1021,0,2819,2160
cb1f25ef-87f09c2a-0f656ffe-f63022ab-8b305520,34.98,35.092,1266,2219,23,23,1.04,0.48,0,0,2498,3000,1021,0,2819,2160
cb1f25ef-87f09c2a-0f656ffe-f63022ab-8b305520,35.481,35.591,1624,1928,23,23,1.04,0.54,0,0,2498,3000,1021,0,2819,2160
cb1f25ef-87f09c2a-0f656ffe-f63022ab-8b305520,35.661,35.913,1171,1872,23,23,1.04,0.54,0,0,2498,3000,1021,0,2819,2160
cb1f25ef-87f09c2a-0f656ffe-f63022ab-8b305520,35.926,36.219,1165,1857,23,23,1.04,0.56,0,0,2498,3000,1021,0,2819,2160
cb1f25ef-87f09c2a-0f656ffe-f63022ab-8b305520,36.246,36.357,815,2092,23,23,1.07,0.58,0,0,2498,3000,1021,0,2819,2160
cb1f25ef-87f09c2a-0f656ffe-f63022ab-8b305520,36.387,36.539,734,2092,23,23,1.07,0.58,0,0,2498,3000,1021,0,2819,2160
cb1f25ef-87f09c2a-0f656ffe-f63022ab-8b305520,36.568,36.679,778,1907,23,23,1.07,0.57,0,0,2498,3000,1021,0,2819,2160
cb1f25ef-87f09c2a-0f656ffe-f63022ab-8b305520,37.026,37.127,1984,1848,23,23,1.05,0.49,0,0,2498,3000,1021,0,2819,2160
cb1f25ef-87f09c2a-0f656ffe-f63022ab-8b305520,37.583,37.749,2099,1818,23,23,1.04,0.39,0,0,2498,3000,1021,0,2819,2160
cb1f25ef-87f09c2a-0f656ffe-f63022ab-8b305520,37.763,38.001,2093,1828,23,23,1.04,0.39,0,0,2498,3000,1021,0,2819,2160
cb1f25ef-87f09c2a-0f656ffe-f63022ab-8b305520,38.07,38.224,1720,1730,23,23,1.04,0.44,0,0,2498,3000,1021,0,2819,2160
cb1f25ef-87f09c2a-0f656ffe-f63022ab-8b305520,38.239,38.364,1530,1595,23,23,1.04,0.51,0,0,2498,3000,1021,0,2819,2160
cb1f25ef-87f09c2a-0f656ffe-f63022ab-8b305520,38.419,38.586,2032,1037,23,23,1.04,0.61,0,0,2498,3000,1021,0,2819,2160
cb1f25ef-87f09c2a-0f656ffe-f63022ab-8b305520,38.683,38.865,1488,2422,23,23,1.05,0.6,0,0,2498,3000,1021,0,2819,2160
cb1f25ef-87f09c2a-0f656ffe-f63022ab-8b305520,39.06,39.24,1220,2926,23,23,1.05,0.47,0,0,2498,3000,1021,0,2819,2160
cb1f25ef-87f09c2a-0f656ffe-f63022ab-8b305520,39.434,39.588,2134,2799,23,23,1.04,0.43,0,0,2498,3000,1021,0,2819,2160
cb1f25ef-87f09c2a-0f656ffe-f63022ab-8b305520,39.658,39.991,1953,826,23,23,1.03,0.4,0,0,2498,3000,1021,0,2819,2160
cb1f25ef-87f09c2a-0f656ffe-f63022ab-8b305520,40.006,40.214,1930,835,23,23,1.03,0.38,0,0,2498,3000,1021,0,2819,2160
cb1f25ef-87f09c2a-0f656ffe-f63022ab-8b305520,40.339,40.464,1130,2683,23,23,1.03,0.38,0,0,2498,3000,1021,0,2819,2160
cb1f25ef-87f09c2a-0f656ffe-f63022ab-8b305520,40.52,40.659,1120,2677,23,23,1.03,0.38,0,0,2498,3000,1021,0,2819,2160
cb1f25ef-87f09c2a-0f656ffe-f63022ab-8b305520,40.673,40.826,1147,2637,23,23,1.03,0.38,0,0,2498,3000,1021,0,2819,2160
cb1f25ef-87f09c2a-0f656ffe-f63022ab-8b305520,40.881,41.578,446,2389,23,23,1.03,0.38,0,0,2498,3000,1021,0,2819,2160
cb1f25ef-87f09c2a-0f656ffe-f63022ab-8b305520,41.675,42.206,1406,2194,23,23,1.03,0.41,0,0,2498,3000,1021,0,2819,2160
cb1f25ef-87f09c2a-0f656ffe-f63022ab-8b305520,42.232,42.371,1284,2677,23,23,1.03,0.46,0,0,2498,3000,1021,0,2819,2160
cb1f25ef-87f09c2a-0f656ffe-f63022ab-8b305520,42.414,42.622,1201,2871,23,23,1.03,0.48,0,0,2498,3000,1021,0,2819,2160
cb1f25ef-87f09c2a-0f656ffe-f63022ab-8b305520,42.678,42.847,1212,2879,23,23,1.03,0.5,0,0,2498,3000,1021,0,2819,2160
cb1f25ef-87f09c2a-0f656ffe-f63022ab-8b305520,42.889,43.278,1276,2762,23,23,1.03,0.54,0,0,2498,3000,1021,0,2819,2160
cb1f25ef-87f09c2a-0f656ffe-f63022ab-8b305520,43.305,43.569,999,2703,23,23,1.03,0.6,0,0,2498,3000,1021,0,2819,2160
cb1f25ef-87f09c2a-0f656ffe-f63022ab-8b305520,43.582,43.805,1263,2723,23,23,1.03,0.6,0,0,2498,3000,1021,0,2819,2160
cb1f25ef-87f09c2a-0f656ffe-f63022ab-8b305520,43.82,44.058,1375,2696,23,23,1.03,0.6,0,0,2498,3000,1021,0,2819,2160
cb1f25ef-87f09c2a-0f656ffe-f63022ab-8b305520,44.071,44.223,1373,2690,23,23,1.03,0.59,0,0,2498,3000,1021,0,2819,2160
cb1f25ef-87f09c2a-0f656ffe-f63022ab-8b305520,44.237,44.418,1328,2653,23,23,1.03,0.58,0,0,2498,3000,1021,0,2819,2160
cb1f25ef-87f09c2a-0f656ffe-f63022ab-8b305520,44.461,44.656,1041,2848,23,23,1.03,0.53,0,0,2498,3000,1021,0,2819,2160
cb1f25ef-87f09c2a-0f656ffe-f63022ab-8b305520,44.668,44.807,1025,2842,23,23,1.03,0.5,0,0,2498,3000,1021,0,2819,2160
cb1f25ef-87f09c2a-0f656ffe-f63022ab-8b305520,44.822,45.002,1328,2644,23,23,1.03,0.5,0,0,2498,3000,1021,0,2819,2160
cb1f25ef-87f09c2a-0f656ffe-f63022ab-8b305520,45.015,45.337,1350,2643,23,23,1.03,0.5,0,0,2498,3000,1021,0,2819,2160
cb1f25ef-87f09c2a-0f656ffe-f63022ab-8b305520,45.35,45.564,1238,2528,23,23,1.03,0.5,0,0,2498,3000,1021,0,2819,2160
cb1f25ef-87f09c2a-0f656ffe-f63022ab-8b305520,45.741,45.935,1273,2488,23,23,1.02,0.54,0,0,2498,3000,1021,0,2819,2160
cb1f25ef-87f09c2a-0f656ffe-f63022ab-8b305520,46.213,46.352,2147,2137,23,23,1.02,0.54,0,0,2498,3000,1021,0,2819,2160
cb1f25ef-87f09c2a-0f656ffe-f63022ab-8b305520,46.591,46.728,1401,1680,23,23,1.02,0.53,0,0,2498,3000,1021,0,2819,2160
cb1f25ef-87f09c2a-0f656ffe-f63022ab-8b305520,46.743,46.881,1380,1718,23,23,1.02,0.47,0,0,2498,3000,1021,0,2819,2160
cb1f25ef-87f09c2a-0f656ffe-f63022ab-8b305520,46.951,47.202,1638,717,23,23,1.02,0.45,0,0,2498,3000,1021,0,2819,2160
cb1f25ef-87f09c2a-0f656ffe-f63022ab-8b305520,47.257,47.494,1789,1119,23,23,1.02,0.45,0,0,2498,3000,1021,0,2819,2160
cb1f25ef-87f09c2a-0f656ffe-f63022ab-8b305520,47.563,47.814,960,1272,23,23,1.02,0.45,0,0,2498,3000,1021,0,2819,2160
cb1f25ef-87f09c2a-0f656ffe-f63022ab-8b305520,47.87,48.12,1355,1433,23,23,1.02,0.45,0,0,2498,3000,1021,0,2819,2160
cb1f25ef-87f09c2a-0f656ffe-f63022ab-8b305520,48.134,48.246,1387,1430,23,23,1.02,0.49,0,0,2498,3000,1021,0,2819,2160
cb1f25ef-87f09c2a-0f656ffe-f63022ab-8b305520,48.26,48.457,1579,1378,23,23,1.02,0.52,0,0,2498,3000,1021,0,2819,2160
cb1f25ef-87f09c2a-0f656ffe-f63022ab-8b305520,48.512,48.818,2053,1067,23,23,1.02,0.56,0,0,2498,3000,1021,0,2819,2160
cb1f25ef-87f09c2a-0f656ffe-f63022ab-8b305520,48.886,49.22,1513,1579,23,23,1.01,0.53,0,0,2498,3000,1021,0,2819,2160
cb1f25ef-87f09c2a-0f656ffe-f63022ab-8b305520,49.249,49.623,1523,1600,23,23,1.0,0.49,0,0,2498,3000,1021,0,2819,2160
cb1f25ef-87f09c2a-0f656ffe-f63022ab-8b305520,49.665,50.043,2066,2003,23,23,0.98,0.45,0,0,2498,3000,1021,0,2819,2160
cb1f25ef-87f09c2a-0f656ffe-f63022ab-8b305520,51.113,51.28,640,1776,23,23,0.94,0.56,0,0,2498,3000,1021,0,2819,2160
cb1f25ef-87f09c2a-0f656ffe-f63022ab-8b305520,51.378,51.489,790,1404,23,23,0.95,0.65,0,0,2498,3000,1021,0,2819,2160
cb1f25ef-87f09c2a-0f656ffe-f63022ab-8b305520,51.504,51.656,808,1431,23,23,0.95,0.65,0,0,2498,3000,1021,0,2819,2160
cb1f25ef-87f09c2a-0f656ffe-f63022ab-8b305520,51.768,51.921,748,1373,23,23,0.95,0.61,0,0,2498,3000,1021,0,2819,2160
cb1f25ef-87f09c2a-0f656ffe-f63022ab-8b305520,52.088,52.188,963,2118,23,23,0.95,0.61,0,0,2498,3000,1021,0,2819,2160
cb1f25ef-87f09c2a-0f656ffe-f63022ab-8b305520,52.199,52.381,1006,2105,23,23,0.94,0.58,0,0,2498,3000,1021,0,2819,2160
cb1f25ef-87f09c2a-0f656ffe-f63022ab-8b305520,52.423,52.56,962,2107,23,23,0.92,0.48,0,0,2498,3000,1021,0,2819,2160
cb1f25ef-87f09c2a-0f656ffe-f63022ab-8b305520,52.589,52.895,1032,1878,23,23,0.92,0.47,0,0,2498,3000,1021,0,2819,2160
cb1f25ef-87f09c2a-0f656ffe-f63022ab-8b305520,53.424,53.66,706,1098,23,23,0.92,0.53,0,0,2498,3000,1021,0,2819,2160
cb1f25ef-87f09c2a-0f656ffe-f63022ab-8b305520,53.676,53.93,700,1107,23,23,0.91,0.62,0,0,2498,3000,1021,0,2819,2160
cb1f25ef-87f09c2a-0f656ffe-f63022ab-8b305520,53.944,54.14,719,1101,23,23,0.91,0.74,0,0,2498,3000,1021,0,2819,2160
cb1f25ef-87f09c2a-0f656ffe-f63022ab-8b305520,54.173,54.5,714,1105,23,23,0.92,0.71,0,0,2498,3000,1021,0,2819,2160
cb1f25ef-87f09c2a-0f656ffe-f63022ab-8b305520,54.516,54.722,604,968,23,23,0.92,0.6,0,0,2498,3000,1021,0,2819,2160
cb1f25ef-87f09c2a-0f656ffe-f63022ab-8b305520,54.794,55.039,957,1200,23,23,0.91,0.54,0,0,2498,3000,1021,0,2819,2160
cb1f25ef-87f09c2a-0f656ffe-f63022ab-8b305520,55.107,55.233,1351,1337,23,23,0.9,0.52,0,0,2498,3000,1021,0,2819,2160
cb1f25ef-87f09c2a-0f656ffe-f63022ab-8b305520,55.261,55.401,1828,1312,23,23,0.9,0.52,0,0,2498,3000,1021,0,2819,2160
cb1f25ef-87f09c2a-0f656ffe-f63022ab-8b305520,55.414,55.567,1813,1308,23,23,0.9,0.51,0,0,2498,3000,1021,0,2819,2160
cb1f25ef-87f09c2a-0f656ffe-f63022ab-8b305520,55.581,55.706,1825,1249,23,23,0.9,0.52,0,0,2498,3000,1021,0,2819,2160
cb1f25ef-87f09c2a-0f656ffe-f63022ab-8b305520,55.862,56.055,1065,1510,23,23,0.84,0.5,0,0,2498,3000,1021,0,2819,2160
cb1f25ef-87f09c2a-0f656ffe-f63022ab-8b305520,56.068,56.179,1038,1487,23,23,0.81,0.49,0,0,2498,3000,1021,0,2819,2160
cb1f25ef-87f09c2a-0f656ffe-f63022ab-8b305520,56.207,56.419,950,1345,23,23,0.81,0.49,0,0,2498,3000,1021,0,2819,2160
cb1f25ef-87f09c2a-0f656ffe-f63022ab-8b305520,56.432,56.654,946,1321,23,23,0.83,0.56,0,0,2498,3000,1021,0,2819,2160
cb1f25ef-87f09c2a-0f656ffe-f63022ab-8b305520,56.695,56.836,719,1043,23,23,0.84,0.57,0,0,2498,3000,1021,0,2819,2160
cb1f25ef-87f09c2a-0f656ffe-f63022ab-8b305520,56.849,56.96,697,1003,23,23,0.85,0.62,0,0,2498,3000,1021,0,2819,2160
cb1f25ef-87f09c2a-0f656ffe-f63022ab-8b305520,57.085,57.265,442,934,23,23,0.86,0.66,0,0,2498,3000,1021,0,2819,2160
cb1f25ef-87f09c2a-0f656ffe-f63022ab-8b305520,57.281,58.004,467,949,23,23,0.86,0.58,0,0,2498,3000,1021,0,2819,2160
cb1f25ef-87f09c2a-0f656ffe-f63022ab-8b305520,58.213,58.324,1804,1100,23,23,0.86,0.5,0,0,2498,3000,1021,0,2819,2160
cb1f25ef-87f09c2a-0f656ffe-f63022ab-8b305520,58.338,58.466,1765,1153,23,23,0.86,0.55,0,0,2498,3000,1021,0,2819,2160
cb1f25ef-87f09c2a-0f656ffe-f63022ab-8b305520,58.825,58.936,1799,1271,23,23,0.86,0.61,0,0,2498,3000,1021,0,2819,2160
cb1f25ef-87f09c2a-0f656ffe-f63022ab-8b305520,59.05,59.172,1445,1770,23,23,0.86,0.59,0,0,2498,3000,1021,0,2819,2160
cb1f25ef-87f09c2a-0f656ffe-f63022ab-8b305520,59.256,59.465,964,1922,23,23,0.84,0.57,0,0,2498,3000,1021,0,2819,2160
cb1f25ef-87f09c2a-0f656ffe-f63022ab-8b305520,59.646,59.868,882,1359,23,23,0.83,0.55,0,0,2498,3000,1021,0,2819,2160
cb1f25ef-87f09c2a-0f656ffe-f63022ab-8b305520,59.882,60.371,999,1280,23,23,0.83,0.49,0,0,2498,3000,1021,0,2819,2160
cb1f25ef-87f09c2a-0f656ffe-f63022ab-8b305520,60.495,60.62,2114,1300,23,23,0.83,0.52,0,0,2498,3000,1021,0,2819,2160
cb1f25ef-87f09c2a-0f656ffe-f63022ab-8b305520,60.634,60.815,2083,1299,23,23,0.83,0.52,0,0,2498,3000,1021,0,2819,2160
cb1f25ef-87f09c2a-0f656ffe-f63022ab-8b305520,60.829,61.164,2052,1318,23,23,0.83,0.52,0,0,2498,3000,1021,0,2819,2160
cb1f25ef-87f09c2a-0f656ffe-f63022ab-8b305520,61.177,61.399,2133,1388,23,23,0.83,0.57,0,0,2498,3000,1021,0,2819,2160
cb1f25ef-87f09c2a-0f656ffe-f63022ab-8b305520,61.441,61.637,1927,1829,23,23,0.83,0.6,0,0,2498,3000,1021,0,2819,2160
cb1f25ef-87f09c2a-0f656ffe-f63022ab-8b305520,61.65,61.89,1922,1833,23,23,0.83,0.6,0,0,2498,3000,1021,0,2819,2160
cb1f25ef-87f09c2a-0f656ffe-f63022ab-8b305520,61.902,62.056,1853,1739,23,23,0.83,0.57,0,0,2498,3000,1021,0,2819,2160
cb1f25ef-87f09c2a-0f656ffe-f63022ab-8b305520,62.069,62.221,1870,1767,23,23,0.83,0.54,0,0,2498,3000,1021,0,2819,2160
cb1f25ef-87f09c2a-0f656ffe-f63022ab-8b305520,62.236,62.346,1841,1732,23,23,0.83,0.54,0,0,2498,3000,1021,0,2819,2160
cb1f25ef-87f09c2a-0f656ffe-f63022ab-8b305520,62.36,62.472,1827,1708,23,23,0.83,0.54,0,0,2498,3000,1021,0,2819,2160
cb1f25ef-87f09c2a-0f656ffe-f63022ab-8b305520,62.527,62.681,2131,1335,23,23,0.83,0.54,0,0,2498,3000,1021,0,2819,2160
cb1f25ef-87f09c2a-0f656ffe-f63022ab-8b305520,62.834,62.959,921,1239,23,23,0.83,0.54,0,0,2498,3000,1021,0,2819,2160
cb1f25ef-87f09c2a-0f656ffe-f63022ab-8b305520,62.973,63.098,901,1235,23,23,0.83,0.54,0,0,2498,3000,1021,0,2819,2160
cb1f25ef-87f09c2a-0f656ffe-f63022ab-8b305520,63.114,63.279,926,1265,23,23,0.83,0.55,0,0,2498,3000,1021,0,2819,2160
cb1f25ef-87f09c2a-0f656ffe-f63022ab-8b305520,63.405,63.572,871,1504,23,23,0.83,0.56,0,0,2498,3000,1021,0,2819,2160
cb1f25ef-87f09c2a-0f656ffe-f63022ab-8b305520,63.599,64.016,875,2018,23,23,0.83,0.56,0,0,2498,3000,1021,0,2819,2160
cb1f25ef-87f09c2a-0f656ffe-f63022ab-8b305520,64.142,64.504,734,1874,23,23,0.83,0.54,0,0,2498,3000,1021,0,2819,2160
cb1f25ef-87f09c2a-0f656ffe-f63022ab-8b305520,64.519,64.838,769,1862,23,23,0.83,0.54,0,0,2498,3000,1021,0,2819,2160
cb1f25ef-87f09c2a-0f656ffe-f63022ab-8b305520,64.991,65.13,752,1927,23,23,0.83,0.54,0,0,2498,3000,1021,0,2819,2160
cb1f25ef-87f09c2a-0f656ffe-f63022ab-8b305520,65.283,65.422,783,1572,23,23,0.83,0.54,0,0,2498,3000,1021,0,2819,2160
cb1f25ef-87f09c2a-0f656ffe-f63022ab-8b305520,65.437,65.548,783,1569,23,23,0.83,0.54,0,0,2498,3000,1021,0,2819,2160
cb1f25ef-87f09c2a-0f656ffe-f63022ab-8b305520,65.687,65.91,607,1247,23,23,0.83,0.53,0,0,2498,3000,1021,0,2819,2160
cb1f25ef-87f09c2a-0f656ffe-f63022ab-8b305520,65.925,66.286,626,1270,23,23,0.83,0.56,0,0,2498,3000,1021,0,2819,2160
cb1f25ef-87f09c2a-0f656ffe-f63022ab-8b305520,66.328,66.453,971,1338,23,23,0.83,0.61,0,0,2498,3000,1021,0,2819,2160
cb1f25ef-87f09c2a-0f656ffe-f63022ab-8b305520,66.466,66.704,984,1346,23,23,0.83,0.64,0,0,2498,3000,1021,0,2819,2160
cb1f25ef-87f09c2a-0f656ffe-f63022ab-8b305520,66.744,66.983,1060,1273,23,23,0.83,0.63,0,0,2498,3000,1021,0,2819,2160
cb1f25ef-87f09c2a-0f656ffe-f63022ab-8b305520,66.996,67.245,1057,1271,23,23,0.82,0.54,0,0,2498,3000,1021,0,2819,2160
cb1f25ef-87f09c2a-0f656ffe-f63022ab-8b305520,67.26,67.426,1042,1179,23,23,0.82,0.52,0,0,2498,3000,1021,0,2819,2160
cb1f25ef-87f09c2a-0f656ffe-f63022ab-8b305520,67.441,67.58,1050,1205,23,23,0.82,0.52,0,0,2498,3000,1021,0,2819,2160
cb1f25ef-87f09c2a-0f656ffe-f63022ab-8b305520,67.65,67.846,1058,1419,23,23,0.82,0.52,0,0,2498,3000,1021,0,2819,2160
cb1f25ef-87f09c2a-0f656ffe-f63022ab-8b305520,67.93,68.179,1204,1491,23,23,0.82,0.58,0,0,2498,3000,1021,0,2819,2160
cb1f25ef-87f09c2a-0f656ffe-f63022ab-8b305520,68.221,68.373,1017,1193,23,23,0.82,0.58,0,0,2498,3000,1021,0,2819,2160
cb1f25ef-87f09c2a-0f656ffe-f63022ab-8b305520,68.388,68.575,1008,1169,23,23,0.82,0.58,0,0,2498,3000,1021,0,2819,2160
cb1f25ef-87f09c2a-0f656ffe-f63022ab-8b305520,68.61,69.042,1102,1271,23,23,0.82,0.65,0,0,2498,3000,1021,0,2819,2160
cb1f25ef-87f09c2a-0f656ffe-f63022ab-8b305520,69.056,69.197,1033,1260,23,23,0.82,0.71,0,0,2498,3000,1021,0,2819,2160
cb1f25ef-87f09c2a-0f656ffe-f63022ab-8b305520,69.211,69.585,1061,1334,23,23,0.82,0.68,0,0,2498,3000,1021,0,2819,2160
cb1f25ef-87f09c2a-0f656ffe-f63022ab-8b305520,69.599,70.141,982,1184,23,23,0.82,0.66,0,0,2498,3000,1021,0,2819,2160
cb1f25ef-87f09c2a-0f656ffe-f63022ab-8b305520,70.183,70.461,2147,1265,23,23,0.82,0.59,0,0,2498,3000,1021,0,2819,2160
cb1f25ef-87f09c2a-0f656ffe-f63022ab-8b305520,70.477,70.726,2124,1271,23,23,0.82,0.54,0,0,2498,3000,1021,0,2819,2160
cb1f25ef-87f09c2a-0f656ffe-f63022ab-8b305520,70.768,70.88,1822,1446,23,23,0.82,0.53,0,0,2498,3000,1021,0,2819,2160
cb1f25ef-87f09c2a-0f656ffe-f63022ab-8b305520,71.088,71.201,715,977,23,23,0.82,0.55,0,0,2498,3000,1021,0,2819,2160
cb1f25ef-87f09c2a-0f656ffe-f63022ab-8b305520,71.214,71.339,753,977,23,23,0.82,0.57,0,0,2498,3000,1021,0,2819,2160
cb1f25ef-87f09c2a-0f656ffe-f63022ab-8b305520,71.422,72.007,436,934,23,23,0.82,0.59,0,0,2498,3000,1021,0,2819,2160
cb1f25ef-87f09c2a-0f656ffe-f63022ab-8b305520,72.093,72.258,385,890,23,23,0.82,0.56,0,0,2498,3000,1021,0,2819,2160
cb1f25ef-87f09c2a-0f656ffe-f63022ab-8b305520,72.272,72.563,401,880,23,23,0.82,0.53,0,0,2498,3000,1021,0,2819,2160
cb1f25ef-87f09c2a-0f656ffe-f63022ab-8b305520,73.166,73.345,2373,706,23,23,0.82,0.55,0,0,2498,3000,1021,0,2819,2160
cb1f25ef-87f09c2a-0f656ffe-f63022ab-8b305520,73.358,73.652,2340,718,23,23,0.82,0.6,0,0,2498,3000,1021,0,2819,2160
cb1f25ef-87f09c2a-0f656ffe-f63022ab-8b305520,73.679,73.844,2374,627,23,23,0.81,0.54,0,0,2498,3000,1021,0,2819,2160
cb1f25ef-87f09c2a-0f656ffe-f63022ab-8b305520,73.858,74.109,2325,619,23,23,0.8,0.52,0,0,2498,3000,1021,0,2819,2160
cb1f25ef-87f09c2a-0f656ffe-f63022ab-8b305520,74.122,74.262,2307,629,23,23,0.8,0.5,0,0,2498,3000,1021,0,2819,2160
cb1f25ef-87f09c2a-0f656ffe-f63022ab-8b305520,74.275,74.442,2190,725,23,23,0.8,0.52,0,0,2498,3000,1021,0,2819,2160
cb1f25ef-87f09c2a-0f656ffe-f63022ab-8b305520,74.456,74.915,2176,756,23,23,0.8,0.52,0,0,2498,3000,1021,0,2819,2160
cb1f25ef-87f09c2a-0f656ffe-f63022ab-8b305520,75.041,75.193,2124,855,23,23,0.81,0.51,0,0,2498,3000,1021,0,2819,2160
cb1f25ef-87f09c2a-0f656ffe-f63022ab-8b305520,75.487,75.626,845,959,23,23,0.8,0.51,0,0,2498,3000,1021,0,2819,2160
cb1f25ef-87f09c2a-0f656ffe-f63022ab-8b305520,75.653,75.766,296,887,23,23,0.8,0.51,0,0,2498,3000,1021,0,2819,2160
cb1f25ef-87f09c2a-0f656ffe-f63022ab-8b305520,75.793,75.918,372,877,23,23,0.78,0.56,0,0,2498,3000,1021,0,2819,2160
cb1f25ef-87f09c2a-0f656ffe-f63022ab-8b305520,75.932,76.085,359,901,23,23,0.77,0.59,0,0,2498,3000,1021,0,2819,2160
cb1f25ef-87f09c2a-0f656ffe-f63022ab-8b305520,76.1,76.254,361,910,23,23,0.77,0.58,0,0,2498,3000,1021,0,2819,2160
cb1f25ef-87f09c2a-0f656ffe-f63022ab-8b305520,76.266,76.393,338,869,23,23,0.76,0.56,0,0,2498,3000,1021,0,2819,2160
cb1f25ef-87f09c2a-0f656ffe-f63022ab-8b305520,76.433,76.628,401,916,23,23,0.72,0.55,0,0,2498,3000,1021,0,2819,2160
cb1f25ef-87f09c2a-0f656ffe-f63022ab-8b305520,76.642,76.782,416,905,23,23,0.68,0.52,0,0,2498,3000,1021,0,2819,2160
cb1f25ef-87f09c2a-0f656ffe-f63022ab-8b305520,76.838,76.962,332,854,23,23,0.67,0.52,0,0,2498,3000,1021,0,2819,2160
cb1f25ef-87f09c2a-0f656ffe-f63022ab-8b305520,76.991,77.226,387,867,23,23,0.63,0.52,0,0,2498,3000,1021,0,2819,2160
cb1f25ef-87f09c2a-0f656ffe-f63022ab-8b305520,77.242,77.477,423,891,23,23,0.55,0.61,0,0,2498,3000,1021,0,2819,2160
cb1f25ef-87f09c2a-0f656ffe-f63022ab-8b305520,77.519,77.687,474,982,23,23,0.52,0.64,0,0,2498,3000,1021,0,2819,2160
cb1f25ef-87f09c2a-0f656ffe-f63022ab-8b305520,77.7,77.825,504,992,23,23,0.51,0.58,0,0,2498,3000,1021,0,2819,2160
cb1f25ef-87f09c2a-0f656ffe-f63022ab-8b305520,78.022,78.229,527,1144,23,23,0.49,0.52,0,0,2498,3000,1021,0,2819,2160
cb1f25ef-87f09c2a-0f656ffe-f63022ab-8b305520,78.242,78.396,563,1095,23,23,0.49,0.53,0,0,2498,3000,1021,0,2819,2160
cb1f25ef-87f09c2a-0f656ffe-f63022ab-8b305520,78.537,78.689,1087,1103,23,23,0.48,0.6,0,0,2498,3000,1021,0,2819,2160
cb1f25ef-87f09c2a-0f656ffe-f63022ab-8b305520,78.731,78.842,1064,1184,23,23,0.47,0.66,0,0,2498,3000,1021,0,2819,2160
cb1f25ef-87f09c2a-0f656ffe-f63022ab-8b305520,78.925,79.038,1130,1121,23,23,0.47,0.68,0,0,2498,3000,1021,0,2819,2160
cb1f25ef-87f09c2a-0f656ffe-f63022ab-8b305520,79.161,79.496,1643,1265,23,23,0.47,0.75,0,0,2498,3000,1021,0,2819,2160
cb1f25ef-87f09c2a-0f656ffe-f63022ab-8b305520,79.509,79.637,1654,1248,23,23,0.47,0.69,0,0,2498,3000,1021,0,2819,2160
cb1f25ef-87f09c2a-0f656ffe-f63022ab-8b305520,79.815,79.927,1739,1446,23,23,0.44,0.62,0,0,2498,3000,1021,0,2819,2160
cb1f25ef-87f09c2a-0f656ffe-f63022ab-8b305520,79.941,80.136,1706,1433,23,23,0.44,0.62,0,0,2498,3000,1021,0,2819,2160
cb1f25ef-87f09c2a-0f656ffe-f63022ab-8b305520,80.249,80.372,1644,1773,23,23,0.44,0.72,0,0,2498,3000,1021,0,2819,2160
cb1f25ef-87f09c2a-0f656ffe-f63022ab-8b305520,80.416,80.529,1606,1796,23,23,0.44,0.71,0,0,2498,3000,1021,0,2819,2160
cb1f25ef-87f09c2a-0f656ffe-f63022ab-8b305520,80.54,80.762,1622,1753,23,23,0.44,0.68,0,0,2498,3000,1021,0,2819,2160
cb1f25ef-87f09c2a-0f656ffe-f63022ab-8b305520,80.943,81.181,1593,1763,23,23,0.44,0.69,0,0,2498,3000,1021,0,2819,2160
cb1f25ef-87f09c2a-0f656ffe-f63022ab-8b305520,81.195,81.361,1597,1721,23,23,0.44,0.78,0,0,2498,3000,1021,0,2819,2160
cb1f25ef-87f09c2a-0f656ffe-f63022ab-8b305520,81.374,81.57,1704,1535,23,23,0.44,0.8,0,0,2498,3000,1021,0,2819,2160
cb1f25ef-87f09c2a-0f656ffe-f63022ab-8b305520,81.599,81.918,1716,1545,23,23,0.44,0.72,0,0,2498,3000,1021,0,2819,2160
cb1f25ef-87f09c2a-0f656ffe-f63022ab-8b305520,81.931,82.252,1650,1532,23,23,0.44,0.64,0,0,2498,3000,1021,0,2819,2160
cb1f25ef-87f09c2a-0f656ffe-f63022ab-8b305520,82.335,82.461,1887,1255,23,23,0.42,0.57,0,0,2498,3000,1021,0,2819,2160
cb1f25ef-87f09c2a-0f656ffe-f63022ab-8b305520,82.474,82.824,1864,1256,23,23,0.42,0.57,0,0,2498,3000,1021,0,2819,2160
cb1f25ef-87f09c2a-0f656ffe-f63022ab-8b305520,82.838,82.948,1763,1256,23,23,0.42,0.58,0,0,2498,3000,1021,0,2819,2160
cb1f25ef-87f09c2a-0f656ffe-f63022ab-8b305520,83.017,83.393,1768,1251,23,23,0.42,0.58,0,0,2498,3000,1021,0,2819,2160
cb1f25ef-87f09c2a-0f656ffe-f63022ab-8b305520,83.407,83.602,1768,1238,23,23,0.42,0.66,0,0,2498,3000,1021,0,2819,2160
cb1f25ef-87f09c2a-0f656ffe-f63022ab-8b305520,83.769,84.047,1790,1227,23,23,0.42,0.7,0,0,2498,3000,1021,0,2819,2160
cb1f25ef-87f09c2a-0f656ffe-f63022ab-8b305520,84.061,84.214,1766,1225,23,23,0.42,0.64,0,0,2498,3000,1021,0,2819,2160
cb1f25ef-87f09c2a-0f656ffe-f63022ab-8b305520,84.325,84.604,1294,1247,23,23,0.42,0.64,0,0,2498,3000,1021,0,2819,2160
cb1f25ef-87f09c2a-0f656ffe-f63022ab-8b305520,84.659,84.826,1150,1291,23,23,0.42,0.64,0,0,2498,3000,1021,0,2819,2160
cb1f25ef-87f09c2a-0f656ffe-f63022ab-8b305520,84.841,85.341,1195,1293,23,23,0.42,0.67,0,0,2498,3000,1021,0,2819,2160
cb1f25ef-87f09c2a-0f656ffe-f63022ab-8b305520,85.355,85.511,1212,1305,23,23,0.42,0.79,0,0,2498,3000,1021,0,2819,2160
cb1f25ef-87f09c2a-0f656ffe-f63022ab-8b305520,85.539,85.76,1572,1354,23,23,0.43,0.75,0,0,2498,3000,1021,0,2819,2160
cb1f25ef-87f09c2a-0f656ffe-f63022ab-8b305520,85.773,85.885,1686,1256,23,23,0.43,0.71,0,0,2498,3000,1021,0,2819,2160
cb1f25ef-87f09c2a-0f656ffe-f63022ab-8b305520,85.898,86.065,1673,1243,23,23,0.43,0.71,0,0,2498,3000,1021,0,2819,2160
cb1f25ef-87f09c2a-0f656ffe-f63022ab-8b305520,86.079,86.19,1693,1249,23,23,0.43,0.71,0,0,2498,3000,1021,0,2819,2160
cb1f25ef-87f09c2a-0f656ffe-f63022ab-8b305520,86.345,86.511,1451,1568,23,23,0.43,0.68,0,0,2498,3000,1021,0,2819,2160
cb1f25ef-87f09c2a-0f656ffe-f63022ab-8b305520,86.609,86.747,1210,2422,23,23,0.43,0.69,0,0,2498,3000,1021,0,2819,2160
cb1f25ef-87f09c2a-0f656ffe-f63022ab-8b305520,86.902,87.012,376,2447,23,23,0.43,0.8,0,0,2498,3000,1021,0,2819,2160
cb1f25ef-87f09c2a-0f656ffe-f63022ab-8b305520,87.027,87.151,349,2470,23,23,0.43,0.81,0,0,2498,3000,1021,0,2819,2160
cb1f25ef-87f09c2a-0f656ffe-f63022ab-8b305520,87.332,87.458,953,2583,23,23,0.43,0.82,0,0,2498,3000,1021,0,2819,2160
cb1f25ef-87f09c2a-0f656ffe-f63022ab-8b305520,87.5,87.64,1292,2758,23,23,0.42,0.75,0,0,2498,3000,1021,0,2819,2160
cb1f25ef-87f09c2a-0f656ffe-f63022ab-8b305520,87.653,87.903,1290,2777,23,23,0.41,0.73,0,0,2498,3000,1021,0,2819,2160
cb1f25ef-87f09c2a-0f656ffe-f63022ab-8b305520,88.084,88.195,1630,1262,23,23,0.41,0.71,0,0,2498,3000,1021,0,2819,2160
cb1f25ef-87f09c2a-0f656ffe-f63022ab-8b305520,88.209,88.376,1640,1244,23,23,0.41,0.71,0,0,2498,3000,1021,0,2819,2160
cb1f25ef-87f09c2a-0f656ffe-f63022ab-8b305520,88.529,88.654,1629,1371,23,23,0.41,0.74,0,0,2498,3000,1021,0,2819,2160
cb1f25ef-87f09c2a-0f656ffe-f63022ab-8b305520,88.668,88.908,1559,1351,23,23,0.41,0.74,0,0,2498,3000,1021,0,2819,2160
cb1f25ef-87f09c2a-0f656ffe-f63022ab-8b305520,88.92,89.211,1811,1246,23,23,0.41,0.81,0,0,2498,3000,1021,0,2819,2160
cb1f25ef-87f09c2a-0f656ffe-f63022ab-8b305520,89.226,89.42,1837,1213,23,23,0.41,0.76,0,0,2498,3000,1021,0,2819,2160
cb1f25ef-87f09c2a-0f656ffe-f63022ab-8b305520,89.434,89.587,1778,1227,23,23,0.41,0.74,0,0,2498,3000,1021,0,2819,2160
cb1f25ef-87f09c2a-0f656ffe-f63022ab-8b305520,89.603,89.99,1800,1248,23,23,0.4,0.68,0,0,2498,3000,1021,0,2819,2160
cb1f25ef-87f09c2a-0f656ffe-f63022ab-8b305520,90.089,90.202,1736,1025,23,23,0.38,0.72,0,0,2498,3000,1021,0,2819,2160
cb1f25ef-87f09c2a-0f656ffe-f63022ab-8b305520,90.214,90.37,1739,1003,23,23,0.38,0.75,0,0,2498,3000,1021,0,2819,2160
cb1f25ef-87f09c2a-0f656ffe-f63022ab-8b305520,90.481,90.743,2046,1081,23,23,0.37,0.87,0,0,2498,3000,1021,0,2819,2160
cb1f25ef-87f09c2a-0f656ffe-f63022ab-8b305520,90.756,90.953,2034,1098,23,23,0.37,0.93,0,0,2498,3000,1021,0,2819,2160
cb1f25ef-87f09c2a-0f656ffe-f63022ab-8b305520,90.993,91.424,1331,1313,23,23,0.37,0.85,0,0,2498,3000,1021,0,2819,2160
cb1f25ef-87f09c2a-0f656ffe-f63022ab-8b305520,91.44,91.718,1778,1414,23,23,0.32,0.72,0,0,2498,3000,1021,0,2819,2160
cb1f25ef-87f09c2a-0f656ffe-f63022ab-8b305520,91.772,91.968,2021,2171,23,23,0.31,0.66,0,0,2498,3000,1021,0,2819,2160
cb1f25ef-87f09c2a-0f656ffe-f63022ab-8b305520,92.024,92.177,1434,2758,23,23,0.3,0.71,0,0,2498,3000,1021,0,2819,2160
cb1f25ef-87f09c2a-0f656ffe-f63022ab-8b305520,92.191,92.321,1462,2725,23,23,0.3,0.75,0,0,2498,3000,1021,0,2819,2160
cb1f25ef-87f09c2a-0f656ffe-f63022ab-8b305520,92.413,92.639,1846,1303,23,23,0.31,0.86,0,0,2498,3000,1021,0,2819,2160
cb1f25ef-87f09c2a-0f656ffe-f63022ab-8b305520,92.651,92.803,1857,1294,23,23,0.31,0.93,0,0,2498,3000,1021,0,2819,2160
cb1f25ef-87f09c2a-0f656ffe-f63022ab-8b305520,92.83,93.165,1716,1350,23,23,0.31,0.93,0,0,2498,3000,1021,0,2819,2160
cb1f25ef-87f09c2a-0f656ffe-f63022ab-8b305520,93.18,93.362,1719,1335,23,23,0.3,0.81,0,0,2498,3000,1021,0,2819,2160
cb1f25ef-87f09c2a-0f656ffe-f63022ab-8b305520,93.416,93.931,2079,911,23,23,0.29,0.73,0,0,2498,3000,1021,0,2819,2160
cb1f25ef-87f09c2a-0f656ffe-f63022ab-8b305520,94.028,94.251,2063,1169,23,23,0.29,0.66,0,0,2498,3000,1021,0,2819,2160
cb1f25ef-87f09c2a-0f656ffe-f63022ab-8b305520,94.308,94.571,1984,1213,23,23,0.28,0.59,0,0,2498,3000,1021,0,2819,2160
cb1f25ef-87f09c2a-0f656ffe-f63022ab-8b305520,94.612,95.141,1717,1324,23,23,0.27,0.53,0,0,2498,3000,1021,0,2819,2160
cb1f25ef-87f09c2a-0f656ffe-f63022ab-8b305520,95.155,95.558,1721,1313,23,23,0.29,0.61,0,0,2498,3000,1021,0,2819,2160
cb1f25ef-87f09c2a-0f656ffe-f63022ab-8b305520,95.6,95.851,1257,1458,23,23,0.32,0.75,0,0,2498,3000,1021,0,2819,2160
cb1f25ef-87f09c2a-0f656ffe-f63022ab-8b305520,96.046,96.172,1164,1498,23,23,0.32,0.75,0,0,2498,3000,1021,0,2819,2160
cb1f25ef-87f09c2a-0f656ffe-f63022ab-8b305520,96.187,96.352,1196,1477,23,23,0.32,0.81,0,0,2498,3000,1021,0,2819,2160
cb1f25ef-87f09c2a-0f656ffe-f63022ab-8b305520,96.366,96.535,1218,1486,23,23,0.32,0.84,0,0,2498,3000,1021,0,2819,2160
cb1f25ef-87f09c2a-0f656ffe-f63022ab-8b305520,96.547,96.673,1043,1327,23,23,0.32,0.75,0,0,2498,3000,1021,0,2819,2160
cb1f25ef-87f09c2a-0f656ffe-f63022ab-8b305520,96.689,96.867,1005,1347,23,23,0.3,0.71,0,0,2498,3000,1021,0,2819,2160
cb1f25ef-87f09c2a-0f656ffe-f63022ab-8b305520,97.341,97.451,1985,269,23,23,0.3,0.76,0,0,2498,3000,1021,0,2819,2160
cb1f25ef-87f09c2a-0f656ffe-f63022ab-8b305520,97.465,97.646,2002,284,23,23,0.3,0.78,0,0,2498,3000,1021,0,2819,2160
cb1f25ef-87f09c2a-0f656ffe-f63022ab-8b305520,98.622,98.732,1529,1722,23,23,0.28,0.69,0,0,2498,3000,1021,0,2819,2160
cb1f25ef-87f09c2a-0f656ffe-f63022ab-8b305520,98.788,98.941,1475,1610,23,23,0.28,0.73,0,0,2498,3000,1021,0,2819,2160
cb1f25ef-87f09c2a-0f656ffe-f63022ab-8b305520,98.97,99.083,1449,1664,23,23,0.28,0.78,0,0,2498,3000,1021,0,2819,2160
cb1f25ef-87f09c2a-0f656ffe-f63022ab-8b305520,99.095,99.235,1468,1609,23,23,0.28,0.82,0,0,2498,3000,1021,0,2819,2160
cb1f25ef-87f09c2a-0f656ffe-f63022ab-8b305520,99.345,99.539,1685,1687,23,23,0.28,0.92,0,0,2498,3000,1021,0,2819,2160
cb1f25ef-87f09c2a-0f656ffe-f63022ab-8b305520,99.722,99.846,2159,1039,23,23,0.27,0.85,0,0,2498,3000,1021,0,2819,2160
cb1f25ef-87f09c2a-0f656ffe-f63022ab-8b305520,99.86,100.012,2174,1054,23,23,0.27,0.85,0,0,2498,3000,1021,0,2819,2160
cb1f25ef-87f09c2a-0f656ffe-f63022ab-8b305520,100.166,100.305,1996,1064,23,23,0.27,0.82,0,0,2498,3000,1021,0,2819,2160
cb1f25ef-87f09c2a-0f656ffe-f63022ab-8b305520,100.403,100.528,1808,1229,23,23,0.27,0.73,0,0,2498,3000,1021,0,2819,2160
cb1f25ef-87f09c2a-0f656ffe-f63022ab-8b305520,100.541,100.753,1796,1228,23,23,0.27,0.73,0,0,2498,3000,1021,0,2819,2160
cb1f25ef-87f09c2a-0f656ffe-f63022ab-8b305520,100.78,101.071,1702,1478,23,23,0.25,0.76,0,0,2498,3000,1021,0,2819,2160
cb1f25ef-87f09c2a-0f656ffe-f63022ab-8b305520,101.14,101.462,1094,1187,23,23,0.24,0.83,0,0,2498,3000,1021,0,2819,2160
cb1f25ef-87f09c2a-0f656ffe-f63022ab-8b305520,101.53,101.685,1069,1624,23,23,0.24,0.89,0,0,2498,3000,1021,0,2819,2160
cb1f25ef-87f09c2a-0f656ffe-f63022ab-8b305520,101.697,101.837,1088,1621,23,23,0.24,0.94,0,0,2498,3000,1021,0,2819,2160
cb1f25ef-87f09c2a-0f656ffe-f63022ab-8b305520,101.85,101.99,1326,1782,23,23,0.24,0.98,0,0,2498,3000,1021,0,2819,2160
cb1f25ef-87f09c2a-0f656ffe-f63022ab-8b305520,102.136,102.407,1356,1987,23,23,0.25,0.96,0,0,2498,3000,1021,0,2819,2160
cb1f25ef-87f09c2a-0f656ffe-f63022ab-8b305520,102.449,102.631,1057,1690,23,23,0.25,0.86,0,0,2498,3000,1021,0,2819,2160
cb1f25ef-87f09c2a-0f656ffe-f63022ab-8b305520,102.769,102.951,934,1523,23,23,0.25,0.82,0,0,2498,3000,1021,0,2819,2160
cb1f25ef-87f09c2a-0f656ffe-f63022ab-8b305520,102.965,103.076,925,1576,23,23,0.25,0.85,0,0,2498,3000,1021,0,2819,2160
cb1f25ef-87f09c2a-0f656ffe-f63022ab-8b305520,103.104,103.216,872,2026,23,23,0.25,0.91,0,0,2498,3000,1021,0,2819,2160
cb1f25ef-87f09c2a-0f656ffe-f63022ab-8b305520,103.231,103.451,868,2029,23,23,0.24,0.96,0,0,2498,3000,1021,0,2819,2160
cb1f25ef-87f09c2a-0f656ffe-f63022ab-8b305520,103.466,103.674,878,1953,23,23,0.22,1.0,0,0,2498,3000,1021,0,2819,2160
cb1f25ef-87f09c2a-0f656ffe-f63022ab-8b305520,103.716,103.882,783,2054,23,23,0.17,1.0,0,0,2498,3000,1021,0,2819,2160
cb1f25ef-87f09c2a-0f656ffe-f63022ab-8b305520,104.272,104.647,1122,1218,23,23,0.15,1.0,0,0,2498,3000,1021,0,2819,2160
cb1f25ef-87f09c2a-0f656ffe-f63022ab-8b305520,104.676,104.857,1095,1467,23,23,0.15,1.0,0,0,2498,3000,1021,0,2819,2160
cb1f25ef-87f09c2a-0f656ffe-f63022ab-8b305520,104.913,105.288,709,986,23,23,0.15,0.98,0,0,2498,3000,1021,0,2819,2160
cb1f25ef-87f09c2a-0f656ffe-f63022ab-8b305520,105.427,105.665,1045,1279,23,23,0.1,0.83,0,0,2498,3000,1021,0,2819,2160
cb1f25ef-87f09c2a-0f656ffe-f63022ab-8b305520,105.681,106.322,1059,1249,23,23,0.1,0.97,0,0,2498,3000,1021,0,2819,2160
cb1f25ef-87f09c2a-0f656ffe-f63022ab-8b305520,106.332,106.708,1121,1670,23,23,0.1,1.0,0,0,2498,3000,1021,0,2819,2160
cb1f25ef-87f09c2a-0f656ffe-f63022ab-8b305520,106.722,107.002,1035,1602,23,23,0.11,0.76,0,0,2498,3000,1021,0,2819,2160
cb1f25ef-87f09c2a-0f656ffe-f63022ab-8b305520,107.016,107.656,1021,1588,23,23,0.12,0.61,0,0,2498,3000,1021,0,2819,2160
cb1f25ef-87f09c2a-0f656ffe-f63022ab-8b305520,107.74,107.961,900,1839,23,23,0.1,1.0,0,0,2498,3000,1021,0,2819,2160
cb1f25ef-87f09c2a-0f656ffe-f63022ab-8b305520,108.104,108.271,779,1977,23,23,0.1,1.0,0,0,2498,3000,1021,0,2819,2160
cb1f25ef-87f09c2a-0f656ffe-f63022ab-8b305520,108.302,108.475,760,1975,23,23,0.1,1.0,0,0,2498,3000,1021,0,2819,2160
cb1f25ef-87f09c2a-0f656ffe-f63022ab-8b305520,108.602,108.991,1517,1987,23,23,0.1,1.0,0,0,2498,3000,1021,0,2819,2160
cb1f25ef-87f09c2a-0f656ffe-f63022ab-8b305520,109.089,109.255,1777,1284,23,23,0.1,1.0,0,0,2498,3000,1021,0,2819,2160
cb1f25ef-87f09c2a-0f656ffe-f63022ab-8b305520,109.326,109.478,1760,1292,23,23,0.1,1.0,0,0,2498,3000,1021,0,2819,2160
cb1f25ef-87f09c2a-0f656ffe-f63022ab-8b305520,109.534,109.648,1803,1185,23,23,0.1,1.0,0,0,2498,3000,1021,0,2819,2160
cb1f25ef-87f09c2a-0f656ffe-f63022ab-8b305520,109.679,109.785,1751,1212,23,23,0.1,1.0,0,0,2498,3000,1021,0,2819,2160
cb1f25ef-87f09c2a-0f656ffe-f63022ab-8b305520,109.8,109.979,1766,1241,23,23,0.1,1.0,0,0,2498,3000,1021,0,2819,2160
cb1f25ef-87f09c2a-0f656ffe-f63022ab-8b305520,110.007,110.384,1683,1594,23,23,0.1,1.0,0,0,2498,3000,1021,0,2819,2160
cb1f25ef-87f09c2a-0f656ffe-f63022ab-8b305520,110.456,110.76,2079,1782,23,23,0.1,0.78,0,0,2498,3000,1021,0,2819,2160
cb1f25ef-87f09c2a-0f656ffe-f63022ab-8b305520,110.843,111.058,1470,1712,23,23,0.1,0.78,0,0,2498,3000,1021,0,2819,2160
cb1f25ef-87f09c2a-0f656ffe-f63022ab-8b305520,111.094,111.29,1282,1692,23,23,0.1,1.0,0,0,2498,3000,1021,0,2819,2160
cb1f25ef-87f09c2a-0f656ffe-f63022ab-8b305520,111.303,111.427,1283,1681,23,23,0.14,1.0,0,0,2498,3000,1021,0,2819,2160
cb1f25ef-87f09c2a-0f656ffe-f63022ab-8b305520,111.442,111.624,1289,1721,23,23,0.16,1.0,0,0,2498,3000,1021,0,2819,2160
cb1f25ef-87f09c2a-0f656ffe-f63022ab-8b305520,112.095,112.208,1192,2145,23,23,0.21,1.0,0,0,2498,3000,1021,0,2819,2160
cb1f25ef-87f09c2a-0f656ffe-f63022ab-8b305520,112.222,112.475,1212,2082,23,23,0.14,0.92,0,0,2498,3000,1021,0,2819,2160
cb1f25ef-87f09c2a-0f656ffe-f63022ab-8b305520,112.503,112.777,1311,2050,23,23,0.1,1.0,0,0,2498,3000,1021,0,2819,2160
cb1f25ef-87f09c2a-0f656ffe-f63022ab-8b305520,112.792,113.004,1346,2093,23,23,0.1,1.0,0,0,2498,3000,1021,0,2819,2160
cb1f25ef-87f09c2a-0f656ffe-f63022ab-8b305520,113.066,113.337,1371,2272,23,23,0.1,1.0,0,0,2498,3000,1021,0,2819,2160
cb1f25ef-87f09c2a-0f656ffe-f63022ab-8b305520,113.367,113.473,1369,2232,23,23,0.11,0.76,0,0,2498,3000,1021,0,2819,2160
cb1f25ef-87f09c2a-0f656ffe-f63022ab-8b305520,113.487,113.67,1281,2102,23,23,0.1,0.73,0,0,2498,3000,1021,0,2819,2160
cb1f25ef-87f09c2a-0f656ffe-f63022ab-8b305520,113.683,114.059,1282,2046,23,23,0.1,0.87,0,0,2498,3000,1021,0,2819,2160
cb1f25ef-87f09c2a-0f656ffe-f63022ab-8b305520,114.075,114.323,1368,2034,23,23,0.1,1.0,0,0,2498,3000,1021,0,2819,2160
cb1f25ef-87f09c2a-0f656ffe-f63022ab-8b305520,114.339,114.658,1373,2036,23,23,0.1,1.0,0,0,2498,3000,1021,0,2819,2160
cb1f25ef-87f09c2a-0f656ffe-f63022ab-8b305520,114.742,115.129,973,2114,23,23,0.1,1.0,0,0,2498,3000,1021,0,2819,2160
cb1f25ef-87f09c2a-0f656ffe-f63022ab-8b305520,115.255,115.424,749,2080,23,23,0.1,1.0,0,0,2498,3000,1021,0,2819,2160
cb1f25ef-87f09c2a-0f656ffe-f63022ab-8b305520,115.439,115.606,731,2081,23,23,0.1,1.0,0,0,2498,3000,1021,0,2819,2160
cb1f25ef-87f09c2a-0f656ffe-f63022ab-8b305520,115.618,115.881,759,2080,23,23,0.1,1.0,0,0,2498,3000,1021,0,2819,2160
cb1f25ef-87f09c2a-0f656ffe-f63022ab-8b305520,115.895,116.091,902,1963,23,23,0.1,1.0,0,0,2498,3000,1021,0,2819,2160
cb1f25ef-87f09c2a-0f656ffe-f63022ab-8b305520,116.12,116.424,919,1961,23,23,0.22,0.68,0,0,2498,3000,1021,0,2819,2160
cb1f25ef-87f09c2a-0f656ffe-f63022ab-8b305520,116.48,116.816,976,1433,23,23,0.21,0.81,0,0,2498,3000,1021,0,2819,2160
cb1f25ef-87f09c2a-0f656ffe-f63022ab-8b305520,116.857,117.148,1100,1698,23,23,0.15,1.0,0,0,2498,3000,1021,0,2819,2160
cb1f25ef-87f09c2a-0f656ffe-f63022ab-8b305520,117.261,117.538,1158,2073,23,23,0.18,0.92,0,0,2498,3000,1021,0,2819,2160
cb1f25ef-87f09c2a-0f656ffe-f63022ab-8b305520,117.551,117.679,1144,2069,23,23,0.18,0.83,0,0,2498,3000,1021,0,2819,2160
cb1f25ef-87f09c2a-0f656ffe-f63022ab-8b305520,117.746,117.874,1237,1855,23,23,0.14,1.0,0,0,2498,3000,1021,0,2819,2160
cb1f25ef-87f09c2a-0f656ffe-f63022ab-8b305520,118.026,118.277,1736,1378,23,23,0.11,1.0,0,0,2498,3000,1021,0,2819,2160
cb1f25ef-87f09c2a-0f656ffe-f63022ab-8b305520,118.319,118.428,1764,1181,23,23,0.14,0.87,0,0,2498,3000,1021,0,2819,2160
cb1f25ef-87f09c2a-0f656ffe-f63022ab-8b305520,118.442,118.651,1742,1205,23,23,0.14,0.82,0,0,2498,3000,1021,0,2819,2160
cb1f25ef-87f09c2a-0f656ffe-f63022ab-8b305520,118.665,119.0,1694,1190,23,23,0.14,0.79,0,0,2498,3000,1021,0,2819,2160
cb1f25ef-87f09c2a-0f656ffe-f63022ab-8b305520,119.681,120.044,1571,1614,23,23,0.12,0.75,0,0,2498,3000,1021,0,2819,2160
cb1f25ef-87f09c2a-0f656ffe-f63022ab-8b305520,120.1,120.572,1287,1907,23,23,0.11,1.0,0,0,2498,3000,1021,0,2819,2160
cb1f25ef-87f09c2a-0f656ffe-f63022ab-8b305520,120.588,120.797,1325,1923,23,23,0.11,1.0,0,0,2498,3000,1021,0,2819,2160
cb1f25ef-87f09c2a-0f656ffe-f63022ab-8b305520,120.871,120.977,1758,1239,23,23,0.11,1.0,0,0,2498,3000,1021,0,2819,2160
cb1f25ef-87f09c2a-0f656ffe-f63022ab-8b305520,120.991,121.143,1788,1226,23,23,0.11,1.0,0,0,2498,3000,1021,0,2819,2160
cb1f25ef-87f09c2a-0f656ffe-f63022ab-8b305520,121.226,121.338,1744,1196,23,23,0.11,1.0,0,0,2498,3000,1021,0,2819,2160
cb1f25ef-87f09c2a-0f656ffe-f63022ab-8b305520,121.352,121.491,1700,1193,23,23,0.11,1.0,0,0,2498,3000,1021,0,2819,2160
cb1f25ef-87f09c2a-0f656ffe-f63022ab-8b305520,121.506,121.672,1658,1161,23,23,0.11,1.0,0,0,2498,3000,1021,0,2819,2160
cb1f25ef-87f09c2a-0f656ffe-f63022ab-8b305520,121.687,122.134,1672,1194,23,23,0.11,1.0,0,0,2498,3000,1021,0,2819,2160
cb1f25ef-87f09c2a-0f656ffe-f63022ab-8b305520,122.146,122.354,1694,1167,23,23,0.11,1.0,0,0,2498,3000,1021,0,2819,2160
cb1f25ef-87f09c2a-0f656ffe-f63022ab-8b305520,122.369,122.702,1698,1158,23,23,0.11,1.0,0,0,2498,3000,1021,0,2819,2160
cb1f25ef-87f09c2a-0f656ffe-f63022ab-8b305520,122.715,122.926,1689,1151,23,23,0.11,1.0,0,0,2498,3000,1021,0,2819,2160
cb1f25ef-87f09c2a-0f656ffe-f63022ab-8b305520,122.939,123.092,1669,1203,23,23,0.11,1.0,0,0,2498,3000,1021,0,2819,2160
cb1f25ef-87f09c2a-0f656ffe-f63022ab-8b305520,123.107,123.481,1695,1237,23,23,0.11,1.0,0,0,2498,3000,1021,0,2819,2160
cb1f25ef-87f09c2a-0f656ffe-f63022ab-8b305520,123.662,124.109,1686,1258,23,23,0.11,1.0,0,0,2498,3000,1021,0,2819,2160
cb1f25ef-87f09c2a-0f656ffe-f63022ab-8b305520,124.191,124.414,1881,1169,23,23,0.11,1.0,0,0,2498,3000,1021,0,2819,2160
cb1f25ef-87f09c2a-0f656ffe-f63022ab-8b305520,124.442,124.637,1934,1129,23,23,0.11,1.0,0,0,2498,3000,1021,0,2819,2160
cb1f25ef-87f09c2a-0f656ffe-f63022ab-8b305520,124.651,124.804,1904,1113,23,23,0.11,1.0,0,0,2498,3000,1021,0,2819,2160
cb1f25ef-87f09c2a-0f656ffe-f63022ab-8b305520,124.818,125.5,1870,1148,23,23,0.11,1.0,0,0,2498,3000,1021,0,2819,2160
cb1f25ef-87f09c2a-0f656ffe-f63022ab-8b305520,125.514,125.64,1680,1288,23,23,0.11,1.0,0,0,2498,3000,1021,0,2819,2160
cb1f25ef-87f09c2a-0f656ffe-f63022ab-8b305520,125.653,125.847,1686,1280,23,23,0.11,1.0,0,0,2498,3000,1021,0,2819,2160
cb1f25ef-87f09c2a-0f656ffe-f63022ab-8b305520,125.861,126.125,1688,1288,23,23,0.11,1.0,0,0,2498,3000,1021,0,2819,2160
cb1f25ef-87f09c2a-0f656ffe-f63022ab-8b305520,126.808,126.946,1478,919,23,23,0.11,1.0,0,0,2498,3000,1021,0,2819,2160
cb1f25ef-87f09c2a-0f656ffe-f63022ab-8b305520,127.559,127.671,1244,1191,23,23,0.11,1.0,0,0,2498,3000,1021,0,2819,2160
cb1f25ef-87f09c2a-0f656ffe-f63022ab-8b305520,127.726,127.936,1750,1229,23,23,0.11,1.0,0,0,2498,3000,1021,0,2819,2160
cb1f25ef-87f09c2a-0f656ffe-f63022ab-8b305520,127.991,128.143,1724,1240,23,23,0.11,1.0,0,0,2498,3000,1021,0,2819,2160
cb1f25ef-87f09c2a-0f656ffe-f63022ab-8b305520,128.158,128.38,1750,1246,23,23,0.11,1.0,0,0,2498,3000,1021,0,2819,2160
cb1f25ef-87f09c2a-0f656ffe-f63022ab-8b305520,128.394,128.534,1746,1215,23,23,0.11,1.0,0,0,2498,3000,1021,0,2819,2160
cb1f25ef-87f09c2a-0f656ffe-f63022ab-8b305520,129.048,129.16,1740,1246,23,23,0.11,1.0,0,0,2498,3000,1021,0,2819,2160
cb1f25ef-87f09c2a-0f656ffe-f63022ab-8b305520,129.174,129.341,1720,1279,23,23,0.11,1.0,0,0,2498,3000,1021,0,2819,2160
cb1f25ef-87f09c2a-0f656ffe-f63022ab-8b305520,129.605,129.717,1724,1265,23,23,0.11,1.0,0,0,2498,3000,1021,0,2819,2160
cb1f25ef-87f09c2a-0f656ffe-f63022ab-8b305520,129.745,129.995,1732,1306,23,23,0.11,1.0,0,0,2498,3000,1021,0,2819,2160
cb1f25ef-87f09c2a-0f656ffe-f63022ab-8b305520,130.092,130.246,1897,1228,23,23,0.11,1.0,0,0,2498,3000,1021,0,2819,2160
cb1f25ef-87f09c2a-0f656ffe-f63022ab-8b305520,130.385,130.51,2014,1175,23,23,0.11,1.0,0,0,2498,3000,1021,0,2819,2160
cb1f25ef-87f09c2a-0f656ffe-f63022ab-8b305520,130.566,130.706,1932,1169,23,23,0.11,1.0,0,0,2498,3000,1021,0,2819,2160
cb1f25ef-87f09c2a-0f656ffe-f63022ab-8b305520,130.72,130.844,1942,1141,23,23,0.11,1.0,0,0,2498,3000,1021,0,2819,2160
cb1f25ef-87f09c2a-0f656ffe-f63022ab-8b305520,130.859,131.123,1931,1164,23,23,0.11,1.0,0,0,2498,3000,1021,0,2819,2160
cb1f25ef-87f09c2a-0f656ffe-f63022ab-8b305520,131.137,131.847,1915,1175,23,23,0.11,1.0,0,0,2498,3000,1021,0,2819,2160
cb1f25ef-87f09c2a-0f656ffe-f63022ab-8b305520,131.917,132.097,1843,1171,23,23,0.11,1.0,0,0,2498,3000,1021,0,2819,2160
cb1f25ef-87f09c2a-0f656ffe-f63022ab-8b305520,132.111,132.389,1816,1169,23,23,0.11,1.0,0,0,2498,3000,1021,0,2819,2160
cb1f25ef-87f09c2a-0f656ffe-f63022ab-8b305520,132.403,132.543,1725,1254,23,23,0.11,1.0,0,0,2498,3000,1021,0,2819,2160
cb1f25ef-87f09c2a-0f656ffe-f63022ab-8b305520,132.96,133.143,1365,2157,23,23,0.11,1.0,0,0,2498,3000,1021,0,2819,2160
cb1f25ef-87f09c2a-0f656ffe-f63022ab-8b305520,133.186,134.451,1378,2140,23,23,0.11,1.0,0,0,2498,3000,1021,0,2819,2160
cb1f25ef-87f09c2a-0f656ffe-f63022ab-8b305520,134.465,134.966,1757,1490,23,23,1.0,0.5,0,0,2498,3000,1021,0,2819,2160
cb1f25ef-87f09c2a-0f656ffe-f63022ab-8b305520,135.008,135.272,1762,1308,23,23,0.99,0.57,0,0,2498,3000,1021,0,2819,2160
cb1f25ef-87f09c2a-0f656ffe-f63022ab-8b305520,135.286,135.466,1718,1262,23,23,0.99,0.62,0,0,2498,3000,1021,0,2819,2160
cb1f25ef-87f09c2a-0f656ffe-f63022ab-8b305520,135.48,135.649,1721,1219,23,23,1.01,0.46,0,0,2498,3000,1021,0,2819,2160
cb1f25ef-87f09c2a-0f656ffe-f63022ab-8b305520,135.664,135.773,1688,1254,23,23,1.01,0.44,0,0,2498,3000,1021,0,2819,2160
cb1f25ef-87f09c2a-0f656ffe-f63022ab-8b305520,135.857,136.009,1712,1249,23,23,1.01,0.42,0,0,2498,3000,1021,0,2819,2160
cb1f25ef-87f09c2a-0f656ffe-f63022ab-8b305520,136.079,136.192,1726,1277,23,23,1.01,0.42,0,0,2498,3000,1021,0,2819,2160
cb1f25ef-87f09c2a-0f656ffe-f63022ab-8b305520,136.205,136.455,1778,1266,23,23,1.0,0.45,0,0,2498,3000,1021,0,2819,2160
cb1f25ef-87f09c2a-0f656ffe-f63022ab-8b305520,136.469,136.594,1752,1252,23,23,0.99,0.48,0,0,2498,3000,1021,0,2819,2160
cb1f25ef-87f09c2a-0f656ffe-f63022ab-8b305520,136.609,136.803,1702,1278,23,23,0.98,0.49,0,0,2498,3000,1021,0,2819,2160
cb1f25ef-87f09c2a-0f656ffe-f63022ab-8b305520,136.817,136.985,1684,1262,23,23,0.97,0.51,0,0,2498,3000,1021,0,2819,2160
cb1f25ef-87f09c2a-0f656ffe-f63022ab-8b305520,136.997,137.304,1678,1273,23,23,0.97,0.45,0,0,2498,3000,1021,0,2819,2160
cb1f25ef-87f09c2a-0f656ffe-f63022ab-8b305520,137.623,137.754,974,1884,23,23,0.93,0.49,0,0,2498,3000,1021,0,2819,2160
cb1f25ef-87f09c2a-0f656ffe-f63022ab-8b305520,138.042,138.306,1113,1656,23,23,0.91,0.61,0,0,2498,3000,1021,0,2819,2160
cb1f25ef-87f09c2a-0f656ffe-f63022ab-8b305520,138.336,138.571,963,1486,23,23,0.9,0.62,0,0,2498,3000,1021,0,2819,2160
cb1f25ef-87f09c2a-0f656ffe-f63022ab-8b305520,138.586,138.723,971,1527,23,23,0.9,0.56,0,0,2498,3000,1021,0,2819,2160
cb1f25ef-87f09c2a-0f656ffe-f63022ab-8b305520,138.737,138.918,914,1542,23,23,0.9,0.55,0,0,2498,3000,1021,0,2819,2160
cb1f25ef-87f09c2a-0f656ffe-f63022ab-8b305520,139.436,139.572,1037,2013,23,23,0.88,0.56,0,0,2498,3000,1021,0,2819,2160
cb1f25ef-87f09c2a-0f656ffe-f63022ab-8b305520,139.684,139.837,1174,1971,23,23,0.88,0.56,0,0,2498,3000,1021,0,2819,2160
cb1f25ef-87f09c2a-0f656ffe-f63022ab-8b305520,139.934,140.226,1073,1502,23,23,0.88,0.56,0,0,2498,3000,1021,0,2819,2160
cb1f25ef-87f09c2a-0f656ffe-f63022ab-8b305520,140.268,140.52,808,1544,23,23,0.88,0.56,0,0,2498,3000,1021,0,2819,2160
cb1f25ef-87f09c2a-0f656ffe-f63022ab-8b305520,140.533,140.659,808,1602,23,23,0.88,0.56,0,0,2498,3000,1021,0,2819,2160
cb1f25ef-87f09c2a-0f656ffe-f63022ab-8b305520,140.672,141.007,814,1523,23,23,0.88,0.58,0,0,2498,3000,1021,0,2819,2160
cb1f25ef-87f09c2a-0f656ffe-f63022ab-8b305520,141.118,141.355,922,1278,23,23,0.88,0.59,0,0,2498,3000,1021,0,2819,2160
cb1f25ef-87f09c2a-0f656ffe-f63022ab-8b305520,141.371,141.605,967,1252,23,23,0.88,0.56,0,0,2498,3000,1021,0,2819,2160
cb1f25ef-87f09c2a-0f656ffe-f63022ab-8b305520,141.619,141.771,981,1276,23,23,0.88,0.51,0,0,2498,3000,1021,0,2819,2160
cb1f25ef-87f09c2a-0f656ffe-f63022ab-8b305520,141.828,142.064,762,941,23,23,0.88,0.51,0,0,2498,3000,1021,0,2819,2160
cb1f25ef-87f09c2a-0f656ffe-f63022ab-8b305520,142.12,142.231,1279,822,23,23,0.88,0.51,0,0,2498,3000,1021,0,2819,2160
cb1f25ef-87f09c2a-0f656ffe-f63022ab-8b305520,142.287,142.509,1747,1271,23,23,0.88,0.51,0,0,2498,3000,1021,0,2819,2160
cb1f25ef-87f09c2a-0f656ffe-f63022ab-8b305520,142.649,143.163,1570,1715,23,23,0.88,0.51,0,0,2498,3000,1021,0,2819,2160
cb1f25ef-87f09c2a-0f656ffe-f63022ab-8b305520,143.191,143.484,1365,1678,23,23,0.88,0.51,0,0,2498,3000,1021,0,2819,2160
cb1f25ef-87f09c2a-0f656ffe-f63022ab-8b305520,143.539,143.846,1256,2017,23,23,0.88,0.51,0,0,2498,3000,1021,0,2819,2160
cb1f25ef-87f09c2a-0f656ffe-f63022ab-8b305520,143.859,144.068,1092,2014,23,23,0.88,0.53,0,0,2498,3000,1021,0,2819,2160
cb1f25ef-87f09c2a-0f656ffe-f63022ab-8b305520,144.096,144.5,845,1536,23,23,0.88,0.53,0,0,2498,3000,1021,0,2819,2160
cb1f25ef-87f09c2a-0f656ffe-f63022ab-8b305520,144.514,144.792,856,1462,23,23,0.88,0.53,0,0,2498,3000,1021,0,2819,2160
cb1f25ef-87f09c2a-0f656ffe-f63022ab-8b305520,144.821,145.002,1017,1934,23,23,0.88,0.51,0,0,2498,3000,1021,0,2819,2160
cb1f25ef-87f09c2a-0f656ffe-f63022ab-8b305520,145.016,145.154,1024,1961,23,23,0.88,0.51,0,0,2498,3000,1021,0,2819,2160
cb1f25ef-87f09c2a-0f656ffe-f63022ab-8b305520,145.279,145.39,1074,2242,23,23,0.88,0.51,0,0,2498,3000,1021,0,2819,2160
cb1f25ef-87f09c2a-0f656ffe-f63022ab-8b305520,145.404,145.808,1049,2196,23,23,0.88,0.51,0,0,2498,3000,1021,0,2819,2160
cb1f25ef-87f09c2a-0f656ffe-f63022ab-8b305520,145.864,146.003,960,1598,23,23,0.88,0.51,0,0,2498,3000,1021,0,2819,2160
cb1f25ef-87f09c2a-0f656ffe-f63022ab-8b305520,146.058,146.225,1020,1241,23,23,0.88,0.51,0,0,2498,3000,1021,0,2819,2160
cb1f25ef-87f09c2a-0f656ffe-f63022ab-8b305520,146.24,146.352,1061,1272,23,23,0.88,0.52,0,0,2498,3000,1021,0,2819,2160
cb1f25ef-87f09c2a-0f656ffe-f63022ab-8b305520,146.367,146.615,1083,1296,23,23,0.88,0.48,0,0,2498,3000,1021,0,2819,2160
cb1f25ef-87f09c2a-0f656ffe-f63022ab-8b305520,146.685,146.81,1870,1710,23,23,0.88,0.48,0,0,2498,3000,1021,0,2819,2160
cb1f25ef-87f09c2a-0f656ffe-f63022ab-8b305520,146.824,146.977,1844,1730,23,23,0.88,0.48,0,0,2498,3000,1021,0,2819,2160
cb1f25ef-87f09c2a-0f656ffe-f63022ab-8b305520,146.992,147.827,1833,1704,23,23,0.88,0.48,0,0,2498,3000,1021,0,2819,2160
cb1f25ef-87f09c2a-0f656ffe-f63022ab-8b305520,147.84,148.063,1796,1475,23,23,0.88,0.51,0,0,2498,3000,1021,0,2819,2160
cb1f25ef-87f09c2a-0f656ffe-f63022ab-8b305520,148.078,148.231,1776,1485,23,23,0.88,0.52,0,0,2498,3000,1021,0,2819,2160
cb1f25ef-87f09c2a-0f656ffe-f63022ab-8b305520,148.244,148.398,1857,1525,23,23,0.88,0.52,0,0,2498,3000,1021,0,2819,2160
cb1f25ef-87f09c2a-0f656ffe-f63022ab-8b305520,148.411,148.551,1910,1510,23,23,0.88,0.53,0,0,2498,3000,1021,0,2819,2160
cb1f25ef-87f09c2a-0f656ffe-f63022ab-8b305520,148.592,148.745,2197,1238,23,23,0.88,0.53,0,0,2498,3000,1021,0,2819,2160
cb1f25ef-87f09c2a-0f656ffe-f63022ab-8b305520,149.107,149.232,878,1238,23,23,0.88,0.53,0,0,2498,3000,1021,0,2819,2160
cb1f25ef-87f09c2a-0f656ffe-f63022ab-8b305520,149.567,149.734,844,1104,23,23,0.88,0.53,0,0,2498,3000,1021,0,2819,2160
cb1f25ef-87f09c2a-0f656ffe-f63022ab-8b305520,149.748,149.888,887,1100,23,23,0.88,0.53,0,0,2498,3000,1021,0,2819,2160
cb1f25ef-87f09c2a-0f656ffe-f63022ab-8b305520,149.915,150.152,1040,1285,23,23,0.88,0.53,0,0,2498,3000,1021,0,2819,2160
cb1f25ef-87f09c2a-0f656ffe-f63022ab-8b305520,150.625,150.765,1039,1333,23,23,0.88,0.52,0,0,2498,3000,1021,0,2819,2160
cb1f25ef-87f09c2a-0f656ffe-f63022ab-8b305520,151.46,151.586,1991,1316,23,23,0.88,0.52,0,0,2498,3000,1021,0,2819,2160
cb1f25ef-87f09c2a-0f656ffe-f63022ab-8b305520,151.752,151.905,804,1287,23,23,0.88,0.52,0,0,2498,3000,1021,0,2819,2160
cb1f25ef-87f09c2a-0f656ffe-f63022ab-8b305520,151.989,152.268,990,1309,23,23,0.88,0.52,0,0,2498,3000,1021,0,2819,2160
cb1f25ef-87f09c2a-0f656ffe-f63022ab-8b305520,152.392,152.588,667,1508,23,23,0.88,0.52,0,0,2498,3000,1021,0,2819,2160
cb1f25ef-87f09c2a-0f656ffe-f63022ab-8b305520,152.601,152.741,693,1526,23,23,0.88,0.52,0,0,2498,3000,1021,0,2819,2160
cb1f25ef-87f09c2a-0f656ffe-f63022ab-8b305520,152.768,152.922,752,1561,23,23,0.88,0.52,0,0,2498,3000,1021,0,2819,2160
cb1f25ef-87f09c2a-0f656ffe-f63022ab-8b305520,152.936,153.075,761,1548,23,23,0.88,0.52,0,0,2498,3000,1021,0,2819,2160
cb1f25ef-87f09c2a-0f656ffe-f63022ab-8b305520,153.576,153.715,1059,1330,23,23,0.88,0.52,0,0,2498,3000,1021,0,2819,2160
cb1f25ef-87f09c2a-0f656ffe-f63022ab-8b305520,153.729,153.979,1069,1331,23,23,0.88,0.52,0,0,2498,3000,1021,0,2819,2160
cb1f25ef-87f09c2a-0f656ffe-f63022ab-8b305520,154.036,154.146,1104,2145,23,23,0.88,0.52,0,0,2498,3000,1021,0,2819,2160
cb1f25ef-87f09c2a-0f656ffe-f63022ab-8b305520,154.16,154.328,1144,2177,23,23,0.88,0.52,0,0,2498,3000,1021,0,2819,2160
cb1f25ef-87f09c2a-0f656ffe-f63022ab-8b305520,154.341,154.62,1140,2125,23,23,0.88,0.52,0,0,2498,3000,1021,0,2819,2160
cb1f25ef-87f09c2a-0f656ffe-f63022ab-8b305520,154.634,154.759,1101,2136,23,23,0.88,0.52,0,0,2498,3000,1021,0,2819,2160
cb1f25ef-87f09c2a-0f656ffe-f63022ab-8b305520,154.829,154.954,1175,1312,23,23,0.88,0.52,0,0,2498,3000,1021,0,2819,2160
cb1f25ef-87f09c2a-0f656ffe-f63022ab-8b305520,154.968,155.191,1181,1322,23,23,0.88,0.52,0,0,2498,3000,1021,0,2819,2160
cb1f25ef-87f09c2a-0f656ffe-f63022ab-8b305520,155.204,155.343,1158,1340,23,23,0.88,0.52,0,0,2498,3000,1021,0,2819,2160
cb1f25ef-87f09c2a-0f656ffe-f63022ab-8b305520,155.511,155.65,1766,1326,23,23,0.88,0.52,0,0,2498,3000,1021,0,2819,2160
cb1f25ef-87f09c2a-0f656ffe-f63022ab-8b305520,155.887,156.068,1744,1469,23,23,0.88,0.52,0,0,2498,3000,1021,0,2819,2160
cb1f25ef-87f09c2a-0f656ffe-f63022ab-8b305520,156.137,156.332,1024,1398,23,23,0.88,0.52,0,0,2498,3000,1021,0,2819,2160
cb1f25ef-87f09c2a-0f656ffe-f63022ab-8b305520,156.346,156.722,1043,1376,23,23,0.88,0.52,0,0,2498,3000,1021,0,2819,2160
cb1f25ef-87f09c2a-0f656ffe-f63022ab-8b305520,156.736,156.972,966,1312,23,23,0.88,0.52,0,0,2498,3000,1021,0,2819,2160
cb1f25ef-87f09c2a-0f656ffe-f63022ab-8b305520,156.987,157.237,1041,1231,23,23,0.88,0.52,0,0,2498,3000,1021,0,2819,2160
cb1f25ef-87f09c2a-0f656ffe-f63022ab-8b305520,157.252,157.363,1058,1251,23,23,0.88,0.52,0,0,2498,3000,1021,0,2819,2160
cb1f25ef-87f09c2a-0f656ffe-f63022ab-8b305520,157.418,157.571,983,1275,23,23,0.88,0.53,0,0,2498,3000,1021,0,2819,2160
cb1f25ef-87f09c2a-0f656ffe-f63022ab-8b305520,157.585,157.71,928,1267,23,23,0.88,0.55,0,0,2498,3000,1021,0,2819,2160
cb1f25ef-87f09c2a-0f656ffe-f63022ab-8b305520,157.738,157.877,738,1119,23,23,0.88,0.56,0,0,2498,3000,1021,0,2819,2160
cb1f25ef-87f09c2a-0f656ffe-f63022ab-8b305520,157.891,158.044,776,1114,23,23,0.88,0.56,0,0,2498,3000,1021,0,2819,2160
cb1f25ef-87f09c2a-0f656ffe-f63022ab-8b305520,158.086,158.241,820,1455,23,23,0.88,0.56,0,0,2498,3000,1021,0,2819,2160
cb1f25ef-87f09c2a-0f656ffe-f63022ab-8b305520,158.337,158.462,1061,1385,23,23,0.88,0.52,0,0,2498,3000,1021,0,2819,2160
cb1f25ef-87f09c2a-0f656ffe-f63022ab-8b305520,158.758,158.869,1019,1418,23,23,0.89,0.5,0,0,2498,3000,1021,0,2819,2160
cb1f25ef-87f09c2a-0f656ffe-f63022ab-8b305520,158.896,159.032,1028,1419,23,23,0.89,0.5,0,0,2498,3000,1021,0,2819,2160
cb1f25ef-87f09c2a-0f656ffe-f63022ab-8b305520,159.227,159.575,935,1192,23,23,0.89,0.53,0,0,2498,3000,1021,0,2819,2160
cb1f25ef-87f09c2a-0f656ffe-f63022ab-8b305520,159.659,159.923,917,1085,23,23,0.89,0.55,0,0,2498,3000,1021,0,2819,2160
cb1f25ef-87f09c2a-0f656ffe-f63022ab-8b305520,159.951,160.355,1036,1315,23,23,0.89,0.59,0,0,2498,3000,1021,0,2819,2160
cb1f25ef-87f09c2a-0f656ffe-f63022ab-8b305520,160.369,160.758,1160,1363,23,23,0.89,0.57,0,0,2498,3000,1021,0,2819,2160
cb1f25ef-87f09c2a-0f656ffe-f63022ab-8b305520,160.898,161.009,2132,1369,23,23,0.89,0.54,0,0,2498,3000,1021,0,2819,2160
cb1f25ef-87f09c2a-0f656ffe-f63022ab-8b305520,161.19,161.315,1944,1387,23,23,0.89,0.52,0,0,2498,3000,1021,0,2819,2160
cb1f25ef-87f09c2a-0f656ffe-f63022ab-8b305520,161.399,161.579,925,1240,23,23,0.89,0.54,0,0,2498,3000,1021,0,2819,2160
cb1f25ef-87f09c2a-0f656ffe-f63022ab-8b305520,161.593,161.747,969,1248,23,23,0.89,0.56,0,0,2498,3000,1021,0,2819,2160
cb1f25ef-87f09c2a-0f656ffe-f63022ab-8b305520,161.789,162.151,928,1142,23,23,0.89,0.58,0,0,2498,3000,1021,0,2819,2160
cb1f25ef-87f09c2a-0f656ffe-f63022ab-8b305520,162.165,162.569,946,1201,23,23,0.89,0.58,0,0,2498,3000,1021,0,2819,2160
cb1f25ef-87f09c2a-0f656ffe-f63022ab-8b305520,162.582,163.153,961,1218,23,23,0.89,0.58,0,0,2498,3000,1021,0,2819,2160
cb1f25ef-87f09c2a-0f656ffe-f63022ab-8b305520,163.264,163.404,947,1348,23,23,0.89,0.54,0,0,2498,3000,1021,0,2819,2160
cb1f25ef-87f09c2a-0f656ffe-f63022ab-8b305520,163.417,163.585,973,1357,23,23,0.89,0.53,0,0,2498,3000,1021,0,2819,2160
cb1f25ef-87f09c2a-0f656ffe-f63022ab-8b305520,163.793,163.962,1071,1309,23,23,0.87,0.55,0,0,2498,3000,1021,0,2819,2160
cb1f25ef-87f09c2a-0f656ffe-f63022ab-8b305520,163.976,164.308,1097,1315,23,23,0.86,0.6,0,0,2498,3000,1021,0,2819,2160
cb1f25ef-87f09c2a-0f656ffe-f63022ab-8b305520,164.352,164.572,1177,1327,23,23,0.86,0.61,0,0,2498,3000,1021,0,2819,2160
cb1f25ef-87f09c2a-0f656ffe-f63022ab-8b305520,164.645,164.796,1231,1323,23,23,0.86,0.61,0,0,2498,3000,1021,0,2819,2160
cb1f25ef-87f09c2a-0f656ffe-f63022ab-8b305520,164.809,164.99,1217,1300,23,23,0.86,0.58,0,0,2498,3000,1021,0,2819,2160
cb1f25ef-87f09c2a-0f656ffe-f63022ab-8b305520,165.088,165.213,1188,1357,23,23,0.86,0.58,0,0,2498,3000,1021,0,2819,2160
cb1f25ef-87f09c2a-0f656ffe-f63022ab-8b305520,165.227,165.38,1235,1380,23,23,0.86,0.58,0,0,2498,3000,1021,0,2819,2160
cb1f25ef-87f09c2a-0f656ffe-f63022ab-8b305520,165.393,165.533,1239,1409,23,23,0.86,0.58,0,0,2498,3000,1021,0,2819,2160
cb1f25ef-87f09c2a-0f656ffe-f63022ab-8b305520,165.547,165.77,1182,1404,23,23,0.86,0.58,0,0,2498,3000,1021,0,2819,2160
cb1f25ef-87f09c2a-0f656ffe-f63022ab-8b305520,165.784,165.937,1213,1384,23,23,0.86,0.56,0,0,2498,3000,1021,0,2819,2160
cb1f25ef-87f09c2a-0f656ffe-f63022ab-8b305520,165.965,166.118,1123,1281,23,23,0.86,0.56,0,0,2498,3000,1021,0,2819,2160
cb1f25ef-87f09c2a-0f656ffe-f63022ab-8b305520,166.131,166.424,1110,1291,23,23,0.86,0.58,0,0,2498,3000,1021,0,2819,2160
cb1f25ef-87f09c2a-0f656ffe-f63022ab-8b305520,166.451,166.688,1178,1402,23,23,0.86,0.6,0,0,2498,3000,1021,0,2819,2160
cb1f25ef-87f09c2a-0f656ffe-f63022ab-8b305520,166.729,166.911,1313,1478,23,23,0.86,0.59,0,0,2498,3000,1021,0,2819,2160
cb1f25ef-87f09c2a-0f656ffe-f63022ab-8b305520,166.994,167.15,1624,1724,23,23,0.86,0.57,0,0,2498,3000,1021,0,2819,2160
cb1f25ef-87f09c2a-0f656ffe-f63022ab-8b305520,167.162,167.314,1598,1705,23,23,0.86,0.56,0,0,2498,3000,1021,0,2819,2160
cb1f25ef-87f09c2a-0f656ffe-f63022ab-8b305520,167.342,167.636,1921,1344,23,23,0.86,0.52,0,0,2498,3000,1021,0,2819,2160
cb1f25ef-87f09c2a-0f656ffe-f63022ab-8b305520,168.08,168.289,1014,1362,23,23,0.85,0.57,0,0,2498,3000,1021,0,2819,2160
cb1f25ef-87f09c2a-0f656ffe-f63022ab-8b305520,168.304,168.414,1047,1370,23,23,0.85,0.6,0,0,2498,3000,1021,0,2819,2160
cb1f25ef-87f09c2a-0f656ffe-f63022ab-8b305520,168.526,168.818,984,1154,23,23,0.84,0.6,0,0,2498,3000,1021,0,2819,2160
cb1f25ef-87f09c2a-0f656ffe-f63022ab-8b305520,168.832,168.987,965,1160,23,23,0.84,0.57,0,0,2498,3000,1021,0,2819,2160
cb1f25ef-87f09c2a-0f656ffe-f63022ab-8b305520,169.18,169.291,2034,1480,23,23,0.84,0.55,0,0,2498,3000,1021,0,2819,2160
cb1f25ef-87f09c2a-0f656ffe-f63022ab-8b305520,169.403,169.514,1975,1405,23,23,0.84,0.55,0,0,2498,3000,1021,0,2819,2160
cb1f25ef-87f09c2a-0f656ffe-f63022ab-8b305520,169.612,169.751,1681,1372,23,23,0.84,0.55,0,0,2498,3000,1021,0,2819,2160
cb1f25ef-87f09c2a-0f656ffe-f63022ab-8b305520,169.821,170.377,981,1385,23,23,0.84,0.55,0,0,2498,3000,1021,0,2819,2160
cb1f25ef-87f09c2a-0f656ffe-f63022ab-8b305520,170.391,170.516,956,1389,23,23,0.84,0.55,0,0,2498,3000,1021,0,2819,2160
cb1f25ef-87f09c2a-0f656ffe-f63022ab-8b305520,170.531,171.115,1040,1328,23,23,0.84,0.57,0,0,2498,3000,1021,0,2819,2160
cb1f25ef-87f09c2a-0f656ffe-f63022ab-8b305520,171.24,171.436,889,1158,23,23,0.84,0.61,0,0,2498,3000,1021,0,2819,2160
cb1f25ef-87f09c2a-0f656ffe-f63022ab-8b305520,171.449,171.589,893,1186,23,23,0.84,0.57,0,0,2498,3000,1021,0,2819,2160
cb1f25ef-87f09c2a-0f656ffe-f63022ab-8b305520,171.616,171.783,860,1162,23,23,0.84,0.57,0,0,2498,3000,1021,0,2819,2160
cb1f25ef-87f09c2a-0f656ffe-f63022ab-8b305520,171.797,171.908,835,1142,23,23,0.84,0.56,0,0,2498,3000,1021,0,2819,2160
cb1f25ef-87f09c2a-0f656ffe-f63022ab-8b305520,171.951,172.242,1013,1333,23,23,0.84,0.56,0,0,2498,3000,1021,0,2819,2160
cb1f25ef-87f09c2a-0f656ffe-f63022ab-8b305520,172.256,172.438,1143,1503,23,23,0.84,0.56,0,0,2498,3000,1021,0,2819,2160
cb1f25ef-87f09c2a-0f656ffe-f63022ab-8b305520,172.675,172.813,2046,1423,23,23,0.84,0.58,0,0,2498,3000,1021,0,2819,2160
cb1f25ef-87f09c2a-0f656ffe-f63022ab-8b305520,173.231,173.342,844,1252,23,23,0.84,0.61,0,0,2498,3000,1021,0,2819,2160
cb1f25ef-87f09c2a-0f656ffe-f63022ab-8b305520,173.523,173.732,850,1088,23,23,0.84,0.58,0,0,2498,3000,1021,0,2819,2160
cb1f25ef-87f09c2a-0f656ffe-f63022ab-8b305520,173.745,173.888,888,1118,23,23,0.84,0.58,0,0,2498,3000,1021,0,2819,2160
cb1f25ef-87f09c2a-0f656ffe-f63022ab-8b305520,173.996,174.109,891,1221,23,23,0.84,0.56,0,0,2498,3000,1021,0,2819,2160
cb1f25ef-87f09c2a-0f656ffe-f63022ab-8b305520,174.125,174.291,899,1222,23,23,0.84,0.58,0,0,2498,3000,1021,0,2819,2160
cb1f25ef-87f09c2a-0f656ffe-f63022ab-8b305520,174.358,174.484,1099,1468,23,23,0.82,0.61,0,0,2498,3000,1021,0,2819,2160
cb1f25ef-87f09c2a-0f656ffe-f63022ab-8b305520,174.497,174.651,1095,1508,23,23,0.82,0.62,0,0,2498,3000,1021,0,2819,2160
cb1f25ef-87f09c2a-0f656ffe-f63022ab-8b305520,174.678,174.915,1010,1728,23,23,0.81,0.64,0,0,2498,3000,1021,0,2819,2160
cb1f25ef-87f09c2a-0f656ffe-f63022ab-8b305520,174.944,175.054,974,1739,23,23,0.81,0.62,0,0,2498,3000,1021,0,2819,2160
cb1f25ef-87f09c2a-0f656ffe-f63022ab-8b305520,175.139,175.263,593,1377,23,23,0.81,0.59,0,0,2498,3000,1021,0,2819,2160
cb1f25ef-87f09c2a-0f656ffe-f63022ab-8b305520,175.277,175.473,663,1382,23,23,0.81,0.59,0,0,2498,3000,1021,0,2819,2160
cb1f25ef-87f09c2a-0f656ffe-f63022ab-8b305520,175.611,175.792,1054,2142,23,23,0.81,0.57,0,0,2498,3000,1021,0,2819,2160
cb1f25ef-87f09c2a-0f656ffe-f63022ab-8b305520,175.806,175.917,1057,2188,23,23,0.82,0.59,0,0,2498,3000,1021,0,2819,2160
cb1f25ef-87f09c2a-0f656ffe-f63022ab-8b305520,175.945,176.057,1262,2123,23,23,0.82,0.59,0,0,2498,3000,1021,0,2819,2160
cb1f25ef-87f09c2a-0f656ffe-f63022ab-8b305520,176.07,176.209,1302,2120,23,23,0.82,0.59,0,0,2498,3000,1021,0,2819,2160
cb1f25ef-87f09c2a-0f656ffe-f63022ab-8b305520,176.362,176.48,863,1917,23,23,0.82,0.6,0,0,2498,3000,1021,0,2819,2160
cb1f25ef-87f09c2a-0f656ffe-f63022ab-8b305520,176.503,176.753,839,1870,23,23,0.82,0.63,0,0,2498,3000,1021,0,2819,2160
cb1f25ef-87f09c2a-0f656ffe-f63022ab-8b305520,176.794,177.13,994,1927,23,23,0.82,0.64,0,0,2498,3000,1021,0,2819,2160
cb1f25ef-87f09c2a-0f656ffe-f63022ab-8b305520,177.144,177.295,1020,1953,23,23,0.83,0.58,0,0,2498,3000,1021,0,2819,2160
cb1f25ef-87f09c2a-0f656ffe-f63022ab-8b305520,177.615,177.782,1928,1693,23,23,0.83,0.57,0,0,2498,3000,1021,0,2819,2160
cb1f25ef-87f09c2a-0f656ffe-f63022ab-8b305520,177.88,178.116,2140,1489,23,23,0.83,0.57,0,0,2498,3000,1021,0,2819,2160
cb1f25ef-87f09c2a-0f656ffe-f63022ab-8b305520,178.131,178.241,2123,1431,23,23,0.83,0.57,0,0,2498,3000,1021,0,2819,2160
cb1f25ef-87f09c2a-0f656ffe-f63022ab-8b305520,178.339,178.493,1587,1463,23,23,0.83,0.57,0,0,2498,3000,1021,0,2819,2160
cb1f25ef-87f09c2a-0f656ffe-f63022ab-8b305520,179.05,179.174,739,1406,23,23,0.85,0.66,0,0,2498,3000,1021,0,2819,2160
cb1f25ef-87f09c2a-0f656ffe-f63022ab-8b305520,179.188,179.303,753,1385,23,23,0.85,0.66,0,0,2498,3000,1021,0,2819,2160
cb1f25ef-87f09c2a-0f656ffe-f63022ab-8b305520,179.343,179.48,833,2030,23,23,0.85,0.6,0,0,2498,3000,1021,0,2819,2160
cb1f25ef-87f09c2a-0f656ffe-f63022ab-8b305520,179.494,179.606,875,2048,23,23,0.85,0.58,0,0,2498,3000,1021,0,2819,2160
cb1f25ef-87f09c2a-0f656ffe-f63022ab-8b305520,179.717,179.856,1118,1270,23,23,0.85,0.58,0,0,2498,3000,1021,0,2819,2160
cb1f25ef-87f09c2a-0f656ffe-f63022ab-8b305520,179.87,180.019,1090,1266,23,23,0.85,0.58,0,0,2498,3000,1021,0,2819,2160
cb1f25ef-87f09c2a-0f656ffe-f63022ab-8b305520,180.067,180.218,763,1026,23,23,0.85,0.53,0,0,2498,3000,1021,0,2819,2160
cb1f25ef-87f09c2a-0f656ffe-f63022ab-8b305520,180.233,180.344,734,1034,23,23,0.85,0.52,0,0,2498,3000,1021,0,2819,2160
cb1f25ef-87f09c2a-0f656ffe-f63022ab-8b305520,180.413,180.583,896,1843,23,23,0.85,0.52,0,0,2498,3000,1021,0,2819,2160
cb1f25ef-87f09c2a-0f656ffe-f63022ab-8b305520,180.733,180.845,853,1835,23,23,0.84,0.58,0,0,2498,3000,1021,0,2819,2160
cb1f25ef-87f09c2a-0f656ffe-f63022ab-8b305520,181.36,181.596,1007,1952,23,23,0.82,0.61,0,0,2498,3000,1021,0,2819,2160
cb1f25ef-87f09c2a-0f656ffe-f63022ab-8b305520,181.805,181.916,2044,1602,23,23,0.82,0.63,0,0,2498,3000,1021,0,2819,2160
cb1f25ef-87f09c2a-0f656ffe-f63022ab-8b305520,182.112,182.265,2027,1447,23,23,0.82,0.63,0,0,2498,3000,1021,0,2819,2160
cb1f25ef-87f09c2a-0f656ffe-f63022ab-8b305520,182.279,182.473,2007,1457,23,23,0.82,0.63,0,0,2498,3000,1021,0,2819,2160
cb1f25ef-87f09c2a-0f656ffe-f63022ab-8b305520,182.501,182.668,2195,1207,23,23,0.82,0.63,0,0,2498,3000,1021,0,2819,2160
cb1f25ef-87f09c2a-0f656ffe-f63022ab-8b305520,182.779,182.933,1744,1323,23,23,0.83,0.61,0,0,2498,3000,1021,0,2819,2160
cb1f25ef-87f09c2a-0f656ffe-f63022ab-8b305520,183.114,183.238,895,1363,23,23,0.85,0.57,0,0,2498,3000,1021,0,2819,2160
cb1f25ef-87f09c2a-0f656ffe-f63022ab-8b305520,183.545,183.656,1045,1569,23,23,0.84,0.57,0,0,2498,3000,1021,0,2819,2160
cb1f25ef-87f09c2a-0f656ffe-f63022ab-8b305520,183.726,183.851,1023,1485,23,23,0.84,0.57,0,0,2498,3000,1021,0,2819,2160
cb1f25ef-87f09c2a-0f656ffe-f63022ab-8b305520,183.893,184.075,1259,1642,23,23,0.84,0.57,0,0,2498,3000,1021,0,2819,2160
cb1f25ef-87f09c2a-0f656ffe-f63022ab-8b305520,184.089,184.227,1272,1665,23,23,0.83,0.59,0,0,2498,3000,1021,0,2819,2160
cb1f25ef-87f09c2a-0f656ffe-f63022ab-8b305520,184.256,184.492,1104,1534,23,23,0.83,0.63,0,0,2498,3000,1021,0,2819,2160
cb1f25ef-87f09c2a-0f656ffe-f63022ab-8b305520,184.506,184.784,1260,2060,23,23,0.83,0.63,0,0,2498,3000,1021,0,2819,2160
cb1f25ef-87f09c2a-0f656ffe-f63022ab-8b305520,184.938,185.104,1878,2033,23,23,0.83,0.57,0,0,2498,3000,1021,0,2819,2160
cb1f25ef-87f09c2a-0f656ffe-f63022ab-8b305520,185.119,185.578,1889,2039,23,23,0.83,0.57,0,0,2498,3000,1021,0,2819,2160
cb1f25ef-87f09c2a-0f656ffe-f63022ab-8b305520,185.592,185.856,1890,2064,23,23,0.83,0.57,0,0,2498,3000,1021,0,2819,2160
cb1f25ef-87f09c2a-0f656ffe-f63022ab-8b305520,185.871,186.218,1964,1977,23,23,0.83,0.59,0,0,2498,3000,1021,0,2819,2160
cb1f25ef-87f09c2a-0f656ffe-f63022ab-8b305520,186.232,186.649,1819,1975,23,23,0.83,0.59,0,0,2498,3000,1021,0,2819,2160
cb1f25ef-87f09c2a-0f656ffe-f63022ab-8b305520,186.663,186.872,1870,1927,23,23,0.83,0.59,0,0,2498,3000,1021,0,2819,2160
cb1f25ef-87f09c2a-0f656ffe-f63022ab-8b305520,186.928,187.405,1834,1739,23,23,0.83,0.59,0,0,2498,3000,1021,0,2819,2160
cb1f25ef-87f09c2a-0f656ffe-f63022ab-8b305520,187.416,187.693,1891,1689,23,23,0.84,0.6,0,0,2498,3000,1021,0,2819,2160
cb1f25ef-87f09c2a-0f656ffe-f63022ab-8b305520,187.707,187.847,1864,1727,23,23,0.84,0.58,0,0,2498,3000,1021,0,2819,2160
cb1f25ef-87f09c2a-0f656ffe-f63022ab-8b305520,187.86,188.0,1850,1734,23,23,0.84,0.57,0,0,2498,3000,1021,0,2819,2160
cb1f25ef-87f09c2a-0f656ffe-f63022ab-8b305520,188.013,188.18,2024,1797,23,23,0.84,0.55,0,0,2498,3000,1021,0,2819,2160
cb1f25ef-87f09c2a-0f656ffe-f63022ab-8b305520,188.64,188.751,962,1156,23,23,0.83,0.61,0,0,2498,3000,1021,0,2819,2160
cb1f25ef-87f09c2a-0f656ffe-f63022ab-8b305520,189.086,189.196,1020,1333,23,23,0.83,0.54,0,0,2498,3000,1021,0,2819,2160
cb1f25ef-87f09c2a-0f656ffe-f63022ab-8b305520,189.322,189.433,1089,1253,23,23,0.83,0.54,0,0,2498,3000,1021,0,2819,2160
cb1f25ef-87f09c2a-0f656ffe-f63022ab-8b305520,189.447,189.601,1121,1264,23,23,0.83,0.54,0,0,2498,3000,1021,0,2819,2160
cb1f25ef-87f09c2a-0f656ffe-f63022ab-8b305520,189.851,189.977,1917,1436,23,23,0.83,0.54,0,0,2498,3000,1021,0,2819,2160
cb1f25ef-87f09c2a-0f656ffe-f63022ab-8b305520,190.185,190.31,2034,1430,23,23,0.83,0.57,0,0,2498,3000,1021,0,2819,2160
cb1f25ef-87f09c2a-0f656ffe-f63022ab-8b305520,190.979,191.202,893,1190,23,23,0.82,0.58,0,0,2498,3000,1021,0,2819,2160
cb1f25ef-87f09c2a-0f656ffe-f63022ab-8b305520,191.285,191.507,801,1190,23,23,0.82,0.57,0,0,2498,3000,1021,0,2819,2160
cb1f25ef-87f09c2a-0f656ffe-f63022ab-8b305520,191.522,191.744,1067,1406,23,23,0.82,0.57,0,0,2498,3000,1021,0,2819,2160
cb1f25ef-87f09c2a-0f656ffe-f63022ab-8b305520,191.8,192.05,1111,1508,23,23,0.82,0.57,0,0,2498,3000,1021,0,2819,2160
cb1f25ef-87f09c2a-0f656ffe-f63022ab-8b305520,192.078,192.419,1225,1528,23,23,0.82,0.57,0,0,2498,3000,1021,0,2819,2160
cb1f25ef-87f09c2a-0f656ffe-f63022ab-8b305520,192.44,192.746,1166,1587,23,23,0.82,0.6,0,0,2498,3000,1021,0,2819,2160
cb1f25ef-87f09c2a-0f656ffe-f63022ab-8b305520,192.788,192.983,962,1546,23,23,0.81,0.61,0,0,2498,3000,1021,0,2819,2160
cb1f25ef-87f09c2a-0f656ffe-f63022ab-8b305520,193.038,193.336,874,1951,23,23,0.81,0.61,0,0,2498,3000,1021,0,2819,2160
cb1f25ef-87f09c2a-0f656ffe-f63022ab-8b305520,193.373,193.554,1116,1620,23,23,0.81,0.6,0,0,2498,3000,1021,0,2819,2160
cb1f25ef-87f09c2a-0f656ffe-f63022ab-8b305520,193.568,193.804,1135,1605,23,23,0.81,0.6,0,0,2498,3000,1021,0,2819,2160
cb1f25ef-87f09c2a-0f656ffe-f63022ab-8b305520,193.957,194.124,651,1173,23,23,0.81,0.57,0,0,2498,3000,1021,0,2819,2160
cb1f25ef-87f09c2a-0f656ffe-f63022ab-8b305520,194.139,194.319,650,1161,23,23,0.81,0.57,0,0,2498,3000,1021,0,2819,2160
cb1f25ef-87f09c2a-0f656ffe-f63022ab-8b305520,194.487,194.751,597,1396,23,23,0.81,0.59,0,0,2498,3000,1021,0,2819,2160
cb1f25ef-87f09c2a-0f656ffe-f63022ab-8b305520,194.765,194.89,648,1385,23,23,0.81,0.61,0,0,2498,3000,1021,0,2819,2160
cb1f25ef-87f09c2a-0f656ffe-f63022ab-8b305520,194.988,195.127,883,1144,23,23,0.81,0.64,0,0,2498,3000,1021,0,2819,2160
cb1f25ef-87f09c2a-0f656ffe-f63022ab-8b305520,195.224,195.336,1195,1218,23,23,0.81,0.64,0,0,2498,3000,1021,0,2819,2160
cb1f25ef-87f09c2a-0f656ffe-f63022ab-8b305520,195.516,195.656,1162,1476,23,23,0.81,0.61,0,0,2498,3000,1021,0,2819,2160
cb1f25ef-87f09c2a-0f656ffe-f63022ab-8b305520,195.67,195.837,1155,1444,23,23,0.81,0.59,0,0,2498,3000,1021,0,2819,2160
cb1f25ef-87f09c2a-0f656ffe-f63022ab-8b305520,195.865,195.975,1114,1210,23,23,0.82,0.59,0,0,2498,3000,1021,0,2819,2160
cb1f25ef-87f09c2a-0f656ffe-f63022ab-8b305520,195.989,196.199,1098,1195,23,23,0.82,0.59,0,0,2498,3000,1021,0,2819,2160
cb1f25ef-87f09c2a-0f656ffe-f63022ab-8b305520,196.255,196.365,1226,1213,23,23,0.82,0.58,0,0,2498,3000,1021,0,2819,2160
cb1f25ef-87f09c2a-0f656ffe-f63022ab-8b305520,196.714,196.827,1430,1329,23,23,0.82,0.59,0,0,2498,3000,1021,0,2819,2160
cb1f25ef-87f09c2a-0f656ffe-f63022ab-8b305520,196.938,197.047,1191,1122,23,23,0.83,0.62,0,0,2498,3000,1021,0,2819,2160
cb1f25ef-87f09c2a-0f656ffe-f63022ab-8b305520,197.062,197.187,1164,1112,23,23,0.83,0.63,0,0,2498,3000,1021,0,2819,2160
cb1f25ef-87f09c2a-0f656ffe-f63022ab-8b305520,197.203,197.329,1206,1130,23,23,0.83,0.64,0,0,2498,3000,1021,0,2819,2160
cb1f25ef-87f09c2a-0f656ffe-f63022ab-8b305520,197.41,197.548,2067,1396,23,23,0.83,0.72,0,0,2498,3000,1021,0,2819,2160
cb1f25ef-87f09c2a-0f656ffe-f63022ab-8b305520,198.175,198.356,1292,2412,23,23,0.83,0.7,0,0,2498,3000,1021,0,2819,2160
cb1f25ef-87f09c2a-0f656ffe-f63022ab-8b305520,198.411,198.539,1315,2386,23,23,0.83,0.69,0,0,2498,3000,1021,0,2819,2160
cb1f25ef-87f09c2a-0f656ffe-f63022ab-8b305520,198.592,198.873,1031,2212,23,23,0.83,0.68,0,0,2498,3000,1021,0,2819,2160
cb1f25ef-87f09c2a-0f656ffe-f63022ab-8b305520,199.01,199.149,828,2142,23,23,0.82,0.75,0,0,2498,3000,1021,0,2819,2160
cb1f25ef-87f09c2a-0f656ffe-f63022ab-8b305520,199.163,199.414,816,2159,23,23,0.82,0.75,0,0,2498,3000,1021,0,2819,2160
cb1f25ef-87f09c2a-0f656ffe-f63022ab-8b305520,199.455,199.624,736,2014,23,23,0.82,0.75,0,0,2498,3000,1021,0,2819,2160
cb1f25ef-87f09c2a-0f656ffe-f63022ab-8b305520,199.637,199.831,736,1998,23,23,0.8,0.8,0,0,2498,3000,1021,0,2819,2160
cb1f25ef-87f09c2a-0f656ffe-f63022ab-8b305520,199.985,200.088,1026,1072,23,23,0.8,0.64,0,0,2498,3000,1021,0,2819,2160
cb1f25ef-87f09c2a-0f656ffe-f63022ab-8b305520,200.137,200.25,976,858,23,23,0.8,0.58,0,0,2498,3000,1021,0,2819,2160
cb1f25ef-87f09c2a-0f656ffe-f63022ab-8b305520,200.332,200.445,1006,970,23,23,0.8,0.56,0,0,2498,3000,1021,0,2819,2160
cb1f25ef-87f09c2a-0f656ffe-f63022ab-8b305520,200.582,200.694,2098,700,23,23,0.8,0.54,0,0,2498,3000,1021,0,2819,2160
cb1f25ef-87f09c2a-0f656ffe-f63022ab-8b305520,200.819,201.0,1994,712,23,23,0.8,0.54,0,0,2498,3000,1021,0,2819,2160
cb1f25ef-87f09c2a-0f656ffe-f63022ab-8b305520,201.014,201.159,1975,724,23,23,0.8,0.53,0,0,2498,3000,1021,0,2819,2160
cb1f25ef-87f09c2a-0f656ffe-f63022ab-8b305520,201.209,201.348,2010,628,23,23,0.8,0.48,0,0,2498,3000,1021,0,2819,2160
cb1f25ef-87f09c2a-0f656ffe-f63022ab-8b305520,201.404,201.529,1967,690,23,23,0.8,0.47,0,0,2498,3000,1021,0,2819,2160
cb1f25ef-87f09c2a-0f656ffe-f63022ab-8b305520,201.543,201.724,1955,669,23,23,0.8,0.47,0,0,2498,3000,1021,0,2819,2160
cb1f25ef-87f09c2a-0f656ffe-f63022ab-8b305520,201.837,201.947,1820,731,23,23,0.8,0.48,0,0,2498,3000,1021,0,2819,2160
cb1f25ef-87f09c2a-0f656ffe-f63022ab-8b305520,202.032,202.155,2210,558,23,23,0.79,0.48,0,0,2498,3000,1021,0,2819,2160
cb1f25ef-87f09c2a-0f656ffe-f63022ab-8b305520,202.172,202.461,2179,576,23,23,0.78,0.48,0,0,2498,3000,1021,0,2819,2160
cb1f25ef-87f09c2a-0f656ffe-f63022ab-8b305520,202.588,202.713,1753,691,23,23,0.78,0.57,0,0,2498,3000,1021,0,2819,2160
cb1f25ef-87f09c2a-0f656ffe-f63022ab-8b305520,202.839,203.005,743,905,23,23,0.79,0.57,0,0,2498,3000,1021,0,2819,2160
cb1f25ef-87f09c2a-0f656ffe-f63022ab-8b305520,203.018,203.15,769,931,23,23,0.8,0.56,0,0,2498,3000,1021,0,2819,2160
cb1f25ef-87f09c2a-0f656ffe-f63022ab-8b305520,203.16,203.27,796,939,23,23,0.82,0.51,0,0,2498,3000,1021,0,2819,2160
cb1f25ef-87f09c2a-0f656ffe-f63022ab-8b305520,203.324,203.463,650,961,23,23,0.82,0.47,0,0,2498,3000,1021,0,2819,2160
cb1f25ef-87f09c2a-0f656ffe-f63022ab-8b305520,203.478,203.672,678,999,23,23,0.82,0.47,0,0,2498,3000,1021,0,2819,2160
cb1f25ef-87f09c2a-0f656ffe-f63022ab-8b305520,203.839,203.952,827,1064,23,23,0.8,0.49,0,0,2498,3000,1021,0,2819,2160
cb1f25ef-87f09c2a-0f656ffe-f63022ab-8b305520,203.965,204.09,857,1087,23,23,0.78,0.51,0,0,2498,3000,1021,0,2819,2160
cb1f25ef-87f09c2a-0f656ffe-f63022ab-8b305520,204.146,204.369,1068,1072,23,23,0.77,0.54,0,0,2498,3000,1021,0,2819,2160
cb1f25ef-87f09c2a-0f656ffe-f63022ab-8b305520,204.382,204.591,1071,1063,23,23,0.77,0.54,0,0,2498,3000,1021,0,2819,2160
cb1f25ef-87f09c2a-0f656ffe-f63022ab-8b305520,204.675,204.828,1146,1295,23,23,0.76,0.61,0,0,2498,3000,1021,0,2819,2160
cb1f25ef-87f09c2a-0f656ffe-f63022ab-8b305520,204.842,205.15,1119,1269,23,23,0.77,0.57,0,0,2498,3000,1021,0,2819,2160
cb1f25ef-87f09c2a-0f656ffe-f63022ab-8b305520,205.218,205.343,1635,857,23,23,0.75,0.5,0,0,2498,3000,1021,0,2819,2160
cb1f25ef-87f09c2a-0f656ffe-f63022ab-8b305520,205.357,205.844,1653,855,23,23,0.75,0.5,0,0,2498,3000,1021,0,2819,2160
cb1f25ef-87f09c2a-0f656ffe-f63022ab-8b305520,205.9,206.011,1643,885,23,23,0.75,0.5,0,0,2498,3000,1021,0,2819,2160
cb1f25ef-87f09c2a-0f656ffe-f63022ab-8b305520,206.095,206.206,491,1020,23,23,0.75,0.5,0,0,2498,3000,1021,0,2819,2160
cb1f25ef-87f09c2a-0f656ffe-f63022ab-8b305520,206.415,206.526,634,1051,23,23,0.75,0.51,0,0,2498,3000,1021,0,2819,2160
cb1f25ef-87f09c2a-0f656ffe-f63022ab-8b305520,206.54,206.694,656,1031,23,23,0.75,0.51,0,0,2498,3000,1021,0,2819,2160
cb1f25ef-87f09c2a-0f656ffe-f63022ab-8b305520,206.835,206.971,1952,829,23,23,0.73,0.54,0,0,2498,3000,1021,0,2819,2160
cb1f25ef-87f09c2a-0f656ffe-f63022ab-8b305520,206.985,207.18,1974,792,23,23,0.73,0.54,0,0,2498,3000,1021,0,2819,2160
cb1f25ef-87f09c2a-0f656ffe-f63022ab-8b305520,207.196,207.309,2011,789,23,23,0.73,0.56,0,0,2498,3000,1021,0,2819,2160
cb1f25ef-87f09c2a-0f656ffe-f63022ab-8b305520,207.336,207.445,2282,717,23,23,0.73,0.61,0,0,2498,3000,1021,0,2819,2160
cb1f25ef-87f09c2a-0f656ffe-f63022ab-8b305520,207.459,207.626,2220,725,23,23,0.73,0.61,0,0,2498,3000,1021,0,2819,2160
cb1f25ef-87f09c2a-0f656ffe-f63022ab-8b305520,207.641,207.779,2198,722,23,23,0.73,0.54,0,0,2498,3000,1021,0,2819,2160
cb1f25ef-87f09c2a-0f656ffe-f63022ab-8b305520,207.793,207.906,2193,753,23,23,0.73,0.53,0,0,2498,3000,1021,0,2819,2160
cb1f25ef-87f09c2a-0f656ffe-f63022ab-8b305520,208.851,208.962,480,2451,23,23,0.69,0.58,0,0,2498,3000,1021,0,2819,2160
cb1f25ef-87f09c2a-0f656ffe-f63022ab-8b305520,208.99,209.129,676,2381,23,23,0.69,0.58,0,0,2498,3000,1021,0,2819,2160
cb1f25ef-87f09c2a-0f656ffe-f63022ab-8b305520,209.311,209.436,1158,2776,23,23,0.71,0.63,0,0,2498,3000,1021,0,2819,2160
cb1f25ef-87f09c2a-0f656ffe-f63022ab-8b305520,209.491,209.603,1105,2706,23,23,0.71,0.64,0,0,2498,3000,1021,0,2819,2160
cb1f25ef-87f09c2a-0f656ffe-f63022ab-8b305520,209.616,209.798,842,2549,23,23,0.71,0.65,0,0,2498,3000,1021,0,2819,2160
cb1f25ef-87f09c2a-0f656ffe-f63022ab-8b305520,209.811,209.965,845,2510,23,23,0.71,0.69,0,0,2498,3000,1021,0,2819,2160
cb1f25ef-87f09c2a-0f656ffe-f63022ab-8b305520,209.992,210.118,1065,2451,23,23,0.71,0.7,0,0,2498,3000,1021,0,2819,2160
cb1f25ef-87f09c2a-0f656ffe-f63022ab-8b305520,210.244,210.605,1503,2363,23,23,0.72,0.65,0,0,2498,3000,1021,0,2819,2160
cb1f25ef-87f09c2a-0f656ffe-f63022ab-8b305520,210.618,210.814,1446,2273,23,23,0.72,0.63,0,0,2498,3000,1021,0,2819,2160
cb1f25ef-87f09c2a-0f656ffe-f63022ab-8b305520,210.994,211.161,2249,2134,23,23,0.72,0.63,0,0,2498,3000,1021,0,2819,2160
cb1f25ef-87f09c2a-0f656ffe-f63022ab-8b305520,211.412,211.538,1122,2030,23,23,0.72,0.63,0,0,2498,3000,1021,0,2819,2160
cb1f25ef-87f09c2a-0f656ffe-f63022ab-8b305520,211.565,211.789,1175,2029,23,23,0.72,0.63,0,0,2498,3000,1021,0,2819,2160
cb1f25ef-87f09c2a-0f656ffe-f63022ab-8b305520,211.829,211.941,618,2244,23,23,0.72,0.63,0,0,2498,3000,1021,0,2819,2160
cb1f25ef-87f09c2a-0f656ffe-f63022ab-8b305520,211.956,212.083,591,2238,23,23,0.72,0.63,0,0,2498,3000,1021,0,2819,2160
cb1f25ef-87f09c2a-0f656ffe-f63022ab-8b305520,212.261,212.486,979,2132,23,23,0.72,0.64,0,0,2498,3000,1021,0,2819,2160
cb1f25ef-87f09c2a-0f656ffe-f63022ab-8b305520,212.511,212.654,880,1758,23,23,0.72,0.61,0,0,2498,3000,1021,0,2819,2160
cb1f25ef-87f09c2a-0f656ffe-f63022ab-8b305520,212.666,212.79,882,1794,23,23,0.74,0.56,0,0,2498,3000,1021,0,2819,2160
cb1f25ef-87f09c2a-0f656ffe-f63022ab-8b305520,212.999,213.111,2423,1321,23,23,0.74,0.51,0,0,2498,3000,1021,0,2819,2160
cb1f25ef-87f09c2a-0f656ffe-f63022ab-8b305520,213.152,213.265,2363,1318,23,23,0.74,0.53,0,0,2498,3000,1021,0,2819,2160
cb1f25ef-87f09c2a-0f656ffe-f63022ab-8b305520,213.485,213.638,1690,294,23,23,0.74,0.53,0,0,2498,3000,1021,0,2819,2160
cb1f25ef-87f09c2a-0f656ffe-f63022ab-8b305520,213.68,213.792,1696,267,23,23,0.74,0.53,0,0,2498,3000,1021,0,2819,2160
cb1f25ef-87f09c2a-0f656ffe-f63022ab-8b305520,213.806,214.087,1683,347,23,23,0.74,0.53,0,0,2498,3000,1021,0,2819,2160
cb1f25ef-87f09c2a-0f656ffe-f63022ab-8b305520,214.168,214.391,1597,1413,23,23,0.74,0.53,0,0,2498,3000,1021,0,2819,2160
8afc3991-7ec1912b-b24d9633-3c4b0f57-17c0e8f4,0.0,0.417,1547,1382,23,23,1.0,0.5,0,0,2498,3000,1021,0,2819,2160
8afc3991-7ec1912b-b24d9633-3c4b0f57-17c0e8f4,0.459,0.584,978,1787,23,23,1.0,0.5,0,0,2498,3000,1021,0,2819,2160
8afc3991-7ec1912b-b24d9633-3c4b0f57-17c0e8f4,0.892,1.003,642,1650,23,23,1.0,0.5,0,0,2498,3000,1021,0,2819,2160
8afc3991-7ec1912b-b24d9633-3c4b0f57-17c0e8f4,1.225,1.392,853,1757,23,23,1.0,0.5,0,0,2498,3000,1021,0,2819,2160
8afc3991-7ec1912b-b24d9633-3c4b0f57-17c0e8f4,1.685,2.757,21,495,23,23,1.0,0.5,0,0,2498,3000,1021,0,2819,2160
8afc3991-7ec1912b-b24d9633-3c4b0f57-17c0e8f4,3.105,3.314,437,1200,23,23,1.0,0.5,0,0,2498,3000,1021,0,2819,2160
8afc3991-7ec1912b-b24d9633-3c4b0f57-17c0e8f4,3.509,3.62,320,1789,23,23,1.0,0.5,0,0,2498,3000,1021,0,2819,2160
8afc3991-7ec1912b-b24d9633-3c4b0f57-17c0e8f4,3.717,3.843,391,1805,23,23,1.0,0.5,0,0,2498,3000,1021,0,2819,2160
8afc3991-7ec1912b-b24d9633-3c4b0f57-17c0e8f4,3.899,4.163,696,2086,23,23,1.0,0.5,0,0,2498,3000,1021,0,2819,2160
8afc3991-7ec1912b-b24d9633-3c4b0f57-17c0e8f4,4.205,4.525,648,2150,23,23,1.0,0.5,0,0,2498,3000,1021,0,2819,2160
8afc3991-7ec1912b-b24d9633-3c4b0f57-17c0e8f4,6.961,7.114,1183,2032,23,23,1.0,0.5,0,0,2498,3000,1021,0,2819,2160
8afc3991-7ec1912b-b24d9633-3c4b0f57-17c0e8f4,7.155,7.267,1376,1578,23,23,1.0,0.5,0,0,2498,3000,1021,0,2819,2160
8afc3991-7ec1912b-b24d9633-3c4b0f57-17c0e8f4,7.281,7.434,1417,1592,23,23,1.0,0.5,0,0,2498,3000,1021,0,2819,2160
8afc3991-7ec1912b-b24d9633-3c4b0f57-17c0e8f4,8.464,8.575,898,2121,23,23,1.0,0.5,0,0,2498,3000,1021,0,2819,2160
8afc3991-7ec1912b-b24d9633-3c4b0f57-17c0e8f4,8.589,8.77,941,2099,23,23,1.0,0.5,0,0,2498,3000,1021,0,2819,2160
8afc3991-7ec1912b-b24d9633-3c4b0f57-17c0e8f4,8.966,9.118,621,1181,23,23,1.0,0.5,0,0,2498,3000,1021,0,2819,2160
8afc3991-7ec1912b-b24d9633-3c4b0f57-17c0e8f4,9.606,9.773,2298,1126,23,23,1.0,0.5,0,0,2498,3000,1021,0,2819,2160
8afc3991-7ec1912b-b24d9633-3c4b0f57-17c0e8f4,10.219,10.344,478,1075,23,23,1.0,0.5,0,0,2498,3000,1021,0,2819,2160
8afc3991-7ec1912b-b24d9633-3c4b0f57-17c0e8f4,10.357,10.552,520,1077,23,23,1.0,0.5,0,0,2498,3000,1021,0,2819,2160
8afc3991-7ec1912b-b24d9633-3c4b0f57-17c0e8f4,10.595,10.816,508,1066,23,23,1.0,0.5,0,0,2498,3000,1021,0,2819,2160
8afc3991-7ec1912b-b24d9633-3c4b0f57-17c0e8f4,10.886,10.997,380,946,23,23,1.0,0.5,0,0,2498,3000,1021,0,2819,2160
8afc3991-7ec1912b-b24d9633-3c4b0f57-17c0e8f4,11.026,11.151,393,1054,23,23,1.0,0.5,0,0,2498,3000,1021,0,2819,2160
8afc3991-7ec1912b-b24d9633-3c4b0f57-17c0e8f4,11.332,11.457,682,1175,23,23,1.0,0.5,0,0,2498,3000,1021,0,2819,2160
8afc3991-7ec1912b-b24d9633-3c4b0f57-17c0e8f4,11.944,12.266,911,2715,23,23,1.0,0.5,0,0,2498,3000,1021,0,2819,2160
8afc3991-7ec1912b-b24d9633-3c4b0f57-17c0e8f4,12.376,12.557,1302,2897,23,23,1.0,0.5,0,0,2498,3000,1021,0,2819,2160
8afc3991-7ec1912b-b24d9633-3c4b0f57-17c0e8f4,12.57,12.683,1329,2893,23,23,1.0,0.5,0,0,2498,3000,1021,0,2819,2160
8afc3991-7ec1912b-b24d9633-3c4b0f57-17c0e8f4,12.779,12.974,1645,2236,23,23,1.0,0.5,0,0,2498,3000,1021,0,2819,2160
8afc3991-7ec1912b-b24d9633-3c4b0f57-17c0e8f4,12.989,13.099,1616,2243,23,23,1.0,0.5,0,0,2498,3000,1021,0,2819,2160
8afc3991-7ec1912b-b24d9633-3c4b0f57-17c0e8f4,13.28,13.476,1362,2310,23,23,1.0,0.5,0,0,2498,3000,1021,0,2819,2160
8afc3991-7ec1912b-b24d9633-3c4b0f57-17c0e8f4,13.491,13.715,1374,2338,23,23,0.97,0.58,0,0,2498,3000,1021,0,2819,2160
8afc3991-7ec1912b-b24d9633-3c4b0f57-17c0e8f4,13.768,14.021,1336,2759,23,23,0.95,0.71,0,0,2498,3000,1021,0,2819,2160
8afc3991-7ec1912b-b24d9633-3c4b0f57-17c0e8f4,14.202,14.338,1259,2726,23,23,0.95,0.38,0,0,2498,3000,1021,0,2819,2160
8afc3991-7ec1912b-b24d9633-3c4b0f57-17c0e8f4,14.352,14.589,1307,2781,23,23,0.95,0.38,0,0,2498,3000,1021,0,2819,2160
8afc3991-7ec1912b-b24d9633-3c4b0f57-17c0e8f4,14.659,14.774,875,2528,23,23,0.95,0.32,0,0,2498,3000,1021,0,2819,2160
8afc3991-7ec1912b-b24d9633-3c4b0f57-17c0e8f4,14.798,14.999,873,2583,23,23,0.96,0.3,0,0,2498,3000,1021,0,2819,2160
8afc3991-7ec1912b-b24d9633-3c4b0f57-17c0e8f4,15.123,15.344,991,2425,23,23,0.96,0.47,0,0,2498,3000,1021,0,2819,2160
8afc3991-7ec1912b-b24d9633-3c4b0f57-17c0e8f4,15.402,15.636,1262,2295,23,23,0.97,0.53,0,0,2498,3000,1021,0,2819,2160
8afc3991-7ec1912b-b24d9633-3c4b0f57-17c0e8f4,15.678,15.915,1435,2305,23,23,1.25,0.57,0,0,2498,3000,1021,0,2819,2160
8afc3991-7ec1912b-b24d9633-3c4b0f57-17c0e8f4,15.958,16.106,886,2258,23,23,1.39,0.44,0,0,2498,3000,1021,0,2819,2160
8afc3991-7ec1912b-b24d9633-3c4b0f57-17c0e8f4,16.121,16.287,848,2278,23,23,1.5,0.37,0,0,2498,3000,1021,0,2819,2160
8afc3991-7ec1912b-b24d9633-3c4b0f57-17c0e8f4,16.384,16.524,352,2291,23,23,1.81,0.38,0,0,2498,3000,1021,0,2819,2160
8afc3991-7ec1912b-b24d9633-3c4b0f57-17c0e8f4,16.539,16.692,395,2322,23,23,1.84,0.38,0,0,2498,3000,1021,0,2819,2160
8afc3991-7ec1912b-b24d9633-3c4b0f57-17c0e8f4,16.747,16.916,564,2505,23,23,1.92,0.45,0,0,2498,3000,1021,0,2819,2160
8afc3991-7ec1912b-b24d9633-3c4b0f57-17c0e8f4,16.984,17.289,925,2486,23,23,2.0,0.52,0,0,2498,3000,1021,0,2819,2160
8afc3991-7ec1912b-b24d9633-3c4b0f57-17c0e8f4,17.333,17.528,1219,2262,23,23,2.0,0.54,0,0,2498,3000,1021,0,2819,2160
8afc3991-7ec1912b-b24d9633-3c4b0f57-17c0e8f4,17.582,18.027,842,2269,23,23,2.0,0.43,0,0,2498,3000,1021,0,2819,2160
8afc3991-7ec1912b-b24d9633-3c4b0f57-17c0e8f4,18.097,18.698,1657,2087,23,23,2.0,0.38,0,0,2498,3000,1021,0,2819,2160
8afc3991-7ec1912b-b24d9633-3c4b0f57-17c0e8f4,18.751,18.945,1820,2625,23,23,2.0,0.46,0,0,2498,3000,1021,0,2819,2160
8afc3991-7ec1912b-b24d9633-3c4b0f57-17c0e8f4,18.962,19.169,1808,2642,23,23,2.0,0.49,0,0,2498,3000,1021,0,2819,2160
8afc3991-7ec1912b-b24d9633-3c4b0f57-17c0e8f4,19.183,19.503,1765,2506,23,23,2.0,0.55,0,0,2498,3000,1021,0,2819,2160
8afc3991-7ec1912b-b24d9633-3c4b0f57-17c0e8f4,19.628,19.767,1899,2212,23,23,2.0,0.57,0,0,2498,3000,1021,0,2819,2160
8afc3991-7ec1912b-b24d9633-3c4b0f57-17c0e8f4,19.781,20.018,1886,2185,23,23,2.0,0.57,0,0,2498,3000,1021,0,2819,2160
8afc3991-7ec1912b-b24d9633-3c4b0f57-17c0e8f4,20.075,20.367,785,1998,23,23,1.96,0.52,0,0,2498,3000,1021,0,2819,2160
8afc3991-7ec1912b-b24d9633-3c4b0f57-17c0e8f4,20.382,20.63,803,2004,23,23,1.83,0.53,0,0,2498,3000,1021,0,2819,2160
8afc3991-7ec1912b-b24d9633-3c4b0f57-17c0e8f4,20.657,20.867,763,1766,23,23,1.83,0.52,0,0,2498,3000,1021,0,2819,2160
8afc3991-7ec1912b-b24d9633-3c4b0f57-17c0e8f4,20.881,21.007,766,1754,23,23,1.79,0.48,0,0,2498,3000,1021,0,2819,2160
8afc3991-7ec1912b-b24d9633-3c4b0f57-17c0e8f4,21.033,21.314,920,1844,23,23,1.77,0.47,0,0,2498,3000,1021,0,2819,2160
8afc3991-7ec1912b-b24d9633-3c4b0f57-17c0e8f4,21.354,21.592,1385,2011,23,23,1.74,0.42,0,0,2498,3000,1021,0,2819,2160
8afc3991-7ec1912b-b24d9633-3c4b0f57-17c0e8f4,21.662,21.772,1148,1359,23,23,1.7,0.31,0,0,2498,3000,1021,0,2819,2160
8afc3991-7ec1912b-b24d9633-3c4b0f57-17c0e8f4,21.938,22.05,686,1391,23,23,1.66,0.25,0,0,2498,3000,1021,0,2819,2160
8afc3991-7ec1912b-b24d9633-3c4b0f57-17c0e8f4,22.064,22.203,660,1402,23,23,1.66,0.25,0,0,2498,3000,1021,0,2819,2160
8afc3991-7ec1912b-b24d9633-3c4b0f57-17c0e8f4,22.308,22.497,511,1242,23,23,1.65,0.28,0,0,2498,3000,1021,0,2819,2160
8afc3991-7ec1912b-b24d9633-3c4b0f57-17c0e8f4,22.509,22.759,439,1216,23,23,1.64,0.4,0,0,2498,3000,1021,0,2819,2160
8afc3991-7ec1912b-b24d9633-3c4b0f57-17c0e8f4,23.5,23.72,1808,2426,23,23,1.64,0.53,0,0,2498,3000,1021,0,2819,2160
8afc3991-7ec1912b-b24d9633-3c4b0f57-17c0e8f4,23.734,23.844,1809,2489,23,23,1.64,0.56,0,0,2498,3000,1021,0,2819,2160
8afc3991-7ec1912b-b24d9633-3c4b0f57-17c0e8f4,23.957,24.304,1751,2578,23,23,1.64,0.55,0,0,2498,3000,1021,0,2819,2160
8afc3991-7ec1912b-b24d9633-3c4b0f57-17c0e8f4,24.402,24.764,848,2255,23,23,1.61,0.49,0,0,2498,3000,1021,0,2819,2160
8afc3991-7ec1912b-b24d9633-3c4b0f57-17c0e8f4,24.791,24.944,716,1932,23,23,1.59,0.46,0,0,2498,3000,1021,0,2819,2160
8afc3991-7ec1912b-b24d9633-3c4b0f57-17c0e8f4,24.958,25.072,759,1935,23,23,1.58,0.43,0,0,2498,3000,1021,0,2819,2160
8afc3991-7ec1912b-b24d9633-3c4b0f57-17c0e8f4,25.085,25.223,831,1734,23,23,1.56,0.44,0,0,2498,3000,1021,0,2819,2160
8afc3991-7ec1912b-b24d9633-3c4b0f57-17c0e8f4,25.237,25.39,853,1736,23,23,1.56,0.44,0,0,2498,3000,1021,0,2819,2160
8afc3991-7ec1912b-b24d9633-3c4b0f57-17c0e8f4,25.432,25.585,832,1936,23,23,1.55,0.48,0,0,2498,3000,1021,0,2819,2160
8afc3991-7ec1912b-b24d9633-3c4b0f57-17c0e8f4,25.711,25.836,844,2290,23,23,1.53,0.61,0,0,2498,3000,1021,0,2819,2160
8afc3991-7ec1912b-b24d9633-3c4b0f57-17c0e8f4,25.85,25.988,816,2291,23,23,1.53,0.64,0,0,2498,3000,1021,0,2819,2160
8afc3991-7ec1912b-b24d9633-3c4b0f57-17c0e8f4,26.002,26.143,826,2308,23,23,1.53,0.64,0,0,2498,3000,1021,0,2819,2160
8afc3991-7ec1912b-b24d9633-3c4b0f57-17c0e8f4,26.169,26.309,870,2342,23,23,1.53,0.62,0,0,2498,3000,1021,0,2819,2160
8afc3991-7ec1912b-b24d9633-3c4b0f57-17c0e8f4,26.324,26.435,876,2340,23,23,1.51,0.61,0,0,2498,3000,1021,0,2819,2160
8afc3991-7ec1912b-b24d9633-3c4b0f57-17c0e8f4,26.476,26.588,953,2343,23,23,1.45,0.6,0,0,2498,3000,1021,0,2819,2160
8afc3991-7ec1912b-b24d9633-3c4b0f57-17c0e8f4,26.602,26.866,922,2342,23,23,1.43,0.56,0,0,2498,3000,1021,0,2819,2160
8afc3991-7ec1912b-b24d9633-3c4b0f57-17c0e8f4,26.935,27.172,777,2266,23,23,1.43,0.49,0,0,2498,3000,1021,0,2819,2160
8afc3991-7ec1912b-b24d9633-3c4b0f57-17c0e8f4,27.2,27.383,770,2288,23,23,1.43,0.49,0,0,2498,3000,1021,0,2819,2160
8afc3991-7ec1912b-b24d9633-3c4b0f57-17c0e8f4,27.45,27.576,1736,2405,23,23,1.38,0.51,0,0,2498,3000,1021,0,2819,2160
8afc3991-7ec1912b-b24d9633-3c4b0f57-17c0e8f4,27.591,27.771,1757,2442,23,23,1.37,0.51,0,0,2498,3000,1021,0,2819,2160
8afc3991-7ec1912b-b24d9633-3c4b0f57-17c0e8f4,27.786,27.938,1740,2417,23,23,1.34,0.6,0,0,2498,3000,1021,0,2819,2160
8afc3991-7ec1912b-b24d9633-3c4b0f57-17c0e8f4,28.036,28.189,1530,2529,23,23,1.31,0.68,0,0,2498,3000,1021,0,2819,2160
8afc3991-7ec1912b-b24d9633-3c4b0f57-17c0e8f4,28.202,28.355,1524,2474,23,23,1.31,0.71,0,0,2498,3000,1021,0,2819,2160
8afc3991-7ec1912b-b24d9633-3c4b0f57-17c0e8f4,28.385,28.609,1914,2175,23,23,1.31,0.68,0,0,2498,3000,1021,0,2819,2160
8afc3991-7ec1912b-b24d9633-3c4b0f57-17c0e8f4,28.622,28.747,1927,2162,23,23,1.26,0.62,0,0,2498,3000,1021,0,2819,2160
8afc3991-7ec1912b-b24d9633-3c4b0f57-17c0e8f4,28.761,28.89,1725,2027,23,23,1.25,0.6,0,0,2498,3000,1021,0,2819,2160
8afc3991-7ec1912b-b24d9633-3c4b0f57-17c0e8f4,28.902,29.053,1703,2031,23,23,1.21,0.55,0,0,2498,3000,1021,0,2819,2160
8afc3991-7ec1912b-b24d9633-3c4b0f57-17c0e8f4,29.122,29.232,1633,1862,23,23,1.18,0.45,0,0,2498,3000,1021,0,2819,2160
8afc3991-7ec1912b-b24d9633-3c4b0f57-17c0e8f4,29.553,29.677,1965,1683,23,23,1.16,0.47,0,0,2498,3000,1021,0,2819,2160
8afc3991-7ec1912b-b24d9633-3c4b0f57-17c0e8f4,29.775,29.9,2231,1549,23,23,1.16,0.47,0,0,2498,3000,1021,0,2819,2160
8afc3991-7ec1912b-b24d9633-3c4b0f57-17c0e8f4,30.903,31.056,569,1082,23,23,1.14,0.53,0,0,2498,3000,1021,0,2819,2160
8afc3991-7ec1912b-b24d9633-3c4b0f57-17c0e8f4,31.07,31.182,600,1105,23,23,1.14,0.53,0,0,2498,3000,1021,0,2819,2160
8afc3991-7ec1912b-b24d9633-3c4b0f57-17c0e8f4,31.266,31.432,559,1113,23,23,1.14,0.57,0,0,2498,3000,1021,0,2819,2160
8afc3991-7ec1912b-b24d9633-3c4b0f57-17c0e8f4,31.515,31.711,535,1141,23,23,1.13,0.58,0,0,2498,3000,1021,0,2819,2160
8afc3991-7ec1912b-b24d9633-3c4b0f57-17c0e8f4,31.85,31.96,651,1171,23,23,1.09,0.49,0,0,2498,3000,1021,0,2819,2160
8afc3991-7ec1912b-b24d9633-3c4b0f57-17c0e8f4,31.988,32.1,689,1184,23,23,1.09,0.49,0,0,2498,3000,1021,0,2819,2160
8afc3991-7ec1912b-b24d9633-3c4b0f57-17c0e8f4,32.113,32.225,665,1142,23,23,1.09,0.49,0,0,2498,3000,1021,0,2819,2160
8afc3991-7ec1912b-b24d9633-3c4b0f57-17c0e8f4,32.365,32.782,654,1334,23,23,1.09,0.49,0,0,2498,3000,1021,0,2819,2160
8afc3991-7ec1912b-b24d9633-3c4b0f57-17c0e8f4,32.823,32.935,704,1627,23,23,1.09,0.49,0,0,2498,3000,1021,0,2819,2160
8afc3991-7ec1912b-b24d9633-3c4b0f57-17c0e8f4,32.949,33.075,721,1635,23,23,1.09,0.49,0,0,2498,3000,1021,0,2819,2160
8afc3991-7ec1912b-b24d9633-3c4b0f57-17c0e8f4,33.088,33.213,875,1684,23,23,1.09,0.49,0,0,2498,3000,1021,0,2819,2160
8afc3991-7ec1912b-b24d9633-3c4b0f57-17c0e8f4,33.227,33.45,896,1686,23,23,1.09,0.49,0,0,2498,3000,1021,0,2819,2160
8afc3991-7ec1912b-b24d9633-3c4b0f57-17c0e8f4,33.548,33.895,932,2148,23,23,1.09,0.53,0,0,2498,3000,1021,0,2819,2160
8afc3991-7ec1912b-b24d9633-3c4b0f57-17c0e8f4,34.021,34.146,884,1891,23,23,1.09,0.53,0,0,2498,3000,1021,0,2819,2160
8afc3991-7ec1912b-b24d9633-3c4b0f57-17c0e8f4,34.522,34.675,1867,1932,23,23,1.09,0.51,0,0,2498,3000,1021,0,2819,2160
8afc3991-7ec1912b-b24d9633-3c4b0f57-17c0e8f4,34.94,35.106,2168,1664,23,23,1.09,0.51,0,0,2498,3000,1021,0,2819,2160
8afc3991-7ec1912b-b24d9633-3c4b0f57-17c0e8f4,35.121,35.246,2153,1628,23,23,1.09,0.51,0,0,2498,3000,1021,0,2819,2160
8afc3991-7ec1912b-b24d9633-3c4b0f57-17c0e8f4,35.593,35.832,723,1438,23,23,1.09,0.53,0,0,2498,3000,1021,0,2819,2160
8afc3991-7ec1912b-b24d9633-3c4b0f57-17c0e8f4,35.848,36.012,728,1457,23,23,1.09,0.56,0,0,2498,3000,1021,0,2819,2160
8afc3991-7ec1912b-b24d9633-3c4b0f57-17c0e8f4,36.025,36.471,748,1431,23,23,1.09,0.56,0,0,2498,3000,1021,0,2819,2160
8afc3991-7ec1912b-b24d9633-3c4b0f57-17c0e8f4,36.721,36.874,641,1479,23,23,1.07,0.49,0,0,2498,3000,1021,0,2819,2160
8afc3991-7ec1912b-b24d9633-3c4b0f57-17c0e8f4,36.944,37.056,658,1193,23,23,1.07,0.49,0,0,2498,3000,1021,0,2819,2160
8afc3991-7ec1912b-b24d9633-3c4b0f57-17c0e8f4,37.069,37.194,666,1178,23,23,1.07,0.51,0,0,2498,3000,1021,0,2819,2160
8afc3991-7ec1912b-b24d9633-3c4b0f57-17c0e8f4,37.501,37.612,595,1111,23,23,1.07,0.56,0,0,2498,3000,1021,0,2819,2160
8afc3991-7ec1912b-b24d9633-3c4b0f57-17c0e8f4,37.64,37.765,587,1164,23,23,1.07,0.58,0,0,2498,3000,1021,0,2819,2160
8afc3991-7ec1912b-b24d9633-3c4b0f57-17c0e8f4,37.795,37.919,471,1020,23,23,1.07,0.57,0,0,2498,3000,1021,0,2819,2160
8afc3991-7ec1912b-b24d9633-3c4b0f57-17c0e8f4,37.933,38.085,454,1026,23,23,1.06,0.53,0,0,2498,3000,1021,0,2819,2160
8afc3991-7ec1912b-b24d9633-3c4b0f57-17c0e8f4,38.1,38.434,689,1137,23,23,1.06,0.53,0,0,2498,3000,1021,0,2819,2160
8afc3991-7ec1912b-b24d9633-3c4b0f57-17c0e8f4,38.475,38.656,725,1412,23,23,1.06,0.53,0,0,2498,3000,1021,0,2819,2160
8afc3991-7ec1912b-b24d9633-3c4b0f57-17c0e8f4,38.948,39.213,674,1415,23,23,1.06,0.53,0,0,2498,3000,1021,0,2819,2160
8afc3991-7ec1912b-b24d9633-3c4b0f57-17c0e8f4,39.226,39.463,702,1411,23,23,1.06,0.53,0,0,2498,3000,1021,0,2819,2160
8afc3991-7ec1912b-b24d9633-3c4b0f57-17c0e8f4,39.491,39.688,651,1328,23,23,1.06,0.54,0,0,2498,3000,1021,0,2819,2160
8afc3991-7ec1912b-b24d9633-3c4b0f57-17c0e8f4,39.715,39.867,669,1166,23,23,1.06,0.56,0,0,2498,3000,1021,0,2819,2160
8afc3991-7ec1912b-b24d9633-3c4b0f57-17c0e8f4,39.922,40.063,676,1096,23,23,1.06,0.57,0,0,2498,3000,1021,0,2819,2160
8afc3991-7ec1912b-b24d9633-3c4b0f57-17c0e8f4,40.173,40.34,519,1107,23,23,1.06,0.54,0,0,2498,3000,1021,0,2819,2160
8afc3991-7ec1912b-b24d9633-3c4b0f57-17c0e8f4,40.633,40.744,348,1082,23,23,1.06,0.54,0,0,2498,3000,1021,0,2819,2160
8afc3991-7ec1912b-b24d9633-3c4b0f57-17c0e8f4,40.757,40.869,387,1043,23,23,1.06,0.54,0,0,2498,3000,1021,0,2819,2160
8afc3991-7ec1912b-b24d9633-3c4b0f57-17c0e8f4,40.883,41.245,400,1073,23,23,1.06,0.54,0,0,2498,3000,1021,0,2819,2160
8afc3991-7ec1912b-b24d9633-3c4b0f57-17c0e8f4,41.621,41.816,595,1074,23,23,1.05,0.54,0,0,2498,3000,1021,0,2819,2160
8afc3991-7ec1912b-b24d9633-3c4b0f57-17c0e8f4,42.122,42.234,2218,1270,23,23,1.01,0.55,0,0,2498,3000,1021,0,2819,2160
8afc3991-7ec1912b-b24d9633-3c4b0f57-17c0e8f4,42.248,42.373,2199,1268,23,23,1.01,0.55,0,0,2498,3000,1021,0,2819,2160
8afc3991-7ec1912b-b24d9633-3c4b0f57-17c0e8f4,42.386,42.623,2250,1201,23,23,1.01,0.51,0,0,2498,3000,1021,0,2819,2160
8afc3991-7ec1912b-b24d9633-3c4b0f57-17c0e8f4,42.637,42.762,2268,1196,23,23,1.01,0.51,0,0,2498,3000,1021,0,2819,2160
8afc3991-7ec1912b-b24d9633-3c4b0f57-17c0e8f4,42.776,42.93,2255,1223,23,23,1.01,0.51,0,0,2498,3000,1021,0,2819,2160
8afc3991-7ec1912b-b24d9633-3c4b0f57-17c0e8f4,42.943,43.167,2237,1194,23,23,1.01,0.52,0,0,2498,3000,1021,0,2819,2160
8afc3991-7ec1912b-b24d9633-3c4b0f57-17c0e8f4,43.182,43.292,2277,1232,23,23,0.99,0.58,0,0,2498,3000,1021,0,2819,2160
8afc3991-7ec1912b-b24d9633-3c4b0f57-17c0e8f4,43.305,43.439,2312,1191,23,23,0.99,0.6,0,0,2498,3000,1021,0,2819,2160
8afc3991-7ec1912b-b24d9633-3c4b0f57-17c0e8f4,43.465,43.722,2278,1173,23,23,0.98,0.64,0,0,2498,3000,1021,0,2819,2160
8afc3991-7ec1912b-b24d9633-3c4b0f57-17c0e8f4,43.75,43.986,2286,1142,23,23,0.98,0.67,0,0,2498,3000,1021,0,2819,2160
8afc3991-7ec1912b-b24d9633-3c4b0f57-17c0e8f4,44.0,44.321,2256,1157,23,23,0.98,0.62,0,0,2498,3000,1021,0,2819,2160
8afc3991-7ec1912b-b24d9633-3c4b0f57-17c0e8f4,44.376,44.559,2178,1184,23,23,0.94,0.51,0,0,2498,3000,1021,0,2819,2160
8afc3991-7ec1912b-b24d9633-3c4b0f57-17c0e8f4,44.711,44.836,2250,1266,23,23,0.93,0.62,0,0,2498,3000,1021,0,2819,2160
8afc3991-7ec1912b-b24d9633-3c4b0f57-17c0e8f4,44.864,45.059,2269,1163,23,23,0.93,0.62,0,0,2498,3000,1021,0,2819,2160
8afc3991-7ec1912b-b24d9633-3c4b0f57-17c0e8f4,45.323,45.448,2248,1201,23,23,0.93,0.62,0,0,2498,3000,1021,0,2819,2160
8afc3991-7ec1912b-b24d9633-3c4b0f57-17c0e8f4,45.464,46.019,2282,1178,23,23,0.93,0.62,0,0,2498,3000,1021,0,2819,2160
8afc3991-7ec1912b-b24d9633-3c4b0f57-17c0e8f4,46.047,46.397,2289,1159,23,23,0.93,0.62,0,0,2498,3000,1021,0,2819,2160
8afc3991-7ec1912b-b24d9633-3c4b0f57-17c0e8f4,46.409,47.817,2281,1156,23,23,0.93,0.62,0,0,2498,3000,1021,0,2819,2160
8afc3991-7ec1912b-b24d9633-3c4b0f57-17c0e8f4,47.997,48.192,1765,1445,23,23,0.92,0.59,0,0,2498,3000,1021,0,2819,2160
8afc3991-7ec1912b-b24d9633-3c4b0f57-17c0e8f4,48.219,48.525,1883,1527,23,23,0.9,0.53,0,0,2498,3000,1021,0,2819,2160
8afc3991-7ec1912b-b24d9633-3c4b0f57-17c0e8f4,48.58,48.764,1358,1739,23,23,0.9,0.53,0,0,2498,3000,1021,0,2819,2160
8afc3991-7ec1912b-b24d9633-3c4b0f57-17c0e8f4,48.971,49.11,963,1684,23,23,0.9,0.51,0,0,2498,3000,1021,0,2819,2160
8afc3991-7ec1912b-b24d9633-3c4b0f57-17c0e8f4,49.195,49.374,1046,1798,23,23,0.9,0.54,0,0,2498,3000,1021,0,2819,2160
8afc3991-7ec1912b-b24d9633-3c4b0f57-17c0e8f4,49.527,49.959,1274,2209,23,23,0.9,0.54,0,0,2498,3000,1021,0,2819,2160
8afc3991-7ec1912b-b24d9633-3c4b0f57-17c0e8f4,50.031,50.153,1004,1915,23,23,0.9,0.57,0,0,2498,3000,1021,0,2819,2160
8afc3991-7ec1912b-b24d9633-3c4b0f57-17c0e8f4,50.184,50.418,1027,1889,23,23,0.9,0.59,0,0,2498,3000,1021,0,2819,2160
8afc3991-7ec1912b-b24d9633-3c4b0f57-17c0e8f4,50.446,50.725,1015,2063,23,23,0.9,0.6,0,0,2498,3000,1021,0,2819,2160
8afc3991-7ec1912b-b24d9633-3c4b0f57-17c0e8f4,50.752,50.891,839,1835,23,23,0.89,0.57,0,0,2498,3000,1021,0,2819,2160
8afc3991-7ec1912b-b24d9633-3c4b0f57-17c0e8f4,50.905,51.116,837,1810,23,23,0.87,0.54,0,0,2498,3000,1021,0,2819,2160
8afc3991-7ec1912b-b24d9633-3c4b0f57-17c0e8f4,51.156,51.281,922,2420,23,23,0.83,0.63,0,0,2498,3000,1021,0,2819,2160
8afc3991-7ec1912b-b24d9633-3c4b0f57-17c0e8f4,51.295,51.476,937,2419,23,23,0.82,0.64,0,0,2498,3000,1021,0,2819,2160
8afc3991-7ec1912b-b24d9633-3c4b0f57-17c0e8f4,51.769,51.935,797,2259,23,23,0.82,0.65,0,0,2498,3000,1021,0,2819,2160
8afc3991-7ec1912b-b24d9633-3c4b0f57-17c0e8f4,51.991,52.256,862,2308,23,23,0.82,0.72,0,0,2498,3000,1021,0,2819,2160
8afc3991-7ec1912b-b24d9633-3c4b0f57-17c0e8f4,52.339,52.495,808,1945,23,23,0.82,0.72,0,0,2498,3000,1021,0,2819,2160
8afc3991-7ec1912b-b24d9633-3c4b0f57-17c0e8f4,52.508,52.674,803,1942,23,23,0.82,0.69,0,0,2498,3000,1021,0,2819,2160
8afc3991-7ec1912b-b24d9633-3c4b0f57-17c0e8f4,52.703,52.869,886,2316,23,23,0.78,0.61,0,0,2498,3000,1021,0,2819,2160
8afc3991-7ec1912b-b24d9633-3c4b0f57-17c0e8f4,53.007,53.132,1939,2521,23,23,0.77,0.6,0,0,2498,3000,1021,0,2819,2160
8afc3991-7ec1912b-b24d9633-3c4b0f57-17c0e8f4,53.174,53.524,1864,2517,23,23,0.77,0.6,0,0,2498,3000,1021,0,2819,2160
8afc3991-7ec1912b-b24d9633-3c4b0f57-17c0e8f4,53.661,53.787,1720,2475,23,23,0.77,0.6,0,0,2498,3000,1021,0,2819,2160
8afc3991-7ec1912b-b24d9633-3c4b0f57-17c0e8f4,53.8,54.079,1727,2435,23,23,0.77,0.58,0,0,2498,3000,1021,0,2819,2160
8afc3991-7ec1912b-b24d9633-3c4b0f57-17c0e8f4,54.107,54.483,1823,2023,23,23,0.77,0.6,0,0,2498,3000,1021,0,2819,2160
8afc3991-7ec1912b-b24d9633-3c4b0f57-17c0e8f4,54.497,54.651,1834,1989,23,23,0.77,0.65,0,0,2498,3000,1021,0,2819,2160
8afc3991-7ec1912b-b24d9633-3c4b0f57-17c0e8f4,54.748,54.887,1464,2052,23,23,0.77,0.71,0,0,2498,3000,1021,0,2819,2160
8afc3991-7ec1912b-b24d9633-3c4b0f57-17c0e8f4,55.04,55.304,916,1891,23,23,0.77,0.76,0,0,2498,3000,1021,0,2819,2160
8afc3991-7ec1912b-b24d9633-3c4b0f57-17c0e8f4,55.318,55.612,896,1888,23,23,0.77,0.72,0,0,2498,3000,1021,0,2819,2160
8afc3991-7ec1912b-b24d9633-3c4b0f57-17c0e8f4,55.626,55.903,926,1925,23,23,0.77,0.67,0,0,2498,3000,1021,0,2819,2160
8afc3991-7ec1912b-b24d9633-3c4b0f57-17c0e8f4,55.949,56.153,865,1649,23,23,0.75,0.63,0,0,2498,3000,1021,0,2819,2160
8afc3991-7ec1912b-b24d9633-3c4b0f57-17c0e8f4,56.167,56.35,860,1655,23,23,0.74,0.62,0,0,2498,3000,1021,0,2819,2160
8afc3991-7ec1912b-b24d9633-3c4b0f57-17c0e8f4,56.515,56.933,813,1894,23,23,0.74,0.69,0,0,2498,3000,1021,0,2819,2160
8afc3991-7ec1912b-b24d9633-3c4b0f57-17c0e8f4,57.087,57.27,1200,2371,23,23,0.74,0.78,0,0,2498,3000,1021,0,2819,2160
8afc3991-7ec1912b-b24d9633-3c4b0f57-17c0e8f4,57.282,57.476,1228,2394,23,23,0.74,0.83,0,0,2498,3000,1021,0,2819,2160
8afc3991-7ec1912b-b24d9633-3c4b0f57-17c0e8f4,57.531,57.742,1371,2501,23,23,0.74,0.84,0,0,2498,3000,1021,0,2819,2160
8afc3991-7ec1912b-b24d9633-3c4b0f57-17c0e8f4,57.755,57.921,1368,2482,23,23,0.74,0.8,0,0,2498,3000,1021,0,2819,2160
8afc3991-7ec1912b-b24d9633-3c4b0f57-17c0e8f4,58.046,58.158,1349,2238,23,23,0.72,0.71,0,0,2498,3000,1021,0,2819,2160
8afc3991-7ec1912b-b24d9633-3c4b0f57-17c0e8f4,58.172,58.338,1323,2244,23,23,0.72,0.71,0,0,2498,3000,1021,0,2819,2160
8afc3991-7ec1912b-b24d9633-3c4b0f57-17c0e8f4,58.352,58.603,1320,2230,23,23,0.72,0.71,0,0,2498,3000,1021,0,2819,2160
8afc3991-7ec1912b-b24d9633-3c4b0f57-17c0e8f4,58.7,58.812,1251,2330,23,23,0.72,0.66,0,0,2498,3000,1021,0,2819,2160
8afc3991-7ec1912b-b24d9633-3c4b0f57-17c0e8f4,58.826,59.118,1293,2291,23,23,0.72,0.68,0,0,2498,3000,1021,0,2819,2160
8afc3991-7ec1912b-b24d9633-3c4b0f57-17c0e8f4,59.132,59.271,1313,2296,23,23,0.71,0.8,0,0,2498,3000,1021,0,2819,2160
8afc3991-7ec1912b-b24d9633-3c4b0f57-17c0e8f4,59.341,59.466,980,2119,23,23,0.71,0.83,0,0,2498,3000,1021,0,2819,2160
8afc3991-7ec1912b-b24d9633-3c4b0f57-17c0e8f4,59.48,59.607,964,2115,23,23,0.71,0.83,0,0,2498,3000,1021,0,2819,2160
8afc3991-7ec1912b-b24d9633-3c4b0f57-17c0e8f4,59.898,60.009,602,1449,23,23,0.71,0.63,0,0,2498,3000,1021,0,2819,2160
8afc3991-7ec1912b-b24d9633-3c4b0f57-17c0e8f4,60.107,60.469,773,1517,23,23,0.71,0.63,0,0,2498,3000,1021,0,2819,2160
8afc3991-7ec1912b-b24d9633-3c4b0f57-17c0e8f4,60.538,60.873,876,1960,23,23,0.68,0.56,0,0,2498,3000,1021,0,2819,2160
8afc3991-7ec1912b-b24d9633-3c4b0f57-17c0e8f4,60.928,61.069,885,1933,23,23,0.66,0.63,0,0,2498,3000,1021,0,2819,2160
8afc3991-7ec1912b-b24d9633-3c4b0f57-17c0e8f4,61.082,61.624,901,1967,23,23,0.66,0.65,0,0,2498,3000,1021,0,2819,2160
8afc3991-7ec1912b-b24d9633-3c4b0f57-17c0e8f4,61.681,61.832,729,1707,23,23,0.67,0.8,0,0,2498,3000,1021,0,2819,2160
8afc3991-7ec1912b-b24d9633-3c4b0f57-17c0e8f4,62.002,62.361,933,1798,23,23,0.68,0.82,0,0,2498,3000,1021,0,2819,2160
8afc3991-7ec1912b-b24d9633-3c4b0f57-17c0e8f4,62.375,62.626,958,1725,23,23,0.64,0.71,0,0,2498,3000,1021,0,2819,2160
8afc3991-7ec1912b-b24d9633-3c4b0f57-17c0e8f4,62.683,62.989,1460,2147,23,23,0.62,0.65,0,0,2498,3000,1021,0,2819,2160
8afc3991-7ec1912b-b24d9633-3c4b0f57-17c0e8f4,63.168,63.366,1523,2168,23,23,0.57,0.61,0,0,2498,3000,1021,0,2819,2160
8afc3991-7ec1912b-b24d9633-3c4b0f57-17c0e8f4,63.378,63.518,1564,2145,23,23,0.59,0.69,0,0,2498,3000,1021,0,2819,2160
8afc3991-7ec1912b-b24d9633-3c4b0f57-17c0e8f4,63.533,63.851,1868,1957,23,23,0.59,0.71,0,0,2498,3000,1021,0,2819,2160
8afc3991-7ec1912b-b24d9633-3c4b0f57-17c0e8f4,63.864,64.121,1648,1953,23,23,0.6,0.76,0,0,2498,3000,1021,0,2819,2160
8afc3991-7ec1912b-b24d9633-3c4b0f57-17c0e8f4,64.171,64.395,1395,2258,23,23,0.61,0.9,0,0,2498,3000,1021,0,2819,2160
8afc3991-7ec1912b-b24d9633-3c4b0f57-17c0e8f4,64.425,64.743,1377,2279,23,23,0.6,0.82,0,0,2498,3000,1021,0,2819,2160
8afc3991-7ec1912b-b24d9633-3c4b0f57-17c0e8f4,64.756,64.967,1381,2260,23,23,0.56,0.71,0,0,2498,3000,1021,0,2819,2160
8afc3991-7ec1912b-b24d9633-3c4b0f57-17c0e8f4,64.98,65.119,1382,2227,23,23,0.55,0.63,0,0,2498,3000,1021,0,2819,2160
8afc3991-7ec1912b-b24d9633-3c4b0f57-17c0e8f4,65.146,65.451,1265,2214,23,23,0.55,0.59,0,0,2498,3000,1021,0,2819,2160
8afc3991-7ec1912b-b24d9633-3c4b0f57-17c0e8f4,65.507,65.952,1311,2619,23,23,0.55,0.59,0,0,2498,3000,1021,0,2819,2160
8afc3991-7ec1912b-b24d9633-3c4b0f57-17c0e8f4,65.967,66.287,1325,2603,23,23,0.55,0.59,0,0,2498,3000,1021,0,2819,2160
8afc3991-7ec1912b-b24d9633-3c4b0f57-17c0e8f4,66.328,66.467,1464,2456,23,23,0.55,0.59,0,0,2498,3000,1021,0,2819,2160
8afc3991-7ec1912b-b24d9633-3c4b0f57-17c0e8f4,66.663,66.885,1492,2455,23,23,0.55,0.59,0,0,2498,3000,1021,0,2819,2160
8afc3991-7ec1912b-b24d9633-3c4b0f57-17c0e8f4,66.955,67.108,1491,2067,23,23,0.55,0.59,0,0,2498,3000,1021,0,2819,2160
8afc3991-7ec1912b-b24d9633-3c4b0f57-17c0e8f4,67.233,67.386,1480,2016,23,23,0.55,0.59,0,0,2498,3000,1021,0,2819,2160
8afc3991-7ec1912b-b24d9633-3c4b0f57-17c0e8f4,67.637,67.817,1199,2025,23,23,0.55,0.59,0,0,2498,3000,1021,0,2819,2160
8afc3991-7ec1912b-b24d9633-3c4b0f57-17c0e8f4,68.04,68.207,1251,2153,23,23,0.54,0.59,0,0,2498,3000,1021,0,2819,2160
8afc3991-7ec1912b-b24d9633-3c4b0f57-17c0e8f4,68.291,68.43,1771,1633,23,23,0.54,0.59,0,0,2498,3000,1021,0,2819,2160
8afc3991-7ec1912b-b24d9633-3c4b0f57-17c0e8f4,68.443,68.666,1752,1668,23,23,0.54,0.59,0,0,2498,3000,1021,0,2819,2160
8afc3991-7ec1912b-b24d9633-3c4b0f57-17c0e8f4,68.681,68.974,1701,1728,23,23,0.54,0.59,0,0,2498,3000,1021,0,2819,2160
8afc3991-7ec1912b-b24d9633-3c4b0f57-17c0e8f4,69.195,69.446,1254,2133,23,23,0.54,0.59,0,0,2498,3000,1021,0,2819,2160
8afc3991-7ec1912b-b24d9633-3c4b0f57-17c0e8f4,69.516,69.641,1393,1718,23,23,0.54,0.59,0,0,2498,3000,1021,0,2819,2160
8afc3991-7ec1912b-b24d9633-3c4b0f57-17c0e8f4,70.158,70.282,1829,1612,23,23,0.54,0.62,0,0,2498,3000,1021,0,2819,2160
8afc3991-7ec1912b-b24d9633-3c4b0f57-17c0e8f4,70.326,70.49,1553,1521,23,23,0.55,0.66,0,0,2498,3000,1021,0,2819,2160
8afc3991-7ec1912b-b24d9633-3c4b0f57-17c0e8f4,70.504,70.645,1566,1533,23,23,0.56,0.67,0,0,2498,3000,1021,0,2819,2160
8afc3991-7ec1912b-b24d9633-3c4b0f57-17c0e8f4,70.658,71.005,1557,1535,23,23,0.56,0.66,0,0,2498,3000,1021,0,2819,2160
8afc3991-7ec1912b-b24d9633-3c4b0f57-17c0e8f4,71.019,71.173,1577,1522,23,23,0.56,0.63,0,0,2498,3000,1021,0,2819,2160
8afc3991-7ec1912b-b24d9633-3c4b0f57-17c0e8f4,71.2,71.52,1707,1677,23,23,0.56,0.63,0,0,2498,3000,1021,0,2819,2160
8afc3991-7ec1912b-b24d9633-3c4b0f57-17c0e8f4,71.534,71.771,1703,1674,23,23,0.56,0.6,0,0,2498,3000,1021,0,2819,2160
8afc3991-7ec1912b-b24d9633-3c4b0f57-17c0e8f4,71.799,72.05,1615,1676,23,23,0.56,0.6,0,0,2498,3000,1021,0,2819,2160
8afc3991-7ec1912b-b24d9633-3c4b0f57-17c0e8f4,72.244,72.425,1714,1671,23,23,0.56,0.6,0,0,2498,3000,1021,0,2819,2160
8afc3991-7ec1912b-b24d9633-3c4b0f57-17c0e8f4,72.69,72.968,1637,1596,23,23,0.56,0.6,0,0,2498,3000,1021,0,2819,2160
8afc3991-7ec1912b-b24d9633-3c4b0f57-17c0e8f4,72.997,73.122,1649,1588,23,23,0.56,0.6,0,0,2498,3000,1021,0,2819,2160
8afc3991-7ec1912b-b24d9633-3c4b0f57-17c0e8f4,73.149,73.344,1616,1555,23,23,0.56,0.6,0,0,2498,3000,1021,0,2819,2160
8afc3991-7ec1912b-b24d9633-3c4b0f57-17c0e8f4,73.358,73.775,1640,1588,23,23,0.56,0.6,0,0,2498,3000,1021,0,2819,2160
8afc3991-7ec1912b-b24d9633-3c4b0f57-17c0e8f4,73.789,74.082,1649,1587,23,23,0.56,0.63,0,0,2498,3000,1021,0,2819,2160
8afc3991-7ec1912b-b24d9633-3c4b0f57-17c0e8f4,74.151,74.278,1491,1686,23,23,0.58,0.64,0,0,2498,3000,1021,0,2819,2160
8afc3991-7ec1912b-b24d9633-3c4b0f57-17c0e8f4,74.29,75.015,1523,1683,23,23,0.57,0.59,0,0,2498,3000,1021,0,2819,2160
8afc3991-7ec1912b-b24d9633-3c4b0f57-17c0e8f4,75.028,75.654,1528,1665,23,23,0.54,0.56,0,0,2498,3000,1021,0,2819,2160
8afc3991-7ec1912b-b24d9633-3c4b0f57-17c0e8f4,75.683,75.974,1411,1560,23,23,0.53,0.64,0,0,2498,3000,1021,0,2819,2160
8afc3991-7ec1912b-b24d9633-3c4b0f57-17c0e8f4,75.989,76.491,1431,1577,23,23,0.53,0.57,0,0,2498,3000,1021,0,2819,2160
8afc3991-7ec1912b-b24d9633-3c4b0f57-17c0e8f4,76.518,76.643,1418,1553,23,23,0.52,0.62,0,0,2498,3000,1021,0,2819,2160
8afc3991-7ec1912b-b24d9633-3c4b0f57-17c0e8f4,76.684,77.06,929,1626,23,23,0.52,0.62,0,0,2498,3000,1021,0,2819,2160
8afc3991-7ec1912b-b24d9633-3c4b0f57-17c0e8f4,77.074,77.284,900,1615,23,23,0.52,0.66,0,0,2498,3000,1021,0,2819,2160
8afc3991-7ec1912b-b24d9633-3c4b0f57-17c0e8f4,77.31,77.45,837,1453,23,23,0.52,0.58,0,0,2498,3000,1021,0,2819,2160
8afc3991-7ec1912b-b24d9633-3c4b0f57-17c0e8f4,77.631,77.784,1011,1578,23,23,0.52,0.58,0,0,2498,3000,1021,0,2819,2160
8afc3991-7ec1912b-b24d9633-3c4b0f57-17c0e8f4,77.867,78.007,1055,1919,23,23,0.52,0.58,0,0,2498,3000,1021,0,2819,2160
8afc3991-7ec1912b-b24d9633-3c4b0f57-17c0e8f4,78.022,78.16,1055,1925,23,23,0.52,0.58,0,0,2498,3000,1021,0,2819,2160
8afc3991-7ec1912b-b24d9633-3c4b0f57-17c0e8f4,78.424,78.564,892,1813,23,23,0.52,0.58,0,0,2498,3000,1021,0,2819,2160
8afc3991-7ec1912b-b24d9633-3c4b0f57-17c0e8f4,78.703,78.814,910,1419,23,23,0.52,0.58,0,0,2498,3000,1021,0,2819,2160
8afc3991-7ec1912b-b24d9633-3c4b0f57-17c0e8f4,78.828,78.94,926,1467,23,23,0.52,0.58,0,0,2498,3000,1021,0,2819,2160
8afc3991-7ec1912b-b24d9633-3c4b0f57-17c0e8f4,78.995,79.151,1096,1529,23,23,0.52,0.59,0,0,2498,3000,1021,0,2819,2160
8afc3991-7ec1912b-b24d9633-3c4b0f57-17c0e8f4,79.163,79.371,1106,1504,23,23,0.52,0.62,0,0,2498,3000,1021,0,2819,2160
8afc3991-7ec1912b-b24d9633-3c4b0f57-17c0e8f4,79.399,79.83,860,1535,23,23,0.52,0.63,0,0,2498,3000,1021,0,2819,2160
8afc3991-7ec1912b-b24d9633-3c4b0f57-17c0e8f4,79.844,79.998,858,1569,23,23,0.52,0.55,0,0,2498,3000,1021,0,2819,2160
8afc3991-7ec1912b-b24d9633-3c4b0f57-17c0e8f4,80.039,80.262,1049,1655,23,23,0.52,0.55,0,0,2498,3000,1021,0,2819,2160
8afc3991-7ec1912b-b24d9633-3c4b0f57-17c0e8f4,80.359,80.471,1026,1760,23,23,0.52,0.55,0,0,2498,3000,1021,0,2819,2160
8afc3991-7ec1912b-b24d9633-3c4b0f57-17c0e8f4,80.5,80.861,1034,1726,23,23,0.52,0.55,0,0,2498,3000,1021,0,2819,2160
8afc3991-7ec1912b-b24d9633-3c4b0f57-17c0e8f4,80.889,81.114,877,1527,23,23,0.52,0.55,0,0,2498,3000,1021,0,2819,2160
8afc3991-7ec1912b-b24d9633-3c4b0f57-17c0e8f4,81.125,81.487,861,1536,23,23,0.52,0.55,0,0,2498,3000,1021,0,2819,2160
8afc3991-7ec1912b-b24d9633-3c4b0f57-17c0e8f4,81.6,81.891,1041,1403,23,23,0.52,0.55,0,0,2498,3000,1021,0,2819,2160
8afc3991-7ec1912b-b24d9633-3c4b0f57-17c0e8f4,81.904,82.199,1118,1520,23,23,0.52,0.55,0,0,2498,3000,1021,0,2819,2160
8afc3991-7ec1912b-b24d9633-3c4b0f57-17c0e8f4,82.214,82.447,1130,1521,23,23,0.52,0.55,0,0,2498,3000,1021,0,2819,2160
8afc3991-7ec1912b-b24d9633-3c4b0f57-17c0e8f4,82.462,82.572,1107,1539,23,23,0.52,0.55,0,0,2498,3000,1021,0,2819,2160
8afc3991-7ec1912b-b24d9633-3c4b0f57-17c0e8f4,82.671,82.809,932,1549,23,23,0.52,0.55,0,0,2498,3000,1021,0,2819,2160
8afc3991-7ec1912b-b24d9633-3c4b0f57-17c0e8f4,82.823,82.963,949,1571,23,23,0.52,0.55,0,0,2498,3000,1021,0,2819,2160
8afc3991-7ec1912b-b24d9633-3c4b0f57-17c0e8f4,82.99,83.102,1026,1575,23,23,0.52,0.55,0,0,2498,3000,1021,0,2819,2160
8afc3991-7ec1912b-b24d9633-3c4b0f57-17c0e8f4,83.116,83.352,967,1570,23,23,0.52,0.55,0,0,2498,3000,1021,0,2819,2160
8afc3991-7ec1912b-b24d9633-3c4b0f57-17c0e8f4,83.436,83.828,908,1448,23,23,0.52,0.55,0,0,2498,3000,1021,0,2819,2160
8afc3991-7ec1912b-b24d9633-3c4b0f57-17c0e8f4,83.898,84.202,879,1540,23,23,0.46,0.56,0,0,2498,3000,1021,0,2819,2160
8afc3991-7ec1912b-b24d9633-3c4b0f57-17c0e8f4,84.216,84.535,899,1609,23,23,0.43,0.66,0,0,2498,3000,1021,0,2819,2160
8afc3991-7ec1912b-b24d9633-3c4b0f57-17c0e8f4,84.591,85.066,1211,1989,23,23,0.42,0.76,0,0,2498,3000,1021,0,2819,2160
8afc3991-7ec1912b-b24d9633-3c4b0f57-17c0e8f4,85.094,85.356,1211,1982,23,23,0.42,0.65,0,0,2498,3000,1021,0,2819,2160
8afc3991-7ec1912b-b24d9633-3c4b0f57-17c0e8f4,85.399,85.719,920,1699,23,23,0.42,0.63,0,0,2498,3000,1021,0,2819,2160
8afc3991-7ec1912b-b24d9633-3c4b0f57-17c0e8f4,85.746,86.01,781,1311,23,23,0.38,0.58,0,0,2498,3000,1021,0,2819,2160
8afc3991-7ec1912b-b24d9633-3c4b0f57-17c0e8f4,86.039,86.595,928,1459,23,23,0.36,0.56,0,0,2498,3000,1021,0,2819,2160
8afc3991-7ec1912b-b24d9633-3c4b0f57-17c0e8f4,86.623,86.943,1011,1280,23,23,0.36,0.56,0,0,2498,3000,1021,0,2819,2160
8afc3991-7ec1912b-b24d9633-3c4b0f57-17c0e8f4,86.972,87.278,919,1700,23,23,0.36,0.56,0,0,2498,3000,1021,0,2819,2160
8afc3991-7ec1912b-b24d9633-3c4b0f57-17c0e8f4,87.917,88.85,1002,2224,23,23,0.36,0.56,0,0,2498,3000,1021,0,2819,2160
8afc3991-7ec1912b-b24d9633-3c4b0f57-17c0e8f4,88.864,88.989,1134,2146,23,23,0.31,0.59,0,0,2498,3000,1021,0,2819,2160
8afc3991-7ec1912b-b24d9633-3c4b0f57-17c0e8f4,89.184,89.385,1244,2264,23,23,0.31,0.62,0,0,2498,3000,1021,0,2819,2160
8afc3991-7ec1912b-b24d9633-3c4b0f57-17c0e8f4,89.505,89.799,897,1654,23,23,0.31,0.67,0,0,2498,3000,1021,0,2819,2160
8afc3991-7ec1912b-b24d9633-3c4b0f57-17c0e8f4,90.98,91.091,1042,1675,23,23,0.31,0.58,0,0,2498,3000,1021,0,2819,2160
8afc3991-7ec1912b-b24d9633-3c4b0f57-17c0e8f4,91.147,91.342,1110,1689,23,23,0.31,0.58,0,0,2498,3000,1021,0,2819,2160
8afc3991-7ec1912b-b24d9633-3c4b0f57-17c0e8f4,91.454,91.62,913,1653,23,23,0.31,0.58,0,0,2498,3000,1021,0,2819,2160
8afc3991-7ec1912b-b24d9633-3c4b0f57-17c0e8f4,91.635,91.759,908,1645,23,23,0.31,0.58,0,0,2498,3000,1021,0,2819,2160
8afc3991-7ec1912b-b24d9633-3c4b0f57-17c0e8f4,92.024,92.177,969,1572,23,23,0.31,0.58,0,0,2498,3000,1021,0,2819,2160
8afc3991-7ec1912b-b24d9633-3c4b0f57-17c0e8f4,92.191,92.33,955,1530,23,23,0.31,0.58,0,0,2498,3000,1021,0,2819,2160
8afc3991-7ec1912b-b24d9633-3c4b0f57-17c0e8f4,92.414,92.525,974,1595,23,23,0.31,0.58,0,0,2498,3000,1021,0,2819,2160
8afc3991-7ec1912b-b24d9633-3c4b0f57-17c0e8f4,92.539,92.665,966,1645,23,23,0.31,0.58,0,0,2498,3000,1021,0,2819,2160
8afc3991-7ec1912b-b24d9633-3c4b0f57-17c0e8f4,92.68,92.943,841,1635,23,23,0.31,0.58,0,0,2498,3000,1021,0,2819,2160
8afc3991-7ec1912b-b24d9633-3c4b0f57-17c0e8f4,93.068,93.236,900,1515,23,23,0.31,0.58,0,0,2498,3000,1021,0,2819,2160
8afc3991-7ec1912b-b24d9633-3c4b0f57-17c0e8f4,93.251,93.528,906,1472,23,23,0.31,0.58,0,0,2498,3000,1021,0,2819,2160
8afc3991-7ec1912b-b24d9633-3c4b0f57-17c0e8f4,93.542,94.071,913,1501,23,23,0.31,0.58,0,0,2498,3000,1021,0,2819,2160
8afc3991-7ec1912b-b24d9633-3c4b0f57-17c0e8f4,94.252,94.474,924,1740,23,23,0.31,0.58,0,0,2498,3000,1021,0,2819,2160
8afc3991-7ec1912b-b24d9633-3c4b0f57-17c0e8f4,94.488,94.628,1040,1514,23,23,0.31,0.58,0,0,2498,3000,1021,0,2819,2160
8afc3991-7ec1912b-b24d9633-3c4b0f57-17c0e8f4,94.643,94.865,1039,1499,23,23,0.31,0.58,0,0,2498,3000,1021,0,2819,2160
8afc3991-7ec1912b-b24d9633-3c4b0f57-17c0e8f4,94.934,95.061,940,1094,23,23,0.31,0.58,0,0,2498,3000,1021,0,2819,2160
8afc3991-7ec1912b-b24d9633-3c4b0f57-17c0e8f4,95.074,95.227,929,1145,23,23,0.28,0.56,0,0,2498,3000,1021,0,2819,2160
8afc3991-7ec1912b-b24d9633-3c4b0f57-17c0e8f4,95.242,95.535,950,1145,23,23,0.18,0.58,0,0,2498,3000,1021,0,2819,2160
8afc3991-7ec1912b-b24d9633-3c4b0f57-17c0e8f4,95.575,95.755,770,1222,23,23,0.2,0.5,0,0,2498,3000,1021,0,2819,2160
8afc3991-7ec1912b-b24d9633-3c4b0f57-17c0e8f4,95.908,96.061,991,1636,23,23,0.2,0.5,0,0,2498,3000,1021,0,2819,2160
8afc3991-7ec1912b-b24d9633-3c4b0f57-17c0e8f4,96.076,96.506,997,1644,23,23,0.17,0.63,0,0,2498,3000,1021,0,2819,2160
8afc3991-7ec1912b-b24d9633-3c4b0f57-17c0e8f4,96.52,96.648,994,1631,23,23,0.17,0.95,0,0,2498,3000,1021,0,2819,2160
8afc3991-7ec1912b-b24d9633-3c4b0f57-17c0e8f4,96.66,97.246,924,1560,23,23,0.18,1.0,0,0,2498,3000,1021,0,2819,2160
8afc3991-7ec1912b-b24d9633-3c4b0f57-17c0e8f4,97.259,97.704,914,1645,23,23,0.19,0.84,0,0,2498,3000,1021,0,2819,2160
8afc3991-7ec1912b-b24d9633-3c4b0f57-17c0e8f4,97.717,98.274,982,1590,23,23,0.18,0.72,0,0,2498,3000,1021,0,2819,2160
8afc3991-7ec1912b-b24d9633-3c4b0f57-17c0e8f4,98.288,98.441,942,1592,23,23,0.18,0.72,0,0,2498,3000,1021,0,2819,2160
8afc3991-7ec1912b-b24d9633-3c4b0f57-17c0e8f4,98.455,98.942,841,1608,23,23,0.18,0.72,0,0,2498,3000,1021,0,2819,2160
8afc3991-7ec1912b-b24d9633-3c4b0f57-17c0e8f4,98.956,99.263,858,1618,23,23,0.18,0.72,0,0,2498,3000,1021,0,2819,2160
8afc3991-7ec1912b-b24d9633-3c4b0f57-17c0e8f4,99.276,99.43,911,1606,23,23,0.18,0.72,0,0,2498,3000,1021,0,2819,2160
8afc3991-7ec1912b-b24d9633-3c4b0f57-17c0e8f4,99.527,99.666,853,1639,23,23,0.18,0.72,0,0,2498,3000,1021,0,2819,2160
8afc3991-7ec1912b-b24d9633-3c4b0f57-17c0e8f4,99.68,99.847,850,1607,23,23,0.18,0.72,0,0,2498,3000,1021,0,2819,2160
8afc3991-7ec1912b-b24d9633-3c4b0f57-17c0e8f4,99.889,100.153,810,1441,23,23,0.18,0.72,0,0,2498,3000,1021,0,2819,2160
8afc3991-7ec1912b-b24d9633-3c4b0f57-17c0e8f4,100.167,100.723,829,1454,23,23,0.18,0.72,0,0,2498,3000,1021,0,2819,2160
8afc3991-7ec1912b-b24d9633-3c4b0f57-17c0e8f4,100.737,101.113,821,1548,23,23,0.18,0.72,0,0,2498,3000,1021,0,2819,2160
8afc3991-7ec1912b-b24d9633-3c4b0f57-17c0e8f4,101.127,101.434,890,1536,23,23,0.18,0.72,0,0,2498,3000,1021,0,2819,2160
8afc3991-7ec1912b-b24d9633-3c4b0f57-17c0e8f4,101.642,101.851,921,1570,23,23,0.18,0.72,0,0,2498,3000,1021,0,2819,2160
8afc3991-7ec1912b-b24d9633-3c4b0f57-17c0e8f4,102.227,102.338,1069,1293,23,23,0.18,0.72,0,0,2498,3000,1021,0,2819,2160
8afc3991-7ec1912b-b24d9633-3c4b0f57-17c0e8f4,102.603,102.715,1084,1318,23,23,0.18,0.72,0,0,2498,3000,1021,0,2819,2160
8afc3991-7ec1912b-b24d9633-3c4b0f57-17c0e8f4,102.979,103.09,970,1395,23,23,0.18,0.72,0,0,2498,3000,1021,0,2819,2160
8afc3991-7ec1912b-b24d9633-3c4b0f57-17c0e8f4,103.229,103.438,986,1585,23,23,0.18,0.72,0,0,2498,3000,1021,0,2819,2160
8afc3991-7ec1912b-b24d9633-3c4b0f57-17c0e8f4,103.452,103.648,878,1636,23,23,0.18,0.72,0,0,2498,3000,1021,0,2819,2160
8afc3991-7ec1912b-b24d9633-3c4b0f57-17c0e8f4,103.815,103.995,859,1713,23,23,0.18,0.72,0,0,2498,3000,1021,0,2819,2160
8afc3991-7ec1912b-b24d9633-3c4b0f57-17c0e8f4,104.134,104.259,1053,1630,23,23,0.18,0.72,0,0,2498,3000,1021,0,2819,2160
8afc3991-7ec1912b-b24d9633-3c4b0f57-17c0e8f4,104.273,104.399,1003,1577,23,23,0.18,0.72,0,0,2498,3000,1021,0,2819,2160
8afc3991-7ec1912b-b24d9633-3c4b0f57-17c0e8f4,104.483,104.636,748,1602,23,23,0.18,0.72,0,0,2498,3000,1021,0,2819,2160
8afc3991-7ec1912b-b24d9633-3c4b0f57-17c0e8f4,104.65,105.164,733,1639,23,23,0.18,0.72,0,0,2498,3000,1021,0,2819,2160
8afc3991-7ec1912b-b24d9633-3c4b0f57-17c0e8f4,105.192,105.666,576,1727,23,23,0.18,0.72,0,0,2498,3000,1021,0,2819,2160
8afc3991-7ec1912b-b24d9633-3c4b0f57-17c0e8f4,105.722,106.124,777,1704,23,23,0.18,0.72,0,0,2498,3000,1021,0,2819,2160
8afc3991-7ec1912b-b24d9633-3c4b0f57-17c0e8f4,106.138,106.584,792,1715,23,23,0.18,0.72,0,0,2498,3000,1021,0,2819,2160
8afc3991-7ec1912b-b24d9633-3c4b0f57-17c0e8f4,107.029,107.183,854,1734,23,23,0.18,0.72,0,0,2498,3000,1021,0,2819,2160
8afc3991-7ec1912b-b24d9633-3c4b0f57-17c0e8f4,107.21,107.321,889,1770,23,23,0.18,0.72,0,0,2498,3000,1021,0,2819,2160
8afc3991-7ec1912b-b24d9633-3c4b0f57-17c0e8f4,107.335,107.53,866,1731,23,23,0.18,0.72,0,0,2498,3000,1021,0,2819,2160
8afc3991-7ec1912b-b24d9633-3c4b0f57-17c0e8f4,107.698,107.822,1030,1731,23,23,0.18,0.72,0,0,2498,3000,1021,0,2819,2160
8afc3991-7ec1912b-b24d9633-3c4b0f57-17c0e8f4,107.836,107.989,1079,1695,23,23,0.18,0.72,0,0,2498,3000,1021,0,2819,2160
8afc3991-7ec1912b-b24d9633-3c4b0f57-17c0e8f4,108.129,108.253,1012,1607,23,23,0.18,0.72,0,0,2498,3000,1021,0,2819,2160
8afc3991-7ec1912b-b24d9633-3c4b0f57-17c0e8f4,108.268,108.407,991,1572,23,23,0.18,0.72,0,0,2498,3000,1021,0,2819,2160
8afc3991-7ec1912b-b24d9633-3c4b0f57-17c0e8f4,108.421,108.936,1003,1607,23,23,0.18,0.72,0,0,2498,3000,1021,0,2819,2160
8afc3991-7ec1912b-b24d9633-3c4b0f57-17c0e8f4,108.964,109.409,1003,1621,23,23,0.18,0.72,0,0,2498,3000,1021,0,2819,2160
8afc3991-7ec1912b-b24d9633-3c4b0f57-17c0e8f4,109.771,109.883,909,1603,23,23,0.18,0.72,0,0,2498,3000,1021,0,2819,2160
8afc3991-7ec1912b-b24d9633-3c4b0f57-17c0e8f4,109.91,110.066,899,1606,23,23,0.18,0.72,0,0,2498,3000,1021,0,2819,2160
8afc3991-7ec1912b-b24d9633-3c4b0f57-17c0e8f4,110.096,110.285,1432,1606,23,23,0.18,0.72,0,0,2498,3000,1021,0,2819,2160
8afc3991-7ec1912b-b24d9633-3c4b0f57-17c0e8f4,110.424,110.871,2170,1550,23,23,0.1,0.8,0,0,2498,3000,1021,0,2819,2160
8afc3991-7ec1912b-b24d9633-3c4b0f57-17c0e8f4,110.955,111.525,897,1565,23,23,0.11,0.56,0,0,2498,3000,1021,0,2819,2160
8afc3991-7ec1912b-b24d9633-3c4b0f57-17c0e8f4,111.552,111.693,992,1567,23,23,0.1,0.8,0,0,2498,3000,1021,0,2819,2160
8afc3991-7ec1912b-b24d9633-3c4b0f57-17c0e8f4,111.706,111.845,974,1592,23,23,0.1,0.95,0,0,2498,3000,1021,0,2819,2160
8afc3991-7ec1912b-b24d9633-3c4b0f57-17c0e8f4,111.861,112.167,996,1586,23,23,0.1,1.0,0,0,2498,3000,1021,0,2819,2160
8afc3991-7ec1912b-b24d9633-3c4b0f57-17c0e8f4,112.179,112.332,946,1540,23,23,0.12,1.0,0,0,2498,3000,1021,0,2819,2160
8afc3991-7ec1912b-b24d9633-3c4b0f57-17c0e8f4,112.348,112.597,974,1526,23,23,0.12,1.0,0,0,2498,3000,1021,0,2819,2160
8afc3991-7ec1912b-b24d9633-3c4b0f57-17c0e8f4,112.612,112.889,1000,1528,23,23,0.12,1.0,0,0,2498,3000,1021,0,2819,2160
8afc3991-7ec1912b-b24d9633-3c4b0f57-17c0e8f4,112.905,113.251,1005,1546,23,23,0.1,0.49,0,0,2498,3000,1021,0,2819,2160
8afc3991-7ec1912b-b24d9633-3c4b0f57-17c0e8f4,113.267,113.505,1095,1594,23,23,0.1,0.48,0,0,2498,3000,1021,0,2819,2160
8afc3991-7ec1912b-b24d9633-3c4b0f57-17c0e8f4,113.6,113.782,1056,1666,23,23,0.11,0.72,0,0,2498,3000,1021,0,2819,2160
8afc3991-7ec1912b-b24d9633-3c4b0f57-17c0e8f4,113.799,114.295,1072,1629,23,23,0.16,0.87,0,0,2498,3000,1021,0,2819,2160
8afc3991-7ec1912b-b24d9633-3c4b0f57-17c0e8f4,114.311,114.492,1064,1620,23,23,0.21,1.0,0,0,2498,3000,1021,0,2819,2160
8afc3991-7ec1912b-b24d9633-3c4b0f57-17c0e8f4,114.525,114.672,1071,1584,23,23,0.24,0.91,0,0,2498,3000,1021,0,2819,2160
8afc3991-7ec1912b-b24d9633-3c4b0f57-17c0e8f4,114.701,114.882,875,1114,23,23,0.2,0.7,0,0,2498,3000,1021,0,2819,2160
8afc3991-7ec1912b-b24d9633-3c4b0f57-17c0e8f4,115.02,115.202,825,1167,23,23,0.16,0.56,0,0,2498,3000,1021,0,2819,2160
8afc3991-7ec1912b-b24d9633-3c4b0f57-17c0e8f4,115.216,115.482,825,1193,23,23,0.13,0.44,0,0,2498,3000,1021,0,2819,2160
8afc3991-7ec1912b-b24d9633-3c4b0f57-17c0e8f4,115.494,115.674,745,1146,23,23,0.1,0.5,0,0,2498,3000,1021,0,2819,2160
8afc3991-7ec1912b-b24d9633-3c4b0f57-17c0e8f4,115.688,115.966,746,1169,23,23,0.1,0.52,0,0,2498,3000,1021,0,2819,2160
8afc3991-7ec1912b-b24d9633-3c4b0f57-17c0e8f4,116.147,116.272,737,1241,23,23,0.1,0.57,0,0,2498,3000,1021,0,2819,2160
8afc3991-7ec1912b-b24d9633-3c4b0f57-17c0e8f4,116.286,116.467,763,1220,23,23,0.1,0.57,0,0,2498,3000,1021,0,2819,2160
8afc3991-7ec1912b-b24d9633-3c4b0f57-17c0e8f4,116.551,116.914,657,1159,23,23,0.1,0.58,0,0,2498,3000,1021,0,2819,2160
8afc3991-7ec1912b-b24d9633-3c4b0f57-17c0e8f4,116.929,117.15,637,1163,23,23,0.1,0.63,0,0,2498,3000,1021,0,2819,2160
8afc3991-7ec1912b-b24d9633-3c4b0f57-17c0e8f4,117.205,117.484,736,1122,23,23,0.1,0.67,0,0,2498,3000,1021,0,2819,2160
8afc3991-7ec1912b-b24d9633-3c4b0f57-17c0e8f4,117.498,117.789,733,1125,23,23,0.1,0.67,0,0,2498,3000,1021,0,2819,2160
8afc3991-7ec1912b-b24d9633-3c4b0f57-17c0e8f4,117.915,118.039,833,1237,23,23,0.1,0.67,0,0,2498,3000,1021,0,2819,2160
8afc3991-7ec1912b-b24d9633-3c4b0f57-17c0e8f4,118.165,118.388,902,1473,23,23,0.1,0.67,0,0,2498,3000,1021,0,2819,2160
8afc3991-7ec1912b-b24d9633-3c4b0f57-17c0e8f4,118.457,118.722,798,1494,23,23,0.1,0.67,0,0,2498,3000,1021,0,2819,2160
8afc3991-7ec1912b-b24d9633-3c4b0f57-17c0e8f4,118.736,118.917,779,1497,23,23,0.1,0.67,0,0,2498,3000,1021,0,2819,2160
8afc3991-7ec1912b-b24d9633-3c4b0f57-17c0e8f4,119.111,119.267,808,1754,23,23,0.1,0.67,0,0,2498,3000,1021,0,2819,2160
8afc3991-7ec1912b-b24d9633-3c4b0f57-17c0e8f4,119.28,119.418,857,1778,23,23,0.1,0.67,0,0,2498,3000,1021,0,2819,2160
8afc3991-7ec1912b-b24d9633-3c4b0f57-17c0e8f4,119.447,119.753,1161,1902,23,23,0.1,0.67,0,0,2498,3000,1021,0,2819,2160
8afc3991-7ec1912b-b24d9633-3c4b0f57-17c0e8f4,119.794,120.003,992,2286,23,23,0.1,0.67,0,0,2498,3000,1021,0,2819,2160
8afc3991-7ec1912b-b24d9633-3c4b0f57-17c0e8f4,120.032,120.24,1008,2308,23,23,0.1,0.67,0,0,2498,3000,1021,0,2819,2160
8afc3991-7ec1912b-b24d9633-3c4b0f57-17c0e8f4,120.351,120.546,1530,2370,23,23,0.1,0.67,0,0,2498,3000,1021,0,2819,2160
8afc3991-7ec1912b-b24d9633-3c4b0f57-17c0e8f4,120.56,120.7,1531,2358,23,23,0.1,0.67,0,0,2498,3000,1021,0,2819,2160
8afc3991-7ec1912b-b24d9633-3c4b0f57-17c0e8f4,120.726,120.964,1680,2272,23,23,0.1,0.67,0,0,2498,3000,1021,0,2819,2160
8afc3991-7ec1912b-b24d9633-3c4b0f57-17c0e8f4,121.033,121.273,755,1498,23,23,0.1,0.67,0,0,2498,3000,1021,0,2819,2160
8afc3991-7ec1912b-b24d9633-3c4b0f57-17c0e8f4,121.287,121.415,795,1519,23,23,0.1,0.67,0,0,2498,3000,1021,0,2819,2160
8afc3991-7ec1912b-b24d9633-3c4b0f57-17c0e8f4,121.479,121.589,928,1578,23,23,0.1,0.67,0,0,2498,3000,1021,0,2819,2160
8afc3991-7ec1912b-b24d9633-3c4b0f57-17c0e8f4,121.744,122.104,953,1746,23,23,0.1,0.67,0,0,2498,3000,1021,0,2819,2160
8afc3991-7ec1912b-b24d9633-3c4b0f57-17c0e8f4,122.119,122.23,961,1703,23,23,0.1,0.67,0,0,2498,3000,1021,0,2819,2160
8afc3991-7ec1912b-b24d9633-3c4b0f57-17c0e8f4,122.243,122.37,980,1733,23,23,0.1,0.67,0,0,2498,3000,1021,0,2819,2160
8afc3991-7ec1912b-b24d9633-3c4b0f57-17c0e8f4,122.383,122.55,955,1747,23,23,0.1,0.67,0,0,2498,3000,1021,0,2819,2160
8afc3991-7ec1912b-b24d9633-3c4b0f57-17c0e8f4,122.564,122.689,964,1740,23,23,0.1,0.67,0,0,2498,3000,1021,0,2819,2160
8afc3991-7ec1912b-b24d9633-3c4b0f57-17c0e8f4,122.703,122.898,878,1702,23,23,0.1,0.67,0,0,2498,3000,1021,0,2819,2160
8afc3991-7ec1912b-b24d9633-3c4b0f57-17c0e8f4,123.134,123.259,944,1692,23,23,0.1,0.67,0,0,2498,3000,1021,0,2819,2160
8afc3991-7ec1912b-b24d9633-3c4b0f57-17c0e8f4,123.357,123.482,1005,1633,23,23,0.1,0.67,0,0,2498,3000,1021,0,2819,2160
8afc3991-7ec1912b-b24d9633-3c4b0f57-17c0e8f4,123.552,123.677,936,1682,23,23,0.1,0.67,0,0,2498,3000,1021,0,2819,2160
8afc3991-7ec1912b-b24d9633-3c4b0f57-17c0e8f4,123.72,123.859,969,1620,23,23,0.1,0.67,0,0,2498,3000,1021,0,2819,2160
8afc3991-7ec1912b-b24d9633-3c4b0f57-17c0e8f4,124.025,124.166,1036,2030,23,23,0.1,0.67,0,0,2498,3000,1021,0,2819,2160
8afc3991-7ec1912b-b24d9633-3c4b0f57-17c0e8f4,124.222,124.332,1220,2113,23,23,0.1,0.67,0,0,2498,3000,1021,0,2819,2160
8afc3991-7ec1912b-b24d9633-3c4b0f57-17c0e8f4,124.345,124.498,1240,2113,23,23,0.1,0.67,0,0,2498,3000,1021,0,2819,2160
8afc3991-7ec1912b-b24d9633-3c4b0f57-17c0e8f4,124.596,124.707,1029,2075,23,23,0.1,0.67,0,0,2498,3000,1021,0,2819,2160
8afc3991-7ec1912b-b24d9633-3c4b0f57-17c0e8f4,124.721,124.832,1033,2057,23,23,0.1,0.67,0,0,2498,3000,1021,0,2819,2160
8afc3991-7ec1912b-b24d9633-3c4b0f57-17c0e8f4,124.958,125.32,1097,2056,23,23,0.1,0.67,0,0,2498,3000,1021,0,2819,2160
8afc3991-7ec1912b-b24d9633-3c4b0f57-17c0e8f4,125.403,125.556,1223,2487,23,23,0.1,0.67,0,0,2498,3000,1021,0,2819,2160
8afc3991-7ec1912b-b24d9633-3c4b0f57-17c0e8f4,125.57,125.708,1221,2451,23,23,0.1,0.67,0,0,2498,3000,1021,0,2819,2160
8afc3991-7ec1912b-b24d9633-3c4b0f57-17c0e8f4,125.96,126.071,1083,2442,23,23,0.1,0.67,0,0,2498,3000,1021,0,2819,2160
8afc3991-7ec1912b-b24d9633-3c4b0f57-17c0e8f4,126.127,126.28,1717,1985,23,23,0.1,0.67,0,0,2498,3000,1021,0,2819,2160
8afc3991-7ec1912b-b24d9633-3c4b0f57-17c0e8f4,126.308,126.53,1727,1995,23,23,0.1,0.67,0,0,2498,3000,1021,0,2819,2160
8afc3991-7ec1912b-b24d9633-3c4b0f57-17c0e8f4,126.558,126.921,1354,2209,23,23,0.1,0.67,0,0,2498,3000,1021,0,2819,2160
8afc3991-7ec1912b-b24d9633-3c4b0f57-17c0e8f4,126.934,127.116,1483,2211,23,23,0.1,0.67,0,0,2498,3000,1021,0,2819,2160
8afc3991-7ec1912b-b24d9633-3c4b0f57-17c0e8f4,127.144,127.422,1245,2255,23,23,0.1,0.67,0,0,2498,3000,1021,0,2819,2160
8afc3991-7ec1912b-b24d9633-3c4b0f57-17c0e8f4,127.435,127.703,1239,2258,23,23,0.1,0.67,0,0,2498,3000,1021,0,2819,2160
8afc3991-7ec1912b-b24d9633-3c4b0f57-17c0e8f4,127.715,128.022,1266,2271,23,23,0.1,0.68,0,0,2498,3000,1021,0,2819,2160
8afc3991-7ec1912b-b24d9633-3c4b0f57-17c0e8f4,128.035,128.259,1276,2344,23,23,0.1,0.86,0,0,2498,3000,1021,0,2819,2160
8afc3991-7ec1912b-b24d9633-3c4b0f57-17c0e8f4,128.304,128.535,1500,1922,23,23,0.1,0.92,0,0,2498,3000,1021,0,2819,2160
8afc3991-7ec1912b-b24d9633-3c4b0f57-17c0e8f4,128.605,128.843,1442,2344,23,23,0.11,1.0,0,0,2498,3000,1021,0,2819,2160
8afc3991-7ec1912b-b24d9633-3c4b0f57-17c0e8f4,128.871,129.412,1283,2495,23,23,0.16,0.98,0,0,2498,3000,1021,0,2819,2160
8afc3991-7ec1912b-b24d9633-3c4b0f57-17c0e8f4,129.426,129.705,1169,2465,23,23,0.22,0.85,0,0,2498,3000,1021,0,2819,2160
8afc3991-7ec1912b-b24d9633-3c4b0f57-17c0e8f4,129.774,129.983,932,2343,23,23,0.22,0.85,0,0,2498,3000,1021,0,2819,2160
8afc3991-7ec1912b-b24d9633-3c4b0f57-17c0e8f4,129.997,130.135,983,2331,23,23,0.22,0.85,0,0,2498,3000,1021,0,2819,2160
8afc3991-7ec1912b-b24d9633-3c4b0f57-17c0e8f4,130.178,130.289,904,2542,23,23,0.22,0.85,0,0,2498,3000,1021,0,2819,2160
8afc3991-7ec1912b-b24d9633-3c4b0f57-17c0e8f4,130.526,130.637,1843,2549,23,23,0.22,0.85,0,0,2498,3000,1021,0,2819,2160
8afc3991-7ec1912b-b24d9633-3c4b0f57-17c0e8f4,130.846,130.985,1835,2190,23,23,0.22,0.85,0,0,2498,3000,1021,0,2819,2160
8afc3991-7ec1912b-b24d9633-3c4b0f57-17c0e8f4,131.069,131.181,1641,2029,23,23,0.22,0.85,0,0,2498,3000,1021,0,2819,2160
8afc3991-7ec1912b-b24d9633-3c4b0f57-17c0e8f4,131.236,131.361,1613,2039,23,23,0.22,0.85,0,0,2498,3000,1021,0,2819,2160
8afc3991-7ec1912b-b24d9633-3c4b0f57-17c0e8f4,131.542,131.834,1785,2402,23,23,0.22,0.85,0,0,2498,3000,1021,0,2819,2160
8afc3991-7ec1912b-b24d9633-3c4b0f57-17c0e8f4,131.863,132.002,1399,2331,23,23,0.22,0.85,0,0,2498,3000,1021,0,2819,2160
8afc3991-7ec1912b-b24d9633-3c4b0f57-17c0e8f4,132.126,132.238,1437,1809,23,23,0.22,0.85,0,0,2498,3000,1021,0,2819,2160
8afc3991-7ec1912b-b24d9633-3c4b0f57-17c0e8f4,132.252,132.407,1462,1783,23,23,0.22,0.85,0,0,2498,3000,1021,0,2819,2160
8afc3991-7ec1912b-b24d9633-3c4b0f57-17c0e8f4,132.461,132.712,1766,1555,23,23,0.15,0.85,0,0,2498,3000,1021,0,2819,2160
8afc3991-7ec1912b-b24d9633-3c4b0f57-17c0e8f4,132.897,133.004,1824,1128,23,23,0.12,0.97,0,0,2498,3000,1021,0,2819,2160
8afc3991-7ec1912b-b24d9633-3c4b0f57-17c0e8f4,133.019,133.382,1807,1151,23,23,0.12,1.0,0,0,2498,3000,1021,0,2819,2160
8afc3991-7ec1912b-b24d9633-3c4b0f57-17c0e8f4,133.533,133.77,2195,1131,23,23,0.2,0.91,0,0,2498,3000,1021,0,2819,2160
8afc3991-7ec1912b-b24d9633-3c4b0f57-17c0e8f4,134.121,134.277,1304,2494,23,23,0.19,0.93,0,0,2498,3000,1021,0,2819,2160
8afc3991-7ec1912b-b24d9633-3c4b0f57-17c0e8f4,134.314,134.591,1258,2321,23,23,0.18,1.0,0,0,2498,3000,1021,0,2819,2160
8afc3991-7ec1912b-b24d9633-3c4b0f57-17c0e8f4,134.605,134.773,1275,2284,23,23,0.16,1.0,0,0,2498,3000,1021,0,2819,2160
8afc3991-7ec1912b-b24d9633-3c4b0f57-17c0e8f4,134.801,135.509,1301,2745,23,23,0.16,1.0,0,0,2498,3000,1021,0,2819,2160
8afc3991-7ec1912b-b24d9633-3c4b0f57-17c0e8f4,135.551,135.831,1282,2835,23,23,0.15,1.0,0,0,2498,3000,1021,0,2819,2160
8afc3991-7ec1912b-b24d9633-3c4b0f57-17c0e8f4,135.872,136.053,701,2543,23,23,0.2,0.73,0,0,2498,3000,1021,0,2819,2160
8afc3991-7ec1912b-b24d9633-3c4b0f57-17c0e8f4,136.068,136.182,699,2512,23,23,0.22,0.59,0,0,2498,3000,1021,0,2819,2160
8afc3991-7ec1912b-b24d9633-3c4b0f57-17c0e8f4,136.194,136.442,1217,2137,23,23,0.19,0.5,0,0,2498,3000,1021,0,2819,2160
8afc3991-7ec1912b-b24d9633-3c4b0f57-17c0e8f4,136.576,136.777,1410,1910,23,23,0.1,0.6,0,0,2498,3000,1021,0,2819,2160
8afc3991-7ec1912b-b24d9633-3c4b0f57-17c0e8f4,136.889,137.223,1519,1523,23,23,0.1,0.83,0,0,2498,3000,1021,0,2819,2160
8afc3991-7ec1912b-b24d9633-3c4b0f57-17c0e8f4,137.252,137.376,1514,1440,23,23,0.1,0.97,0,0,2498,3000,1021,0,2819,2160
8afc3991-7ec1912b-b24d9633-3c4b0f57-17c0e8f4,137.389,137.514,1515,1397,23,23,0.1,1.0,0,0,2498,3000,1021,0,2819,2160
8afc3991-7ec1912b-b24d9633-3c4b0f57-17c0e8f4,137.527,137.653,1560,1370,23,23,0.1,1.0,0,0,2498,3000,1021,0,2819,2160
8afc3991-7ec1912b-b24d9633-3c4b0f57-17c0e8f4,137.682,137.959,1500,1421,23,23,0.1,1.0,0,0,2498,3000,1021,0,2819,2160
8afc3991-7ec1912b-b24d9633-3c4b0f57-17c0e8f4,137.987,138.098,1577,1429,23,23,0.1,1.0,0,0,2498,3000,1021,0,2819,2160
8afc3991-7ec1912b-b24d9633-3c4b0f57-17c0e8f4,138.14,138.266,1555,1286,23,23,0.1,1.0,0,0,2498,3000,1021,0,2819,2160
8afc3991-7ec1912b-b24d9633-3c4b0f57-17c0e8f4,138.643,138.768,1361,2046,23,23,0.1,1.0,0,0,2498,3000,1021,0,2819,2160
8afc3991-7ec1912b-b24d9633-3c4b0f57-17c0e8f4,138.78,138.975,1331,2065,23,23,0.1,1.0,0,0,2498,3000,1021,0,2819,2160
8afc3991-7ec1912b-b24d9633-3c4b0f57-17c0e8f4,139.365,139.49,1136,2150,23,23,0.1,1.0,0,0,2498,3000,1021,0,2819,2160
8afc3991-7ec1912b-b24d9633-3c4b0f57-17c0e8f4,139.532,139.657,1195,2144,23,23,0.1,1.0,0,0,2498,3000,1021,0,2819,2160
8afc3991-7ec1912b-b24d9633-3c4b0f57-17c0e8f4,139.81,139.936,1207,2258,23,23,0.1,1.0,0,0,2498,3000,1021,0,2819,2160
8afc3991-7ec1912b-b24d9633-3c4b0f57-17c0e8f4,139.95,140.06,1252,2228,23,23,0.1,1.0,0,0,2498,3000,1021,0,2819,2160
8afc3991-7ec1912b-b24d9633-3c4b0f57-17c0e8f4,140.088,140.201,1230,2248,23,23,0.1,1.0,0,0,2498,3000,1021,0,2819,2160
8afc3991-7ec1912b-b24d9633-3c4b0f57-17c0e8f4,141.663,141.787,1674,1454,23,23,0.1,1.0,0,0,2498,3000,1021,0,2819,2160
8afc3991-7ec1912b-b24d9633-3c4b0f57-17c0e8f4,142.121,142.414,1490,1460,23,23,0.1,1.0,0,0,2498,3000,1021,0,2819,2160
8afc3991-7ec1912b-b24d9633-3c4b0f57-17c0e8f4,142.441,142.775,1505,1381,23,23,0.1,1.0,0,0,2498,3000,1021,0,2819,2160
8afc3991-7ec1912b-b24d9633-3c4b0f57-17c0e8f4,142.901,143.068,1519,1373,23,23,0.1,1.0,0,0,2498,3000,1021,0,2819,2160
8afc3991-7ec1912b-b24d9633-3c4b0f57-17c0e8f4,143.081,143.333,1535,1429,23,23,0.1,1.0,0,0,2498,3000,1021,0,2819,2160
8afc3991-7ec1912b-b24d9633-3c4b0f57-17c0e8f4,143.346,143.541,1536,1398,23,23,0.1,1.0,0,0,2498,3000,1021,0,2819,2160
8afc3991-7ec1912b-b24d9633-3c4b0f57-17c0e8f4,143.555,143.777,1538,1423,23,23,0.1,1.0,0,0,2498,3000,1021,0,2819,2160
8afc3991-7ec1912b-b24d9633-3c4b0f57-17c0e8f4,143.791,144.029,1600,1455,23,23,0.1,1.0,0,0,2498,3000,1021,0,2819,2160
8afc3991-7ec1912b-b24d9633-3c4b0f57-17c0e8f4,144.042,144.195,1524,1445,23,23,0.1,1.0,0,0,2498,3000,1021,0,2819,2160
8afc3991-7ec1912b-b24d9633-3c4b0f57-17c0e8f4,144.223,144.432,1512,1433,23,23,0.1,1.0,0,0,2498,3000,1021,0,2819,2160
8afc3991-7ec1912b-b24d9633-3c4b0f57-17c0e8f4,144.446,144.613,1513,1409,23,23,0.1,1.0,0,0,2498,3000,1021,0,2819,2160
8afc3991-7ec1912b-b24d9633-3c4b0f57-17c0e8f4,144.627,144.877,1536,1440,23,23,0.1,1.0,0,0,2498,3000,1021,0,2819,2160
8afc3991-7ec1912b-b24d9633-3c4b0f57-17c0e8f4,145.156,145.267,1527,1456,23,23,0.1,1.0,0,0,2498,3000,1021,0,2819,2160
8afc3991-7ec1912b-b24d9633-3c4b0f57-17c0e8f4,145.629,145.754,1477,1356,23,23,0.1,1.0,0,0,2498,3000,1021,0,2819,2160
8afc3991-7ec1912b-b24d9633-3c4b0f57-17c0e8f4,145.768,145.921,1322,1237,23,23,0.1,1.0,0,0,2498,3000,1021,0,2819,2160
8afc3991-7ec1912b-b24d9633-3c4b0f57-17c0e8f4,145.936,146.132,1343,1280,23,23,0.1,1.0,0,0,2498,3000,1021,0,2819,2160
8afc3991-7ec1912b-b24d9633-3c4b0f57-17c0e8f4,146.216,146.369,1549,1013,23,23,0.1,1.0,0,0,2498,3000,1021,0,2819,2160
8afc3991-7ec1912b-b24d9633-3c4b0f57-17c0e8f4,146.55,146.702,1685,585,23,23,0.1,1.0,0,0,2498,3000,1021,0,2819,2160
8afc3991-7ec1912b-b24d9633-3c4b0f57-17c0e8f4,146.715,146.855,1647,608,23,23,0.1,1.0,0,0,2498,3000,1021,0,2819,2160
8afc3991-7ec1912b-b24d9633-3c4b0f57-17c0e8f4,146.883,146.994,1239,1183,23,23,0.1,1.0,0,0,2498,3000,1021,0,2819,2160
8afc3991-7ec1912b-b24d9633-3c4b0f57-17c0e8f4,147.664,147.8,1152,2679,23,23,0.1,1.0,0,0,2498,3000,1021,0,2819,2160
8afc3991-7ec1912b-b24d9633-3c4b0f57-17c0e8f4,147.87,148.009,1120,2649,23,23,0.1,1.0,0,0,2498,3000,1021,0,2819,2160
8afc3991-7ec1912b-b24d9633-3c4b0f57-17c0e8f4,148.274,148.399,208,2534,23,23,0.1,1.0,0,0,2498,3000,1021,0,2819,2160
8afc3991-7ec1912b-b24d9633-3c4b0f57-17c0e8f4,148.454,148.677,531,2625,23,23,0.1,1.0,0,0,2498,3000,1021,0,2819,2160
8afc3991-7ec1912b-b24d9633-3c4b0f57-17c0e8f4,149.22,149.332,380,2209,23,23,0.1,1.0,0,0,2498,3000,1021,0,2819,2160
8afc3991-7ec1912b-b24d9633-3c4b0f57-17c0e8f4,149.86,149.986,2241,2504,23,23,0.1,1.0,0,0,2498,3000,1021,0,2819,2160
8afc3991-7ec1912b-b24d9633-3c4b0f57-17c0e8f4,150.083,150.362,2276,2532,23,23,0.1,1.0,0,0,2498,3000,1021,0,2819,2160
8afc3991-7ec1912b-b24d9633-3c4b0f57-17c0e8f4,150.529,150.751,1470,2543,23,23,0.1,1.0,0,0,2498,3000,1021,0,2819,2160
8afc3991-7ec1912b-b24d9633-3c4b0f57-17c0e8f4,150.822,151.113,1319,2796,23,23,0.1,1.0,0,0,2498,3000,1021,0,2819,2160
8afc3991-7ec1912b-b24d9633-3c4b0f57-17c0e8f4,151.127,151.294,1315,2770,23,23,0.1,1.0,0,0,2498,3000,1021,0,2819,2160
8afc3991-7ec1912b-b24d9633-3c4b0f57-17c0e8f4,151.308,151.517,1267,2701,23,23,0.1,1.0,0,0,2498,3000,1021,0,2819,2160
8afc3991-7ec1912b-b24d9633-3c4b0f57-17c0e8f4,151.618,151.755,1814,2599,23,23,0.1,1.0,0,0,2498,3000,1021,0,2819,2160
8afc3991-7ec1912b-b24d9633-3c4b0f57-17c0e8f4,151.768,151.992,1821,2582,23,23,0.1,1.0,0,0,2498,3000,1021,0,2819,2160
8afc3991-7ec1912b-b24d9633-3c4b0f57-17c0e8f4,152.812,152.923,494,276,23,23,0.1,0.89,0,0,2498,3000,1021,0,2819,2160
8afc3991-7ec1912b-b24d9633-3c4b0f57-17c0e8f4,152.952,153.077,509,320,23,23,0.1,0.89,0,0,2498,3000,1021,0,2819,2160
8afc3991-7ec1912b-b24d9633-3c4b0f57-17c0e8f4,153.174,153.313,831,1545,23,23,0.1,0.89,0,0,2498,3000,1021,0,2819,2160
8afc3991-7ec1912b-b24d9633-3c4b0f57-17c0e8f4,153.481,153.688,1129,1873,23,23,0.1,0.89,0,0,2498,3000,1021,0,2819,2160
8afc3991-7ec1912b-b24d9633-3c4b0f57-17c0e8f4,153.717,153.911,1134,1908,23,23,0.1,0.89,0,0,2498,3000,1021,0,2819,2160
8afc3991-7ec1912b-b24d9633-3c4b0f57-17c0e8f4,153.94,154.05,792,2271,23,23,0.1,0.89,0,0,2498,3000,1021,0,2819,2160
8afc3991-7ec1912b-b24d9633-3c4b0f57-17c0e8f4,154.065,154.189,756,2293,23,23,0.1,0.89,0,0,2498,3000,1021,0,2819,2160
8afc3991-7ec1912b-b24d9633-3c4b0f57-17c0e8f4,154.357,154.51,722,2250,23,23,0.1,0.89,0,0,2498,3000,1021,0,2819,2160
8afc3991-7ec1912b-b24d9633-3c4b0f57-17c0e8f4,154.567,154.872,1079,2143,23,23,0.1,0.89,0,0,2498,3000,1021,0,2819,2160
8afc3991-7ec1912b-b24d9633-3c4b0f57-17c0e8f4,154.9,155.108,638,2419,23,23,0.1,0.89,0,0,2498,3000,1021,0,2819,2160
8afc3991-7ec1912b-b24d9633-3c4b0f57-17c0e8f4,155.428,155.581,1090,2555,23,23,0.1,0.89,0,0,2498,3000,1021,0,2819,2160
8afc3991-7ec1912b-b24d9633-3c4b0f57-17c0e8f4,155.666,155.874,1803,2094,23,23,0.1,0.89,0,0,2498,3000,1021,0,2819,2160
